:1000000010090010010300001B0300007C03000026
:100010001D0300001F03000021030000FBE3FFEFAE
:10002000000000000000000000000000C995010071
:1000300025030000000000002196010065960100E4
:10004000855F0100955F0100A55F0100B55F0100BC
:10005000C55F0100D55F0100E55F0100F55F0100AC
:100060000560010015600100256001003560010098
:100070004560010055600100656001007560010088
:100080008560010095600100A5600100B560010078
:10009000C5600100D5600100E5600100F560010068
:1000A0000561010015610100256101003561010054
:1000B0004561010055610100656101007561010044
:1000C0008561010095610100A5610100B561010034
:1000D000C5610100D5610100E5610100F561010024
:0400E00005620100B4
:0402FC00FFFFFFFF02
:10030000DFF88CD023488047DFF884D0224880472C
:1003100022482349016000F045B82FE02EE02DE08F
:100320002CE02BE02AE029E028E027E026E025E089
:1003300024E023E022E021E020E01FE01EE01DE0B9
:100340001CE01BE01AE019E018E017E016E015E0E9
:1003500014E013E012E011E010E00FE00EE00DE019
:100360000CE00BE00AE009E008E007E006E005E049
:1003700004E003E002E001E000E0FFE71EF0040F0C
:100380000CBFEFF30880EFF3098013F0D7BE000035
:1003900000000110A79C000029C1010008ED00E049
:1003A000000000002C498D462C482D492D4A00F0B4
:1003B00041F82D482D492E4A00F03CF82D482E4991
:1003C0002E4A00F037F82E482E492F4A00F032F816
:1003D0002E482F492F4A00F02DF82F482F49304A38
:1003E00000F028F82F483049304A00F023F8304810
:1003F0003049002200F029F82F483049002200F04F
:1004000024F82F482F49091A0022026004300160A5
:100410001C481D49884205D00268043003B4904747
:1004200003BCF7E700208646EC4600200021264A60
:100430009047FEE7884207D0521A05D00378013072
:100440000B700131013AF9D17047884202D0027035
:100450000130FAE77047000010090010386404000A
:1004600000000010D4000010CC040000CC040000F8
:100470009C0D020038640400000000100000001011
:100480009C0D02009C0D02009C0D02009C0D0200C0
:100490009C0D02009C0D02009C0D02009C0D0200B0
:1004A000386404000C650400D4000010D40000106F
:1004B000007017A070D119A070D119A078D119A01F
:0C04C00078D119A0000080A09F9C0000D3
:1004CC00024B4FF0FF321A60704700BF887017A0C4
:1004DC002DE9F04F91B0044613F0B0F90FAA0021AA
:1004EC0020461CF090FD4F4E4FF4F8430793002527
:1004FC00069547F6E07705970223049340F2DF1345
:10050C00039340F21F330293019500950F9B4FF418
:10051C00F0724FF44871304612F044F9424C2146C7
:10052C00304612F076FC304612F075FC80461F22E5
:10053C003E49304612F082FCADF83450ADF83650DE
:10054C00F369ADF83830336AADF83A303946304695
:10055C0012F063F92146304612F05BFC0BAF4FF4FE
:10056C00B47239460DA813F0C3FBBDF82CB0BDF81E
:10057C002E90BDF83240DFF8B8A04FF4B47251465B
:10058C00384613F0D5FBADF82CB0ADF82E90ADF885
:10059C003240544634F86039063BADF830300DF13A
:1005AC0024092B4680224946384613F07BFB99E8F8
:1005BC00030087E8030008F142022B4692B2494639
:1005CC00384613F029FBBDF824302AF8603CBDF8FE
:1005DC002830A380BDF8263063804033E380154B70
:1005EC00A360154BE360154B2361A561E561A56222
:1005FC002146304612F05BFE2946304612F00FF9C8
:10060C00B4F866300093B4F86430B4F86220B4F8EF
:10061C006010304612F06DF813F024F9A56611B095
:10062C00BDE8F08F987017A0003404009C0D0200F8
:10063C00687017A0C00D0200CD0400009C4F030091
:10064C0010B582B0114C0021204612F0E8F80021C0
:10065C00204612F0E2F80021204612F0E3F80C4B91
:10066C00196809120B4B1A68121202F10903009354
:10067C0001F109030A3A0A39204612F03AF800212E
:10068C00204612F0CFF802B010BD00BF987017A032
:10069C00947017A0907017A02DE9F04F8DB0002228
:1006AC004E4B1A604E4B5A679A67DA67DA661A67CE
:1006BC00B3F86020B3F864100A44521049490A6038
:1006CC00B3F86220B3F8663013445B10464A1360EB
:1006DC00464A102101201BF05FF910B10DB0BDE8A6
:1006EC00F08F424C424A434920681BF08CF9224659
:1006FC000AA941481DF01AF820B13C4B18681BF0B0
:10070C006DF9EBE70BA93D481CF059FC28B1374BB0
:10071C0019680A981DF077F8EFE709AA00210B98E1
:10072C001CF071FC08A936481BF082FD18B10B981F
:10073C001CF05CFCEBE7334908981BF065FD0028C6
:10074C00F5D10B98FFF7C4FE1BF02CFA0446234B93
:10075C001B68002BEBD1DFF89490DFF884802A4FD4
:10076C0084E01F4B0022DA661A6710264FF00A0B42
:10077C00DFF890A01D4658461BF016F8DAF800007A
:10078C0003685B69642205A99847EB6E059A1A44C5
:10079C00EA662B6F06990B442B67013EEBD1114691
:1007AC00002AB8BF02F10F0109110D4AD1661A4691
:1007BC00002BB8BF03F10F021211094B1A674FF04F
:1007CC00FF325A671BF0EEF9104B186075E04FF4CE
:1007DC0096329FE04FF49633A6E000BF887017A0C6
:1007EC00087017A0947017A0907017A0047017A031
:1007FC0038330200C80D0200D40D0200E00D0200D7
:10080C00E40D02008C7017A0987017A0007017A050
:10081C00B04200F0E980784B9B6E002B40F0E880F2
:10082C00764B1E60764B1D6033120A3B03932B12E2
:10083C000A3B0493734D04AA03A9284611F0FFFF49
:10084C00284613F0B7FABDF81020BDF80C106E480E
:10085C0013F05CF8684B4FF0FF329A6614201AF0D4
:10086C00A3FF6A4B1B68002B7FF461AF0023D9F800
:10087C0000204146384612F011FF054626461BF073
:10088C0091F90446002DE9D1B042E7D0604B1868CD
:10089C0003685B69642205A9984705461BF082F939
:1008AC005C4B1A681860002DD8D1534B5B6F0193C9
:1008BC00002B3FF456AF831A01934F4AD06E059B21
:1008CC00181A0590126F069B9B1A0693019A02FB4D
:1008DC0003F3002BBCBF03F57F43FF331B14C3EBA7
:1008EC00C353454A926F02EB4322019B03FB00F377
:1008FC00002BBCBF03F57F43FF331B143E49C96F6C
:10090C0001EB4323B2F5963FBFF661AF42498A42F1
:10091C00B8BF0A4638498A67B3F5963FBFF65AAF57
:10092C003D498B42B8BF0B46DFF8CCC0CCF87C30CD
:10093C0032490868DDF804A00AFB02F1DFF8DCE0BC
:10094C008EFB0165CE17C6EBA51606442C4909682B
:10095C000AFB03F58EFB05AEED17C5EBAE150D448A
:10096C00BCF864C0ACF10B0C4FEA0C2EB6EB0C2FA0
:10097C0006DD02EBD272521052421F4EB26776461F
:10098C001D4AB2F860200B324FEA022CB6EB022F54
:10099C0007DA194EB26F02EBD27252105242B267A2
:1009AC006646154AB2F866200B3A4FEA022CB5EBB4
:1009BC00022F06DD03EBD3735B105B420E4AD36749
:1009CC0065460D4BB3F862300B334FEA032CB5EB95
:1009DC00032FBFF61DAF084AD36F03EBD3735B1025
:1009EC005B42D367654613E7A9427FF414AF35E742
:1009FC00FFF726FE14E700BF087017A0947017A02D
:100A0C00907017A0987017A05C0F0300887017A047
:100A1C008C7017A0007017A000D4FEFFD34D62108D
:100A2C00704783694FF0FF329A6670472DE9F04F9B
:100A3C00ABB0044600F16C0929AA002140681CF0F7
:100A4C00E2FA12F0FBFE05201AF0AEFE04F10808E3
:100A5C004FF4F84307930023069347F6E072059290
:100A6C000222049240F2DF12039240F21F320292F1
:100A7C0001930093299B4FF4F0724FF44871404658
:100A8C0011F090FE7849404612F0C3F9774B1B6881
:100A9C00002B00F0A78023681A680AAD40F2EA73B5
:100AAC0002930A23019302230093714B1B68714933
:100ABC0028461EF0CBFB1F222946404612F0BEF9F9
:100ACC000021404611F0ABFE404612F0A4F9054659
:100ADC000023ADF89C30ADF89E30636AADF8A030C1
:100AEC00A36AADF8A230122127A813F069F8236885
:100AFC005E689B68002B7CD14C46BDF8A220BDF8EB
:100B0C009E30D21AA2F23312521B0023C2F34F02B0
:100B1C0021A927A813F05EF8022325AF0DF18C0A4A
:100B2C00CDF82080CDF8249099463368002B00F046
:100B3C00918032238022394627A813F04BF8BDF858
:100B4C00A020BDF89C30D21AA2F295220023C2F349
:100B5C004F0221A9384613F081F806F1100504F173
:100B6C00800B4FF032082E4655F8103C002B6BD002
:100B7C00434680225146384613F070F8BDF88C304D
:100B8C002380BDF88E306380BDF89030A380BDF813
:100B9C009230E38055F8103CA36055F80C3CE360B0
:100BAC0055F8083C236155F8043CA3610023E3612C
:100BBC00A382203410355C45D5D1B9F1010947D158
:100BCC00DDF82080DDF824900023CBF8083049466E
:100BDC00404612F06CFB1CF0CDFB002840D02BB033
:100BEC00BDE8F08F23681F221968404612F026F9E1
:100BFC0066E705F1420225AF022392B2394627A8D7
:100C0C0013F00AF8802223A9384613F091F8BDF8A6
:100C1C008C20A4F86C20BDF88E30A4F86E307F3296
:100C2C00A4F870203F33A4F87230134B6367134B56
:100C3C00A367134BE367C4F884400023C4F88830DF
:100C4C00A4F880308C3458E7A5F11006A346B4E71D
:100C5C005C466AE7DDF82080DDF82490A346B3E714
:100C6C0012F008FEBBE700BF003404001C7319A08F
:100C7C00207319A0EC0D0200C00D02002F0A000019
:100C8C009C4F03002DE9F04182B005464FF4D6701D
:100C9C001CF076FB04466A46102101201AF07CFEFB
:100CAC0008B1002300935CB14FF4D67200212046AA
:100CBC001EF0E9FB2560009B2BB920461CF068FB5D
:100CCC0002B0BDE8F0816A4601A923481CF02EFD54
:100CDC0018B100981AF082FEEFE7211D1F481CF096
:100CEC006EF920B1009901981CF08DFDF1E72046BA
:100CFC00FFF79CFE04F16C08194F04F1080605E09F
:100D0C002046FFF793FE09E03B68BBB9A36EF3B92D
:100D1C00EB681BB1984710F0010FF1D14FF0FF3386
:100D2C00009A4146304612F0B9FC0028ECD0A36E74
:100D3C00002BE9D12046FFF779FEE5E706F036FAFD
:100D4C002046FFF773FE064B00221A60D5E7606859
:100D5C001CF04CF9C6E700BFD40D0200E00D0200F8
:100D6C00F87017A008B58069FFF78CFF08BD00006C
:100D7C0070B504460D460E4B1B6883B100201BF06A
:100D8C0045F90C4B1E6808F063FF2A46B0FBF4F1E2
:100D9C0030461CF0C4FB00201BF00AF970BD05495D
:100DAC0005481CF0A5FB024B4FF0FF321A60E5E73B
:100DBC00FC7017A0007117A0180E020008B51421C2
:100DCC00FA20FFF7D5FF08BD08B54FF4FA7164207F
:100DDC00FFF7CEFF08BD83694FF0FF32C3F8E42064
:100DEC007047000010B582B004460F4B1B68B3B9B6
:100DFC00002111F014FD47F6E071204611F00DFDB5
:100E0C000A48838842880188C08801380090013BD9
:100E1C0001320131204611F06CFC02B010BD47F6D6
:100E2C00E07111F0FCFCE6E70C7117A0107117A033
:100E3C00014B1868704700BF0C7117A008B5034B25
:100E4C0000221A601CF06CFA08BD00BF0C7117A0D0
:100E5C0000B58FB003A91A481CF0B1F8194B1B68E8
:100E6C00B3F1FF3F28D0174B4FF0FF321A6041F21D
:100E7C008833059342F21073069347F2305307936D
:100E8C004FF47A730493104B0A93104B0B93104B43
:100E9C000C93104B0D934FF4F07300934FF4487375
:100EAC007622DC210C4812F0BDFF04A903981CF03B
:100EBC00FBF90FB05DF804FBFFF7C0FFF9E700BFCB
:100ECC00E00D02000C7117A0613E01001D3F0100F6
:100EDC006D400100E54001009036020010B504465B
:100EEC00FFF7B6FFA069FFF77DFF10BD2DE9F04FAE
:100EFC0097B04FF48A701CF043FA1A4B1860A8B1E3
:100F0C0004464FF48A7200211EF0BDFA4FF0FF33F5
:100F1C00C4F80431144A102101201AF03DFD40B1EF
:100F2C00104C20681CF034FA0023236017B0BDE885
:100F3C00F08F0D4A15A90D481CF0F8FB20B10A4B97
:100F4C0018681AF04BFDEBE7064B1968603108483E
:100F5C001CF035F870B1044B196815981CF053FC53
:100F6C00EDE700BF087117A0047117A0D40D0200A3
:100F7C00E00D0200D84C236803F5887203F58671E6
:100F8C00186E1CF086F8246812F058FC08AA002190
:100F9C00206E1CF038F84FF4F843079300250695A3
:100FAC0047F6E07BCDF814B00223049340F2DF1334
:100FBC00039340F21F33029301950095089B4FF465
:100FCC00F0724FF44871204611F0ECFBC3492046F7
:100FDC0011F01FFF204611F01EFFC4F800011F2264
:100FEC00BF49204611F02AFF5946204611F015FC46
:100FFC002946204611F013FCADF82450ADF82650CC
:10100C00E369ADF82830236AADF82A300DF12409D4
:10101C000821484612F0D4FDD4F8003103F1460201
:10102C000BAE052392B23146484612F0F5FD0DAFDA
:10103C0096E8030087E803000523802231463846F2
:10104C0012F00CFE0121304612F0BAFDBDF82C3026
:10105C00A4F864307F33A4F86830BDF82E30A4F8BF
:10106C0066303F33A4F86A309E4BE3669E4B236791
:10107C009E4B6367E467C4F8805097E8030086E8EA
:10108C00030064223946304612F052FEBDF83A3065
:10109C00BDF836209B1A03EBD3735A100632944ECC
:1010AC00052392B23146384612F0B6FDB6F80080F0
:1010BC00204611F0B0FE08F110088044A6F8048018
:1010CC00B6F80280204611F0A6FE08F11008804404
:1010DC001FFA88F3F3803288A4F88420B288A4F82D
:1010EC0088207288A4F88620A4F88A30814BC4F832
:1010FC008C30814BC4F89030C4F89450C4F89C40A8
:10110C00C4F8A050BDF82880BDF82430A8EB030823
:10111C00A8F27928794BA3FB0838C8F34F0843464B
:10112C002A463946484612F099FD04F1F00A434626
:10113C0054225146484612F091FD04F1F80804225D
:10114C004146504612F0F4FD1421404612F01CFDAD
:10115C002B4640F226223946484612F07FFD4FF4CA
:10116C00907204F1E801384612F0C2FD5B4920464A
:10117C0011F04FFE0121204611F0B7FE2946204602
:10118C0011F050FB5946204611F047FB9AE803003A
:10119C0089E80300BDF82A300093BDF82830BDF86B
:1011AC002620BDF82410204611F0A3FA98E803007D
:1011BC0089E80300BDF82A300093BDF82830BDF84B
:1011CC002620BDF82410204611F093FA2046FFF794
:1011DC0009FE3588204611F01EFE7388421908332B
:1011EC0016324749204611F0D9FD0127DFF814913A
:1011FC0040F226283B0289FB0312DE17C6EB2216AF
:10120C00F60106F4F84600253146204611F005FBA0
:10121C00B4F8EA20B4F8E8103A442944204611F016
:10122C0053F901354545EFD10137612FE2D1012743
:10123C00DFF8D09040F226283B0289FB0312DE1720
:10124C00C6EB2216B60006F4787600253146204609
:10125C0011F0E3FAB4F8EA203A44B4F8E81060323A
:10126C002944204611F030F901354545EED10137BE
:10127C00612FE1D10127DFF88C9040F226283B0248
:10128C0089FB0312DE17C6EB2216C6F3C406002533
:10129C003146204611F0C1FAB4F8EA203A44B4F8C9
:1012AC00E810C0322944204611F00EF901354545AD
:1012BC00EED10137612FE2D147F6E071204611F0F3
:1012CC00ACFA04F16401204611F0F1FF12F0CAFAF5
:1012DC00014E0D4F0FAD30E0087117A00034040023
:1012EC00200E0200C00D0200E30D00009C4F030015
:1012FC00107117A0182D0200E90E0000ABAAAAAAC3
:10130C003C0E0200ABAAAA2A047117A00021C2F855
:10131C000C11106E1BF0AFFE604B1B684FF0FF32D0
:10132C00C3F8042130682A4600F1640112F010F869
:10133C003468D4F80431002B3CD13368D3F8E42062
:10134C00002A40F0A6804FF4FA72294638681AF049
:10135C00DAFB0028ECD1109B1493119B139313AA66
:10136C0014A9306811F060FA129B012BDAD13268A3
:10137C00139BB2F8F2109942D4DCB2F8F6108B42FF
:10138C00D0DC1499B2F8F0008842CBDCB2F8F4004F
:10139C008142C7DCB2F8FE008342B7DCC11AD2F836
:1013AC00103103FB01F1431CB2F8FA001B1AB1FB1C
:1013BC00F3F1ACE70121204611F097FDB4F8F88069
:1013CC00B4F8FAB0B4F8FC90B4F8FEA004F5887246
:1013DC0004F58671206E1BF05CFEAAEB0B02D4F8B0
:1013EC000C3102FB0333D4F81021B3FBF2F5AAEB5A
:1013FC000505D4F808319D422CD08BBB0121204629
:10140C0011F010FA47F6E071204611F006FACDF80B
:10141C0000A04B465A464146204611F06AF9C4F8E2
:10142C0008510021204611F0FDF947F6E0712046E5
:10143C0011F0F3F90021204611F0F1F9D4F808214C
:10144C00531D009309F10F03053AA8F10F01204633
:10145C0011F04FF9114B1B680022C3F8042139E736
:10146C000021204611F0DEF90021204611F0D5F9BB
:10147C000021204611F0D3F9D4F80821531D009314
:10148C0009F10F03053AA8F10F01204611F031F9CB
:10149C00B4E7186E1BF0AAFD5DE500BF087117A03C
:1014AC00F0B583B006460C4615464FF4F84301934D
:1014BC0002F10803009301F10803083A083912F00D
:1014CC0007FA00270197AB1D0093A31DAA1FA11FAC
:1014DC00304612F0FDF947F6FF7301932B1D009374
:1014EC00231D2A1F211F304612F0F2F90197AB1C65
:1014FC000093A31CAA1EA11E304612F0E9F903B0FA
:10150C00F0BD000030B5A3B021A941481BF057FD38
:10151C0008B123B030BD21981BF093FD4FF48071BE
:10152C0021981BF0A8FD12F089F920AA002121981E
:10153C001BF069FD08AC4FF4F843079300230693A6
:10154C0047F6E07205920222049240F2DF120392F7
:10155C0040F21F32029201930093209B4FF4F072E1
:10156C004FF44871204611F01DF92A49204611F01C
:10157C0050FC1F222849204611F060FC204611F037
:10158C004AFC84B2254B1B78012B24D008AD234692
:10159C004FF448722249284611F00CFC63004FF4BA
:1015AC0048722049284611F005FCC4F178039B00D1
:1015BC004FF448721C49284611F0FCFBA4EB840440
:1015CC0004F5F0734FF448721849284611F0F2FBF9
:1015DC0012F048F99DE708AD23464FF448721449C0
:1015EC00284611F0E7FBC4F178039B004FF44872D6
:1015FC000D49284611F0DEFBA4EB840404F5F073CE
:10160C004FF448720949284611F0D4FBE0E700BFBB
:10161C00E00D020000340400500E02001C7117A0F3
:10162C00D00E0200F40E0200900E0200B40E020066
:10163C00680E02002DE9F04F97B004908B46002302
:10164C004FF0FF37DFF874A2099715469C4A1370C8
:10165C0058461CF023F81DB99A4B1B68032B09D074
:10166C00FFF750FF984F974B0393002308930DF10E
:10167C00480974E0944E954C3246214658461CF06D
:10168C0027F806F1100204F1100158461CF020F85E
:10169C0006F1200204F1200158461CF019F85846B6
:1016AC001CF009F80446854B1B680995D2E0002311
:1016BC0013931493013620461AF076F8032E40F259
:1016CC00E380AD0813954FEA98031493079A4946A3
:1016DC0058461BF0FDFF039B1C1D99E80F0084E886
:1016EC000F00089D6C1C774B1C60FFF767FBBDF867
:1016FC001410BDF818200023019302F10803009385
:10170C0001F10803083A0839049812F0E1F825B100
:10171C00DAF80030E3B9322510E0FFF7F3FEDAF81F
:10172C000030002BF7D01037039B1033039315E0D8
:10173C0028461AF039F8DAF800304BB949465846C1
:10174C001BF044FF0028F3D1129B13F0010FEFD1D3
:10175C00032C75D01037039B103303930894079711
:10176C007B680593BA68069292B299B20498FFF717
:10177C0097FE00250295A8462E46322484E0DFF819
:10178C0050910DF1280812AD32260394059717E0FD
:10179C0030461AF009F8294658461BF017FF002866
:1017AC00F6D1129B13F0010FF2D14FF4967019F091
:1017BC00FBFF09F1100908F1100812AB984526D06F
:1017CC00D9F804300293D9F80870BAB299B20498D7
:1017DC00FFF766FE4446214658461BF0F7FE0028EC
:1017EC00F9D1236813F0010FF5D0FFF7E7FABDF834
:1017FC000810BAB20023019302F10803009301F11F
:10180C000803083A0839049812F062F8C3E7039CFD
:10181C00059F0B9AA2F2D622302A1BD80C9AA2F55D
:10182C00CB72302A16D80F9AA2F5BC72302A11D876
:10183C00109AD83A099B302A98BF3B46099309E085
:10184C0058461BF038FF0446DAF80070002F96D08B
:10185C0000230993DAF800306BB94FF0FF35012300
:10186C00002C7FF4F3AE099A002A7FF4EFAE154BEF
:10187C009A6402F009FD17B0BDE8F08F4FF0FF330A
:10188C000293204619F090FF494658461BF09EFEE5
:10189C000028F6D1DAF80030B3F1FF3F3FF407AF80
:1018AC00129B13F0010FE9D0029B002BE9D0139B84
:1018BC001D44149B98440136FDE600BFF87017A038
:1018CC001C7117A0B47117A05C330200B87117A07B
:1018DC003C33020010B584B00446184A1021012094
:1018EC001AF05AF810B1002004B010BD134A03A925
:1018FC0013481BF01BFF20B1104B18681AF06EF840
:10190C00F1E702A90F481BF05AFB28B10B4B1968E1
:10191C0003981BF078FFEFE701AA002102981BF057
:10192C0072FB094B9B6C002B0CBF22464FF0FF3215
:10193C0003990198FFF77EFEE8E700BF187117A026
:10194C00D40D0200E00D0200B47117A070B586B082
:10195C00002205A912481BF0E9FEE8B9052401ADE7
:10196C003226294605981BF031FE019B13F0010F1E
:10197C0010D0304619F018FF013CF2D14FF0FF3473
:10198C00002105981BF03FFF0A2019F00DFF20469F
:10199C0006B070BD0024F3E74FF0FF34F7E700BF4B
:1019AC00D40D020008B54FF0FF30FFF793FF08BDD0
:1019BC00014B01221A607047287117A010B582B034
:1019CC000A4C0B4B1988204610F029FF47F6E071A2
:1019DC00204610F022FF51230093A1231222222132
:1019EC00204610F086FE02B010BD00BF2C7117A06F
:1019FC000000001008B5084B1B780133DBB2062B36
:101A0C0028BF0023044A1370044A32F81320044BF5
:101A1C001A80FFF7D3FF08BD247117A0AC33020066
:101A2C00000000102DE9F04F89B005466E481BF000
:101A3C00A7FC03906D4C0121204610F0F3FE47F6F5
:101A4C00E071204610F0E9FEEB880093AB886A88C1
:101A5C002988204610F04DFE07AA032164481AF08D
:101A6C0093FC002850D1DDF80CA04FF013090DF1B8
:101A7C00140806AF5D4ED346CA46A9465D46CF2430
:101A8C000694CDF814A042463946304610F0D7FEE5
:101A9C00012300932B46059A0699304610F0D0FF8F
:101AAC000235013440F25F239C42E9D10BF5487BAF
:101ABC000AF1010A40F2A3139A45DFD14D4604AB5B
:101ACC00494A039907981AF0DCFC18B1464B049A62
:101ADC009A4251D107981AF091FC444C01212046AE
:101AEC0010F0A0FE0021204610F097FEEB8800932A
:101AFC00AB886A882988204610F0FBFD03981BF000
:101B0C0047FC09B0BDE8F08F074607AA0321394806
:101B1C001AF03AFC04460028A5D0374B1968374A0E
:101B2C0001F53B2000F5006012F022F9FFF74CF9AB
:101B3C002E4E0021304610F075FE0021304610F07C
:101B4C006EFE47F6E071304610F067FE22230093DC
:101B5C0040F25F231222CE21304610F0CAFD092F2D
:101B6C000DD00D2F27D10D2C1ED01423D02224499B
:101B7C001E4811F013F924E0FFF726F9AAE70D2C03
:101B8C000BD0092C4FF014034FF0D0020CBF1D49A1
:101B9C001D49164811F002F913E01423D0221B49F9
:101BAC00304611F0FBF80CE01423D02218490F48F2
:101BBC0011F0F4F805E01423D02216490B4811F06B
:101BCC00EDF80121094810F02DFE4FF4FA6019F0E0
:101BDC00EBFD094B1868094A00F53B2101F5006142
:101BEC0012F0C6F879E700BF00E204002C7117A0D0
:101BFC00180F0200240F02000400001000B80B00A4
:101C0C00BC0F0200540F02007C0F0200300F0200C8
:101C1C009C0F0200D80F02002DE9F04F8BB0054647
:101C2C0090481BF0ADFB03908F4C0121204610F027
:101C3C00F9FD47F6E071204610F0EFFDEB880093BC
:101C4C00AB886A882988204610F053FD09AA012127
:101C5C0086481AF099FB814640B109AA01218448B3
:101C6C001AF092FB0446002840F0A18006AB7D4A96
:101C7C00039909981AF0EEFB044609981AF0BEFB7A
:101C8C005CB1784B069A9A4204D1DDF80CA04FF067
:101C9C00130B06E0FFF798F832E0DDF80CA04FF0DC
:101CAC00130B0DF11C0808AF6F4ECDF81090059476
:101CBC00D146DA46AB46A9F10205CF240894CDF8FB
:101CCC001CA042463946304610F0B9FD35F8023FAB
:101CDC00079A0899304610F0BDFD013440F25F239D
:101CEC009C42EBD109F548790AF1010A40F2A313A1
:101CFC009A45E0D1DDF81090059C5D46002C3FD054
:101D0C005C4B19685C4A01F53B2000F5006012F051
:101D1C002FF8FFF759F8544C0021204610F082FDA3
:101D2C000021204610F07BFD47F6E071204610F0B4
:101D3C0074FD2223009340F25F231222CE21204611
:101D4C0010F0D7FCB9F1090F76D0B9F10D0F00F0F6
:101D5C0081801423D0224949434811F01FF80121F6
:101D6C00414810F05FFD4FF4FA6019F01DFD414B36
:101D7C001868414A00F53B2101F5006111F0F8FFAC
:101D8C00394C0121204610F04DFD0021204610F069
:101D9C0044FDEB880093AB886A882988204610F0B4
:101DAC00A8FC03981BF0F4FA0BB0BDE8F08F314B94
:101DBC001968314A01F53B2000F5006011F0D8FF9D
:101DCC00FFF702F8284E0021304610F02BFD0021C1
:101DDC00304610F024FD47F6E071304610F01DFD42
:101DEC002223009340F25F231222CE21304610F0C2
:101DFC0080FCB9F1090F0DD0B9F10D0FA9D10D2C43
:101E0C0021D0092C26D11423D0221D49164810F0BC
:101E1C00C5FFA4E70D2C08D0092C0DD11423D0221A
:101E2C001849114810F0BAFF99E71423D02216492B
:101E3C00304610F0B3FF92E71423D02212490A481F
:101E4C0010F0ACFF8BE71423D0221049064810F099
:101E5C00A5FF84E71423D0220C49034810F09EFF01
:101E6C007DE700BF00E204002C7117A0180F0200E0
:101E7C00240F02000400001000B80B0080100200B8
:101E8C005C1002000C100200E80F02003C10020073
:101E9C00A0F1CF0CBCF5C87F1AD2A1F1130CBCF584
:101EAC00C87F15D2A2F1CF0CBCF5C87F10D2A3F11C
:101EBC00130CBCF5C87F0BD200B583B0009313464E
:101ECC000A460146034810F011FB03B05DF804FB11
:101EDC00704700BF2C7117A008B5A0F1CF03B3F564
:101EEC00C87F09D2A1F11303B3F5C87F04D20A4607
:101EFC000146024810F0E8FA08BD00BF2C7117A08B
:101F0C0070B58AB009AA00211BF07DF811F096FC7F
:101F1C001E4C4FF4F84307930025069547F6E076E0
:101F2C0005960223049340F2DF13039340F21F3310
:101F3C00029301950095099B4FF4F0724FF4487190
:101F4C00204610F02FFC1249204610F062FF1F2291
:101F5C001049204610F072FF3146204610F05DFC0F
:101F6C000D49204611F0A3F92946204610F057FCE4
:101F7C0040F2A313009340F25F231222CE2120469D
:101F8C0010F0B7FB11F06EFC0AB070BD2C7117A0ED
:101F9C00003404008C100200B83302002DE9F04F1D
:101FAC0091B0864B00221A60854A1021012019F04D
:101FBC00F3FC10B111B0BDE8F08F814A0EA9814835
:101FCC001BF0B4FB20B17E4B186819F007FDF1E74C
:101FDC000FA97D481AF0F3FF28B1794B19680E98B8
:101FEC001BF011FCEFE70BAA00210F981BF00BF86C
:101FFC000F98FFF785FFFFF7E1FC4FF0FF31302022
:10200C0004F090FD0026B246B1466C4C6C4D0DF1BF
:10201C001C082768002F40F0CD804FF0FF3241465E
:10202C00286819F070FD0028F3D1089B0D93099BCB
:10203C000C930CAA0DA9654810F0F6FB0D9BCF3B39
:10204C00B3F5C87F80F0AC800C9B133BB3F5C87F15
:10205C0080F0A6800A9B012B01D0B946D7E71BF074
:10206C0081F95B4B1988002940F08580574810F0A6
:10207C00D4FBB9F1000F50D0DDF834900C9F0AF16D
:10208C00FF308046711E09F1FF3B7B1E02935A46BE
:10209C000591FFF7FDFE3B465A463146CDF81080C0
:1020AC004046FFF7F5FE721C114607F10108434646
:1020BC005A4603910498FFF7EBFE029B4A46DDF863
:1020CC0014B059465046FFF7E3FE3B464A463146AC
:1020DC005046FFF7DDFE43464A4603995046FFF74C
:1020EC00D7FE0AF1010A09F10109029B4A46594639
:1020FC005046FFF7CDFE3B464A4631465046FFF769
:10210C00C7FE43464A4603995046FFF7C1FEDDF829
:10211C0034A00C9E4FF0FF3979E70D9E0C9F06F111
:10212C00FF3A07F1FF3949465046FFF7D5FE3946CD
:10213C005046FFF7D1FE07F1010841465046FFF724
:10214C00CBFE49463046FFF7C7FE39463046FFF70F
:10215C00C3FE41463046FFF7BFFE013649463046C6
:10216C00FFF7BAFE39463046FFF7B6FE4146304619
:10217C00FFF7B2FECBE7154810F04FFBB9F1000F9B
:10218C0008D00C9B00930D9B324651460F4810F023
:10219C00ADF9BCE70C9A0D990C4810F095F9B6E71F
:1021AC0007AA0C49094811F0D3F80A9B002B08BF69
:1021BC00B9462CE70F981AF019FF0EE7287117A0F3
:1021CC00207117A0D40D0200E00D02002C7117A095
:1021DC0000000010B833020038B505460C46B2F5C5
:1021EC00004F20D0102A33D0002A30D1486E19F07D
:1021FC00E7FCB0F57A7F2AD319F0D4FC606604F1C1
:10220C006802012171481AF0BFF8102800F2C18051
:10221C00DFE800F022BFBFBF6CBFBFBFBF8F3DBFA9
:10222C00BF80BFBF9E008368694A00212046984743
:10223C00AB68684A012120469847AB68664A022180
:10224C002046984719F0AEFC60660023E36638BD63
:10225C00436908469847FAE7AB68604A0221204672
:10226C009847A06E1AF0CAF800230222194620469D
:10227C00D5F80CC0E0472B69022120469847584BF3
:10228C001A889B78A4F8022184F80431DFE7AB6844
:10229C00544A022120469847534B07CBC4F80201FD
:1022AC00C4F80611C4F80A211A889B78A4F80E21E8
:1022BC0084F81031E36E0133E3660E2BC7D9AB689B
:1022CC004A4A0221204698470023032219462046F9
:1022DC00D5F80CC0E0472B69032120469847444BA6
:1022EC0003CBC4F80201C4F80611B0E7AB68414A4D
:1022FC00022120469847404B07CBC4F80201C4F892
:10230C000611C4F80A211A889B78A4F80E2184F8C7
:10231C001031CFE7AB68394A022120469847384B39
:10232C0003CBC4F80201C4F806111B88A4F80A31C7
:10233C00C0E7AB68334A022120469847324B03CBA7
:10234C00C4F80201C4F806111B88A4F80A31B1E7DD
:10235C00AB682E4A022120469847DFF8B4C0BCE88F
:10236C000F00C4F80201C4F80611C4F80A21C4F81D
:10237C000E319CF8003084F81231002303221946E8
:10238C002046D5F80CC0E0472B690321204698471E
:10239C0090E7AB681D4A0221204698471D4B07CB9E
:1023AC00C4F80201C4F80611C4F80A211B88A4F869
:1023BC000E310023032219462046D5F80CC0E04705
:1023CC002B6903212046984774E700BF20110200B7
:1023DC00C0100200DC1002001011020034110200C7
:1023EC00602502004C1102006C1102003812020030
:1023FC00501202007C1102009C110200AC11020070
:10240C00C8110200D4110200F0110200FC110200EC
:10241C001412020028120200B2F5004F00D07047CF
:10242C0038B505460C46002184F86C108368264AA2
:10243C002046984704F16401244819F0F9FEC8B10C
:10244C00AB68234A002120469847002303221946F3
:10245C002046D5F80CC0E0472B690321204698474D
:10246C001C4B03CBC4F80201C4F806111B88A4F85A
:10247C000A3138BD04F16801606E19F0C5FE002800
:10248C00DED1A06E03685B6940F6C41204F17001E2
:10249C0098470028D4D1AB680F4A002120469847B2
:1024AC000023022219462046D5F80CC0E0472B69C0
:1024BC00022120469847094B1A889B78A4F80221E0
:1024CC0084F80431D5E700BF58120200E40D020075
:1024DC00741202009C120200A81202006025020075
:1024EC00F0B583B005460C46B2F5004F4BD0002A30
:1024FC0067D1886E03681B6901A99847002870D1C1
:10250C00019A636F9342B8BF6267236F9A42B8BF58
:10251C00226782EAE273A3EBE273C3F3423304F162
:10252C007807C3EB431103EB8106334612145F4962
:10253C0038461CF08BFEAB683A4600212046984783
:10254C00C82019F031F9E36E0133E366052B38D955
:10255C00226FB2F5702F57DB626FB2F5201F7CDC57
:10256C00EF680023022219462046B8472B69022146
:10257C00204698473346BDF906204D4904F5817035
:10258C001CF064FE1DE083684A4A002120469847EF
:10259C0004F16401484819F04BFEA0B1EE68002329
:1025AC00032219462046B0472B6903212046984741
:1025BC00424B03CBC4F80201C4F806111B88A4F8E3
:1025CC000A3103B0F0BD04F16801606E19F01CFE15
:1025DC000028E3D14FF4C813236763670023E36635
:1025EC00EFE7EE680023032219462046B0472B691B
:1025FC00032120469847324B07CBC4F80201C4F89C
:10260C000611C4F80A21DCE7019282EAE273A3EB1B
:10261C00E273C3F34233C3EB431103EB810633463E
:10262C001214284938461CF011FEAB683A460021BA
:10263C0020469847EF680023032219462046B847E6
:10264C002B690321204698473346BDF906201E49C5
:10265C0004F581701CF0FAFDB3E7019282EAE27393
:10266C00A3EBE273C3F34233C3EB431103EB8106D9
:10267C0033461214154938461CF0E8FDAB683A464F
:10268C00002120469847EF68002303221946204674
:10269C00B8472B690321204698473346BDF90620DD
:1026AC000B4904F581701CF0D1FD8AE7FC12020085
:1026BC009C130200CC120200E8120200F01102007E
:1026CC00F0120200201302004C13020060130200EF
:1026DC008C1302002DE9F0418AB005460C461646D3
:1026EC006946704819F0A4FD60B1EE68002303221E
:1026FC0019462046B0472B690321204698470AB05B
:10270C00BDE8F08101A9009819F07EFD002834D1B4
:10271C00B6F5004F3CD0002EF1D102AE20273A4640
:10272C00002130461CF0AFFE01980368D3F81480EA
:10273C003B4632464121C047002800F08B80EE68B2
:10274C000023032219462046B0472B69032120465B
:10275C009847554B03CBC4F80201C4F806111A88EC
:10276C009B78A4F80A2184F80C31019803689C69C1
:10277C0020234E4A4121A047C1E7EE6800230322E3
:10278C0019462046B0472B69032120469847B6E7E7
:10279C00AB68474A002120469847019803685E6958
:1027AC002023424A4121B047B0B1EE6800230322F6
:1027BC0019462046B0472B690321204698473A4BCF
:1027CC0003CBC4F80201C4F806111A889B78A4F84C
:1027DC000A2184F80C3192E702AF2022AA21384654
:1027EC001CF051FE019803689E6920233A46412152
:1027FC00B04706462022552138461CF044FEAEB1A7
:10280C0001238DF80830EE68002303221946204678
:10281C00B0472B69032120469847264B07CBC4F8B9
:10282C000201C4F80611C4F80A2168E7019803688C
:10283C009E69142302AA4321B04701238DF8083066
:10284C000028E0D1019803689C69012302AA462163
:10285C00A04754E7202202A917481CF082FC50B96B
:10286C00EE680023022219462046B0472B6902214C
:10287C002046984779E7EE68002303221946204644
:10288C00B0472B690321204698470C4B07CBC4F863
:10289C000201C4F80611C4F80A211B7884F80E3121
:1028AC0063E700BFA8130200C41302008C7117A0C9
:1028BC00B0130200D013020058340200DC130200E3
:1028CC0003460120186000BF00BF00BF00BF00BF5F
:1028DC0000BF00BF00BF00BF00BF00BF00BF00BFF4
:1028EC0000BF00BF00BF00BF00BF00BF00BF00BFE4
:1028FC0000BF00BF00BF00BF00BF00BF00BF00BFD4
:10290C0000BF00BF00BF00BF00BF00BF00BF00BFC3
:10291C0000BF00BF00BF00BF00BF00BF00BF00BFB3
:10292C0000BF00BF00BF00BF00BF00BF00BF00BFA3
:10293C0000BF00BF00BF00BF00BF00BF00BF00BF93
:10294C0000BF00BF00BF00BF00BF00BF00BF00BF83
:10295C0000BF00BF00BF00BF00BF00BF00BF00BF73
:10296C0000BF00BF00BF00BF00BF00BF00BF00BF63
:10297C0000BF00BF00BF00BF00BF00BF00BF00BF53
:10298C0000BF00BF00BF00BF00BF00BF00BF00BF43
:10299C0000BF00BF00BF00BF00BF00BF00BF00BF33
:1029AC0000BF00BF00BF00BF00BF00BF00BF00BF23
:1029BC0000BF00BF00BF00BF00BF00BF00BF00BF13
:1029CC0000BF00BF00BF00BF00BF00BF00BF00BF03
:1029DC0000BF00BF00BF00BF00BF00BF00BF00BFF3
:1029EC0000BF00BF00BF00BF00BF00BF00BF00BFE3
:1029FC0000BF00BF00BF00BF00BF00BF00BF00BFD3
:102A0C0000BF00BF00BF00BF00BF00BF00BF00BFC2
:102A1C0000BF00BF00BF00BF00BF00BF00BF00BFB2
:102A2C0000BF00BF00BF00BF00BF00BF00BF00BFA2
:102A3C0000BF00BF00BF00BF00BF00BF00BF00BF92
:102A4C0000BF00BF00BF1A68824202D140007FF471
:102A5C0039AF7047F0B502468908013911F0010E03
:102A6C003CD073464FF0AA3042F823005B00194269
:102A7C00FAD14FF055331360734602EB830052F8D2
:102A8C002340B4F1AA3F14D15B001942F5D14FF0A9
:102A9C00AA331360F4464FF055361F4610E05B0026
:102AAC00194207D052F82340B4F1AA3FF7D063453E
:102ABC00F5D0F0BD57514FEA4C0C11EA0C0F0BD06E
:102ACC004FEA8C0502EB8C0042F82C601368B3F1D2
:102ADC00AA3FEED17346E5E70020EAE74FF0553305
:102AEC0003604FF0AA3303600020E2E7032928D9E2
:102AFC0010B502464FEA910C8646012340F8043B80
:102B0C009C4503F10103F9D8012300E00B46104664
:102B1C001168994214D1D94342F8041B591C9C45A5
:102B2C00F4D800236FF001047046DEF80010E21AAE
:102B3C00914205D101330EF1040E9C45F4D80020CE
:102B4C0010BD002070470000B2F5004F00D0704758
:102B5C0070B505460C4683682A4A002120469847E2
:102B6C0016F03EFD4FF02040FFF7AAFE064616F089
:102B7C0047FDB6B1AB68244A012120469847002393
:102B8C00032219462046D5F80CC0E0472B690321D7
:102B9C002046984732461D4904F581701CF056FBBF
:102BAC0070BD16F01DFD4FF400014FF02040FFF7F3
:102BBC0051FF064616F024FD002EDBD116F010FD59
:102BCC004FF400014FF02040FFF790FF064616F03F
:102BDC0017FD002ECED1AB680D4A01212046984737
:102BEC00EE680023022219462046B0472B690221C9
:102BFC00204698474FF40002064904F581701CF0FA
:102C0C0025FBCDE7EC13020018140200301402006F
:102C1C000014020010140200F0B5C3B006460C46B6
:102C2C0015468368534A012120469847524B03CBE3
:102C3C00C4F80201C4F806111B88A4F80A3141AA91
:102C4C001021284619F00BFD002874D104F581776A
:102C5C00419B512B03D040F2E93043B0F0BD41AA67
:102C6C001121284619F0FBFC002867D1419B522BFF
:102C7C0002D040F2E930F0E741AA1221284619F0BF
:102C8C00EEFC00285DD1419B592B02D040F2E9307B
:102C9C00E3E73A4B07CBC4F802017960BA60B3683A
:102CAC00374A0121204698474FF480224FF4E00127
:102CBC00284619F0C4FC002846D1802301AA4FF401
:102CCC00E001284619F097FC002840D101AB21A95E
:102CDC0013F8012BFF2A3DD18B42F9D1294B07CB9D
:102CEC00C4F802017960BA60B368274A0121204612
:102CFC0098470623254A2649284619F08EFC60BBC6
:102D0C000623244A2449284619F087FC40BB80231B
:102D1C0001AA1F49284619F06EFC20BB0C221F4942
:102D2C0001A81CF01EFA08BB1D4B1A889B78A4F84E
:102D3C000221BB7091E740F2E9308EE740F2E930B6
:102D4C008BE740F2E93088E740F2EA3085E740F261
:102D5C00EA3082E740F2EB307FE74FF47B707CE7A0
:102D6C004FF47B7079E74FF47B7076E74FF47B7010
:102D7C0073E700BF38140200F0110200481402007F
:102D8C005414020064140200701402008014020037
:102D9C00FCFF710088140200020072009014020003
:102DAC0060250200F0B591B00C4600230193ADF8FC
:102DBC000830B2F5004F01D011B0F0BD0546836864
:102DCC001E4A0021204698470FA91D4819F0EFFB19
:102DDC00C8B903A90F9819F052FC039B0F9A21460E
:102DEC002846FFF719FF06460F9819F0F7FB66B94E
:102DFC00EE680023022219462046B0472B690221B7
:102E0C0020469847D8E74FF47A7604F16407C6F366
:102E1C000E020C4938461CF019FAAB683A460221EE
:102E2C0020469847EE680023032219462046B047F7
:102E3C002B69032120469847BEE700BFA01402006F
:102E4C00C0140200C814020030B583B005460C460D
:102E5C00B2F5004F1ED0102A37D0002A33D1486E5D
:102E6C0018F0AEFEB0F57A7F2DD318F09BFE60669D
:102E7C0004F168020121654819F086FA0D2800F268
:102E8C008E80DFE800F0268C8C8C5A8C8C8C8C7DA0
:102E9C00418C8C6E83685E4A002120469847AB6853
:102EAC005C4A012120469847AB685B4A02212046C8
:102EBC00984701A9594818F063FF0023E36623677C
:102ECC0018F070FE606603B030BD43690846984741
:102EDC00F9E7AB68524A022120469847A06E19F0D8
:102EEC008DFA0023022219462046D5F80CC0E04783
:102EFC002B690221204698474A4B1A889B78A4F8E4
:102F0C00022184F80431DEE7AB68474A02212046EF
:102F1C009847464B07CBC4F80201C4F80611C4F815
:102F2C000A211A889B78A4F80E2184F81031236F9B
:102F3C005A1C042B47D02267C5E7AB683C4A0221D8
:102F4C00204698473B4B07CBC4F80201C4F8061146
:102F5C00C4F80A211A889B78A4F80E2184F8103141
:102F6C00E5E7AB68344A022120469847334B03CB44
:102F7C00C4F80201C4F806111B88A4F80A31D6E77C
:102F8C00AB682F4A0221204698472E4B03CBC4F83E
:102F9C000201C4F806111B88A4F80A31C7E7AB6814
:102FAC001D4A022120469847274B07CBC4F8020143
:102FBC00C4F80611C4F80A211A889B78A4F80E21CB
:102FCC0084F81031B3E700232367E36E0133E36623
:102FDC00062B16D1AB681D4A0221204698470023C8
:102FEC00032219462046D5F80CC0E0472B69032173
:102FFC0020469847164B03CBC4F80201C4F80611BF
:10300C0061E701A9054818F0BBFE5CE73815020022
:10301C00DC140200FC14020010110200281502003E
:10302C0034110200602502004C1102006C110200E8
:10303C007C1102009C110200AC110200C8110200AC
:10304C00D4110200F01102004815020038120200DF
:10305C005012020030B583B005460C46B2F5004F55
:10306C001ED0102A37D0002A33D1486E18F0A8FD94
:10307C00B0F57A7F2DD318F095FD606604F16802E7
:10308C000121654819F080F90D2800F28E80DFE8E7
:10309C0000F0268C8C8C5A8C8C8C8C7D418C8C6E9C
:1030AC0083685E4A002120469847AB685C4A012140
:1030BC0020469847AB685B4A02212046984701A9F5
:1030CC00594818F05DFE0023E366236718F06AFD8B
:1030DC00606603B030BD436908469847F9E7AB68B2
:1030EC00524A022120469847A06E19F087F9002316
:1030FC00022219462046D5F80CC0E0472B69022164
:10310C00204698474A4B1A889B78A4F8022184F8E9
:10311C000431DEE7AB68474A022120469847464B0C
:10312C0007CBC4F80201C4F80611C4F80A211A88A6
:10313C009B78A4F80E2184F81031236F5A1C042BB1
:10314C0047D02267C5E7AB683C4A02212046984726
:10315C003B4B07CBC4F80201C4F80611C4F80A2192
:10316C001A889B78A4F80E2184F81031E5E7AB6837
:10317C00344A022120469847334B03CBC4F8020152
:10318C00C4F806111B88A4F80A31D6E7AB682F4A9D
:10319C000221204698472E4B03CBC4F80201C4F8F9
:1031AC0006111B88A4F80A31C7E7AB681D4A022137
:1031BC0020469847274B07CBC4F80201C4F80611E8
:1031CC00C4F80A211A889B78A4F80E2184F81031CF
:1031DC00B3E700232367E36E0133E366062B16D1B6
:1031EC00AB681D4A0221204698470023032219464A
:1031FC002046D5F80CC0E0472B69032120469847A0
:10320C00164B03CBC4F80201C4F8061161E701A9FF
:10321C00054818F0B5FD5CE738150200581502009A
:10322C00FC14020010110200781502003411020087
:10323C00602502004C1102006C1102007C1102008E
:10324C009C110200AC110200C8110200D411020042
:10325C00F011020048150200381202005012020050
:10326C00B2F5004F00D070472DE9F04F8BB00646F9
:10327C000C468368744A00212046984703A973487A
:10328C0019F09DFE09A9724818F0A0FD00B3B368AF
:10329C00704A002120469847F568002303221946FE
:1032AC002046A84733690321204698476A4B03CB35
:1032BC00C4F80201C4F806111B88A4F80A31099855
:1032CC0018F091FD039819F091FE0BB0BDE8F08F4A
:1032DC00002305930A238DF8183001238DF819303B
:1032EC0004AB089305A9099818F085FDD8B1B3680B
:1032FC005A4A002120469847F568002303221946B4
:10330C002046A8473369032120469847544B03CBEA
:10331C00C4F80201C4F806111A889B78A4F80A2193
:10332C0084F80C31CBE7049B642202FB03F74D4B72
:10333C00A3FB07373F0A04EB020B00233A464A492A
:10334C0058461BF083FFB3685A4600212046984725
:10335C0004F5817800233A46444940461BF076FF39
:10336C00A7F15003282B0FD9F56800230322194627
:10337C002046A84733690321204698473A463C49E2
:10338C0040461BF063FF9AE7039819F067FE002193
:10339C00039819F070FE642018F006FA05A9099834
:1033AC0018F029FD049B642202FB03F31A460193D7
:1033BC002C4BA3FB02394FEA1929039819F041FE53
:1033CC0000254FF00A0A2946039819F054FE50467E
:1033DC0018F0EAF90235B5F5807FF4D14B463A4640
:1033EC00214958461BF032FFB3685A46002120464B
:1033FC0098474B463A461D4940461BF027FF019B18
:10340C00B3F5994F0FD3F5680023032219462046D4
:10341C00A84733690321204698474A461549404638
:10342C001BF014FF4BE7F5680023022219462046D7
:10343C00A84733690221204698474B463A460B4928
:10344C0040461BF003FF3AE788150200E00D02002E
:10345C00A0150200A8150200F0110200CC15020004
:10346C00F0150200ABAAAAAAFC150200281602004D
:10347C003416020044160200B2F5004F00D070471B
:10348C00F0B587B005460C468368404A00212046BB
:10349C00984705A93E4818F099FCE0B1AB683D4A45
:1034AC000021204698470023032219462046EE6847
:1034BC00B0472B69032120469847374B03CBC4F800
:1034CC000201C4F806111B88A4F80A31059818F0FB
:1034DC008AFC07B0F0BD022301930A238DF8083053
:1034EC0001238DF80930CDF810D001A9059818F0FA
:1034FC0082FCD8B1AB68294A002120469847EE6877
:10350C000023032219462046B0472B69032120468D
:10351C009847234B03CBC4F80201C4F806111A8850
:10352C009B78A4F80A2184F80C31CFE7009B642225
:10353C0002FB03F31B4EA6FB03269B1B06EB530659
:10354C00760A04F164073246174938461BF07EFEB2
:10355C00AB683A46002120469847503E282E0AD99F
:10356C00EE680023032219462046B0472B6903213D
:10357C0020469847AAE7EE68002302221946204607
:10358C00B0472B690221204698479FE7541602004A
:10359C00A015020068160200F01102008816020045
:1035AC00F015020025154052AC16020000B583B090
:1035BC0000230193072809D8DFE800F0040C11164A
:1035CC001B20252A01A9154818F0DAFB019803B035
:1035DC005DF804FB01A9124818F0D2FBF6E701A92B
:1035EC00104818F0CDFBF1E701A90F4818F0C8FB03
:1035FC00ECE701A90D4818F0C3FBE7E701A90C485B
:10360C0018F0BEFBE2E701A90A4818F0B9FBDDE7A8
:10361C0001A9094818F0B4FBD8E700BFC416020092
:10362C00CC160200D4160200DC160200E4160200CE
:10363C00EC160200F4160200FC16020082B02DE912
:10364C00F04F8FB080468B46144619931C9D8368AF
:10365C009B4A0121584698479A4B03CBCBF8020161
:10366C00CBF806111B88ABF80A310DAA10212046A5
:10367C0018F0F5FF002840F011810BF5817A0D9BB5
:10368C00512B06D040F2E9300FB0BDE8F04F02B03C
:10369C0070470DAA1121204618F0E1FF002840F0D8
:1036AC0000810D9B522B02D040F2E930ECE70DAAC1
:1036BC001221204618F0D3FF002840F0F5800D9B16
:1036CC00592B40F0F48000260596B146CDF810A099
:1036DC0009950896C246D846069408F1640B059ADB
:1036EC00794958461BF0B2FDDAF808305A460121E8
:1036FC004046984700230393039A744958461BF09D
:10370C00A5FDDAF808305A46012140469847099B36
:10371C00002B00F0AC80059BC3EB0323079319AB84
:10372C000B9300273D460A970A9A694958461BF0A5
:10373C008DFDDAF808305A460121404698470B9B1C
:10374C001E465C69089B9C4206D13369002B00F035
:10375C008280FB1808933DE0DFF8789123464A46B7
:10376C005D4958461BF072FDDAF808305A460321C1
:10377C0040469847E9E73B460022584958461BF01B
:10378C0065FDDAF808305A460121404698472A462A
:10379C00534904981BF05AFD3CB109F1FF33621EEA
:1037AC004A4403F8016F9342FBD122462946069EF8
:1037BC00304618F044FF00287CD123464A4629465F
:1037CC00304618F02AFF002877D101372544089B92
:1037DC009F423FD0079B83EA0706039B002BCAD06E
:1037EC003B4601223F4958461BF030FDDAF80830C1
:1037FC005A460121404698472A463B4904981BF0FB
:10380C0025FD23464A462946069818F0F4FE002C5E
:10381C00DBD009F1FF324B46601E4844944612F847
:10382C00011FB14202D19042F8D1CEE7D946C3F183
:10383C0001030191009663443A462C4948461BF01B
:10384C0005FDDAF808304A4602214046984740F216
:10385C00014019E71F460A9B01330A930B9A083261
:10386C000B92099A9A4201D008945DE70894039B45
:10387C0001330393022B7FF43FAF059B0133059378
:10388C00022B7FF42AAFDDF810A0194B1A889B7815
:10389C00A8F802218AF802300020F5E640F2E9305F
:1038AC00F2E640F2E930EFE640F2E930ECE640F2C5
:1038BC00E930E9E642F24870E6E642F24970E3E6A6
:1038CC0038140200F0110200041702001017020055
:1038DC0020170200000040A02C1702004C17020019
:1038EC00781702008C170200B8170200CC170200E0
:1038FC0060250200B2F5004F00D07047F0B59BB0C8
:10390C0005460C468368264A00212046984719A98B
:10391C00244818F04CFE40BB0DA9199818F0AFFEC6
:10392C00EC460DF1380EBEE80F00ACE80F00BEE817
:10393C000F00ACE80F009EE807008CE807000D9B19
:10394C00199A21462846FFF779FE0646199818F071
:10395C0045FE66B9EE680023022219462046B047A0
:10396C002B6902212046984718E04FF47A7604F12F
:10397C006407C6F30E020C4938461BF067FCAB68B3
:10398C003A46022120469847EE6800230322194646
:10399C002046B0472B690321204698471BB0F0BD49
:1039AC0008180200C0140200C8140200034B1B6864
:1039BC004FF0FF32C3F8D42B704700BFB07117A083
:1039CC0070B58AB004460FF039FF09AA00212046D1
:1039DC0019F019FB184C4FF4F84307930023069386
:1039EC0047F6E07605960222049240F2DF1203922B
:1039FC0040F21F32029201930093099B4FF4F07234
:103A0C004FF4487120680EF0CDFE0C4D294620680D
:103A1C000FF0FFF91F220A4920680FF00FFA314608
:103A2C0020680EF0FAFE294620680FF0F2F90FF02C
:103A3C0019FF0AB070BD00BFB07117A000340400AC
:103A4C002C1802002DE9F04788B0734F386800F647
:103A5C0064240023ADF81830ADF81A30C369ADF802
:103A6C001C30036AADF81E306C490FF0D2F938687F
:103A7C000FF0D1F986B206AD0521284610F0A0F85A
:103A8C0006F14602022392B26946284610F0C4F8A9
:103A9C0004AB95E8030083E803003A6802F6CC32E5
:103AAC0082E803000221184610F08AF80436B6B2F8
:103ABC00442E38BF44265A4B1D78082D61D8002758
:103ACC00DFF85481DFF85CA1DFF85C91D8F80030A6
:103ADC001B6EAB4233D9BDF816300133BDF8122042
:103AEC009B1A9E422BDA0123324602A904A810F03D
:103AFC0071F8BDF808302380BDF80A306380BDF83A
:103B0C000C30413BA380BDF80E20E280D8F80010A9
:103B1C00EB0103F168000844A060C4F80CA0C4F8E1
:103B2C00109064330B44A361404BE3610232A1F863
:103B3C00D22B013720340135ABB2082BC6D9012169
:103B4C00684610F03DF8BDF8003023807F33A38029
:103B5C00BDF8023063803F33E380354BA360354BB7
:103B6C00E360354B23610023A361E3612A4B1B689F
:103B7C001B6EBB4207D820340023A36008B0BDE8FD
:103B8C00F0870027DBE70121684610F019F8224B7B
:103B9C001B68B3F8D02B413A2284B3F8D02B013AEE
:103BAC00A284B3F8CE2B01326284B3F8CE2B41320F
:103BBC00E284224AA262224AE262224A2263002260
:103BCC00A263E2631B6E9F4228BF4034D4D2012112
:103BDC0068460FF0F5FF104B1B68B3F8D02B413A39
:103BEC00A4F84020B3F8D02B013AA4F84420B3F841
:103BFC00D22B413AA4F84220B3F8D23B013BA4F8B3
:103C0C0046300E4BA364104BE364104B236500232A
:103C1C00A365E3656034AFE7B07117A0003404000E
:103C2C00AC7117A0053E0000D8F102005D3C00000D
:103C3C00C00D0200B93900009C4F0300182D020082
:103C4C00E53D0000E0620200B93D0000B45B0200FB
:103C5C0070B588B004460388ADF818304388ADF8C9
:103C6C001A308388ADF81C30C388ADF81E301C4D5B
:103C7C001C4928680FF0CDF828680FF0CCF885B2F5
:103C8C0006AE022130460FF07FFF0223402204A92A
:103C9C0030460FF0E3FF236993B1BDF81030039366
:103CAC00BDF81230029302AA03A90D4B18680EF04E
:103CBC00C6FDBDF80820BDF80C1020690FF026FEDB
:103CCC002A46694606A810F013F8BDF80230BDF874
:103CDC000020A168024800680FF060F808B070BDC1
:103CEC00B07117A000340400F0B587B00FF0A6FD3A
:103CFC00294C2A4920680FF08CF820680FF08BF8BB
:103D0C00054647F6E07120680EF087FD002120681B
:103D1C000EF085FD2068B0F8D03BB0F8CE2BB0F893
:103D2C00CC1BB0F8D26B00960EF0E3FC2068036E4F
:103D3C001BBB90F8E03B102B05D0092B27D0302B68
:103D4C0027D0174F00E0164F39460FF0D0F804AECD
:103D5C00114C236882B2314603F6CC300FF0E8FFE9
:103D6C00AAB202A930460FF0C3FFBDF80A30BDF865
:103D7C000820394620680FF011F8074B186800F638
:103D8C0064210FF094FA0FF06DFD07B0F0BD054FF4
:103D9C00DAE7054FD8E700BFB07117A00034040074
:103DAC0054180200681802008818020008B5084B65
:103DBC001B78591D074A1268126E914200D308BD38
:103DCC000133034A1370FFF73DFEFFF78DFFF6E753
:103DDC00AC7117A0B07117A008B5064B1B7803B9CE
:103DEC0008BD013B034A1370FFF72CFEFFF77CFF65
:103DFC00F6E700BFAC7117A008B5806900F0CAFEE9
:103E0C00054B1B68D3F8D80BFFF7DAFDFFF71AFE4A
:103E1C00FFF76AFF08BD00BFB07117A030B59BB0AB
:103E2C00024601AD0C4928461BF010FA0BAC0123DD
:103E3C002A460A4920461BF009FA6A460121204607
:103E4C0018F0A2FA044610B120461BB030BD009801
:103E5C0018F0D4FAF8E700BFB0180200B818020046
:103E6C0010B58CB0024602AC084920461BF0EEF9A6
:103E7C0001AA0121204618F087FA044610B1204609
:103E8C000CB010BD019818F0B9FAF8E7CC18020084
:103E9C0010B58CB0024602AC084920461BF0D6F98E
:103EAC0001AA0121204618F06FFA044610B12046F1
:103EBC000CB010BD019818F0A1FAF8E7E418020054
:103ECC002DE9F04F95B0814600231293384B1D68B5
:103EDC0008AC0246374920461BF0B8F913A9204616
:103EEC0018F082FF18B1302015B0BDE8F08F3249C0
:103EFC00139818F0DEFF70B1129B002B4DD0002BE5
:103F0C0050DD643501242746DFF8B0A0DFF8B0801F
:103F1C00DFF8B0B019E012AB00222B49139818F05F
:103F2C00DDFF129B002BEAD12849139818F0C1FF32
:103F3C0012AB00222449139818F0D0FFDCE70134AF
:103F4C00E4B22746129B9C422CDC05AE3A46514605
:103F5C0030461BF07BF9502300932B1D4246314613
:103F6C00139818F0EBFF08BB03AE3A46594630469F
:103F7C001BF06CF92823009305F15503424631469A
:103F8C00139818F0DBFF0028D9D145F8809B084B1B
:103F9C001A68136E01331366D1E7139818F05EFF9D
:103FAC003020A1E7139818F059FF9DE730209BE7CC
:103FBC00B07117A0E4180200FC18020024190200CA
:103FCC00182D02002C190200101902001C190200F5
:103FDC002DE9F04F91B002460190314B1D6806ACB3
:103FEC00304920461BF032F905AA0121204618F071
:103FFC00CBF9064618B1304611B0BDE8F08F04A9D4
:10400C00059818F05BFA049B002B45D005F1640B66
:10401C0000252F462C460DF10C0A0DF10B094FF023
:10402C00010811E02C2B06D04F2D09D80BEB050203
:10403C001371013504E00BEB050300251D710127FD
:10404C000134049BA34227D953464246494605985E
:10405C0018F000FA0646F8B9039BEBB19DF80B304B
:10406C000D2BEDD0002FDDD00A2B07D0272DE7D854
:10407C000BEB050282F855300135E1E75D44002772
:10408C0085F85570019B4BF8803B054B1A68136EF5
:10409C00013313663D46D3E7059818F0AFF9AAE74C
:1040AC00B07117A0CC18020070B5A8B040F6E4307F
:1040BC0019F066F9674B186080B140F6E4320021C4
:1040CC001BF0E1F925AA1021012017F065FC38B18D
:1040DC00604C206819F05CF90023236028B070BD97
:1040EC0025AA24A95C4819F021FB18B1259817F0D2
:1040FC0075FCEDE727A9594818F061FF20B1259907
:10410C00249819F080FBF1E7524B1B68279AC3F8EF
:10411C00D82B4FF0FF31302002F004FD0020FFF7C8
:10412C007DFE04460120FFF779FE002C79D068B99A
:10413C000123009300238DF804308DF85530684628
:10414C0000F028FD279818F051FFD8E70020FFF762
:10415C009FFE04468DF898000120FFF799FE8DF81C
:10416C009900002C5FD0002834D13A4B1B680124F5
:10417C00C3F8DC4B00221A662046FFF7A1FE04F1BF
:10418C00A0030DEB030404F8080C324B1B6883F8F6
:10419C00E00B2798FFF714FCFFF754FCFFF7A4FD86
:1041AC002C4C20AE4FF0FF352368D3F8D43B002BBA
:1041BC00C8D12A463146259817F0A5FC0028F3D122
:1041CC00244B18684FF4FA73259A00F664210FF00B
:1041DC0065FAE7E70020FFF743FE05468DF89800E7
:1041EC000120FFF73DFE8DF899001DB3B0F10D04D1
:1041FC0018BF0124174B1B68C3F8DC4B00221A664E
:10420C0004F1A0036B4413F8083CCBB1114B1B68B1
:10421C0004F1A0020DEB020414F8082C83F8E02B37
:10422C00B7E7002385E70B4B1B680024C3F8DC4B76
:10423C001C66A1E7074B1B680024C3F8DC4B1C660B
:10424C002046FFF7C5FE04F1A0036B4403F8080CED
:10425C00DCE700BFB07117A0D40D0200E00D020026
:10426C000022084B03F14C0013F8011B0A44834253
:10427C00FAD1D243034BD86C904214BF16200020C5
:10428C00704700BFB47117A000B583B000220D4B6E
:10429C0003F14C0013F8011B0A448342FAD1D243B8
:1042AC00084BDA6401A9084817F0EBFF10B103B012
:1042BC005DF804FB502300220249019818F000F825
:1042CC00F5E700BFB47117A0A813020000B583B0C6
:1042DC0001A90B4817F0D5FF034618B1184603B0D7
:1042EC005DF804FB502300220649019817F0D6FF15
:1042FC0003460028F2D1FFF7B3FF0346EEE700BFF9
:10430C00A8130200B47117A038B51A4C5022002122
:10431C0020461BF0B8F84FF0FF35A564C02184F897
:10432C003A10A82284F83B200A2384F83C3014204D
:10433C0084F83D00FF2084F83E5084F83F0084F858
:10434C00400084F8421084F8432084F84430012360
:10435C0084F84530BD2384F83530332384F8363067
:10436C00062384F83730682384F83830222384F805
:10437C00393038BDB47117A0074B1B684FF0FF32B2
:10438C00C3F80C22C3F824220021C3F81012C3F87E
:10439C001422C3F81C127047107217A0064B1B682E
:1043AC000022C3F828224FF0FF32C3F81422034B2B
:1043BC000361034BC3607047107217A054DC0200FA
:1043CC00194600002DE9F0438FB005460FF036FA80
:1043DC00764B1B68D3F8E831012B07D87BB9744BAB
:1043EC001868744A01460FF0C3FC08E0714A724920
:1043FC00096802FB03116E4B18680FF0B9FC6B4B8C
:10440C001868D0F81032002B37D1684B1B68D3F8E2
:10441C001C32002B40F09180002D00F0BC80634BCF
:10442C001B68D3F82C22002A40F08E80D3F830225F
:10443C00002A00F0AD80D3F8E831042B00F08C801A
:10444C005A4B1B68D3F8E831002B00F093805A4B81
:10445C001868564C2368D3F8E811564B03FB01F14E
:10446C00A1F53B23A3F50063014418440FF0D4FAE3
:10447C0023680022C3F830228FE000210EF0CFF920
:10448C004A4C002120680EF0C8F9002120680EF07B
:10449C00C9F94A4920680EF0BCFC23680CAE03F540
:1044AC00FA7292E8030086E80300012118460EF028
:1044BC00B9F9206800F164010EF0F9FE2368D3F815
:1044CC00C821D3F8C43101323D4968461AF0BEFE0A
:1044DC00694620680EF00BFD8146236803F5F673E0
:1044EC0093E8030086E803000A2130460FF068FBCE
:1044FC000AAF1FFA89F2394630460FF019FC97E8DB
:10450C00030086E8030020680EF085FC82B2394671
:10451C0030460FF0EDFB47F6E07120680EF07DF9A8
:10452C00002120680EF0E1FCBDF82A30BDF82820EF
:10453C00694620680EF032FC67E7C6224FF4B6716C
:10454C0020480FF0E3F967E70FF094F9174B1B685D
:10455C000022C3F82C2220E0174B1868154A00F5EE
:10456C000C1101F5205100F56A1000F5C0500FF048
:10457C00FFFB65E7104B18680E4A00F53B1101F57F
:10458C000051A0F53B20A0F500600FF0F1FB5EE7B9
:10459C000FF068F901E00FF065F9044B1B6800227D
:1045AC00C3F814220FB0BDE8F08300BF107217A03F
:1045BC000400001000B80B00047217A000340400B3
:1045CC00341902000C6A020008B50F4B1B68D3F8B3
:1045DC00102292B90C4B1A68D2F8C8310133D2F8B8
:1045EC00C4118B4228BF0023C2F8C8314FF0FF33EF
:1045FC00C2F81832C2F8303208BD0020C3F81002DD
:10460C00FFF7E0FEE6E700BF107217A008B5084BF5
:10461C001B684FF0FF32C3F82822C3F81422054B55
:10462C000361054BC3600020FFF7CEFF08BD00BF40
:10463C00107217A080E30200A943000008B5114BCB
:10464C001B68D3F81022BAB90E4B1B68D3F8C821DB
:10465C001AB9D3F8C421C3F8C821D3F8C821013A38
:10466C00C3F8C8210022C3F810224FF0FF32C3F860
:10467C001822C3F82C2208BD0020C3F81002FFF743
:10468C00A1FEE1E7107217A02DE9F04FADF5077D03
:10469C00B0F800C0B0F802B00769B989F88907F121
:1046AC00150406AE0DF5067E14F8012CD20814F88C
:1046BC00023CDB085B0143EA822314F8032C43EA37
:1046CC00D20326F8023B03347645EDD100284FD0B7
:1046DC00441E01F2123201FB0422174400220DF198
:1046EC00180ADFF894803B46CDF814C00490D946E4
:1046FC0030E00236BD4224D015F8013B3AF81340A5
:10470C00002CF6D023464A463146D8F800000EF06D
:10471C00A1F806F1010B23464A465946D8F8000089
:10472C000EF098F82346009A3146D8F800000EF0A7
:10473C0091F82346009A5946D8F800000EF08AF8F2
:10474C00D7E7019B0299039A013209F102090498F7
:10475C0090420DD01F465B1A1D460029F4D009F17A
:10476C00010B059ECDF800B0019302910392C3E7B3
:10477C000DF5077DBDE8F08F107217A02DE9F04FF5
:10478C00BFB04FF0FF320023079306930593B1E0BF
:10479C004FF0FF32AEE093F8CC21022A40F0BF80FC
:1047AC0000220792059A3B92079A03323C92002210
:1047BC003BA9D3F8E00117F04CF90022069299E0DE
:1047CC0093F8D421022A40F0B08001220792E9E745
:1047DC00039D3D95D4F82432002B40F0EE80D4F8A4
:1047EC003432002B00F0C4804FF000038DF82430DD
:1047FC00814B1B681B6E1A681DAF0135009509AB08
:10480C007E4938461AF022FD08AA0121384617F0D5
:10481C00BBFD002840F0D180049BDD1C089817F0EC
:10482C00EDFD774B196801F56A1303F5C05304F5D8
:10483C000972744800FB051138460FF04DF9044617
:10484C00002840F0BA806C4B1868049B00EBC30343
:10485C00022283F8CC213D9AC3F8D021069B002B71
:10486C0000F0A9803B9B9A4200F09780002241E027
:10487C00002E3BD1B8F1000FB8BF884408F1FF37C8
:10488C00B9F1000FB8BFF1442E464B4609F1FF3980
:10489C004246B846013081422AD9B2FBF1F701FBFE
:1048AC0017220492B3FBFEF70EFB1733039304EBB2
:1048BC00C207D7F8D0B15B458AD197F8CC71002FDD
:1048CC0086D0B542E6D3002DD2D1614538BFACEBD2
:1048DC00010C0CF10105D64538BFAAEB0E0A534664
:1048EC000AF1010A6246AC460125D3E73546D1E709
:1048FC004FF0FF32404B1B683DA9D3F8DC0117F099
:10490C0002F9B8B93D9B0593B3F1FF3F66D03A4B22
:10491C001B68D3F8D021059991423FF43CAFD3F8F2
:10492C00D821059991423FF44BAF059B3B934FF037
:10493C00FF330693059D3D95079802462B462E495D
:10494C000C68D4F8C4E17146022928BF0221461C28
:10495C00471E05F1010A05F1FF3BBEF1000F3FF4C4
:10496C0017AF00200546B846B4460646D94694E72C
:10497C00226E5532244909A81AF068FC38E73D9B91
:10498C003B934FF0FF333C931B4B1B6800223BA91E
:10499C00D3F8E00117F05DF812E03C9500223BA93A
:1049AC00D0F8E00117F055F83D9B0593049B079355
:1049BC00069400229EE700229CE7069B002BDED18A
:1049CC000D4B1B68049A03EBC203022283F8CC2123
:1049DC003D9AC3F8D021002206928BE74FF0FF32AC
:1049EC003B92054B1B683BA9D3F8E00117F031F85B
:1049FC0000203FB0BDE8F08F107217A050190200D4
:104A0C00047217A000B80B004419020070B58AB0EC
:104A1C0004460EF013FF09AA0021204618F0F3FA01
:104A2C00154C4FF4F84307930023069347F6E076B2
:104A3C0005960222049240F2DF12039240F21F32DA
:104A4C00029201930093099B4FF4F0724FF448715A
:104A5C0020680DF0A7FE094D294620680EF0D9F903
:104A6C00314620680DF0D9FE294620680EF0D1F9A8
:104A7C000EF0F8FE0AB070BD107217A000340400DE
:104A8C00F0B5B1B01A4B1B680022C3F8C421184C06
:104A9C00184F03AE21E01A6E5532394630461AF0E3
:104AAC00D5FB23681A6E126817ADD3F8C4310133E5
:104ABC0000933346104928461AF0C8FB02AA01217C
:104ACC00284617F061FC88B92268D2F8C43101334A
:104ADC00C2F8C431029817F091FC2368D3F8342241
:104AEC00002AD8D000238DF80C30DAE731B0F0BDB5
:104AFC00107217A04419020050190200F0B583B0CF
:104B0C00234B1B68D3F8C8714FF0FF3203F5E471E7
:104B1C00D3F8DC0116F0DAFF6E461D4CFA2508E0DE
:104B2C00C3F81C02FFF74EFC19E02368D3F81C22D3
:104B3C002AB323682A463146D3F8E00116F0E3FF86
:104B4C000028F2D1009BBB42F3D1019BB3F1FF3F94
:104B5C0013D00F4B1B68D3F81C22002AE0D10C4B4E
:104B6C001B680022C3F818224FF0FF31C3F814124F
:104B7C000199C3F8E811C3F81C2203B0F0BD4FF043
:104B8C00FF32C3F81C220020FFF71CFCD1E700BF4A
:104B9C00107217A02DE9F04794B005464FF40E7033
:104BAC0018F0EEFBC24B186058B304464FF40E726B
:104BBC0000211AF068FC04F5EE720421032016F0B3
:104BCC00EBFE08B3BA4B1B68D3F8E421002A40F083
:104BDC003C82B74B1B68D3F8DC01002840F04E82B6
:104BEC00B34B1B68D3F8E001002840F04A82B04C6C
:104BFC00206818F0CDFB00232360AE4B186818F02A
:104C0C00C7FB14B0BDE8F087A94B1A6802F5F07227
:104C1C000821032016F0C0FE0028D3D12B794BB904
:104C2C0095F8553033B9A24B1B684FF0FF32C3F8DF
:104C3C00342204E09E4B1B680022C3F834229E48A9
:104C4C0018F09EFB9B4A10600028DAD000F53C233C
:104C5C0003F2FF736FF30B03984A1360944B1A68BB
:104C6C000023C2F8E43102F5F272019202220092A2
:104C7C004FF420729249934816F0E4FF0028A1D11A
:104C8C008B4B1B684FF0FF31C3F810120022C3F896
:104C9C001C22C3F80C221D66C3F8C821C3F81812D5
:104CAC00C3F81412C3F82022874B1B6883B112AAD5
:104CBC001021012016F070FE002883D112AA11A930
:104CCC00824818F033FD48B1129816F087FE79E748
:104CDC007D4A0121032016F05FFEE8E713A97C480A
:104CEC0018F06DF920B11299119818F08CFDEBE7C2
:104CFC00FFF7C6FE6E4B1B68D3F8C4311BB9139873
:104D0C0018F074F9EFE71398FFF780FE684F3C68D2
:104D1C000025ADF80C50ADF80E50E369ADF810302D
:104D2C00236AADF812306B4920460EF072F83968E0
:104D3C0003AE2B464A2201F5FA7130460EF06CFF99
:104D4C003B6803F5FE7296E8030082E8030005AEAB
:104D5C0003F5FA7393E8030086E803000521304657
:104D6C000EF02EFF0DF11C0A28234022514630462E
:104D7C000EF074FFBDF81C30A4F86430BDF81E3082
:104D8C00A4F86630BDF82030A4F86830BDF82230A5
:104D9C00A4F86A30DFF84091C4F86C904F4B23674D
:104DAC004F4B6367E567DFF83C81C4F880802823AC
:104DBC004022514630460EF051FFBDF81C30A4F88D
:104DCC008430BDF81E30A4F88630BDF82030A4F82D
:104DDC008830BDF82230A4F88A30C4F88C90424B4D
:104DEC00C4F89030414BC4F89430C4F89C50C4F8CB
:104DFC00A08028234022514630460EF02FFFBDF8EC
:104E0C001C30A4F8A430BDF81E30A4F8A630BDF8B0
:104E1C002030A4F8A830BDF82230A4F8AA30C4F889
:104E2C00AC90334BC4F8B030324BC4F8B430C4F847
:104E3C00BC50C4F8C08039680223642201F5F671B5
:104E4C0030460EF02FFF28234022514630460EF0FC
:104E5C0029FFBDF81C30A4F8C430BDF81E30A4F8EE
:104E6C00C630BDF82030A4F8C830BDF82230A4F804
:104E7C00CA30C4F8CC90204BC4F8D0301F4BC4F8C7
:104E8C00D430C4F8DC50C4F8E080C4F8EC503B6873
:104E9C00D3F80C32002B7FF432AF3C464FF0FF3787
:104EAC00094E3DE0FFF72AFE16F07CFE05463EE07B
:104EBC00107217A0087217A060215200047217A07C
:104ECC0064190200894700000C7217A0D40D02006F
:104EDC00E00D020000340400182D020049460000C9
:104EEC0028D50200954600001946000054DC02004B
:104EFC00D5450000ACEA020085430000FCCD020061
:104F0C003846FFF75FFA16F04DFE054614E0002018
:104F1C00FFF75AFB2368D3F80C32002B7FF4EFAE6B
:104F2C0018F020FA2368D3F81832002BBAD1236872
:104F3C00D3F81432002BE3D100220DF12701306895
:104F4C0016F0E1FD022812D09DF82730012BDED09F
:104F5C00022B08D0002BDDD14B4B1B684FF0FF32DE
:104F6C00C3F80C22CBE60020FFF768FBD2E73A46E9
:104F7C000DA9129816F0C7FD0028CBD1424B18682A
:104F8C00D0F8103283B9109B012B3FD0D0F82832C7
:104F9C00D3B1284616F014FE40F6B733984210D918
:104FAC000020FFF711FB0CE04FF4FA73129A00F19A
:104FBC0064010EF073FB284616F002FEB0F57A6F12
:104FCC0017D2109B012B27D02F4B1A68D2F8203206
:104FDC004BB1D2F80832D2F804229B1A13F1800F8D
:104FEC002BDB802B2DDC284B1B680022C3F82022E6
:104FFC0090E7254B1B680022C3F810224FF0FF32BC
:10500C00C3F8142216F0CEFD0546DAE74FF0FF3355
:10501C00C0F81032C0F814321B4B1B68D3F8202296
:10502C003AB90F9AC3F804224FF0FF32C3F820228A
:10503C0070E70F9AC3F80822F6E70020FFF7C4FACE
:10504C00D1E70020FFF7FAFACDE74FF0FF320C92D0
:10505C000CA9D3F8DC0116F039FD00260AAD0A4C78
:10506C000A9623684FF0FF322946D3F8E00116F078
:10507C004AFD0A9BB3F1FF3FF2D1AAE516F0AEFC54
:10508C00AEE516F0ABFCB2E5107217A08269D2F84F
:10509C00C83183F00103C2F8C831704783694FF0FF
:1050AC00FF329A60704700002DE9F04F95B004462E
:1050BC000EF0C4FB254613AA002155F80C0B17F073
:1050CC00A2FF4FF4F84307930026069647F6E077C5
:1050DC0005974FF00209CDF8109040F2DF130393BF
:1050EC0040F21F33029301960096139B4FF4F0721B
:1050FC004FF4487128460DF055FB784928460DF0C1
:10510C0088FE28460DF087FEA4F8C0011F227449C2
:10511C0028460DF093FE394628460DF07EFB3146AD
:10512C0028460DF07CFBADF84460ADF84660A36AF0
:10513C00ADF84830E36AADF84A300DF14408082167
:10514C0040460EF03DFDB4F8C02146320BAF4B4645
:10515C0092B2394640460EF05FFD012138460EF002
:10516C002FFDBDF82C30A4F86C307F33A4F87030D0
:10517C00BDF82E30A4F86E303F33A4F87230594B82
:10518C006367594BA367594BE367C4F88440C4F871
:10519C008860314628460DF0A8FE314628460DF0B1
:1051AC0041FB012128460DF0A0FE514928460DF087
:1051BC0030FE312128460DF032FEA4F8C2012846FB
:1051CC000DF029FE82B2A4F8C421B4F8C2B10BEBE5
:1051DC004B0B4FEA4B0B0BF18A0B04F5D6770832CD
:1051EC00802A38BF802292B2394640460EF080FDAC
:1051FC000DF13C0897E8030088E803001FFA8BF2D6
:10520C00394640460EF094FD97E8030088E8030009
:10521C000DF1240B4B468022594640460EF042FDC0
:10522C000DF1340A33468022514658460EF0D2FC1A
:10523C00BDF83430A4F88C30BDF83630A4F88E307C
:10524C00BDF83830A4F89030BDF83A30A4F892305C
:10525C00DFF8A0B0C4F894B0274BC4F89830274BB3
:10526C00C4F89C30C4F8A440C4F8A860B4F8C221B7
:10527C000432334692B2514640460EF013FDBDF84F
:10528C003430A4F8AC30BDF83630A4F8AE30BDF8EC
:10529C003830A4F8B030BDF83A30A4F8B230C4F8C5
:1052AC00B4B0154BC4F8B830C4F8BC60C4F8C440F2
:1052BC00C4F8C860494638460EF082FCC4F8D46085
:1052CC00064928460DF0A5FD04F16C0128460DF0A9
:1052DC00EEFF0EF0C7FA15B0BDE8F08F00340400F5
:1052EC006C190200C00D0200A95000009C4F030075
:1052FC00C89D0300182D02009950000078940200FC
:10530C002DE9F04F8DB04FF4E87018F039F8764B6A
:10531C001860A0B104464FF4E87200211AF0B3F8FB
:10532C000123C4F8BC3104F5E671704818F081F81B
:10533C0040B16D4C206818F02BF8002323600DB0A1
:10534C00BDE8F08F6A4A1021012016F025FB30B120
:10535C00654B1B68D3F8CC0118F078F8E9E7644A80
:10536C000BA9644818F0E2F920B1614B186816F0EB
:10537C0035FBEDE75C4B19685F4817F020FE28B150
:10538C005B4B19680B9818F03EFAEEE7564C206808
:10539C00FFF78AFE20688368002B6BD0006817F03B
:1053AC0025FEEDE7059B03EBC303544A82FB031276
:1053BC00DB17C3EB620303F5001305931A149BB2BE
:1053CC0003EB8303DB0B4E4908A819F03FFF74E095
:1053DC004C4B089371E06D08454405F1FF3AB9F860
:1053EC00AE21414620460DF0A1FB47F6E071204668
:1053FC000DF013FA039B1978202901D05F2920D1D5
:10540C0007AA06A920460DF0AAFB069B9A451CDCB0
:10541C00A8465E4529D0394620460DF000FA39469B
:10542C0020460DF0FAF9394620460DF0FBF9B9F893
:10543C00C2510136039633782E2BCCD05F2BCBD1B7
:10544C00C9E720460DF0E3FBDAE7394620460DF0BC
:10545C00E4F9079AB9F8C4311344013B0093AB1E2D
:10546C00069920460DF045F9D2E71F4B1868836862
:10547C00002B93D14FF4FA731D4A126800F16C01A2
:10548C000C300EF00BF9184BD3F8009005A9D9F895
:10549C00CC0117F0E3FF00289AD1D9F8C8110129E3
:1054AC0080D0059B1A149BB203EB8303DB0B002902
:1054BC0089D1154908A819F0C9FE09F10C04134942
:1054CC0020460DF0A6FC002120460DF00EFD47F6FF
:1054DC00E07120460DF0A1F9B9F8AC810DF11F0671
:1054EC000DF1260B002796E7187217A0E8120200A0
:1054FC00147217A0D40D0200E00D020067666666F8
:10550C009C1902004572720090190200C89D03009C
:10551C0070477047A0F862104FF0FF33C0F8C830E6
:10552C0070474FF0FF33C0F8C8307047074B1B680B
:10553C0003B9704710B5D0F834411146204609F034
:10554C0085FD0349204609F081FD10BD1C7217A092
:10555C00601B020010B5D0F83441054B53F82210F3
:10556C00204609F073FD0349204609F06FFD10BD7C
:10557C0078340200A819020008B5094B1B683BB926
:10558C00084B1B6843B1084909F060FD002008BDB9
:10559C00064909F05BFDF9E7054909F057FDF5E708
:1055AC002C7217A0307217A0B4190200AC190200AB
:1055BC00C019020070B586B00546012920D01446EA
:1055CC0002293FD1214B1B686BB3214B1A6801AEEA
:1055DC002049304619F03AFE6168304619F0A7FFB1
:1055EC0018B31A4B1B685BB3194B1A6801AC1A49F8
:1055FC00204619F02BFE2146284609F027FD0DE028
:10560C00124B1B686BB1124B1A6801AC1349204644
:10561C0019F01CFE2146284609F018FD002006B0A2
:10562C0070BD0022F1E70022D1E7094B1A680C4942
:10563C00304619F00BFE3146284609F007FDEDE720
:10564C000022D3E7074909F001FDE7E71C7319A015
:10565C00207319A010140200E8190200D0190200DE
:10566C00D8190200F819020010B50446012904D01B
:10567C00064909F0EBFC002010BD012001F000FEF2
:10568C000349204609F0E2FCF5E700BFF8190200D7
:10569C00B419020010B50446012904D0064909F0DA
:1056AC00D5FC002010BD022001F0EAFD0349204684
:1056BC0009F0CCFCF5E700BF141A0200B419020083
:1056CC0010B5012904D00446022905D0002010BDD4
:1056DC00032001F0D5FDF9E70B4B4FF0FF321A60B8
:1056EC00032001F0CDFD084A1368002BFCD1074BB9
:1056FC001B6823B10649204609F0A8FCE6E70549DA
:10570C00204609F0A3FCE1E72C7217A0307217A019
:10571C00B4190200C019020010B50446012904D0C6
:10572C00064909F093FC002010BD052001F0A8FDEE
:10573C000349204609F08AFCF5E700BF141A020061
:10574C00B419020008B5002001F09AFD002008BD34
:10575C00F8B50646042904D0124909F077FC00205C
:10576C00F8BD1546506809F051FC0446A86809F0CC
:10577C004DFC0746E86809F049FCE40104F4F844E0
:10578C00BF0007F478773C43C0F3C4000443064BD6
:10579C001C80042001F074FD0449304609F056FCCD
:1057AC00DDE700BF141A0200247217A0B41902001E
:1057BC002DE9F84380460D46144602F58179144BC9
:1057CC001A889B78A4F8022189F80230204601F04F
:1057DC0081FD0023C4F8C830C4F834814FF4004272
:1057EC0021460C48A847D4F8C8304BB9094F0026BD
:1057FC00324621463846A847D4F8C830002BF7D09B
:10580C004A460549404609F053FCBDE8F88300BF01
:10581C00602502008C340200382D020010B5CEB089
:10582C000446022905D0094909F010FC00204EB0AD
:10583C0010BD506809F0EAFB6A4636900123ADF8BA
:10584C00003103492046FFF7B3FFEFE7141A0200BB
:10585C00552B000010B5CEB00446022905D00C49DA
:10586C0009F0F4FB00204EB010BD506809F0CEFBDF
:10587C000022ADF8002128B16A4606492046FFF700
:10588C0097FFEFE76A4604492046FFF791FFE9E7E7
:10589C00141A020001390000B12D000000B5CFB080
:1058AC00012906D0054909F0D1FB00204FB05DF865
:1058BC0004FB6A460249FFF77BFFF6E7141A020065
:1058CC008534000000B5CFB0012906D0054909F098
:1058DC00BDFB00204FB05DF804FB6A460249FFF7A0
:1058EC0067FFF6E7141A0200E126000000B5CFB0FE
:1058FC00012906D0054909F0A9FB00204FB05DF83D
:10590C0004FB6A460249FFF753FFF6E7141A02003C
:10591C00ED24000000B5CFB0012906D0054909F0EF
:10592C0095FB00204FB05DF804FB6A460249FFF777
:10593C003FFFF6E7141A0200E521000000B5CFB0D6
:10594C00012906D0054909F081FB00204FB05DF814
:10595C0004FB6A460249FFF72BFFF6E7141A020014
:10596C002524000000B5CFB0012906D0054909F067
:10597C006DFB00204FB05DF804FB6A460249FFF74F
:10598C0017FFF6E7141A0200552E000000B5CFB031
:10599C00012906D0054909F059FB00204FB05DF8EC
:1059AC0004FB6A460249FFF703FFF6E7141A0200EC
:1059BC006130000010B50446022904D00B4909F0EF
:1059CC0045FB002010BD506809F020FB002814BFD7
:1059DC004FF0FF320022064B1A6014BF054A064AEC
:1059EC000649204609F064FBEBE700BF141A0200DD
:1059FC001C7217A0301A0200341A0200381A020066
:105A0C0030B5C3B00446012906D0414909F01EFB4C
:105A1C000025284643B030BD41A93E4816F0C7FDCD
:105A2C0000286ED14FF480224FF4E001419816F01B
:105A3C0006FE002834D1802301AA4FF4E0014198DE
:105A4C0016F0D9FD002832D101AB21A913F8012B96
:105A5C00FF2A33D18B42F9D106232F4A2F49419883
:105A6C0016F0DBFD88BB06232D4A2E49419816F013
:105A7C00D4FD88BB802301AA2849419816F0BBFDB0
:105A8C0088BB0C22284901A819F06BFB054688BB82
:105A9C002649204609F0DAFA419816F09FFDB8E73E
:105AAC002349204609F0D2FA4FF0FF35B1E72149DE
:105ABC00204609F0CBFA4FF0FF35AAE71E492046E5
:105ACC0009F0C4FA4FF0FF35A3E71C49204609F052
:105ADC00BDFA4FF0FF359CE71849204609F0B6FA9D
:105AEC004FF0FF3595E71349204609F0AFFA4FF018
:105AFC00FF358EE71249204609F0A8FA4FF0FF3522
:105B0C0087E71049204609F0A1FA002581E700BF7C
:105B1C00141A0200C014020080140200FCFF73006F
:105B2C00881402000200740090140200B4190200E0
:105B3C004C1A02006C1A0200881A0200A01A020009
:105B4C00C01A0200E01A02002DE9F04F89B0009053
:105B5C0014460139062900F2DD82DFE811F0D50286
:105B6C00DB02DB02CA020700DB02BF00506809F04F
:105B7C004DFA0546A06809F049FA8146E06809F03B
:105B8C0045FA8046206909F041FA0646E8B2FDF76D
:105B9C000DFD0746002862D05FFA88F0FDF706FD80
:105BAC000446002863D049EA052080B216F056FE60
:105BBC000546B0F1FF3F62D046EA082080B216F0ED
:105BCC004DFE0546B0F1FF3F5ED05FFA86F82368C4
:105BDC001B6B0022414620469847012505FA06F624
:105BEC0023681B6A31462046984723685B6B00226A
:105BFC0041462046984705FA09F53B685B6A2946F9
:105C0C00384698473B68DB692946384698473B68D5
:105C1C005B6B00225FFA89F138469847322013F00B
:105C2C00FBFB2368DB6A07AA3146204698473B6892
:105C3C009B6A294638469847322013F0EDFB2368BF
:105C4C00DB6A06AA314620469847079B43B3069B5E
:105C5C00FBB91B49009809F02BFA002550E22A46A3
:105C6C001849009809F024FA4FF0FF3548E24246F3
:105C7C001449009809F01CFA4FF0FF3540E2124924
:105C8C00009809F015FA3BE21049009809F010FA57
:105C9C0036E20F49009809F00BFA4FF0FF352FE26E
:105CAC00069B33B10B49009809F002FA4FF0FF350F
:105CBC0026E20949009809F0FBF94FF0FF351FE285
:105CCC00B4190200FC1A0200141B02003C1B020057
:105CDC00641B02008C1B0200781B0200506809F048
:105CEC0095F90546A06809F091F98246E06809F03B
:105CFC008DF98046206909F089F98346606909F0BD
:105D0C0085F98146A06909F081F90190E8B2FDF7A7
:105D1C004DFC0746002800F080815FFA88F0FDF703
:105D2C0045FC0446002800F080815FFA89F0FDF7FD
:105D3C003DFC0646002800F080814AEA052080B22E
:105D4C0016F08CFD0546B0F1FF3F00F07E814BEA6A
:105D5C00082080B216F082FD0546B0F1FF3F00F03E
:105D6C007981019B43EA092080B216F077FD054644
:105D7C00B0F1FF3F00F073814FF0010808FA0AF50B
:105D8C003B681B6A294638469847E9B203913B6841
:105D9C001B6B0222384698475FFA8AF13B685B6BB3
:105DAC00002202913846984708FA0BF923681B6ABF
:105DBC004946204698475FFA89F0049023681B6B8C
:105DCC0002220146204698475FFA8BFB23685B6BE7
:105DDC000022594620469847019B08FA03FA33687B
:105DEC001B6A5146304698475FFA8AF00590336833
:105DFC001B6B02220146304698479DF80400019027
:105E0C0033685B6B00220146304698473B68DB6980
:105E1C002946384698473B685B6B00220299384606
:105E2C00984723681B6B00225946204698472368E5
:105E3C001B6A49462046984723685B6B00225946EB
:105E4C00204698473B685B6A294638469847404647
:105E5C0013F0E2FA2368DB6A07AA49462046984702
:105E6C003B689B6A294638469847404613F0D4FA5B
:105E7C002368DB6A06AA494620469847079B002BF5
:105E8C0000F0F980069B002B40F0EE803B681B6A0B
:105E9C002946384698473B681B6B022203993846C3
:105EAC00984723681B6A49462046984723681B6B12
:105EBC00022204992046984733681B6A51463046A3
:105ECC00984733681B6B0222059930469847336814
:105EDC00DB6951463046984733685B6B0022019969
:105EEC003046984723681B6B00225946204698473A
:105EFC0023681B6A49462046984723685B6B00223F
:105F0C0059462046984733685B6A51463046984755
:105F1C00012013F081FA2368DB6A07AA4946204660
:105F2C00984733689B6A514630469847012013F0D6
:105F3C0073FA2368DB6A06AA494620469847079BF2
:105F4C00002B00F0AF80069B002B40F0A4803B6838
:105F5C001B6A2946384698473B681B6B02220399FB
:105F6C003846984723681B6A494620469847236859
:105F7C001B6B022204992046984733681B6A5146D2
:105F8C003046984733681B6B022205993046984778
:105F9C003B68DB692946384698473B685B6B0022B7
:105FAC0002993846984733681B6B0022019C2146A6
:105FBC003046984733681B6A5146304698473368D9
:105FCC005B6B00222146304698473B685B6A29464A
:105FDC0038469847012013F01FFA3368DB6A07AA8A
:105FEC005146304698473B689B6A29463846984745
:105FFC00012013F011FA3368DB6A06AA51463046C9
:10600C009847079B002B64D0069B002B5AD1444920
:10601C00009809F04DF8002572E02A464149009895
:10602C0009F046F84FF0FF356AE042463D490098CA
:10603C0009F03EF84FF0FF3562E04A4639490098C6
:10604C0009F036F84FF0FF355AE03749009809F05F
:10605C002FF855E03549009809F02AF850E03449FA
:10606C00009809F025F84BE03249009809F020F827
:10607C004FF0FF3544E0069B33B12F49009809F0EF
:10608C0017F84FF0FF353BE02C49009809F010F859
:10609C004FF0FF3534E02749009809F009F84FF02C
:1060AC00FF352DE0069B33B12349009809F000F829
:1060BC004FF0FF3524E02149009808F0F9FF4FF02C
:1060CC00FF351DE01B49009808F0F2FF4FF0FF353B
:1060DC0016E0069B33B11849009808F0E9FF4FF021
:1060EC00FF350DE01549009808F0E2FF4FF0FF3541
:1060FC0006E0506808F08AFFA06808F087FF0025CA
:10610C00284609B0BDE8F08F0D49009808F09EFFB5
:10611C000025F5E70A49009808F098FF0025EFE7FD
:10612C00B4190200FC1A0200141B02003C1B0200F2
:10613C00A01B0200641B02008C1B0200781B0200D7
:10614C00141A020010B50446002140F2192016F072
:10615C0021FB40F2192016F05BFB28B105492046C3
:10616C0008F074FF002010BD0349204608F06EFFB4
:10617C00F8E700BFB4190200C81B020010B50446B2
:10618C00022904D0084908F061FF002010BD5068B6
:10619C0008F03CFFC1B2012015F0B4FE03492046C3
:1061AC0008F054FFF1E700BF141A0200B419020002
:1061BC0008B5054908F04AFF4FF4FA7015F0F4FAE7
:1061CC0003F0D0FC002008BDB419020030B585B036
:1061DC000446012929D0022940F0908055684A498B
:1061EC00284619F0A4F900284FD04849284619F040
:1061FC009EF900287DD102A817F052F9BDF80C20A9
:10620C0040F201139A4205D1BDF80E2040F2E27320
:10621C009A4259D03E49204608F018FF9DF80A20B2
:10622C003C49204608F044FF6BE0684617F038F90B
:10623C0040F24C4015F0B8FA02A817F031F94FF4BF
:10624C00FA7015F0B1FABDF80420BDF80C309A4282
:10625C0005D1BDF80620BDF80E309A4204D02E4967
:10626C00204608F0F3FE4CE0BDF80020BDF80830E5
:10627C009A42F4D19DF802209DF80A309A42EED150
:10628C002649204608F0E2FE3BE001238DF80C3055
:10629C008DF80D3040F2E273ADF80E3008238DF816
:1062AC00083000238DF809308DF80A3002A817F059
:1062BC000BF920B11A49204608F0C8FE21E0164916
:1062CC00204608F0C3FE1CE0BDF80830082BA1D115
:1062DC009DF80A30033BDBB2022B9BD811492046B8
:1062EC0008F0B4FE9DF80A200A49204608F0E0FEAA
:1062FC0007E00D49204608F0A9FE02E00A4908F023
:10630C00A5FE002005B030BDF41B0200781402007D
:10631C00241C0200141C0200B4190200DC1B020035
:10632C00F81B0200081C0200141A0200F0B5D1B0D0
:10633C000546012908D0144602290AD0104908F054
:10634C0085FE002051B0F0BD02AA0E49FFF730FACD
:10635C00F7E701A90C4816F032FE0028F1D1019F95
:10636C00606808F053FE0146384616F084FE01982A
:10637C0016F03CFE0549284608F068FEE1E700BF30
:10638C00141A02006D320000E00D0200B419020074
:10639C0010B50446054B4FF0FF329A64FDF774FFBD
:1063AC000349204608F052FE002010BDB47117A01E
:1063BC00B4190200F0B589B00546484B0593012984
:1063CC002AD0022940F0848054684549204619F0AF
:1063DC00AEF8002835D100238DF81830BD238DF888
:1063EC00193033238DF81A3006238DF81B306823AF
:1063FC008DF81C3022238DF81D303A4B08AA12E977
:10640C00030058631987FDF73FFF00284AD036492F
:10641C00284608F01BFE5EE0324A92F839300393AE
:10642C0092F83830029392F83730019392F8363064
:10643C00009392F8353092F834202C4908F038FE4D
:10644C0049E000238DF81830237833B30022164628
:10645C0005AF07E02649284608F0F8FD3BE014F8A4
:10646C00013FC3B13A2BFAD02E2BF8D0062EF1D027
:10647C00013202F12001694401F80C3C022AEED1F0
:10648C00384608F0C3FD06F120036B4403F8080CF2
:10649C0001360022E3E7062EAFD01649284608F055
:1064AC00D5FD18E00F4A92F83930039392F8383042
:1064BC00029392F83730019392F83630009392F8A9
:1064CC00353092F834200949284608F0F1FD02E0F5
:1064DC00094908F0BBFD002009B0F0BD243F3F0086
:1064EC001C190200B47117A0A41C02003C1C020071
:1064FC00641C0200841C0200141A02002DE9F043F3
:10650C0087B0804601290BD0022961D1546800253F
:10651C008DF81450013C2A460DF108092F461CE059
:10652C002F4A92F83D30019392F83C30009392F848
:10653C003B3092F83A202B4908F0BAFD4BE0042D81
:10654C001ED0484608F062FD05F118036B4403F8B1
:10655C00040C01353A463378BBB101342646237816
:10656C002E2BECD0002BEAD0511C18326A4402F8C6
:10657C00103C01F118036B4403F8107C0A46EAE75F
:10658C001949404608F062FD25E0042D04D0174956
:10659C00404608F05BFD1EE0059A114BC3F83A200B
:1065AC00FDF772FE20B11249404608F04FFD12E093
:1065BC000B4A92F83D30019392F83C30009392F8DC
:1065CC003B3092F83A200749404608F071FD02E052
:1065DC00084908F03BFD002007B0BDE8F08300BF80
:1065EC00B47117A0D01C0200E41C0200001D0200B4
:1065FC00201D0200141A02002DE9F04387B08046DA
:10660C0001290BD0022961D1546800258DF8145052
:10661C00013C2A460DF108092F461CE02F4A92F83E
:10662C004530019392F84430009392F8433092F83D
:10663C0042202B4908F03CFD4BE0042D1ED048466F
:10664C0008F0E4FC05F118036B4403F8040C013565
:10665C003A463378BBB10134264623782E2BECD046
:10666C00002BEAD0511C18326A4402F8103C01F19C
:10667C0018036B4403F8107C0A46EAE719494046B4
:10668C0008F0E4FC25E0042D04D01749404608F03E
:10669C00DDFC1EE0059A114BC3F84220FDF7F4FD1A
:1066AC0020B11249404608F0D1FC12E00B4A92F896
:1066BC004530019392F84430009392F8433092F8AD
:1066CC0042200749404608F0F3FC02E0084908F074
:1066DC00BDFC002007B0BDE8F08300BFB47117A06B
:1066EC00D01C02004C1D0200701D0200981D0200FF
:1066FC00141A02002DE9F04387B0804601290BD013
:10670C00022961D1546800258DF81450013C2A46A9
:10671C000DF108092F461CE02F4A92F841300193E5
:10672C0092F84030009392F83F3092F83E202B497B
:10673C0008F0BEFC4BE0042D1ED0484608F066FC69
:10674C0005F118036B4403F8040C01353A46337811
:10675C00BBB10134264623782E2BECD0002BEAD08B
:10676C00511C18326A4402F8103C01F118036B44B6
:10677C0003F8107C0A46EAE71949404608F066FC23
:10678C0025E0042D04D01749404608F05FFC1EE0BC
:10679C00059A114BC3F83E20FDF776FD20B1124946
:1067AC00404608F053FC12E00B4A92F8413001933A
:1067BC0092F84030009392F83F3092F83E2007490F
:1067CC00404608F075FC02E0084908F03FFC002048
:1067DC0007B0BDE8F08300BFB47117A0D01C020055
:1067EC00CC1D0200F01D0200141E0200141A02003F
:1067FC0070B582B0044600230093022905D01C49D1
:10680C0008F024FC002002B070BD154669461948FA
:10681C0015F0B6FA01A9184816F06AFE686808F077
:10682C00F5FB0546B0B1009803685B6B012211467D
:10683C009847002015F0EAFB019E03F009FAB0FB23
:10684C00F5F1304616F088FE2A460C49204608F031
:10685C002FFCD7E70021019816F07EFE002015F0E2
:10686C00A7FB009803685B6B002201219847EBE7BC
:10687C00141A0200D4160200180E0200441E020064
:10688C002DE9F04792B0054600238DF842300429DB
:10689C000AD0504908F0DAFB4F49284608F0D6FBDD
:1068AC00002012B0BDE8F0871446506808F0AEFB2B
:1068BC000746A06808F0AAFB0646E06808F0A6FBAD
:1068CC0004466FB1012F37D0022F40D111A9434894
:1068DC0016F0DEF848B14249284608F0B7FB04E050
:1068EC0011A9404816F0D4F808BB642C02D0B4F5BA
:1068FC00C87F35D124238DF80430ADF806400DF156
:10690C004203029301228DF80C204FF0FF330493C5
:10691C000DF1430105918DF818200793002E54D0EA
:10692C000024314FDFF8C490DFF8C48029E03149EE
:10693C00284608F08BFBD8E711A92F4816F0A8F8C9
:10694C000028D2D02D49284608F080FBCDE72C49F1
:10695C00284608F07BFB2049284608F077FB9FE788
:10696C002849284608F072FB1B49284608F06EFBA4
:10697C0096E74946284608F069FB0BE00134A6422D
:10698C0023D0A7FB04239B094FF47A7202FB134319
:10699C00002BEED09DF8423001338DF8423001A926
:1069AC00119816F08AF89DF843209DF842309A42CF
:1069BC00E4D00DF1240A22464146504618F046FC1C
:1069CC005146284608F042FBD8E7119816F06DF8AE
:1069DC0066E700BF641F0200E81E02009C1E020056
:1069EC00A41E0200541E0200D34D62101C110200A2
:1069FC00481F02005C1E0200781E0200801E02006E
:106A0C00C01E02001C1F020030B587B06A46102160
:106A1C00012014F0C1FF08B107B030BD6A4601A9CE
:106A2C00174816F083FE38BB02AD0A2422462946CD
:106A3C00009815F068F80028F8D0059B002BF5D1CC
:106A4C0002AD0A2422462946009815F05CF800286D
:106A5C00F8D0059B012BF5D102AD0A24224629461C
:106A6C00009815F050F80028F8D0059B002BF5D1B4
:106A7C000099019816F0C7FE009814F0AFFFCBE711
:106A8C00D40D020038B50446012904D0134908F08E
:106A9C00DDFA002038BD124D4FF4F8432B80042052
:106AAC0000F0EEFBFFF7B0FF4FF478732B8004205F
:106ABC0000F0E6FBFFF7A8FF1F232B80042000F05B
:106ACC00DFFBFFF7A1FF47F6FF732B80042000F0DC
:106ADC00D7FB0449204608F0B9FADAE7141A020089
:106AEC00247217A0B419020000B583B0094B002220
:106AFC001A6001A9084816F050FC10B103B05DF8FB
:106B0C0004FB06490860064B4FF48052019808F0CC
:106B1C0025FCF3E71C7217A0841F0200207217A03B
:106B2C00A4340200F0B589B08DF81C003A238DF81E
:106B3C001D302F238DF81E3000238DF81F30B1F13E
:106B4C00FF3F0AD004A907A815F006FD002800F0A5
:106B5C0096800924204609B0F0BD0D4601464C48EC
:106B6C0018F038FB04A907A815F0F6FC0446002819
:106B7C007ED1049F0598A0FB0701000D40EA01306F
:106B8C00090D17F017F906463946424818F022FB52
:106B9C00069A0599404818F01DFB4FF08941304684
:106BAC0017F0BDFB00284DD04FF06A51304617F05E
:106BBC001FFA06464FF0894117F0B1FB002838D078
:106BCC004FF06A51304617F013FA06464FF08941E0
:106BDC0017F0A5FB20B34FF06A51304617F008FAB6
:106BEC0017F018F902460B462C4818F0F3FA6946D0
:106BFC0007A815F097FC002835D1B5F1FF3F18BF59
:106C0C000446A7D1264818F005FB019A009925489F
:106C1C0018F0E0FA039A0299234818F0DBFA99E786
:106C2C00304617F0F7F802460B46204818F0D2FA17
:106C3C0010E0304617F0EEF802460B461C4818F0F0
:106C4C00C9FA07E0304617F0E5F802460B4619483A
:106C5C0018F0C0FA694607A815F064FC0028D1D0DA
:106C6C00B5F1FF3F09D1144818F0D4FA092471E7A3
:106C7C00124818F0CFFA09246CE709246AE7694630
:106C8C0007A815F04FFC041E18BF092462E700BFCB
:106C9C008C1F0200A41F0200CC1F0200F01F020078
:106CAC0050200200642002009820020008200200FC
:106CBC002020020038200200CC200200EC20020030
:106CCC0010B58AB009AA002116F09DF9104C4FF4AA
:106CDC00F84307930F4B1B88069347F6E073059315
:106CEC000023049340F2DF12039240F21F3202920F
:106CFC0001930093099B4FF4F0724FF448712046B6
:106D0C000BF050FD044920460CF083F80AB010BD7E
:106D1C00387217A0247217A00034040010B58AB082
:106D2C0009AA002116F06FF9124C4FF4F84307939F
:106D3C000023069347F6E07205920222049240F279
:106D4C00DF12039240F21F32029201930093099BCF
:106D5C004FF4F0724FF4487120460BF023FD0649B6
:106D6C0020460CF056F81F22044920460CF066F819
:106D7C000AB010BD387217A000340400682202005B
:106D8C0010B58AB009A91E4816F019F908B10AB055
:106D9C0010BD099816F055F94FF48071099816F04A
:106DAC006AF90CF04BFD08AA0021099816F02BF992
:106DBC00144C4FF4F84307930023069347F6E07204
:106DCC0005920222049240F2DF12039240F21F322B
:106DDC00029201930093089B4FF4F0724FF44871A8
:106DEC0020460BF0DFFC084920460CF012F81F225D
:106DFC00064920460CF022F80CF034FDC7E700BF22
:106E0C00E00D0200387217A0003404007C2202004E
:106E1C002DE9F04FA7B008908B460024854B1C60E1
:106E2C00084616F03BFC14F0BDFE8146824B0693DF
:106E3C00824B079305940DF1380869E014F0B2FE0B
:106E4C0081464FF0FF3406E02CB914F0ABFEA0EBFA
:106E5C00090AB24521D8284614F0A6FC41465846EA
:106E6C0016F0B4FB0028EFD10E9B13F0010FE5D008
:106E7C00002CEAD00F9B039A1A440392109B049A9D
:106E8C001A440492013714F08DFE8146284614F002
:106E9C008BFC032FE2D94FF0000A039BB3FBF7F3F3
:106EAC000F93049BB3FBF7F7109712AC059D04EB03
:106EBC00051498E80F0084E80F00022D0DDC0D9AE4
:106ECC004146584616F004FC079B1C1D98E80F0021
:106EDC0084E80F006B1C594A1360F9F76FFF00230D
:106EEC0001930C9B00930B9B0A9A099908980CF040
:106EFC00EFFC42F20F739A4549D9059B0133059378
:106F0C00069A10320692079A10320792052B56D029
:106F1C00069B0D939C88A4F1080109911D89A5F18C
:106F2C0008020A9204F108000B9005F108031E46B2
:106F3C000C934FF4F843019300960346089E304699
:106F4C000CF0C6FC00270197AB1D0093A31DAA1FD4
:106F5C00A11F30460CF0BCFC47F6FF7301932B1DB0
:106F6C000093231D2A1F211F30460CF0B1FC019702
:106F7C00AB1C0093A31CAA1EA11E30460CF0A8FC4F
:106F8C00049703973C46322542F2107666E74FF0A1
:106F9C00000A322542F2107406E0284614F004FC74
:106FAC000AF1320AA245A8D04146584616F00EFB0B
:106FBC000028F2D10E9B13F0010FEED19DE758463D
:106FCC0016F079FB42F20F739A4500D838B1194B81
:106FDC0000221A60FDF758F927B0BDE8F08F154B69
:106FEC004FF0FF321A6012AB154926AE41F28A55AA
:106FFC0058684A68A2F59054A04212DB02F59052F0
:10700C0090420EDC9C688A68A2F5AC500A38844227
:10701C000BDB2A44944208DC103310319E42E7D13A
:10702C00D8E7044B00221A60D4E7024B00221A6006
:10703C00D0E700BF307217A034360200B47117A02D
:10704C00E43502002DE9F041FFF768FE29274FF4E3
:10705C008065234E1424294630460BF0DEFB3A465D
:10706C00214630460BF030FA0134B4F58A7FF2D168
:10707C0005F58065ADB20137482FEBD149272025A6
:10708C00174E1424294630460BF0C7FB3A462146CE
:10709C0030460BF019FA0134B4F58A7FF2D1203561
:1070AC00ADB20137682FECD169264FF001080C4DB9
:1070BC0014241FFA88F7394628460BF0AEFB3246EB
:1070CC00214628460BF000FA0134B4F58A7FF2D140
:1070DC0008F101080136B8F1200FE9D1BDE8F081C3
:1070EC00387217A010B58AB009AA002115F08BFFD1
:1070FC00104C4FF4F84307930023069347F6FF72A6
:10710C0005920222049240F2DF12039240F21F32E7
:10711C00029201930093099B4FF4F0724FF4487163
:10712C0020460BF03FFB044920460BF072FE0AB0E0
:10713C0010BD00BF387217A0003404002DE9F041D7
:10714C0086B0074688461446164B4FF0FF321A603D
:10715C0001AE00252A463146204614F0D4FC002806
:10716C00F8D005AA0021384615F04DFF0E4B002231
:10717C001A803846FFF7A4FD41460598FFF748FEF4
:10718C003846FFF7CBFD01AE00252A463146204696
:10719C0014F0B9FC0028F8D0024B00221A6006B09B
:1071AC00BDE8F0812C7217A0247217A070B586B0C0
:1071BC002F4A0421012014F0EFFB08B106B070BD7A
:1071CC0002AA1021012014F0E7FB38B1294B002250
:1071DC001A60274B186814F001FCEFE702AA05A906
:1071EC00254816F0A3FA18B1029814F0F7FBEDE756
:1071FC0004A9224815F0E3FE20B10299059816F077
:10720C0002FBF1E703AA0021049815F0FCFEFFF73E
:10721C00B7FD184B4FF0FF321A6001AE144D1446F7
:10722C0004E0029A05990498FFF788FF224631463C
:10723C00286814F068FC019B002BDED0023B032B6A
:10724C00F4D801A252F823F0657200002F720000EE
:10725C006D720000757200000498FFF7F3FEE5E70D
:10726C000498FFF72DFDE1E70498FFF73BFFDDE7FE
:10727C00287217A0347217A0D40D0200E00D020082
:10728C0030B583B00190104B4FF0FF321A600F4BAA
:10729C001B683BB90A250D4C284614F085FA236867
:1072AC00002BF9D0094B186808B903B030BD4FF06A
:1072BC00FF3201A9064B186814F0CBFBB0FA80F032
:1072CC0040094042F1E700BFF87017A0347217A0D4
:1072DC00287217A008B56022014918F0ABF808BD58
:1072EC00387217A083694FF0FF329A607047836938
:1072FC000122C3F80422C3F810224FF0FF32C3F866
:10730C001422704783690222C3F804220122C3F8B5
:10731C0010224FF0FF32C3F8142270478369032206
:10732C00C3F804220122C3F810224FF0FF32C3F835
:10733C001422704783690422C3F804220022C3F884
:10734C0010224FF0FF32C3F81422704783690522D4
:10735C00C3F804220022C3F810224FF0FF32C3F806
:10736C001422704783690622C3F804220022C3F852
:10737C0010224FF0FF32C3F81422704710B582B0C0
:10738C008469D4F8103283B3684616F089F898B93A
:10739C009DF80420BDF80610D4F80432022B0DD051
:1073AC00032B1CD0012B04D1013A08BF0C228DF801
:1073BC000420684616F088F802B010BD9DF8053020
:1073CC00013B11F0030F1DBF1D49521812F8012C7F
:1073DC001D22002B18BF1A468DF80520E9E700295D
:1073EC00E7D00139ADF80610E3E7684616F058F817
:1073FC000028E1D1D4F80432052B0FD0062B16D07F
:10740C00042B07D19DF80030013B172B28BF172305
:10741C008DF80030684616F057F8CDE79DF801302E
:10742C00013B3B2B28BF3B238DF80130F2E79DF845
:10743C000230013B3B2B28BF3B238DF80230E9E7A0
:10744C008436020030B583B08569D5F810428CB310
:10745C00684616F025F8A0B99DF80420BDF8061072
:10746C00D5F80432022B0ED0032B1FD0012B05D1E3
:10747C0001320C2A98BF13468DF80430684616F07A
:10748C0023F803B030BD214B134413F8010C11F059
:10749C00030F02D1022A08BF1D209DF805300133CD
:1074AC00834288BF01238DF80530E7E70131ADF841
:1074BC000610E3E7684615F0F3FF0028E1D1D5F894
:1074CC000432052B0FD0062B16D0042B07D19DF8B8
:1074DC0000305A1C172B18BF14468DF80040684614
:1074EC0015F0F2FFCDE79DF801305A1C3B2B18BF6D
:1074FC0014468DF80140F2E79DF802305A1C3B2BE4
:10750C0018BF14468DF80240E9E700BF843602002C
:10751C002DE9F04385B006460D461746984600F116
:10752C000C04002120460BF07AF9002120460BF0C8
:10753C0074F9002120460BF075F96A88298801320C
:10754C00013120460BF0F2FA414620460BF065F96A
:10755C00397820292ED102AA03A920460BF0FFFA74
:10756C00B5F80090B6F80A329944039B4B4525DBDD
:10757C006A882B880133B6F80A1201321944204666
:10758C000BF0D4FA414620460BF047F979782029C4
:10759C0024D102AA03A920460BF0E1FA2D88B6F8F3
:1075AC000A3205EB4305023D039BAB421ADB05B0E7
:1075BC00BDE8F08320460BF02AFBCCE700212046E7
:1075CC000BF02BF9029AB6F80C321344013B0093E2
:1075DC004B46039920460BF08CF8C9E720460BF07C
:1075EC0016FBD6E7002120460BF017F9029AB6F8E5
:1075FC000C321344013B00932B46039920460BF0AD
:10760C0078F8D4E770B584B0044601A815F048FFAB
:10761C00002840F0CE8004F10C05684928460BF098
:10762C00F8FB002128460BF060FC47F6E071284679
:10763C000BF0F3F89DF80820614903A817F006FE3B
:10764C00D4F80432012B03AE47F6E07308BF4FF4B5
:10765C007873324604F5D6712046FFF759FF47F68A
:10766C00E07128460BF0D9F8B4F8E631B4F8E4210F
:10767C0001330132534928460BF090FB9DF8092049
:10768C004F49304617F0E2FDD4F80432022B47F68E
:10769C00E07308BF4FF47873324604F5DA71204674
:1076AC00FFF736FF47F6E07128460BF0B6F8B4F852
:1076BC00EE31B4F8EC2101330132424928460BF08B
:1076CC006DFBBDF80A20404BA3FB02135B09642140
:1076DC0001FB132292B23D49304617F0B7FDD4F8A6
:1076EC000432032B47F6E07308BF4FF4787332462D
:1076FC0004F5DE712046FFF70BFF9DF8042030499E
:10770C00304617F0A3FDD4F80432042B47F6E0738F
:10771C0008BF4FF47873324604F5E2712046FFF748
:10772C00F7FE47F6E07128460BF077F8B4F8F6311F
:10773C00B4F8F42101330132254928460BF02EFB15
:10774C009DF805202149304617F080FDD4F804320D
:10775C00052B47F6E07308BF4FF47873324604F5F7
:10776C00E6712046FFF7D4FE47F6E07128460BF091
:10777C0054F8B4F8FE31B4F8FC2101330132144949
:10778C0028460BF00BFB9DF806201049304617F0ED
:10779C005DFDD4F80432062B47F6E07308BF4FF4B6
:1077AC007873324604F5EA712046FFF7B1FE04B057
:1077BC0070BD0023019302932DE700BFC89D030009
:1077CC00982202009C2202001F85EB51A02202008D
:1077DC00A82202002DE9F04F99B0054600F16C0388
:1077EC0009930CF02BF82F4617AA002157F80C0B15
:1077FC0015F009FC4FF4F84307930024069447F660
:10780C00E078CDF814800226049640F2DF1303933F
:10781C0040F21F33029301940094179B4FF4F072C3
:10782C004FF4487138460AF0BDFFE14938460BF079
:10783C00F0FA38460BF0EFFAA5F808021F22DD49E2
:10784C0038460BF0FBFA414638460AF0E6FF214673
:10785C0038460AF0E4FFADF85440ADF85640AB6A38
:10786C00ADF85830EB6AADF85A300DF154080821D8
:10787C0040460CF0A5F9B5F8082246320FAC334659
:10788C0092B2214640460CF0C7F90BAB94E80300CA
:10789C0083E80300D5F81432002B40F0C081099C1A
:1078AC0001210FA80CF08CF9BDF83C3023807F33FC
:1078BC00A380BDF83E3063803F33E380BE4BA360B2
:1078CC00BE4BE360BE4B2361A5610026E661A68238
:1078DC00314638460BF009FB314638460AF0A2FF18
:1078EC00012138460BF001FBB64938460BF091FAF2
:1078FC00312138460BF093FA0230A5F80A022F21F9
:10790C0038460BF08CFA0130A5F80E0238460BF015
:10791C0082FA80B2A5F80C02B5F80A8208EB480886
:10792C00B5F80E32984408F104084FEA48084200B2
:10793C0005F5EE790C3292B2494615A80CF0D8F93F
:10794C000DF14C0A99E803008AE8030008F10402DF
:10795C0092B2494650460CF0EBF999E803008AE8DC
:10796C000300B5F80C2204320DF13409022392B253
:10797C00494650460CF02EF9B5F80A22520092B244
:10798C0005F5D67B0423594648460CF067F9334677
:10799C00B5F80E2205F5F27148460CF05FF90DF1C1
:1079AC0044089BE8030088E80300BDF844302384B6
:1079BC00BDF846306384BDF84830A384BDF84A3026
:1079CC00E384DFF804B2C4F828B0804BE36226638A
:1079DC00A563E663A686B5F80A22520092B205F5B5
:1079EC00DA7B0423594648460CF038F93346B5F88F
:1079FC000E2205F5F67148460CF030F99BE80300B1
:107A0C0088E80300BDF84430A4F84030BDF8463097
:107A1C00A4F84230BDF84830A4F84430BDF84A30E0
:107A2C00A4F84630DFF8A0B1C4F848B0684BE36462
:107A3C002665A565E665A4F85460B5F80A225200DF
:107A4C0092B205F5DE7B3346594648460CF006F9F2
:107A5C009BE8030088E80300BDF84430A4F86030CC
:107A6C00BDF84630A4F86230BDF84830A4F8643054
:107A7C00BDF84A30A4F86630DFF84CB1C4F868B0F1
:107A8C00544BE3662667A567E667A4F87460B5F8FF
:107A9C000C220432334692B2494650460CF09AF806
:107AAC00B5F80A22520092B205F5E27A0423514647
:107ABC0048460CF0D3F83346B5F80E2205F5FA71AA
:107ACC0048460CF0CBF89AE8030088E80300BDF8B0
:107ADC004430A4F88030BDF84630A4F88230BDF8AC
:107AEC004830A4F88430BDF84A30A4F88630C4F885
:107AFC0088B0394BC4F88C30C4F89060C4F89850F6
:107B0C00C4F89C60A4F89460B5F80A22520092B2B2
:107B1C0005F5E67A0423514648460CF09FF83346A7
:107B2C00B5F80E2205F5FE7148460CF097F89AE868
:107B3C00030088E80300BDF84430A4F8A030BDF879
:107B4C004630A4F8A230BDF84830A4F8A430BDF8F3
:107B5C004A30A4F8A630C4F8A8B0204BC4F8AC3016
:107B6C00C4F8B060C4F8B850C4F8BC60A4F8B460F1
:107B7C00B5F80A22520092B205F5EA7A334651461C
:107B8C0048460CF06BF89AE8030088E80300BDF84F
:107B9C004430A4F8C030BDF84630A4F8C230BDF86B
:107BAC004830A4F8C430BDF84A30A4F8C63017E009
:107BBC0000340400AC220200C00D0200F17200007F
:107BCC009C4F0300C89D0300182D0200FB7200009F
:107BDC0011730000297300004173000059730000F9
:107BEC00C4F8C8B0394BC4F8CC30C4F8D060C4F871
:107BFC00D850C4F8DC60A4F8D460C4F8E860344908
:107C0C0038460BF006F9099938460BF050FB28461C
:107C1C00FFF7F8FC0BF026FE19B0BDE8F08F0DAEA7
:107C2C004FF4817231460BA80CF082F80DF1440A26
:107C3C0002238022514630460CF010F8BDF8443037
:107C4C00A5F86C30BDF84630A5F86E30BDF848305C
:107C5C00A5F87030BDF84A30A5F87230DFF8749092
:107C6C00C5F874901C4BAB671C4BEB67C5F8845084
:107C7C000024C5F888404FF00108A5F88080234601
:107C8C008022514630460BF0E9FFBDF84430A5F890
:107C9C008C30BDF84630A5F88E30BDF84830A5F8CC
:107CAC009030BDF84A30A5F89230C5F894900C4B42
:107CBC00C5F898300B4BC5F89C30C5F8A450C5F8E6
:107CCC00A840A5F8A08005F1AC04E9E571730000AB
:107CDC0000340400182D020051740000300403001D
:107CEC008973000004F902002DE9F04182B013F011
:107CFC0059FF04464FF4067015F042FB384B1860E0
:107D0C0080B14FF40672002117F0BDFB354A1021EB
:107D1C00012013F041FE40B1314C206815F038FBC6
:107D2C000023236002B0BDE8F0812E4A01A92E4841
:107D3C0015F0FCFC20B12B4B186813F04FFEEBE751
:107D4C00274B1968294815F03AF928B1254B1968C1
:107D5C00019815F058FDEEE7214D2868FFF73AFD24
:107D6C0028688668002E36D1DFF878804FF4FA77D1
:107D7C0018E0204613F024FF40F6B733984206D99A
:107D8C00174B1B680022C3F81422C3F8042228687E
:107D9C00D0F81432B34218D12868FFF733FC2868A6
:107DAC008368C3B93B46D8F8002000F16C010C3055
:107DBC000BF074FC2B68D3F81432002BE7D000289E
:107DCC00D7D013F0EFFE0446E1E7FFF703FD2B6875
:107DDC00D3F81462E0E7006815F008F9B6E700BFC5
:107DEC009C7217A0987217A0D40D0200E00D02002F
:107DFC0010B582B00446154B186804F1E802012155
:107E0C00413014F0C1FA08B102B010BD01A9D4F888
:107E1C00E80014F053FB0D4B1A68D2F84831D2F835
:107E2C004C2102FB03F35B00019AB2FBF3F2C4F8A2
:107E3C00C8200023C4F8C43005494FF400430B603C
:107E4C00D4F8E80014F0A2FBDEE700BF0C7317A017
:107E5C00107317A0012900D970472DE9F0418AB0A1
:107E6C0005460C4609AA006815F0CDF8644204F0EA
:107E7C00600404342C444FF4F84307930026069610
:107E8C0005960223049340F2DF13039340F21F3351
:107E9C00029301960096099B4FF4F0724FF44871CF
:107EAC0020460AF07FFC2F4920460AF0B2FF3146EB
:107EBC0020460AF0B4FC47F6E07120460AF0ADFC0F
:107ECC0020460AF0A8FF284B196891F8503123B9C5
:107EDC0091F8D031B34208BF3046D1F8482100EBBD
:107EEC00400302EB4303B3F5F07F11D35208C2F108
:107EFC00F002D1F84C315B08C3F5C8734FF44871EC
:107F0C0001FB02335B00C5F8E4300AB0BDE8F08138
:107F1C00470000EB40029E1A7608C6F1F006D1F835
:107F2C004C315B08C3F5C8734FF4487808FB063333
:107F3C005B00C5F8E430D1F8483103443344424681
:107F4C0001F5A87120460AF035FF074B1968D1F8E6
:107F5C0048313B443344424601F5E87120460AF06F
:107F6C0029FFD2E7003404000C7317A02DE9F0416F
:107F7C0082B00746404B1B68D3F84C21B2F5487FC2
:107F8C0004D1D3F84811B1F5F07F5AD0D3F8483169
:107F9C0003FB02F201AB520038490968D7F8E8003C
:107FAC0014F058FA002849D1334B1B68D3F8481108
:107FBC00D3F84C2101FB02F2019CB4EB420F3DD1F2
:107FCC00D7F8D800D7F8E4202D4C04FB00222D481C
:107FDC0004681444294A1568B1B10026DFF898806A
:107FEC00D3F84C2152002946204617F023FAD8F832
:107FFC000030D3F84C2105EB420504F5C86401367A
:10800C00D3F84821B242EBD8D7F8D8201D4B1B68C7
:10801C001B4800FB023001F02BFE4FF47A713868DC
:10802C0015F034F9D7F8D83083F00103C7F8D830FD
:10803C00D7F8C4300133C7F8C430002002B0BDE813
:10804C00F0810F4AD0F8D8000E4B196801AB02FB37
:10805C000011D7F8E80014F0FDF90028EED1064B1A
:10806C001A68D2F84C31D2F8482102FB03F3019A7A
:10807C00B2EB430FE2D1C7E70C7317A0B07217A095
:10808C0000B80B00040000102DE9F04383B0054646
:10809C0006F07AF915F02CFE334915F0A9FF0446C9
:1080AC00324B986915F024FE0146204616F009F86B
:1080BC000446D5F8CC60D5F8C400013015F018FE94
:1080CC00314615F095FF80460146204616F0F7F82C
:1080DC0050BB4146204615F0F4FE0146304616F0E2
:1080EC00EEF80027C8B1D5F8C8900027D5F8C430F1
:1080FC004B4511D001370133C5F8C4303146204609
:10810C0015F0DFFE0446414615F0DBFE0146304615
:10811C0016F0D5F80028E9D17FB9154A13683B440D
:10812C00136003B0BDE8F0832146404615F0C9FE4C
:10813C0015F048FE13F038FBF3E701A9D5F8E80079
:10814C0014F0CDF90B4B1A68D2F84C31D2F8482107
:10815C0002FB03F307FB03F3019901EB4301D5F891
:10816C00E80014F0CDF9D8E70000C842B47217A0AB
:10817C00AC7217A00C7317A02DE9F04383B0054621
:10818C00D0F8D40013F01CFD0446D5F8CC60D5F81B
:10819C00C400013015F0ACFD314615F029FF15F087
:1081AC0011FE804684422ED3201A15F0A1FD014603
:1081BC00304616F084F80027F0B1D5F8C8900027A7
:1081CC00D5F8C4304B4516D001370133C5F8C4304F
:1081DC00204615F08DFD314615F073FE15F0F2FDBD
:1081EC000446A0EB080015F083FD0146304616F05E
:1081FC0066F80028E4D157B9104A13683B44136061
:10820C0003B0BDE8F083001B13F0CEFAF8E701A928
:10821C00D5F8E80014F063F9094B1A68D2F84C3120
:10822C00D2F8482102FB03F307FB03F3019901EB9E
:10823C004301D5F8E80014F063F9DDE7AC7217A040
:10824C000C7317A010B5204B186890B91F4B1B6806
:10825C0013B1586813F0B6FA1D4B186860B91D4B72
:10826C00186890B91C4B1868C0B91C4B186808BB2F
:10827C0010BD13F0A7FAE9E7194913F055FA0321D9
:10828C00134B186813F070FAE9E7164913F04CFA1F
:10829C000121104B186813F067FAE3E7124913F049
:1082AC0043FA0D4C0221206813F05EFA206813F09B
:1082BC0089FADAE70D4913F037FA0321074B1868EE
:1082CC0013F052FAD4E700BF187319A0207217A04C
:1082DC00107419A0E0D019A0D0B819A08C7419A0F2
:1082EC00A07217A0A17217A0A27217A0A37217A058
:1082FC0008B5184B186890B9174B1B6813B1586820
:10830C0013F07DFA154B186860B9154B186870B9E5
:10831C00144B186880B9144B1868B0B908BD13F029
:10832C006EFAE9E7114B197813F01EFAEDE70F4BD3
:10833C00597813F019FAEBE70C4B997813F014FAFF
:10834C00084B186813F05BFAE5E7084BD97813F083
:10835C000BFAE3E7187319A0207217A0107419A078
:10836C00E0D019A0D0B819A08C7419A0A07217A0D5
:10837C002DE9F041C4B08369754A13600022439221
:10838C0001223E92D3F8440115F0B2FC014671482B
:10839C0015F097FE3B9008A8FFF72AFD10B144B0EA
:1083AC00BDE8F0814FF47F3014F0EAFF6A4B18609F
:1083BC000028F4D0F8F73CFD8046B0F1FF3F58D0D0
:1083CC004FF0000806AC22461021012013F0E4FA0D
:1083DC00224607A9614815F0A9F908A9604814F0CC
:1083EC00EEFD01AC6A462146089814F052FEFFF7E8
:1083FC0029FF019B632B3FD95A4D5B4C2246002130
:10840C00286817F040F828682246002100F53B2028
:10841C0000F5006017F037F808AC00212046FFF794
:10842C0019FD01212046FFF715FD504B00221A6063
:10843C0013F0B8FB3D904E4D454B18682946C130A2
:10844C0005F0B4FF0446AA694A4BA3FB0213D808F3
:10845C00A861092A06D915F04BFC0146464815F0CF
:10846C0030FE3C9074B1002708AC404D4FF0FF3605
:10847C0036E0F8F7E3FCA5E71F212160089814F01B
:10848C00FAFDB9E7FF21012013F03CFD4FF0FF3757
:10849C00EAE72046FFF770FE0CE0399B0133399375
:1084AC002A6801322A603A9A934208BF43962046C2
:1084BC00FFF762FE002202A9069813F024FB38B9DC
:1084CC00059B012B08BF4396049B012B08BF4396C9
:1084DC0001AB0199DF2910D9399A3A9B9A4212D0F3
:1084EC00439BA3B92046FFF741FD0028D5D1002FAF
:1084FC00CFD02046FFF7C8FDDCE720311960089883
:10850C0014F0B9FDE8E74FF0FF334393AEE7FF21DA
:10851C00012013F0F7FC06F01DF8429813F06EFFE3
:10852C000D4B186814F034FF089814F05FFDFFF73A
:10853C00DFFE0699079815F066F9069813F04EFAC7
:10854C00B8F1FF3F7FF42BAFF8F782FC27E700BFB1
:10855C000C7317A000007A44B07217A0D40D02005F
:10856C00E00D02000400001000B80B00AC7217A064
:10857C00B47217A0CDCCCCCC0000C842044B1B6805
:10858C0003F580534FF0FF32C3F8D428704700BF77
:10859C00147319A070B58AB004460BF04FF909AAF0
:1085AC000021204614F02FFD184C4FF4F84307938C
:1085BC000023069347F6E07605960222049240F2D9
:1085CC00DF12039240F21F32029201930093099B37
:1085DC004FF4F0724FF4487120680AF0E3F80C4D38
:1085EC00294620680AF015FC1F220A4920680AF067
:1085FC0025FC314620680AF010F9294620680AF05B
:10860C0008FC0BF02FF90AB070BD00BF147319A051
:10861C0000340400D02202002DE9F04F89B07E4EC8
:10862C00306800F5BC540023ADF81830ADF81A30A2
:10863C00C369ADF81C30036AADF81E3077490AF0F7
:10864C00E8FB30680AF0E7FB87B206AD0521284647
:10865C000BF0B6FA07F14602022392B2694628469D
:10866C000BF0DAFA04AB95E8030083E803003268F8
:10867C0002F580521D4603CDC2F8CA08C2F8CE18C6
:10868C00022118460BF09CFA0437BFB2442F38BFB6
:10869C004427634B93F800A0BAF1090F6CD84FF440
:1086AC00147606FB0AF66036CAF10A090025DFF8D3
:1086BC006881DFF870B1D8F8003003F5805393F877
:1086CC00C02805EB0A039A4231DDBDF816300133A0
:1086DC00BDF812209B1A9F4229DA01233A4602A9BF
:1086EC0004A80BF077FABDF808302380BDF80A30E7
:1086FC006380BDF80C30413BA380BDF80E20E280B6
:10870C00D8F800309919A160C4F80CB04648206123
:10871C00A1614649E16103F580530232A3F8D028E8
:10872C000135203406F514764D45C4D14D46012152
:10873C0068460BF045FABDF8003023807F33A380E8
:10874C00BDF8023063803F33E380394BA360394B73
:10875C00E360394B23610023A361E3612E4B1B685B
:10876C0003F5805393F8C038AB4207DC2034002368
:10877C00A36009B0BDE8F08F0025D8E70121684659
:10878C000BF01EFA244B1B6803F58053B3F8CE286C
:10879C00413A2284B3F8CE28013AA284B3F8CC280B
:1087AC0001326284B3F8CC284132E284234AA262BB
:1087BC00234AE262234A22630022A263E26393F813
:1087CC00C038AB42D8BF4034D1DD012168460BF034
:1087DC00F7F9114B1B6803F58053B3F8CE28413AD7
:1087EC00A4F84020B3F8CE28013AA4F84420B3F8FA
:1087FC00D028413AA4F84220B3F8D038013BA4F871
:10880C0046300E4BA364104BE364104B23650023DE
:10881C00A365E3656034AAE7147319A0003404005F
:10882C00107319A0058A0000D8F102005D880000C1
:10883C00C00D0200898500009C4F0300182D02001A
:10884C00E5890000E0620200B1890000B45B02001F
:10885C0070B588B004460388ADF818304388ADF87D
:10886C001A308388ADF81C30C388ADF81E301C4D0F
:10887C001C4928680AF0CDFA28680AF0CCFA85B2AF
:10888C0006AE022130460BF07FF90223402204A9E8
:10889C0030460BF0E3F9236993B1BDF81030039324
:1088AC00BDF81230029302AA03A90D4B186809F007
:1088BC00C6FFBDF80820BDF80C1020690BF026F897
:1088CC002A46694606A80BF013FABDF80230BDF82B
:1088DC000020A168024800680AF060FA08B070BD78
:1088EC00147319A000340400F0B587B00AF0A6FF89
:1088FC00284C294920680AF08CFA20680AF08BFA77
:10890C00054647F6E071206809F087FF00212068D2
:10891C0009F085FF206800F5805CBCF8CE38BCF807
:10892C00CC28BCF8CA18BCF8D068009609F0E1FE57
:10893C00206800F5805393F8C0380BBB00F58053CA
:10894C0093F8E038092B14BF144F154F39460AF031
:10895C00CEFA04AE0F4C236882B2314603F5C650F2
:10896C000A300BF0E5F9AAB202A930460BF0C0F9B7
:10897C00BDF80A30BDF80820394620680AF00EFA16
:10898C00044B186800F5BC510AF091FC0AF06AFF20
:10899C0007B0F0BD147319A00034040004230200C6
:1089AC00E822020008B50A4B1A78511D094B1B68C6
:1089BC0003F5805393F8C038994200DB08BD0132AF
:1089CC00034B1A70FFF728FEFFF78EFFF6E700BF88
:1089DC00107319A0147319A008B5064B1B7803B9B2
:1089EC0008BD013B034A1370FFF716FEFFF77CFF2F
:1089FC00F6E700BF107319A008B5FFF7B9FC064BDA
:108A0C001B6803F58053D3F8D808FFF7C3FDFFF7B5
:108A1C0003FEFFF769FF08BD147319A02DE9F04F91
:108A2C00A9B0024600217F4B19707F4B1B6803F5E0
:108A3C00805383F8C0180AAC7C49204616F006FC1B
:108A4C0027A9204614F0D0F9002840F0E88006460B
:108A5C004FF4D6740025DFF8D8A1DFF8D8B1DFF8D1
:108A6C00D881A5E005F1010924AF4A46594638469C
:108A7C0016F0ECFB3F23009314AB42463946279883
:108A8C0014F05CFA002840F0B98014A9279814F06F
:108A9C0010FA002840F09380A4F5A673624A12687D
:108AAC003F210091134442466449279814F046FA3A
:108ABC00002840F0848005AF132300933B465E4AA8
:108ACC005F49279814F03AFA039039465D4816F03E
:108ADC002EFD002840F09980534B1B684FF4147204
:108AEC0002FB0533002283F8A020039B002B66D1E8
:108AFC00A4F20B134C4A12687F21009113444E4A86
:108B0C005149279814F01AFA002858D1A4F18B0374
:108B1C00454A12687F2100911344474A4B492798D4
:108B2C0014F00CFA00284AD1A4F108033E4A12684A
:108B3C0013440A224649279814F0D0F900283ED154
:108B4C00231F394A126813440A224249279814F009
:108B5C00C5F9002833D1344D2B6823440A223E49F1
:108B6C00279814F0BBF90390231D2A687F270097E0
:108B7C00134442463949279814F0E0F904F1840370
:108B8C002A680097134442463549279814F0D6F9C1
:108B9C00039B9BBB2B6803F5805393F8C0280132D1
:108BAC0083F8C02804F51474B9F10A0F26D04D4689
:108BBC005146279814F07DF900283FF453AFEDB2DD
:108BCC004FF4147303FB05F5DFF85C8005F5D873DF
:108BDC00D8F80020184C7F270097134422461F49D1
:108BEC00279814F0ABF905F50C75D8F80030009700
:108BFC002B4422461A49279814F0A0F9279814F010
:108C0C002DF9304629B0BDE8F08F074B1B684FF4A7
:108C1C00147202FB0533012283F8A02065E70D26B0
:108C2C00EFE700BF107319A0147319A01C230200E6
:108C3C002C23020034230200182D02003C230200D6
:108C4C00442302004C230200502302005C23020048
:108C5C0064230200682302007023020078230200C0
:108C6C008423020070B588B041F6E40014F088FB50
:108C7C002C4B186070B141F6E402002116F003FC95
:108C8C0006AA1021012012F087FE28B1254B186886
:108C9C0014F07EFB08B070BD06AA05A9224814F09A
:108CAC0045FD18B1069812F099FEEFE707A91F4889
:108CBC0014F085F920B10699059814F0A4FDF1E79C
:108CCC00184B1C6804F58054079BC4F8D838012055
:108CDC00FFF7A4FE84F8E0080798FFF75BFCFFF7AA
:108CEC009BFCFFF701FE0F4C01AE4FF0FF352368E4
:108CFC0003F58053D3F8D43883B92A463146069805
:108D0C0012F001FF0028F2D1064B18684FF4FA73E9
:108D1C00069A00F5BC510AF0C1FCE6E7079814F07E
:108D2C0065F9C8E7147319A0D40D0200E00D020018
:108D3C0070B540F20D1013F015FD002140F20D102E
:108D4C0013F028FD142440F20D163225304613F092
:108D5C00F1FC284612F028FD304613F0F7FC2846AB
:108D6C0012F022FD013CF1D140F20D15FA242846F7
:108D7C0013F0E0FC204612F017FD284613F0E6FC39
:108D8C00204612F011FDF2E700B583B0064B0193BB
:108D9C0003230093002380220449054812F052FF5C
:108DAC00002003B05DF804FB187319A09023020097
:108DBC003D8D000000B583B0002101913020FDF7FE
:108DCC00B1FE124816F026FAFBF780FA80B910486B
:108DDC0013F0F6F9A0B9FFF7D7FF0E4805F064FCC5
:108DEC00FDF782FE00F0FEF8002003B05DF804FBF6
:108DFC00094816F00FFAFBF787FAFBF745FAE6E796
:108E0C00064A002101A80BF023FEE4E79823020098
:108E1C00C0230200D0230200B0230200CC230200A6
:108E2C0008B500F06BFE00F055FB00F07FFE50B172
:108E3C0000F0E2FD00F040FC002000F0CBFC012033
:108E4C0000F056FD08BD00F063FC002000F0C2FCF1
:108E5C00F5E7000000B583B000F0B7FE00F0EEFDC2
:108E6C00FFF7DEFF0022114601200AF0ADFF084B90
:108E7C0001930323009300234FF420620549064815
:108E8C0012F0E0FE00F0A0FB002003B05DF804FB44
:108E9C00107419A0D8230200C18D000000B583B056
:108EAC0000F0F6FB01A9094814F0C0FC019814F07D
:108EBC00D8FC6421019814F0C6FC019814F0DEFC77
:108ECC00019814F0E8FC03B05DF804FBE023020009
:108EDC0010B500231C781A46013312781444B3F5EC
:108EEC00002FF8D1012012F05FFC4FF000431878EE
:108EFC0020441A4601331278104413F1FF4FF8D175
:108F0C0010BD000008B5FFF7E3FF034B1860034BDF
:108F1C004FF0FF321A6008BD207319A01C7319A002
:108F2C0030B58BB00023284A1360019303220092C2
:108F3C0080222649264812F085FE09A9254814F0FE
:108F4C003EF808B10BB030BD08AA0021099814F006
:108F5C005AF8214D4FF4F8430793002406940594D6
:108F6C000223049340F2DF13039340F21F33029366
:108F7C0001940094089B4FF4F0724FF4487128460A
:108F8C0009F010FC1549284609F043FFB5224FF4AF
:108F9C00917113480AF09EFB01252146099814F0A3
:108FAC006AF8284612F000FC0134FF2CF5D1064B70
:108FBC001B68002BC6D10A25034C284612F0F4FB83
:108FCC002368002BF9D0BDE71C7319A0EC23020019
:108FDC00118F0000E00D0200247319A0003404006E
:108FEC009036020000B585B003A9284813F0E7FFBE
:108FFC0010B105B05DF804FB02AA0021039814F02F
:10900C0002F8FFF78DFF642140F20B20F7F7B0FE5A
:10901C00642140F29320F7F7ABFE642140F20F304D
:10902C00F7F7A6FE642140F21640F7F7A1FE642183
:10903C0040F20F30F7F79CFE642140F29320F7F7D3
:10904C0097FE642140F20B20F7F792FEF8F77EFCB6
:10905C00F8F740FC4FF0FF313120FDF763FD80B194
:10906C004FF4F07300934FF448737622DC210848D8
:10907C000AF0D8FE0748F7F705FE039813F0B6FF81
:10908C00B7E74FF47A7012F08FFBE9E7E00D0200BE
:10909C00903602004C94030030B585B004468DF830
:1090AC000F000BF03BF8A0B105460A2C0DD04FF485
:1090BC007A730093002301220DF10F01284614F05E
:1090CC0083F99DF80F0005B030BD0D20FFF7E4FFCC
:1090DC00EDE74FF0FF30F6E708B5FFF7DDFF08BD11
:1090EC0008B50C4816F096F800214FF4897013F06F
:1090FC0051FB4FF4897013F035FB4FF4897013F06A
:10910C0025FB0A2012F050FB4FF4897013F012FB70
:10911C00002008BDB0240200012801D000207047B7
:10912C0010B514461B4B186888B359B112F095FE54
:10913C00194B1B78012B08D0022B14D0032B1CD0FD
:10914C0000210BE012F096FEF2E7D42304FB03F3AC
:10915C00124981FB03211944C1F3C7110D4B186847
:10916C0012F095FE10BD962304FB03F30B4981FB13
:10917C0003211944C1F3C711F0E7962303FB04F252
:10918C00064981FB02311144C1F3C711E6E7002007
:10919C00E8E700BF0C7419A0087419A081808080C6
:1091AC0008B502480EF050FA08BD00BF74950300D4
:1091BC0010B58AB0EC46084C0FCCACE80F000FCCC5
:1091CC00ACE80F0094E803008CE8030068460BF051
:1091DC00CDFE0AB010BD00BFB895030010B588B025
:1091EC000DF1040C064C0FCCACE80F0094E8070012
:1091FC008CE8070001A80DF005FF08B010BD00BFFA
:10920C00E0950300064B5A6B22F018025A63DA6B96
:10921C0042F40052DA631A6A42F400521A6270473E
:10922C00008009207047704708B50CF083FE08BD1C
:10923C00704700004FF0080383F31188BFF36F8F62
:10924C00BFF34F8F114B5A6B22F018025A631A6AF4
:10925C0042F400521A621A460021936B43F40053F5
:10926C0093630B4B00BF013BFCD1D36B43F4005316
:10927C00D363074B00BF013BFCD101318842ECD8D2
:10928C00044B00BF013BFCD1E6E700BF0080092086
:10929C00C0E1E40000B4C40408B50B4B1B6803B177
:1092AC0008BD094B4FF0FF321A600CF0DFFA40F2A8
:1092BC000F2140F20E200CF00FFE0448044A014628
:1092CC0002F0E8F8ECE700BF047419A0781E020065
:1092DC00ED90000008B5084B1B6803B108BD064BA8
:1092EC004FF0FF321A60FFF7D7FF492203490448B9
:1092FC0003F09EFCF2E700BF007419A0781E020078
:10930C00E812020010B58AB00F238DF802301B4B07
:10931C001B680BB10AB010BD4FF0FF34174B1C602B
:10932C00FFF7BAFF09A9164813F0B2FB18238DF802
:10933C0004304FF4C873ADF806300DF102030293FC
:10934C0001238DF80C3004940DF1030205928DF875
:10935C001830079401A9099813F0AFFB18B99DF8C0
:10936C000330332B05D01D220549064800F092FD31
:10937C00D0E70349034800F0C5FECBE7FC7319A006
:10938C00781E0200E40D020008B5074B1B6803B100
:10939C0008BD054B4FF0FF321A600CF081F8034802
:1093AC00014601F00BFFF3E7F87319A0C02402008B
:1093BC0008B5074B1B6803B108BD054B4FF0FF32D6
:1093CC001A600CF083F80348014601F0F7FEF3E74E
:1093DC00F47319A0C82402000E4B1B6803B170472C
:1093EC0010B582B00B4B4FF0FF341C600A4C134687
:1093FC000A460146204603F0C5FB01A9204613F09E
:10940C00CCFF01980AF07EFE01980AF081FE02B0B2
:10941C0010BD00BFF07319A0841F020038B50446BC
:10942C000D460CF0E7F9032102200EF0B7FC2A469A
:10943C0021460248FFF7D0FF38BD00BFD024020000
:10944C0008B5074B1B6803B108BD054B4FF0FF3245
:10945C001A600BF01BFC0348014600F0AFFEF3E76B
:10946C00EC7319A0A015020008B5074B1B6803B1DB
:10947C0008BD054B4FF0FF321A6017200BF01CFC97
:10948C00FFF7DEFFF4E700BFE87319A008B5074B40
:10949C001B6803B108BD054B4FF0FF321A60182052
:1094AC000BF022FCFFF7CCFFF4E700BFE47319A02C
:1094BC0008B5074B1B6803B108BD054B4FF0FF32D5
:1094CC001A6019200BF028FCFFF7BAFFF4E700BF75
:1094DC00E07319A008B5084B1B6803B108BD064B17
:1094EC004FF0FF321A601A200BF022FD03480146A0
:1094FC0001F0BEF9F2E700BFDC7319A0D82402001A
:10950C0008B5074B1B6803B108BD054B4FF0FF3284
:10951C001A604FF00041034801F08CFDF4E700BFE6
:10952C00D87319A0C014020010B588B00DF1040C4A
:10953C00114C0FCCACE80F0094E807008CE8070046
:10954C000E4B1B680BB108B010BD0C4B4FF0FF322B
:10955C001A604FF481700DF0DFFE0CF0C3F940F28D
:10956C001F4013F06BF940F21F4013F0FBF801A9F8
:10957C00034801F043F8E6E7FC950300D47319A007
:10958C00E024020000B585B00C4B0FCB0DF1100C94
:10959C000CE90F000A4B1B6813B105B05DF804FB16
:1095AC00074B4FF0FF321A6040F201200DF0E0FE45
:1095BC006946044803F080FCEFE700BF18960300EF
:1095CC00CC7319A0180E020008B5084B1B6803B128
:1095DC0008BD4FF0FF30054B186000210DF0B8FFAF
:1095EC000348014603F06CF9F2E700BFC87319A0F9
:1095FC008021020000B585B00023009301238DF873
:10960C0004308DF8053040F2D973ADF80630FFF711
:10961C00DBFF114815F0FEFD03A9104812F008FEFF
:10962C0002A9039812F0F0FD029803689B69694641
:10963C009847172807D050B10146094815F0CAFDC4
:10964C0005B05DF804FB074815F0E4FDF8E70648A3
:10965C0015F0E0FDF4E700BFEC24020080210200CD
:10966C0030250200002502005C25020008B5064BDF
:10967C001B6803B108BD044B4FF0FF321A6003485E
:10968C0001F05AFAF6E700BFC47319A0A813020040
:10969C0008B5074B1B6803B108BD054B4FF0FF32F3
:1096AC001A600FF043FF0348014604F01FFDF3E777
:1096BC00C07319A0E023020010B58AB0EC46104C20
:1096CC000FCCACE80F000FCCACE80F0094E8030013
:1096DC004CF8040BACF800100A4B1B680BB10AB029
:1096EC0010BD084B4FF0FF321A6068460FF054FC67
:1096FC000549064804F028FC0CF0F4F8EFE700BF2D
:10970C0034960300BC7319A028150200E027020050
:10971C0010B58AB0EC46114C0FCCACE80F000FCC56
:10972C00ACE80F0094E803004CF8040BACF8001004
:10973C000B4B1B680BB10AB010BD094B4FF0FF323D
:10974C001A6068460FF0C4FC0649074804F0FCFB9D
:10975C0002214FF48F7013F01DF8ECE75C960300B8
:10976C00B87319A078150200E02702000C4B1B6897
:10977C0003B1704710B582B0094B4FF0FF321A603D
:10978C00084C204608F034FE01A9204612F050FD8A
:10979C0012F0C2FD0449019812F0CCFD02B010BDCC
:1097AC00B47319A0642502009C22020008B5064B74
:1097BC001B6803B108BD044B4FF0FF321A6003491C
:1097CC00034803F023F8F5E7B07319A0E027020073
:1097DC006C2502000E4B1B6803B1704710B582B0AC
:1097EC0004460B4B4FF0FF321A60FFF7DFFFFFF719
:1097FC00BDFF01A9074812F01BFD6946019812F044
:10980C0003FD0099204605F04BFE02B010BD00BFD1
:10981C00AC7319A06C25020000B585B0104B0FCBB2
:10982C000DF1100C0CE90F000E4B1B6813B105B0B9
:10983C005DF804FB0B4B4FF0FF321A60FFF7B8FDDD
:10984C00094968460DF01EFB0021152012F0A2FFFD
:10985C00152012F087FF152012F06CFFE7E700BF10
:10986C0084960300A87319A0C824020008B5084BFD
:10987C001B6803B108BD064B4FF0FF321A60FFF7AF
:10988C00CBFF044A0449054802F0E4FBF2E700BFB1
:10989C00A47319A0C824020070250200CC23020076
:1098AC0000487047C0E1E400012070470E4B1B6874
:1098BC0003B1704710B582B004460B4B4FF0FF322A
:1098CC001A60FFF7D3FFFFF751FF01A9074812F009
:1098DC00AFFC6946019812F097FC0099204605F000
:1098EC00DFFD02B010BD00BFA07319A0CC23020095
:1098FC0008B5FFF7DBFF08BD38B50E4B1B6803B18D
:10990C0038BD0C4B4FF0FF321A60FFF7C5FC0A4D07
:10991C001F220A49284600F077FD094C21462846AB
:10992C0012F077FA9621206812F0B1FA054B032257
:10993C001A70E5E79C7319A074250200781E0200CA
:10994C000C7419A0087419A008B50D4B1B6803B151
:10995C0008BD0B4B4FF0FF321A60FFF7CDFF0949E2
:10996C00012012F083FB002012F022FBFF210020CB
:10997C0012F0C8FAFF21012012F0C4FAE8E700BF88
:10998C00987319A02591000008B5FFF7FBFDFFF7B0
:10999C00DBFF08BD08B5074B1B6803B108BD054BC1
:1099AC004FF0FF321A600BF063FA0348014600F0E7
:1099BC00D5FEF3E7947319A07C25020008B50B4B78
:1099CC001B6803B108BD094B4FF0FF321A600BF056
:1099DC002FFF0BF04BFFFFF75FFC4FF4897340F246
:1099EC0013220349034803F0EFFBEBE7907319A034
:1099FC00781E0200D40D020000B585B001AB0B4AF5
:109A0C0007CA03C31A800A4B1B6813B105B05DF873
:109A1C0004FB074B4FF0FF321A6001A80EF02CFE2E
:109A2C000449054803F030FFF0E700BF94960300AB
:109A3C008C7319A094250200C023020008B5084BB2
:109A4C001B6803B108BD064B4FF0FF321A60054886
:109A5C000EF006FB0448014603F0B2F9F2E700BF32
:109A6C00887319A068950300A825020010B596B05C
:109A7C0048221B4904A815F0DDFC1A4B1B680BB1DE
:109A8C0016B010BD174B4FF0FF321A600BF0D0FE22
:109A9C000BF0ECFE0BF026FFFFF7D0FF04A80CF048
:109AAC00FFFDFFF741FD02AB00220F4949690F484A
:109ABC0012F042FB03A90E4812F062F901A90D48FD
:109ACC0012F0B6FB6946019812F09EFB02980368EF
:109ADC009C69009B084A12680399A047D0E700BF15
:109AEC00C4960300D07319A008000010E00D02000A
:109AFC00B0250200E02402000400001008B5084B59
:109B0C001B6803B108BD064B4FF0FF321A600548C5
:109B1C000EF0E4FA0448014603F052F9F2E700BFF4
:109B2C00847319A05C950300D023020010B50C209F
:109B3C0012F084FE0C2012F0FDFD0C2012F012FE2F
:109B4C001C2012F01BFE00211C2012F023FE1C20F6
:109B5C0012F05EFE044608B1204610BD0C2012F037
:109B6C00F5FDF9E7BFF34F8F0549CA6802F4E062CF
:109B7C00044B1343CB60BFF34F8F00BFFDE700BF17
:109B8C0000ED00E00400FA0508B50BF06FFE0021B3
:109B9C004FF4007012F0FEFD4FF4007012F0E2FD75
:109BAC004FF4007012F0D2FD4FF4007012F046FE2C
:109BBC000BF020FE0BF03CFE0BF076FE0BF092FE51
:109BCC000BF0AEFEFFF7E6FE08BD08B5FFF7DCFFB5
:109BDC0080210846FFF722FCFFF748FFFFF75CFBEC
:109BEC00FFF778FBFFF7D0FBFFF7E2FBFFF73CFC3E
:109BFC00FFF74CFCFFF75CFCFFF782FCFFF736FD30
:109C0C000120FFF753FEFFF7D9FEFFF7F3FCFFF738
:109C1C0079FBFFF7B9FE08BD4FF4F07070474FF4B5
:109C2C0048707047024B1A681178117018687047A9
:109C3C0004000010024B1B68024A02FB0030704704
:109C4C000400001000B80B004FF4E1307047000026
:109C5C0000487047000E27070048704700879303A1
:109C6C000148024BC01A7047000080A078D119A09F
:109C7C00014B1861704700BF00800820890001F477
:109C8C007871C2F3C4021143C00100F4F8400843D8
:109C9C00704708B512F022FAFEE77047004870478B
:109CAC0068D119A0704770470720704700230B60DC
:109CBC004B608B600720704710B50446043011F0E0
:109CCC00B5FD0023E360236163611D23237610BD82
:109CDC002DE9F04792B00546884600230B604B6097
:109CEC008B601146406811F009FE044618B12046FD
:109CFC0012B0BDE8F08711F055FF07460AAE4FF0E1
:109D0C00200A4FF0CC0902E0012011F04DFD38463D
:109D1C0011F056FF092870D852464946304615F0C6
:109D2C00B2FB00238DF807302B7E8DF808300DF137
:109D3C000703039301228DF81020642305930DF182
:109D4C00310106918DF81C2008934FF4C873ADF8BF
:109D5C000A30A86803681B6902A9984704460028C2
:109D6C00D2D19DF8314014F00104CDD000238DF8F0
:109D7C0007302B7E8DF808300DF107030393012378
:109D8C008DF8103064230593069609228DF81C205B
:109D9C0008934FF4C873ADF80A30A86803681B69C0
:109DAC0002A9984704460028AED19DF929209DF8B8
:109DBC00283043EA022343F309039B02C8F800301E
:109DCC009DF92B209DF82A3043EA022343F3090323
:109DDC009B02C8F804309DF92D209DF82C3043EAE5
:109DEC00022343F309039B02C8F8083005F10C0366
:109DFC0098E8070083E8070005E005F10C0393E8F9
:109E0C00070088E80700686811F092FD6FE7000012
:109E1C00F0B591B005468C46174609AC1C4E0FCEDA
:109E2C000FC496E8070003C422802F76C5F808C03B
:109E3C008DF8047002238DF80C304FF47A73049370
:109E4C00002305938DF8183007934FF4C873ADF8C1
:109E5C0006309DF82420BAB10024234609AF01AE88
:109E6C0007EB43030293A86803681B6931469847C4
:109E7C00024648B90134E4B2234610AA02EB44026C
:109E8C0012F81C2C002AEBD1104611B0F0BD00BF0B
:109E9C002897030030B585B00D46144603AB00225D
:109EAC00084912F049F902A9284612F0C1F901A992
:109EBC00029812F0A9F9224601990398FFF7A8FF1E
:109ECC0005B030BD0C9703002DE9F0478CB0149D04
:109EDC008DF807204BB380460C46CF184FF0180A6C
:109EEC000DF1070901268DF810A0CDF814908DF80E
:109EFC00186007950DF10F0308938DF824600A95EF
:109F0C004FF4C873ADF81230D8F8080003681B6919
:109F1C0004A998479DF80F3004F8013B9DF80730D1
:109F2C0001338DF80730BC42DDD100200CB0BDE808
:109F3C00F0870720704710B50446043011F076FC0A
:109F4C000023E3602361636110BD00002DE9F04143
:109F5C0082B005460C46164600230B604B608B60A6
:109F6C001146406811F0CAFC074618B1384602B0D9
:109F7C00BDE8F081DFF894804FF0CC33C8F80030A6
:109F8C00C8F80430C8F80830C8F80C30A8F81030FD
:109F9C0000960723272241462846FFF795FF0746E0
:109FAC0098F8003013F0080F2CD005F1180394E842
:109FBC00070083E8070098F9020098F8013043EA9B
:109FCC00002013F067FE4FF0625114F011F820607E
:109FDC0098F9040098F8033043EA002013F05AFE75
:109FEC004FF0625114F004F8606098F9060098F88C
:109FFC00053043EA002013F04DFE4FF0625113F090
:10A00C00F7FFA060686811F093FCAFE7147419A017
:10A01C002DE9F04182B005460C46164600230B6034
:10A02C004B608B601146406811F068FC074618B114
:10A03C00384602B0BDE8F081DFF878804FF0CC33C1
:10A04C00C8F80030C8F80430C8F80830C8F80C302C
:10A05C00A8F8103000960723272241462846FFF720
:10A06C0033FF074698F8003013F0080F1DD005F1A8
:10A07C000C0394E8070083E8070098F9021098F89D
:10A08C00012042EA01229200226098F9041098F80B
:10A09C00032042EA01229200626098F9062098F8A7
:10A0AC00053043EA02239B00A360686811F040FC72
:10A0BC00BEE700BF287419A000B58BB084460846D3
:10A0CC008DF804208DF80530CCF8081018238DF885
:10A0DC00083001AB039302238DF810304FF0FF339F
:10A0EC000593002306938DF81C3008934FF4C87326
:10A0FC00ADF80A300B681B6902A998470BB05DF8E4
:10A10C0004FB000010B584B00C4603AB00220949D7
:10A11C0012F012F802A9204612F08AF801A902984E
:10A12C0012F072F89723202201990398FFF7C4FFCD
:10A13C0004B010BD4497030038B50446043011F048
:10A14C0075FB054608B1284638BD04F10C0011F02A
:10A15C006DFB05460021E06811F0D0FBF3E708B574
:10A16C00C06811F000FC08BD38B504460D464FF42C
:10A17C00FA71406811F0C2FBA06803685B6929465C
:10A18C00984705464FF4FA71E06811F0B7FB606828
:10A19C0011F0CEFB284638BD10B50446084604F134
:10A1AC00080111F0EDFD28B9A06803681B69024A8B
:10A1BC002146984710BD00BF7497030010B582B0BC
:10A1CC000C4601AB0022044911F0B6FF2146019860
:10A1DC00FFF7E2FF02B010BD60970300007B7047F1
:10A1EC0030B587B004460D461F4B039300238DF802
:10A1FC0010304FF0FF31406811F080FB2573A27FC7
:10A20C00637F9B1A05FB03F1184B83FB01030B4483
:10A21C00C917C1EBE3115318DBB243F060028DF8A0
:10A22C000F2063F07F038DF8103023692BB1606829
:10A23C0011F07EFB002007B030BD05A904F1180019
:10A24C0012F026FC0028F2D14FF4FA630193052397
:10A25C00009303AB4FF4C8727C21059812F05BFCA1
:10A26C00059812F022FCE2E71C20400081808080DF
:10A27C0010B586B00446174B039300238DF81030AD
:10A28C004FF0FF31406811F039FB60238DF80F302F
:10A29C0080238DF810304FF0FF33236105A904F1B2
:10A2AC00180012F0F5FB28B1606811F041FB00209A
:10A2BC0006B010BD4FF4FA6301930523009303AB72
:10A2CC004FF4C8727C21059812F025FC059812F009
:10A2DC00ECFBE9E71C20400030B587B004461F4B6F
:10A2EC00039300258DF810504FF0FF31406811F0AA
:10A2FC0005FBA27F637F9B1A217B01FB03F31849AB
:10A30C0081FB03011944DB17C3EBE1131344DBB2EC
:10A31C0043F060028DF80F2063F07F038DF810304E
:10A32C00256105A904F1180012F0B2FB28B1606890
:10A33C0011F0FEFA002007B030BD4FF4FA63019320
:10A34C000523009303AB4FF4C8727C21059812F0DF
:10A35C00E2FB059812F0A9FBE9E700BF1C204000C6
:10A36C008180808030B587B004461A4B93E8030097
:10A37C0003908DF810104FF0FF31606811F0BEFAA9
:10A38C00A36833B10025606811F0D2FA284607B0F3
:10A39C0030BD4FF0FF33636105A904F1180012F0D2
:10A3AC0077FB18B1002500232373ECE7A368013376
:10A3BC00A3604FF4FA6301930523009303AB4FF4AE
:10A3CC00C8727C21059812F0A6FB0546059812F080
:10A3DC006CFBE8E70C26020008B5436913B18368EF
:10A3EC00013B8360836803B94361406811F0A0FAB4
:10A3FC00002008BD08B5002383600373036143612B
:10A40C00043011F013FA08BD70B582B00E46144634
:10A41C0001AB0022084911F08FFE019D314605F178
:10A42C00180015F063F81F2C28BF1F246C7700232D
:10A43C00AB7702B070BD00BF7897030010B582B047
:10A44C008446806802680023019300935469DCF809
:10A45C0010208A4228BF0A469CF80D10A04702B073
:10A46C0010BD08B500238360C3610362436283623D
:10A47C00043011F0DBF908BD38B5836803B304462A
:10A48C004FF0FF31406811F039FAE1692046FFF7CF
:10A49C00D5FF054650B94FF0FF332362606A28B1EF
:10A4AC00E36A43B103685B6AA16A9847606811F07C
:10A4BC003FFA284638BD03689B6AA16A9847F5E7BE
:10A4CC003925F6E78368FBB110B504464FF0FF3130
:10A4DC00406811F013FA61692046FFF7AFFF48B9E5
:10A4EC0000232362606A28B1E36A43B103689B6A64
:10A4FC00A16A9847606811F01BFA002010BD036830
:10A50C005B6AA16A9847F5E73920704738B58368CC
:10A51C0033B305460C464FF0FF31406811F0EEF9AD
:10A52C006869AB691B1A210A01FB03F30D4A82FB14
:10A53C0003121A44DC17C4EBE214044421462846E7
:10A54C00FFF77CFF38B96B699C420CBF00234FF0BE
:10A55C00FF332B62EC61686811F0EAF9002038BD1A
:10A56C003920FCE781808080F0B583B004460D462D
:10A57C001E4608998560027343730161099B436110
:10A58C000A9B83612B681B6928469847034680B950
:10A59C002B689B69314628469847034648B92A6878
:10A5AC000023019300935769626931462846B847E6
:10A5BC000346184603B0F0BD10B5044608461146D4
:10A5CC00606201228A40A262E36203685B6B002234
:10A5DC00C9B29847E36A5BB1606A03689B6AA16A77
:10A5EC009847606A0368DB69A16A9847002010BD30
:10A5FC00606A03685B6AA16A9847F2E730B587B076
:10A60C000C4605AB0022134911F096FD04A92068F5
:10A61C0011F0B6FB23690293E3680193A3680093DE
:10A62C006379227904990598FFF79EFFA38A4FF668
:10A63C00FF72934200D008B107B030BD059D180AD7
:10A64C0012F04CF80146A369227D2846FFF7B4FFAF
:10A65C00F2E700BFA097030000207047002070476E
:10A66C0038B504460D464FF0FF31406811F046F9FD
:10A67C00A06803681B69294698470546606811F075
:10A68C0057F9284638BD38B504460D464FF0FF3112
:10A69C00406811F033F9A06803685B692946984754
:10A6AC000546606811F044F9284638BD38B50446B3
:10A6BC000D464FF0FF31406811F020F9A068036897
:10A6CC009B69294698470546606811F031F9284680
:10A6DC0038BD38B504460D464FF0FF31406811F0D7
:10A6EC000DF9A0680368DB69294698470546606840
:10A6FC0011F01EF9284638BD38B504460D464FF00A
:10A70C00FF31406811F0FAF8A06803685B6A2946CB
:10A71C0098470546606811F00BF9284638BD2DE9BD
:10A72C00F04104460D4616461F464FF0FF31406877
:10A73C0011F0E4F8A0680368D3F820803B46324659
:10A74C002946C0470546606811F0F2F82846BDE876
:10A75C00F08108B5043011F069F808BD10B582B06D
:10A76C000C4601AB0022054911F0E6FC01990831B9
:10A77C00204611F005FB02B010BD00BFBC970300D2
:10A78C0008B5043011F052F808BD38B504460D4632
:10A79C004FF0FF31406811F0B1F8A06803689B6975
:10A7AC00294698470546606811F0C2F8284638BD1E
:10A7BC0038B504460D464FF0FF31406811F09EF855
:10A7CC00A0680368DB69294698470546606811F064
:10A7DC00AFF8284638BD38B504460D464FF0FF316A
:10A7EC00406811F08BF8A06803681B6929469847EC
:10A7FC000546606811F09CF8284638BD38B504460B
:10A80C000D464FF0FF31406811F078F8A0680368EE
:10A81C005B69294698470546606811F089F8284617
:10A82C0038BD38B504460D464FF0FF31406811F085
:10A83C0065F8A06803681B6A294698470546606856
:10A84C0011F076F8284638BD38B504460D464FF061
:10A85C00FF31406811F052F8A06803685B6A294622
:10A86C0098470546606811F063F8284638BD00002B
:10A87C0010B582B00C4601AB0022054911F05CFC0E
:10A88C0001990831204611F07BFA02B010BD00BFCF
:10A89C00EC9703004FF40013D3F8E03F13F0A05FE4
:10A8AC000FD0084A126813F0806F1CBF012111668B
:10A8BC0013F0805F1CBF0121D1654FF40012C2F868
:10A8CC00E83F70473C7419A000F1480307C983E8BE
:10A8DC0007000020704700002DE9F84305464FF4AF
:10A8EC0000140023C4F89830FFF7B2F9274BA3FBF0
:10A8FC000030C00BC4F89400D4F89430FFF7A8F9DA
:10A90C00DFF88C80A8FB0036B60CC6EB0616214F80
:10A91C00A7FB0636B6090136FFF79AF98146FFF711
:10A92C0097F90346A8FB0920800CC0EBC002C0EBD2
:10A93C00C200A7FB002080090130A8FB03839B0CFD
:10A94C0003EB8303C3EBC303A7FB03739B09013323
:10A95C001B0443EA00233343C4F89030D4F89030FE
:10A96C004FF0A053C4F8DC3F0B4B03220B492820BB
:10A97C000BF098FC28200BF047FC05F1580010F068
:10A98C0055FF4FF0FF336B65BDE8F883819F5E1672
:10A99C0083DE1B43D34D62105C260200A1A800008D
:10A9AC002DE9F84F81460F4690461E464FF0FF3179
:10A9BC00406810F0A3FFD9F8543083B346B309F1C3
:10A9CC00080B4FF400144FF0A05A07F03F01C1F1EF
:10A9DC004005B54228BF354627F03F03C4F8E8AF21
:10A9EC00C4F884300823C4F8803009F1070309F156
:10A9FC004700D4F88C2003F8012F8342F9D12A4662
:10AA0C005944404614F016FD2F44A844761BDCD163
:10AA1C00D9F8040010F08CFF0020BDE8F88F4846F0
:10AA2C00FFF75AFFCAE7000010B50446043010F0D7
:10AA3C00FDFE6423A3644023E364192323650023F0
:10AA4C006365014B1C6010BD3C7419A02DE9F04FDF
:10AA5C0085B080468A46029201934FF0FF314068E0
:10AA6C0010F04CFFD8F85430002B61D0019B002B18
:10AA7C0056D008F1080303934FF400150AF03F0079
:10AA8C00C0F14009019B994528BF99462AF03F0B1C
:10AA9C004FF0A053C5F8E83FC5F884B00823C5F8BB
:10AAAC00803008F1070408F147062346D5F88C20BE
:10AABC0003F8012FB342F9D14A460299039B18447B
:10AACC0014F0B8FC4FF0A053C5F8E83F0323C5F8C9
:10AADC008030C5F884B014F8013F63F30707C5F85C
:10AAEC008870B442F7D14FF0A053C5F8E83F00236B
:10AAFC00C8F85C30C5F884B00623C5F88030D8F8A7
:10AB0C005C30002BFBD0D8F8500010F04DFECA443E
:10AB1C00029B4B440293019BB3EB09030193ADD110
:10AB2C00D8F8040010F004FF002005B0BDE8F08F49
:10AB3C004046FFF7D1FE99E708B500231A460249B3
:10AB4C0011F0FAFA08BD00BF1498030030B5836801
:10AB5C0003EB41014FF0FF340025088880B20B88CD
:10AB6C009BB2B1F800C01FFA8CFC80EA030283EAA6
:10AB7C000C0E02EA0E0212F0400F0ED012F0040F6F
:10AB8C0002D110F0020F0AD113F0200FE5D01CF007
:10AB9C00200FE2D02CB12C46DFE7002030BD1E2068
:10ABAC00FCE70B20FAE710B50446043010F03EFE2B
:10ABBC000023A360E3602361636110BD036903B9E3
:10ABCC00704710B504468368AA22A3F8AA2A8368A2
:10ABDC005522A3F854258368F0221A80012010F026
:10ABEC00E3FD0023236110BD08B5C3680133C360C6
:10ABFC00012B01D0002008BD4FF0FF330361FFF79C
:10AC0C00DDFFF7E708B5C36843B1013BC3600BB187
:10AC1C00002008BDFFF7D2FF0020FAE71820F8E764
:10AC2C002DE9F04105460F4614461E464FF0FF3104
:10AC3C00406810F063FE2846FFF7C0FF86B317F09C
:10AC4C00010F09D07A08AB6833F81230C3F307232D
:10AC5C0004F8013B013E01377908012E1BD9B71EC0
:10AC6C004FEA570E0EF1010004EB4000A446C4EB72
:10AC7C004103E218D5F8088038F8022024F8022B9A
:10AC8C008442F6D10131714406F0010627F0010728
:10AC9C000CF10203FC181EB1AB6833F811302370B1
:10ACAC00686810F045FE0020BDE8F08138B5044618
:10ACBC004FF0FF31406810F021FE4FF0FF3323615D
:10ACCC00A368AA22A3F8AA2AA1685523A1F854358F
:10ACDC00A1688020A1F8AA0AA168A1F8AA2AA268F2
:10ACEC00A2F85435A3681022A3F8AA2A0021204602
:10ACFC00FFF72CFF05462046FFF760FF606810F059
:10AD0C0017FE284638BD70B504460E4615464FF062
:10AD1C00FF31406810F0F2FDA3689822A3F8AA2036
:10AD2C00A36833F816309BB22B604FF0FF332361CE
:10AD3C00606810F0FDFD002070BD43690BB1002070
:10AD4C0070472DE9F04782B0044601AA1021FFF7A5
:10AD5C00DAFF019B512B03D0092002B0BDE8F0872C
:10AD6C0001AA11212046FFF7CEFF019B522B01D0E7
:10AD7C000920F2E701AA12212046FFF7C4FF019B2C
:10AD8C00592B01D00920E8E701AA27212046FFF71B
:10AD9C00BAFF019B1F2B1ED9203B012202FA03F3A1
:10ADAC000022A261E36101AD2A4628212046FFF76B
:10ADBC00AAFF019BDB0084F820302A462C21204678
:10ADCC00FFF7A1FF019B636226462D270025A846AD
:10ADDC000DF104092EE001229A400023E1E74A46D6
:10ADEC0039462046FFF78FFF9DF804A04A46791C90
:10ADFC002046FFF788FF019B1B029BB243EA0A0324
:10AE0C000133B3624A46B91C2046FFF77CFF9DF81C
:10AE1C0004A04A46F91C2046FFF775FF019B1B0254
:10AE2C009BB243EA0A031B02F3620135083604376E
:10AE3C00042D06D0636AAB42D1D8C6F828804346AD
:10AE4C00F2E74FF0FF336361002086E738B5054623
:10AE5C000C46FFF772FF864660B9A44605F118044C
:10AE6C000FCCACE80F000FCCACE80F0094E80F004F
:10AE7C008CE80F00704638BD70B505460E4614467A
:10AE8C00FFF75BFF38B9EB6A5B42334023F00103F9
:10AE9C002360EB6A636070BD2DE9F04704460E46F3
:10AEAC001546FFF74AFF4FF0FF31606810F026FDA2
:10AEBC003544E36A5B42334023F00103ED1A2FD093
:10AECC004FF0AA0855274FF08009E36A59423140E8
:10AEDC004908A368A3F8AA8AA368A3F85475A368C1
:10AEEC00A3F8AA9AA368A3F8AA8AA368A3F854752E
:10AEFC00A368302223F811202046FFF727FE824654
:10AF0C0028B9E36A1E44AB4201D2ED1ADDD12046CA
:10AF1C00FFF754FE606810F00BFD5046BDE8F0875B
:10AF2C004FF0000AF3E72DE9F04F83B01E460B43B8
:10AF3C0013F0010F05D04FF0190B584603B0BDE8C4
:10AF4C00F08F04460D469046FFF7F7FE8346002827
:10AF5C00F3D176084FF0FF31606810F0CFFC4FF062
:10AF6C00FF332361002E4ED0AB464FEA55094F46B6
:10AF7C006A4659462046FFF77FFF3546102E28BFFC
:10AF8C00102505EB090323F00F03BB421ABF09F090
:10AF9C000F03C3F1100310239D4228BF1D46A36865
:10AFAC004FF0AA02A3F8AA2AA3685522A3F85425A5
:10AFBC00A368252223F81720A2686B1E9BB222F8E7
:10AFCC001730A8F102034FEA450A03EB450EC8EB14
:10AFDC00470C0CF1020C0CEB0302A16833F8020FC6
:10AFEC0088527345F7D1791E2944A368292223F886
:10AFFC0011202046FFF7AAFD48B9A9442F44D0449C
:10B00C00761BB5D18346606810F092FC95E78346B9
:10B01C001E28F8D1A368AA22A3F8AA2AA36855224D
:10B02C00A3F85425A368F022A3F8AA2A2046FFF718
:10B03C00C5FDE8E710B582B00C4601AB0022034910
:10B04C0011F07AF8019B9C6002B010BD309803009F
:10B05C0008B5436943B14FF0FF33836180680368DF
:10B06C005B699847002008BD0D20FCE708B5836894
:10B07C001B681B6A984708BD08B583681B685B6A28
:10B08C00984708BD08B583681B689B6A984708BD3C
:10B09C0008B583681B68DB6A984708BD38B5044659
:10B0AC0002230361002343618361043010F0BEFB73
:10B0BC00054608B1284638BD04F10C0010F0B6FB6B
:10B0CC0005460021E06810F019FCF3E770B5044662
:10B0DC000D464FF0FF31406810F010FCA06803687B
:10B0EC001E692346084A2946B0470546A0680368EE
:10B0FC005B6998474FF0FF31E06810F0FFFB606828
:10B10C0010F016FC284670BDBBB1000070B50446AB
:10B11C000D464FF0FF31406810F0F0FBA06803685B
:10B12C001E692346074A2946B047054620B94FF009
:10B13C00FF336361284670BD606810F0F9FB002393
:10B14C00F7E700BFBBB1000038B543699BB10446BB
:10B15C00836993B1C06810F0D1FB054670B9002328
:10B16C006361A361A06803689B69984705466068A2
:10B17C0010F0DEFB02E00D2500E01225284638BD5C
:10B18C0038B543697BB10446836973B18068036841
:10B19C009B699847054600236361A361606810F0C2
:10B1AC00C7FB284638BD0D25FBE71225F9E708B586
:10B1BC000161C06810F0D7FB08BD000010B582B06B
:10B1CC000C4601AB0022054910F0B6FF019908317D
:10B1DC00204610F0D5FD02B010BD00BF70980300E2
:10B1EC000023C362426A006A82424FF0FF3038BFCC
:10B1FC0000207047436A026A934206D210B4C269B7
:10B20C005C1C4462D15410BC704770474FF0FF3344
:10B21C00C362826A806982424FF0FF3038BF0020DF
:10B22C007047836A8269934201D300207047426958
:10B23C00591C8162D05C704770B582B004460D46D3
:10B24C008969EB681944406810F058FBE0680368A2
:10B25C005B6A01A99847019B83B1E06803689B6A0C
:10B26C009847E06803685B6A01A99847019B2BB17A
:10B27C00636B1BB19847064600283DD16B68002BC9
:10B28C0033D00021A06810F039FBE06803685E69D8
:10B29C001E4B22462946B047E968A06810F02EFBE9
:10B2AC00064610B92B7F03B30C262B693BB3E06821
:10B2BC0003681B6AEBB198471BE00021A06810F0F3
:10B2CC001DFBE06803681E69104B22462946B047F7
:10B2DC00A969A06810F012FB06460028E7D12B7F65
:10B2EC0003F0FF062BB10C26E1E72B69002BE4D110
:10B2FC000026606810F01CFB304602B070BDE068A0
:10B30C0003681B6A002BD6D1F3E700BF59B40000C9
:10B31C0070B505460C464FF0FF31406810F0EEFA60
:10B32C0005F1100EA446BCE80F00AEE80F00DCF8E7
:10B33C000030CEF8003000246C62AC62E868036820
:10B34C009E69044B2A46297CB047686810F0F0FAD5
:10B35C00204670BDA498030038B504464FF0FF3169
:10B36C00406810F0CBFAE0680368DB699847054643
:10B37C00606810F0DDFA284638BD38B504464FF049
:10B38C00FF31406810F0BAFAE06803681B6A98470E
:10B39C000546606810F0CCFA284638BD38B504462E
:10B3AC000D464FF0FF31406810F0A8FAE0680368D2
:10B3BC005B6A294698470546606810F0B9FA28463A
:10B3CC0038BD38B504464FF0FF31406810F096FA9E
:10B3DC00E06803689B6A98470546606810F0A8FA15
:10B3EC00284638BDF8B504460E4617461D464FF0A4
:10B3FC00FF31406810F082FA236BC3B92946A0686C
:10B40C0010F07CFA054668B9E36ADBB101233370AE
:10B41C00A36A3B60E06803681B6A984705464FF0D7
:10B42C00FF332363606810F083FA2846F8BD0021CF
:10B43C00A06810F063FAE0680368DB6998470023A2
:10B44C002363DBE700233370636AE2E708B58068A7
:10B45C0010F089FA08BD08B5806810F084FA08BDB0
:10B46C0010B50446043010F0E1F900B110BD04F140
:10B47C00080010F0DBF90028F8D14FF0FF332363FC
:10B48C00F4E708B50B4600F10C01184610F078FCF7
:10B49C0008BD000030B583B00D46144601AB002248
:10B4AC00054910F049FE29460198FFF7EAFF019B78
:10B4BC005C6303B030BD00BFB898030008B5034609
:10B4CC00406980B19A69D2F820C0614528BF6146B5
:10B4DC00D960C1EB0141136AB1FBF3F103689B69BD
:10B4EC0089B2984708BD0720FCE710B504464069AF
:10B4FC0010B103685B69984720690368DB6998475A
:10B50C00002010BD8368013B8360002070470161FF
:10B51C00426043610020704710B48C4684690FCCA4
:10B52C00ACE80F000FCCACE80F002368CCF800306F
:10B53C00002010BC704700004368034800FB013337
:10B54C0013600020704700BF00B80B0038B50346ED
:10B55C0000695C6803685B6A0022034D05FB0141CE
:10B56C009847002038BD00BF00B80B0043693BB1C1
:10B57C0012B183691B6A1360C3680B6000207047AB
:10B58C000720704730B583B000690468BDF81850C7
:10B59C000095A46AA04703B030BD000010B5044666
:10B5AC00FEF740FB60600023A360E360034AA261E6
:10B5BC00E36104F1200010F039F910BD6C000010AB
:10B5CC0010B50446FEF72EFB60600023A360E36019
:10B5DC00034AA261E36104F1200010F027F910BDC9
:10B5EC004800001010B50446FEF71CFB60600023F9
:10B5FC00A360E360034AA261E36104F1200010F050
:10B60C0015F910BD2400001000B583B00022009283
:10B61C00134603210FF0DAFF03B05DF804FB0000C2
:10B62C0070B582B00446006903689B6998476369EA
:10B63C0003B30023E362184B1D68F5B10FF076F9E4
:10B64C000246A72300930023012128460FF0BEFFDA
:10B65C000126114D304610F0A7F828680FF0DAFFDC
:10B66C000028F7D1606903681B699847E168204698
:10B67C00FFF724FF002002B070BDA36A00930023E3
:10B68C001A46A72105480FF07DFF0546024B1860AE
:10B69C000028DDD0D2E700BF407419A0BC26020000
:10B6AC0038B51C4B8362836801338360012B01D056
:10B6BC00002038BD0446056983699B68032B07D0BD
:10B6CC00052B20D044221449144813F0B3FE04E097
:10B6DC0044221349114813F0ADFE63680F49CB6344
:10B6EC002B685B692846984700239C460D49626885
:10B6FC0022F803C002338B42F9D10028D9D120465D
:10B70C00FFF78EFFD5E744220749044813F092FE59
:10B71C00E3E700BF15B600002C9A0300447419A08F
:10B72C00A499030000B80B00E899030070B5044617
:10B73C000D4606690021006A10F0E0F83368DB6AF8
:10B74C0022460449304698472946206A10F0D6F81C
:10B75C0070BD00BF65B7000008B5006A10F003F9B2
:10B76C0008BD0123C0F884327047072070470720BA
:10B77C007047072070470820704738B504460D46BF
:10B78C0042F21071D0F8700210F0B8F8C4F83852C8
:10B79C00D4F8700210F0CCF8002038BD38B504464F
:10B7AC000D4642F21071D0F8700210F0A7F8D4F8E0
:10B7BC006C32B3FA83F35B092B60D4F8700210F08F
:10B7CC00B7F8002038BD2DE9F04784B004460F4689
:10B7DC0010F0E8F906460DF10C0901254FF00D08A3
:10B7EC0002E028460FF0E0FF304610F0E9F9B842CD
:10B7FC0016D2D4F87C02D4F83C220368CDF8009021
:10B80C00D3F81CA02B4612044146D0470028E8D0A0
:10B81C00039B03F4F053B3F5006FE2D1002000E07A
:10B82C00022004B0BDE8F08738B5044642F210712E
:10B83C00D0F8700210F062F84FF47A712046FFF7DE
:10B84C00C2FF0546D4F8700210F072F8284638BDD5
:10B85C002DE9F04F87B004468846029117461D46E5
:10B86C0042F21071D0F8700210F048F87B1E7E2B5B
:10B87C0000F2D38094F8746216F0010F40F0D68079
:10B88C0016F0040640F0D480B4F8443213F0080FDC
:10B89C0002D143465B0202934FF00508DFF8A4A1E6
:10B8AC00ADE0D4F87C02036805AA0092DF6901239D
:10B8BC00029A4946B847002800F09180059B1AEA85
:10B8CC00030F40F0A780D4F87C020368DB6B2246A0
:10B8DC005D499847049B4FF47A7103FB01F1D4F84E
:10B8EC00780210F00BF8022808BF1026D4F87C025E
:10B8FC0003685B6A9847B9F1190F53D0D4F88432B6
:10B90C00012B62D0002E5ED008F1FF3818F0FF0832
:10B91C005DD00023C4F88432D4F87C0203689F6B9A
:10B92C0004AB4FF400720121B847049A012A00F0CD
:10B93C008380B4F8443203F00603002BD4F87C0265
:10B94C00036805A90091DF694FF001030CBF1721B3
:10B95C009721B84700283CD0059B1AEA030F3BD12E
:10B96C00DDF810B04FF01909BBF1000F99D04FF072
:10B97C0019094FF40077D4F87C0203685B6C984784
:10B98C0000288ED0D4F87C0203681B6C3A462946FA
:10B99C0098470646002884D105F50075BBF1010BCC
:10B9AC00E9D17EE7B4F8443203F00603002BA5D0AE
:10B9BC00D4F87C02036805AA0092DF6901230022F7
:10B9CC000C21B8479AE7039F0BE010269CE7039FD6
:10B9DC0007E0039F102604E0039F102601E0039F5D
:10B9EC001026049BFF1AB4F8442212F0080F029A96
:10B9FC0007BF02EB43230293D218029277B14FF4A4
:10BA0C007A712046FFF7DFFEA0B9B8F1000FE8D03D
:10BA1C0003977EE7039F1026E3E70E26D4F8700207
:10BA2C000FF086FF304607B0BDE8F08F0D26F5E726
:10BA3C001126F3E70226F1E7DDF810B04FF01809F4
:10BA4C0097E700BF000058C021BC00002DE9F04F63
:10BA5C0089B004460F461646994642F21071D0F84A
:10BA6C0070020FF04BFF731E7E2B00F2978094F840
:10BA7C00743213F0010F40F09A80D4F86C32002B22
:10BA8C0000F09780B4F8443213F0080F08BF7F021F
:10BA9C004FF4FA712046FFF796FE054603900028F6
:10BAAC0040F089804FF0000A032305934FF0050BFB
:10BABC0068E00023C4F88432D4F87C02036806AA38
:10BACC00019200941D6A514B4FF400723146A84705
:10BADC00054600285BD1069B022B34BF1121122195
:10BAEC000491D4F87C02036807AA0092D3F81C8056
:10BAFC0001233A46C04718B1079B454A1A421CD04D
:10BB0C00D4F87C0203685B6A9847BAF1000F79D0CD
:10BB1C00D4F87C02036807AA0092D3F81C80012396
:10BB2C0000220C21C047D4F88432012B18D0DDB18F
:10BB3C000BF1FF3B5FFA8BFB24E0DDF818A0C84645
:10BB4C0040E0059B013B13F0FF0305933AD10546FA
:10BB5C0001200FF029FED3E71025D1E71025CFE700
:10BB6C0001200FF021FEE2E7069BF61A11D0B4F883
:10BB7C00442212F0080F0CBF07EB4327FF1809EB08
:10BB8C004329039DBBF1000F93D1002DECD0102D58
:10BB9C0005D0003E18BF0126350100E00E25D4F873
:10BBAC0070020FF0C5FE284609B0BDE8F08F0D25D8
:10BBBC00F5E70D25F3E70225F1E708F50078BAF172
:10BBCC00010A19D04FF4FA71D4F878020FF096FEEE
:10BBDC000228C1D0D4F87C0203689B6A4FF400722F
:10BBEC00414698471A28ACD0D4F88432012BB5D0F2
:10BBFC000028E2D0102583E70546D4F87C020368C0
:10BC0C005B6A9847049B122B8DD181E721BC000005
:10BC1C00000058C008B5D0F878020FF0A4FE08BD9B
:10BC2C0010B504460123A0F844320022C0F86C225F
:10BC3C0080F87432FDF738FE01284FF0FF3018BF42
:10BC4C000020C4F8800204F51C700FF0EFFD00B169
:10BC5C0010BD0022FF2104F51E700FF012FEF7E755
:10BC6C002DE9F04F8BB0044690F8740210F00200EE
:10BC7C0040F07781D4F86C32002B40F06F81D4F80F
:10BC8C007C0203681B699847D4F87C0203681B6B21
:10BC9C000022B549984702200FF086FDD4F87C02AB
:10BCAC00036800250095DE692B462A462946B047D5
:10BCBC00C4F83C520FF076FF0746D4F87C020368B8
:10BCCC0006AA0092DD6901234FF4D5720821A8471A
:10BCDC0030B1069BC3F30B03B3F5D57F00F0F880AE
:10BCEC00D4F87C02036806AA0092DD6901239F4AFE
:10BCFC00A921A847002800F00F814FF0020B4FF04C
:10BD0C00A90A0125DFF864920DF1180828460FF0F6
:10BD1C004BFD38460FF054FFB0F57A7F80F00F8161
:10BD2C00D4F87C020368CDF80080DE692B464A46C5
:10BD3C005146B0470028E9D0069B002BE6DAA4F860
:10BD4C0044B2069B1A0E84F866221A0C84F86722F9
:10BD5C001A0A84F8682284F86932D4F87C020368E1
:10BD6C0006AA0092DD69022300221946A847002882
:10BD7C0000F0E58006AF254604F11006234639464F
:10BD8C0051F8042B100E83F85602100C83F857024E
:10BD9C00100A83F8580283F859220433B342EFD1C6
:10BDAC001BF0060800F0BC80D4F87C02036806AADD
:10BDBC000092D3F81C90012300220321C8470028CD
:10BDCC0000F0BD80BDF81A10C4F83C12D4F87C0207
:10BDDC000368DB6A9847D4F87C02D4F83C220368E9
:10BDEC0006A90091D3F81C90022312040921C8471C
:10BDFC00002800F0A48057F8043B1A0E85F8462260
:10BE0C001A0C85F847221A0A85F8482285F8493217
:10BE1C000435B542EFD1D4F87C02D4F83C22036847
:10BE2C0006A90091DD69012312040721A847002807
:10BE3C0000F085801BF0080F10D1D4F87C02036849
:10BE4C0006AA0092DD6901234FF400721021A84765
:10BE5C00002874D0464A069B1A4270D1D4F880321E
:10BE6C00B3F1FF3F18D1B8F1000F15D0D4F87C0214
:10BE7C00036806AA0092DD69012302228621A847E5
:10BE8C0000285CD03A4A069B1A4258D1D4F87C025E
:10BE9C0003685B6B01219847D4F87C522B681E6BAE
:10BEAC00FDF7FEFC01464FF0FF322846B0474FF03D
:10BEBC00FF33C4F86C3203A9204600F05DF800286B
:10BECC003DD194F8743223F0010384F8743245E0C8
:10BEDC000125DFF8A08006AE28460FF065FC384639
:10BEEC000FF06EFEB0F57A7F29D2D4F87C0203688D
:10BEFC000096D3F81C902B464246A921C84700282F
:10BF0C00EAD0069B002BE7DA13F0804F0CBF4FF002
:10BF1C00040B4FF00C0B12E74FF0010BDA46F0E676
:10BF2C00D4F87C02036806AA0092D3F81C90012373
:10BF3C004FF480320321C84708B1012144E70023A4
:10BF4C00C4F86C32D4F87C0203685B69984794F8A7
:10BF5C00743243F0010384F874320B200BB0BDE84B
:10BF6C00F08F3920FAE700BF400D03000080FF007E
:10BF7C000000F9FD0080FF4070B504460D46D0F876
:10BF8C006C32002B45D042F21071D4F870020FF0D5
:10BF9C00B5FCD4F86C32002B3FD094F846329B0998
:10BFAC00012B47D094F84E2294F84D329B0003EBB2
:10BFBC00921394F84C22920202F44062134401331F
:10BFCC0094F84B2202F00F0294F8501202EBD112AB
:10BFDC0094F84F12490001F006010A44073A9340C5
:10BFEC002B604FF400736B60B4F8443213F0020F03
:10BFFC0029D194F85132DA0002F0180202EB5312F4
:10C00C0094F85032C3F38403013302FB033300264C
:10C01C0009E00021FFF724FEB5E74FF400736B60D5
:10C02C0000232B600C26AB60D4F870020FF080FC60
:10C03C00304670BD94F84E2294F84F3203EB022335
:10C04C0001339B02CCE700231E46ECE708B5FFF753
:10C05C0093FF08BD30B583B00D4601AB00220949F2
:10C06C0010F06AF8019C04F51F7128460FF088FE49
:10C07C00D4F87C020368DB6C22460349984703B072
:10C08C0030BD00BF709A03006FB70000C36A23B1C4
:10C09C004FF0FF330361002070470A2070470020E7
:10C0AC00704707207047072070470720704708200B
:10C0BC00704738B504464FF0FF3140680FF01EFC56
:10C0CC0000252561E56260680FF032FC284638BD1A
:10C0DC0038B504460D464FF0FF3140680FF00EFCAA
:10C0EC00656260680FF024FC002038BD38B504464A
:10C0FC000D464FF0FF3140680FF000FC2369B3FA96
:10C10C0083F35B09626A0AB143F00403E26A002A12
:10C11C0008BF02232B6060680FF00AFC002038BDBA
:10C12C002DE9F04788461D469DF820709DF8246047
:10C13C009DF828904469601E04F11E034FF0000C1A
:10C14C0000F801CF9842FBD1032E35D0252E4AD0D2
:10C15C000EB302FB05FA2B4920460DF061F80021C5
:10C16C00201D0DF05DF8514604F108000DF058F853
:10C17C00012F08BF0027277384F80E90E673414601
:10C18C0004F111000DF068F8294604F116000DF0C9
:10C19C007FF8BDE8F0871B4920460DF041F80021DF
:10C1AC00201D0DF03DF8002104F108000DF038F8C9
:10C1BC00012FE0D10027DEE7124920460DF030F8C0
:10C1CC000021201D0DF02CF8122104F108000DF0B7
:10C1DC0027F8012F08BF0027277384F80E90E67309
:10C1EC001223E374D0E7074920460DF019F800211B
:10C1FC00201D0DF015F8082160180DF011F8012F15
:10C20C00B9D1D7E755534243F0B585B0044615462E
:10C21C00C6680A23029328230193802300931346B4
:10C22C008269FFF77DFF336842F2107201921F2280
:10C23C0000925F6C636994F8292001213046B8475D
:10C24C00034620BB336842F210720192A26902FBD2
:10C25C0005F500959D6C236A94F828200121304641
:10C26C00A847034698B9336842F2107201920D2226
:10C27C0000929D6C636994F8282001213046A847F0
:10C28C00034620B963691B7B002B18BF0C2318468F
:10C29C0005B0F0BD70B584B00446C5680A2302939E
:10C2AC00252301938023009300231A461946FFF798
:10C2BC0037FF2B6842F2107201921F2200925E6CC3
:10C2CC00636994F8292001212846B04768B92B6886
:10C2DC0042F210720192082200929E6C636994F8EB
:10C2EC00282001212846B04708B104B070BD606910
:10C2FC000CF0A2FFE061606904300CF09DFFA061BE
:10C30C002B6842F2107201920D2200929E6C6369AE
:10C31C0094F8282001212846B0470028E5D163690C
:10C32C00187B002818BF0C20DFE770B582B00446DC
:10C33C000D4601A9FFF7DAFE019B022B3ED04FF010
:10C34C00FF3160680FF0DAFA012200212046FFF776
:10C35C005BFF0646F0B9236A012293F8C61120460A
:10C36C00FFF752FF0646D8B9206A16300CF064FF6E
:10C37C000346C8B12B602046FFF78CFF0646C8B9B0
:10C38C00A369AB60E3692B60A3696B6060680FF015
:10C39C00CFFA02E060680FF0CBFA304602B070BD05
:10C3AC0060680FF0C5FAF8E7206A24300CF044FFFF
:10C3BC000346DFE760680FF0BBFAEEE70C26ECE70C
:10C3CC002DE9F84304460D4617461E464FF0FF3143
:10C3DC0040680FF093FA9FB12F444FF001094A4681
:10C3EC0029462046FFF710FF804688B9A269216ACA
:10C3FC00304613F01FF8A3691E440135AF42EED14D
:10C40C0060680FF095FA4FF000084046BDE8F883DD
:10C41C0060680FF08DFAF8E72DE9F04F87B004460D
:10C42C0088464FF0FF3140680FF068FAE6683368D1
:10C43C001B6A802130469847606133681B6A4FF451
:10C44C008051304698472062336841F2883202921C
:10C45C000922019262690092DD6B0023022241469F
:10C46C003046A84710BB606902300CF001FF3368FE
:10C47C0041F288320292019062690092DD6B0023D6
:10C48C00022241463046A8478146B8B963695A78BA
:10C49C00022A17D11D781D445F883B449D4220D34E
:10C4AC0060680FF045FA4FF0090903E081466068B7
:10C4BC000FF03EFA484607B0BDE8F08F60680FF009
:10C4CC0037FAF7E760680FF033FA4FF0FF09F1E73E
:10C4DC006B79082B2FD02B781D4463693B449D420C
:10C4EC0034D26B78042BF3D0052BF4D1EB7803F01A
:10C4FC000303022BEFD1AB7895F90220002A03F04D
:10C50C007F03B4BF84F8283084F829303368D3F81B
:10C51C0030A095F802B0281D0CF0AAFE03465A462E
:10C52C0041463046D04782460028D4D060680FF090
:10C53C00FFF9D146BEE7AB79062BCCD1EB79502B6A
:10C54C0008BF49F001095FFA89F9C4E7B9F1000F96
:10C55C00A6D033685B6B0122414630469847814632
:10C56C00F0B964200FF020F9326842F21073049392
:10C57C006369039301230293002301930093956B4A
:10C58C00FE23A12241463046A847814615280FD0EC
:10C59C0050B94FF0C8084FF006090025012750E0AC
:10C5AC0060680FF0C5F985E760680FF0C1F981E7A5
:10C5BC004FF0C808EFE733684FF4FA620192122289
:10C5CC000092D3F848A0636994F828203946304685
:10C5DC00D047002832D133684FF4FA6201920D2211
:10C5EC000092D3F848A0636994F828203946304665
:10C5FC00D04723E060680FF09BF95BE764200FF0F5
:10C60C00D3F8E668CDF808900323019380230093B8
:10C61C002B462A4629462046FFF782FD33684FF405
:10C62C00FA6201921F220092D3F844A0636994F835
:10C63C00292039463046D0470028BCD0B8F1010833
:10C64C002ED0E668CDF80890019500972B462A4627
:10C65C0029462046FFF764FD33684FF4FA620192D5
:10C66C001F220092D3F844A0636994F8292039461C
:10C67C003046D0470028C1D133684FF4FA6201929A
:10C68C001F220092D3F848A0636994F828203946F9
:10C69C003046D0470028B1D163691B7B002BADD14C
:10C6AC002046FFF7F7FD81460028A3D14FF0FF335A
:10C6BC00E36260680FF03CF9236A012200212046F6
:10C6CC00FFF77EFEF6E62DE9F04F85B004460E46E8
:10C6DC0015461F464FF0FF3140680FF00FF935B18A
:10C6EC0005EB060A4FF00A0B4FF0010813E04FF070
:10C6FC00000900E0814660680FF01AF9484605B061
:10C70C00BDE8F08F8146F6E78146F4E70136A26971
:10C71C001744564548D0A2693946206A12F08AFE61
:10C72C00E568CDF808B02A23019300230093434613
:10C73C00A26931462046FFF7F3FC2B6842F21072D7
:10C74C0001921F220092D3F84490636994F8292037
:10C75C0041462846C8470028CCD12B6842F21072BB
:10C76C000192A2690092D3F84490236A94F829208C
:10C77C0041462846C8470028C4D12B6842F21072A3
:10C78C0001920D220092D3F84890636994F8282006
:10C79C0041462846C8470028B6D163691B7B002B4D
:10C7AC00B4D04FF00C09A6E79946A4E710B504469F
:10C7BC0000230361436204300FF038F800B110BD60
:10C7CC0004F108000FF032F80028F8D1E062F6E727
:10C7DC0030B583B00446084601A90FF029FD054683
:10C7EC0010B1284603B030BD04F10C0101980FF0D4
:10C7FC000BFD05460028F4D1E06803681B69024A6A
:10C80C0021469847EDE700BFE89A030010B582B0C7
:10C81C000C4601AB002204490FF08EFC2146019816
:10C82C00FFF7D6FF02B010BDAC9A0300072070478B
:10C83C0038B504460D464FF0FF3140680FF05EF8F6
:10C84C00A06803685B6929469847054660680FF045
:10C85C006FF8284638BD38B504460D464FF0FF3109
:10C86C0040680FF04BF8A06803689B693BB1294600
:10C87C009847054660680FF05BF8284638BD60683D
:10C88C000FF056F829462046FFF7D2FF1725F4E79C
:10C89C0038B504460D464FF0FF3140680FF02EF8C6
:10C8AC00A06803681B6929469847054660680FF025
:10C8BC003FF8284638BD08B504300EF0B7FF08BD68
:10C8CC0010B582B00C466B46002206490FF034FCC2
:10C8DC0001A920460FF054FA009B019A9A6000209F
:10C8EC0002B010BDF09A030038B504460025C560AF
:10C8FC000561456185611C300EF098FF2946E069A1
:10C90C000EF0FCFF201D0EF091FF38BD00B583B07A
:10C91C008DF807100DF1070100690FF0BBF803B09B
:10C92C005DF804FBE1B170B582B005464C1E0DF10B
:10C93C0007063146E8680FF002F950B9A868036899
:10C94C005B6A9DF807109847013CB4F1FF3FF0D1AA
:10C95C0004E000236B61E8690FF005F802B070BDCC
:10C96C00704738B504464FF0FF3140680EF0C6FFF3
:10C97C00A3690133A361012B05D0002560680EF07B
:10C98C00D7FF284638BDA0680368DB699847054681
:10C99C00F4E738B504464FF0FF3140680EF0AEFFB7
:10C9AC00A369013BA3614BB9A06803681B6A984754
:10C9BC00054660680EF0BCFF284638BD0025F8E738
:10C9CC0038B504464FF0FF3140680EF097FFA06871
:10C9DC0003681B6A9847636973B1A0680368DB69D5
:10C9EC0098474FF0FF31E0690EF088FF054660680C
:10C9FC000EF09EFF284638BDA0680368DB69984797
:10CA0C000025F4E72DE9F8439946DDF82080174618
:10CA1C006AB105460E4600244246311928690FF0CA
:10CA2C0072F8024628B90134A742F5D102E000227F
:10CA3C0000E02746B9F1000F01D0C9F8007010468C
:10CA4C00BDE8F8832DE9F04F83B00193DDF8309009
:10CA5C009246002A40D004460E4600274FF0FF387D
:10CA6C00BB4619E0C4F814805946E0690EF046FF45
:10CA7C00A06803685B6A317898470546A06803682C
:10CA8C00DB69984760680EF053FF022D16D0E5B9AC
:10CA9C0001360137BA4517D9414660680EF02EFFB2
:10CAAC00A06803681B6A98476369002BDAD00122DF
:10CABC003146E0680EF0CDFF0546DFE7B9F101091C
:10CACC0003D0013F013EE3E70025019B03B11F604A
:10CADC00284603B0BDE8F08F17460025F5E710B5E2
:10CAEC008446806804684B1E042B1CD8DFE803F0D6
:10CAFC0003070B10150063691146984710BDA36915
:10CB0C0011469847FAE7A36A7BB111689847F5E795
:10CB1C00E36A63B111469847F0E71146DCF8100060
:10CB2C000FF028F8EAE70820E8E70720E6E70720F7
:10CB3C00E4E7000070B5044610461D46A16004F100
:10CB4C000C0201210EF028FF064608B1304670BDDC
:10CB5C0004F11002012128460EF01EFF064638B9DA
:10CB6C00A06803681D69054B054A2146A847EDE7F7
:10CB7C00E0680EF033FF0023E360E7E731C9000003
:10CB8C0019C9000070B582B00E4614461D466B469E
:10CB9C00002207490FF0D0FA01A930460FF0F0F847
:10CBAC002B46224601990098FFF7C4FF02B070BDD6
:10CBBC00109B030008B504300EF038FE08BD70B5AC
:10CBCC008AB004460D4600238DF80030037B8DF8A7
:10CBDC0008304FF4C873ADF80A30CDF80CD00123EF
:10CBEC008DF810304FF4FA73059301AA06920222C5
:10CBFC008DF81C2008934FF47A7140680EF07EFE7D
:10CC0C00A06803681B6902A99847064650B99DF8AD
:10CC1C0004209DF8053043EA02231B041B126FF31A
:10CC2C000C032B6060680EF083FE30460AB070BDBA
:10CC3C0030B585B00D46144603AB002208490FF001
:10CC4C007BFA02A928460FF0F3FA01A902980FF01B
:10CC5C00DBFA039B019A9A601C7305B030BD00BFD0
:10CC6C00389B030008B5C3680069984708BD08B530
:10CC7C000023C36008300EF0D9FD08BD10B5044682
:10CC8C004FF0FF3180680EF039FE606803681B6A54
:10CC9C009847A0680EF04CFE002010BD10B504465D
:10CCAC004FF0FF3180680EF029FE606803685B6A04
:10CCBC009847A0680EF03CFE002010BD10B504464D
:10CCCC004FF0FF3180680EF019FE606803689B6AB4
:10CCDC009847A0680EF02CFE002010BD38B5044615
:10CCEC000D464FF0FF3180680EF008FE6068036857
:10CCFC001B69294698470546A0680EF019FE284680
:10CD0C0038BD38B504460D464FF0FF3180680EF043
:10CD1C00F5FD606803685B69294698470546A0687D
:10CD2C000EF006FE284638BD2DE9F04104460D46AE
:10CD3C0017461E464FF0FF3180680EF0DFFD60682D
:10CD4C000368D3F830803B4632462946C047054637
:10CD5C00A0680EF0EDFD2846BDE8F08170B50446E4
:10CD6C000D4616464FF0FF3180680EF0C7FD606827
:10CD7C000368DB693246294698470546A0680EF0E1
:10CD8C00D7FD284670BD0000F8B504460D46174681
:10CD9C001E464FF0FF3180680EF0B0FDE760266153
:10CDAC0060680368DE6A2346044A2946B047054694
:10CDBC00A0680EF0BDFD2846F8BD00BF71CC000088
:10CDCC0010B582B00C4601AB002206490FF0B4F945
:10CDDC0008B102B010BD0199043120460EF0D0FF0D
:10CDEC00F7E700BF4C9B0300002070470020704702
:10CDFC0008B50023036143618361C36104300EF005
:10CE0C0015FD08BD70B582B004460D464FF0FF31DC
:10CE1C0040680EF073FDCDB9A0680368DB69217B17
:10CE2C0098470646206958B103685B6BA269217D5F
:10CE3C009847206962690368DB6901219140984732
:10CE4C0060680EF075FD304602B070BDA0680368D6
:10CE5C001B6900222946984706460028F0D1206914
:10CE6C0020B103685B6BE269217D9847A06802687A
:10CE7C0000230193009356696A08217BB04706464C
:10CE8C000028DDD1A06803689B69217B9847064682
:10CE9C00D6E708B584460846CCF81010CCF8142018
:10CEAC00CCF81830029BCCF81C300B68DB690121E4
:10CEBC009140984708BD000070B584B00C4603AB98
:10CECC000022114911480FF037F9054610B12846D8
:10CEDC0004B070BD02A920680EF052FF039E2379A6
:10CEEC00029AB2603373E0884FF6FF739842EED02B
:10CEFC00000A0FF0F3FB0146E3680093A368A279E4
:10CF0C003046FFF7C6FFE2E77C9B0300180E0200D9
:10CF1C00436801334360002070474368013B436022
:10CF2C000020704703464FF0FF3282600020D8602B
:10CF3C00704700238360C368032B3FD12DE9F04772
:10CF4C00034600F1300A00244FF0FF36A446354664
:10CF5C00A046B146A64637465A69BA423CBFD3F8FA
:10CF6C0044901746724584BFD3F8448096469A691C
:10CF7C00AA423CBF9E6C1546624584BF9C6C94468D
:10CF8C0010335345E8D14767C0F87890A8EB0903F4
:10CF9C00C367AEEB0707C0F88070C0F88450C0F8C8
:10CFAC008860A41BC0F88C40ACEB0505C0F8905011
:10CFBC004FF0FF3303670020BDE8F0870520704772
:10CFCC0070B5C468022C15D80546964600EB041CB7
:10CFDC000CF110060FC986E80F000CF1400C9EE80E
:10CFEC000F008CE80F000134EC60032C34BF0520DB
:10CFFC00002070BD1420FCE70720704708B5D0F85E
:10D00C00BC000EF0B0FC08BD08B5002343600367FC
:10D01C00C0F8A030C0F89830C0F89C30BC300EF08E
:10D02C0005FC08BD10B504466421D0F894000EF040
:10D03C0065FC00B110BDD4F894000EF079FC07200B
:10D04C00F8E72DE9F04F91B004460E460FA9B03029
:10D05C000FF01EFD0021D4F8BC000EF04FFC039025
:10D06C004FF0120B0DF1140A322737E0D4F8A03030
:10D07C003360D4F898307360D4F89C30B360D4F833
:10D08C00983073600F980FF010FD0025284611B0F2
:10D09C00BDE8F08FB4F8B6000FF094FBB4F8B8000C
:10D0AC000FF054FB0A200CF0B7F9B4F8B8000FF0ED
:10D0BC0041FB0F980FF0F9FCE8E70023C4F8A0300F
:10D0CC003360D4F898307360D4F89C30B360D4F8E3
:10D0DC0098307360B4F8B6000FF074FBB4F8B60077
:10D0EC000FF096FB0028C1D1039B002BBED18DF80D
:10D0FC0014B001970123009353464FF4C872552185
:10D10C000F980FF008FD01970723009307AB4FF41E
:10D11C00C87255210F980FF0DEFC05460028B9D1D6
:10D12C009DF81C509DF81D909DF81E80FCF774FD19
:10D13C009DF91C30002BC0DA2B0103F4E06343EAA9
:10D14C0009032D0205F4E06545EA0805401B01388A
:10D15C000122C4F8A0203260C4F898307360C4F87F
:10D16C009C00B060A268002AB4D1226F002AB1D012
:10D17C007360AFE710B504460021D0F8BC000EF088
:10D18C00BDFB0021B4F8B8000FF004FBB4F8B800F4
:10D19C000FF0E8FAB4F8B8000FF0D8FA0A200CF047
:10D1AC003BF922460749B4F8B6000FF015FB0021F5
:10D1BC00B4F8B6000FF0FAFAB4F8B8000FF0BAFAF7
:10D1CC00002010BD09D000002DE9F04182B0884646
:10D1DC0016461F466B4601AA0A490EF0ADFF0546DE
:10D1EC00009C414604F1B00012F080F9A4F8B8702C
:10D1FC00A4F8B6602046FFF7BDFF284602B0BDE894
:10D20C00F08100BF989B030070B50446B0F81E5126
:10D21C00402D28BF4025006903685E6B2B46D4F86F
:10D22C0018218021B047B4F81E315B1BA4F81E31C5
:10D23C00D4F818312B44C4F8183170BD38B51C46DD
:10D24C001D6891F801C0BCF1090F45D8DFE80CF05E
:10D25C00050D441244172244313B00232B706B7094
:10D26C00022313804FF0FF3037E0002313804FF080
:10D27C00FF3032E0002313804FF0FF302DE04FF0F1
:10D28C00FF33C0F820314A8802F07F0280F8242155
:10D29C00184622E00069498803681D6D1346CAB21E
:10D2AC00090AA84708B9002017E020604FF0FF30AA
:10D2BC0013E001231380006903689B6A9847287068
:10D2CC004FF0FF3009E00069498803685B6AC9B216
:10D2DC0098474FF0FF3000E0002038BD38B50446C9
:10D2EC000D464FF0FF3140680EF008FB20690368D3
:10D2FC005B6D2946984760680EF01AFB38BD70B517
:10D30C0004460D46C0680EF0F9FA064608B13046E0
:10D31C0070BD2946A0680EF0F1FA064618B92069CE
:10D32C000368DB6C9847E0680EF002FBEFE7000047
:10D33C0038B505460C464FF0FF3140680EF0DEFA6A
:10D34C00032C1DD804EB440305EB83031B6ACBB100
:10D35C000E4A93420FD08CB1002304EB440205EB30
:10D36C00820213620023536293621C4668680EF0BB
:10D37C00DFFA204638BD3CB10023EEE7034BECE767
:10D38C000824F3E70924F1E70924EFE749D2000068
:10D39C00F8B505460C4617461E464FF0FF3140685F
:10D3AC000EF0ACFA032C15D804EB440105EB81010B
:10D3BC000B6A2BB10B4A934201D00A240BE07CB9C7
:10D3CC0004EB440305EB8303069A1A625F629E62C8
:10D3DC00002400E0082468680EF0AAFA2046F8BD84
:10D3EC000A24F8E749D200002DE9F04104460D4625
:10D3FC0000F1500601F07F0706EBC7084FF0FF3134
:10D40C0040680EF07BFA15F0800F0BD1D8F8043081
:10D41C008BB10025C8F8045060680EF089FA2846D4
:10D42C00BDE8F08156F837301BB1002546F837506F
:10D43C00F2E70925F0E70925EEE72DE9F843044664
:10D44C000D46164600F1500701F07F0807EBC8099E
:10D45C004FF0FF3140680EF051FA15F0800F09D1F2
:10D46C00D9F804307BB10A2560680EF061FA2846C1
:10D47C00BDE8F88357F838300BB10A25F4E747F8C4
:10D48C0038600025F0E7C9F804600025ECE770B5BA
:10D49C0004460D4616464FF0FF3140680EF02EFA4A
:10D4AC00206903689B6C32462946984760680EF0E9
:10D4BC003FFA70BD38B504460D464FF0FF31406859
:10D4CC000EF01CFA206903685B6C2946984760686B
:10D4DC000EF02EFA38BD38B504460D464FF0FF312C
:10D4EC0040680EF00BFA206903681B6C29469847BC
:10D4FC0060680EF01DFA38BD38B504460D464FF085
:10D50C00FF3140680EF0FAF920690368DB6B29469D
:10D51C009847054660680EF00BFA284638BD70B582
:10D52C0004460D4616464FF0FF3140680EF0E6F902
:10D53C00206903689B6B32462946984760680EF059
:10D54C00F7F970BD2DE9F04104460D4616461F460D
:10D55C004FF0FF3140680EF0D1F920690368D3F821
:10D56C0034803B4632462946C047054660680EF07B
:10D57C00DFF92846BDE8F0812DE9F04104460D465F
:10D58C0016461F464FF0FF3140680EF0B7F9206980
:10D59C000368D3F830803B4632462946C0470546DF
:10D5AC0060680EF0C5F92846BDE8F08170B50446F8
:10D5BC000D4616464FF0FF3140680EF09FF920697A
:10D5CC000368DB6A32462946984760680EF0B0F96A
:10D5DC0070BD38B504460D464FF0FF3140680EF073
:10D5EC008DF94FF0FF33C4F8203184F82451606872
:10D5FC000EF09EF938BD10B504464FF0FF3140686F
:10D60C000EF07CF920690368DB69984760680EF0BE
:10D61C008FF910BD10B504464FF0FF3140680EF085
:10D62C006DF9206903689B69984760680EF080F972
:10D63C0010BD10B504464FF0FF3140680EF05EF996
:10D64C00206903685B69984760680EF071F910BD3A
:10D65C0030B583B004460D464FF0FF3140680EF0F4
:10D66C004DF9009504F114030193206903681B69BB
:10D67C006946984760680EF05BF9002003B030BD36
:10D68C0038B504460023036104300EF0CFF805468C
:10D69C0008B1284638BD04F10C000EF0C7F8054659
:10D6AC000028F6D104F108000EF0C0F80546002859
:10D6BC00EFD1B822002104F1180011F0E4FE04F1BE
:10D6CC00D0036362074B2362A462074BE361074BF1
:10D6DC002365636564610023C4F8203184F8243128
:10D6EC00D7E700BF49D20000FDD6000007D70000E5
:10D6FC0008B580680EF037F908BDF8B50446002966
:10D70C0040F0A980154612F0040F4DD0006904F5C5
:10D71C00887603681F6B08233246B84794F810319B
:10D72C0003F01F0303EB430304EB83035B6AC4F8AE
:10D73C001831B4F81631A4F81E31A4F81C3194F940
:10D74C001031002B06DB206903685F6B00231A463F
:10D75C008021B84794F8103103F01F03032B1BD81A
:10D76C0003EB430204EB8202176AAFB1104604F5D7
:10D77C008C7304F58E723146806AB84760B1B4F888
:10D78C001C31B4F81621934228BF1346A4F81E315D
:10D79C002046FFF739FD60E0206903689B6B4FF072
:10D7AC00FF322946984758E0B0F81E31002B4AD07A
:10D7BC0000690268166BD4F818210021B0470028C4
:10D7CC0031DBD4F818310344C4F81831B4F81E31E5
:10D7DC001B1A9BB2A4F81E31002B3ED194F81031C9
:10D7EC0003F01F0303EB430204EB8202526AC4F8FA
:10D7FC001821032B1FD803EB430204EB8202166A99
:10D80C00CEB1104604F58C7304F58E7204F5887154
:10D81C00806AB04778B1B4F81C31A4F81E312046A8
:10D82C00FFF7F2FC19E0206903689B6B4FF0FF32A5
:10D83C002946984711E0206903689B6B4FF0FF3233
:10D84C002946984709E0006903681C6B00231A46B7
:10D85C001946A04701E0802900D0F8BD90F910319D
:10D86C00002B0DDBD0F82031002BF6D00023C0F8B4
:10D87C002031006903681B6A94F824119847ECE77F
:10D88C00FFF7C2FCE9E7000010B582B00C4601AB13
:10D89C00002205490EF050FC0199103120460EF083
:10D8AC006FFA02B010BD00BFC89B0300C06900B97D
:10D8BC00704708B50EF057F808BD806900B970477D
:10D8CC0008B50EF050F808BD806900B9704708B56E
:10D8DC000EF049F808BDC06908B90D20704708B5AD
:10D8EC000EF00CF808BD2DE9F04F85B00F464D68D1
:10D8FC002B685B69284698472B689B692846984794
:10D90C003B693BB94FF4FA7420460DF04DFF3B696F
:10D91C00002BF9D04FF0000A4FF0FF384FF00509FB
:10D92C00012646E02B685B69284698472B689B6963
:10D93C00284698473DE02B685B69284698472B683A
:10D94C009B692846984734E02B681B6B01212846BD
:10D95C0098474FF0FF31F8680DF0D0FF3C69FCB1EF
:10D96C004FF0010B2B68DB6928469847A3681B68AE
:10D97C0059466068984770B12468002CF2D1F86859
:10D98C000DF0D6FF2B685B69284698472B689B697E
:10D99C00284698470DE04FF0FF3323610123237392
:10D9AC00F8680DF0C5FF4FF0FF3A02E0BAF1000F36
:10D9BC0061D14146B8690DF0A1FF002840F08C8080
:10D9CC004C4630460DF0F0FE2B689B6A2846984773
:10D9DC00013C14F0FF04F4D10128E7D1BAF1000F97
:10D9EC00E7D12B689B6928469847032430460DF0F5
:10D9FC00DBFE2B689B6A28469847013C14F0FF0419
:10DA0C00F4D101288ED12B68DB69284698472B6806
:10DA1C001B6A80212846984704462B689B6D284634
:10DA2C009847014687F820002B68DB6D28469847FD
:10DA3C002B6841F288320292082201920094D3F8AA
:10DA4C0040B00023012219462846D84700287FF40D
:10DA5C0072AF2B68DB6AE2790021284698470028D0
:10DA6C003FF472AF2B685B69284698472B689B691B
:10DA7C00284698479DE74FF0FF31F8680DF03EFFC0
:10DA8C003C691CB32369B3F1FF3F08D02468002C18
:10DA9C00F8D1F8680DF04CFF4FF0000A89E7A36845
:10DAAC005B68217B606898474FF0000AC4F810A0AF
:10DABC0084F80CA0F8680DF03BFF2B685B692846D6
:10DACC0098472B689B692846984772E7F8680DF0D1
:10DADC002FFF4FF0000A6CE7002005B0BDE8F08F77
:10DAEC002DE9F04186B004460D4616461F464FF010
:10DAFC00FF3180680DF002FF60680368109A049291
:10DB0C000F9A0392BDF838200292BDF8342001928E
:10DB1C00BDF830200092D3F860803B46324629464F
:10DB2C00C0470546A0680DF003FF284606B0BDE8C7
:10DB3C00F0812DE9F04182B004460D4616461F4691
:10DB4C004FF0FF3180680DF0D9FE60680368099AC8
:10DB5C000192089A0092D3F854803B4632462946EB
:10DB6C00C0470546A0680DF0E3FE284602B0BDE8AC
:10DB7C00F0812DE9F04182B004460D4616461F4651
:10DB8C004FF0FF3180680DF0B9FE60680368099AA8
:10DB9C000192089A0092D3F850803B4632462946AF
:10DBAC00C0470546A0680DF0C3FE284602B0BDE88C
:10DBBC00F0812DE9F04182B004460D4616461F4611
:10DBCC004FF0FF3180680DF099FE60680368099A88
:10DBDC000192089A0092D3F84C803B463246294673
:10DBEC00C0470546A0680DF0A3FE284602B0BDE86C
:10DBFC00F0812DE9F04182B004460D4616461F46D1
:10DC0C004FF0FF3180680DF079FE60680368099A67
:10DC1C000192089A0092D3F848803B463246294636
:10DC2C00C0470546A0680DF083FE284602B0BDE84B
:10DC3C00F0812DE9F04182B004460D4616461F4690
:10DC4C004FF0FF3180680DF059FE60680368099A47
:10DC5C000192089A0092D3F844803B4632462946FA
:10DC6C00C0470546A0680DF063FE284602B0BDE82B
:10DC7C00F0812DE9F04184B004460D4616461F464E
:10DC8C004FF0FF3180680DF039FE606803680C9A24
:10DC9C0002920B9A01920A9A0092D3F840803B466A
:10DCAC0032462946C0470546A0680DF041FE28467D
:10DCBC0004B0BDE8F0812DE9F04186B004460D4674
:10DCCC0016461F464FF0FF3180680DF017FE606856
:10DCDC000368109A04920F9A0392BDF838200292AE
:10DCEC00BDF834200192BDF830200092D3F83C806E
:10DCFC003B4632462946C0470546A0680DF018FE43
:10DD0C00284606B0BDE8F08170B504460D461646AF
:10DD1C004FF0FF3180680DF0F1FD606803689B6B7C
:10DD2C003246294698470546A0680DF001FE284664
:10DD3C0070BD2DE9F04104460D4616461F464FF0C6
:10DD4C00FF3180680DF0DAFD60680368D3F8348029
:10DD5C003B4632462946C0470546A0680DF0E8FD13
:10DD6C002846BDE8F08138B504460D464FF0FF312A
:10DD7C0080680DF0C3FD606803681B6B29469847EB
:10DD8C000546A0680DF0D4FD284638BD70B5044694
:10DD9C000D4616464FF0FF3180680DF0AFFD606800
:10DDAC000368DB6A3246294698470546A0680DF0A1
:10DDBC00BFFD284670BD38B504464FF0FF31806872
:10DDCC000DF09CFD606803689B6A98470546A06847
:10DDDC000DF0AEFD284638BD38B504460D464FF063
:10DDEC00FF3180680DF08AFD606803681B6A294664
:10DDFC0098470546A0680DF09BFD284638BD10B528
:10DE0C0004464FF0FF3180680DF078FD60680368C0
:10DE1C009B699847A0680DF08BFD10BD38B5044682
:10DE2C004FF0FF3180680DF069FD606803685B6935
:10DE3C0098470546A0680DF07BFD284638BD38B5DF
:10DE4C0005460C464FF0FF31C0680DF057FD2869B0
:10DE5C00A8B1002200E018464368A34207D003682B
:10DE6C000246002BF7D10AE003682B6103E0002A7D
:10DE7C00FAD003681360002303600FF089FAE86896
:10DE8C000DF056FD002038BDF8B504460E46174679
:10DE9C0014200FF075FA78B10546876046604FF094
:10DEAC00FF31E0680DF02AFD23692B602561E068E5
:10DEBC000DF03EFD0020F8BD0420FCE710B5044633
:10DECC000023036118300DF0B1FC034608B118466D
:10DEDC0010BD0021A0690DF011FD04F11C000DF026
:10DEEC00A5FC03460028F2D10021E0690DF006FDE7
:10DEFC0004F10C000DF09AFC03460028E7D104F164
:10DF0C0008000DF093FC0346E1E7000010B582B069
:10DF1C000446084661600B681B69084A214698470D
:10DF2C0004F1140301930323009323464FF400726E
:10DF3C00034904480DF086FE02B010BD7C9C030022
:10DF4C00E0270200F3D8000010B582B00C466B46F7
:10DF5C00002206490EF0F0F801A920460DF010FF42
:10DF6C0001990098FFF7D2FF02B010BD249C03006A
:10DF7C0008B508300DF05AFC08BD38B504460D46FE
:10DF8C004FF0FF3180680DF0B9FC606803681B69C5
:10DF9C00294698470546A0680DF0CAFC284638BDAE
:10DFAC0038B504460D464FF0FF3180680DF0A6FCE5
:10DFBC00606803685B69294698470546A0680DF0C0
:10DFCC00B7FC284638BD38B504464FF0FF318068A1
:10DFDC000DF094FC606803689B6998470546A0683F
:10DFEC000DF0A6FC284638BD10B504464FF0FF31A5
:10DFFC0080680DF083FC60680368DB699847A06853
:10E00C000DF096FC10BD38B504464FF0FF3180681A
:10E01C000DF074FC606803681B6A98470546A0689D
:10E02C000DF086FC284638BD38B504464FF0FF315C
:10E03C0080680DF063FC606803685B6A984705466E
:10E04C00A0680DF075FC284638BD38B504464FF075
:10E05C00FF3180680DF052FC606803689B6A98473A
:10E06C000546A0680DF064FC284638BD38B504465A
:10E07C004FF0FF3180680DF041FC60680368DB6A8B
:10E08C0098470546A0680DF053FC284638BD0000A3
:10E09C0030B583B004460D464FF0FF3180680DF06B
:10E0AC002DFCE36833B10F25A0680DF041FC284628
:10E0BC0003B030BD256104F10C03019305230093DB
:10E0CC0023464022024903480DF0BCFD0546EBE710
:10E0DC00E0230200E5E0000010B50C4620690DF0CD
:10E0EC0063FB2046FFF7B1FFF8E7000010B582B0E4
:10E0FC000C4601AB002208490EF01EF8694620467A
:10E10C000DF03EFE019B009A5A600022DA606422F8
:10E11C001A6102B010BD00BF8C9C0300F0B5ADF5C8
:10E12C00037D05460C4658220021204611F0ABF920
:10E13C0001AE33464FF4007202A928460EF08AF95C
:10E14C000198002878D03E490DA811F0DFF8074659
:10E15C00002841D00DF1080C25460AAEE646BEE873
:10E16C000F0028606960AA60EB60F4461035B64574
:10E17C00F4D1BCE8070028606960AA6031493846D0
:10E18C0011F0C4F8054678B155F8083F6868A968DD
:10E19C00EA68C4F84130C4F84500C4F84910C4F822
:10E1AC004D202B69C4F8513004F1410011F0E5F910
:10E1BC0001302549284411F0A9F8034648B182687A
:10E1CC00C56800695969E26225636063A1639A6955
:10E1DC00E26302AA002314E002AD0AAF2E460FCE72
:10E1EC0020606160A260E36035461034BE42F5D118
:10E1FC0007CD20606160A260EBE70133B3F5007FCF
:10E20C0014D012F8011B0029F7D111786429F4D12C
:10E21C0051786129F1D191787429EED1D1786129A5
:10E22C00EBD1D81D10F0030F06D001E040F207200F
:10E23C00013010F0030FFBD10DF5037DF0BD00BFD5
:10E24C00FC270200042802000C28020008B54FF03D
:10E25C00FF31054BD3F8B8000DF050FB00200DF04A
:10E26C00A7FE012008BD00BF907419A0424BD3F843
:10E27C00A830002B7ED110B53F4BD3F8A430002B27
:10E28C004ED13D4B1B692BB33B4BDB69002B6FD144
:10E29C00394C636B6269D15A01F5004102336363F7
:10E2AC00A06803689B69C1F389119847D4F8B03012
:10E2BC000133C4F8B030626BA3699A4258D34FF063
:10E2CC00FF32E261002222616263A26160680DF09C
:10E2DC004AFB4DE0284B9B6A002B49D1264C636BC3
:10E2EC00226AD15A01F5004102336363A0680368C6
:10E2FC009B69C1F389119847D4F8B0300133C4F845
:10E30C00B030626B636A9A4232D34FF0FF32A26232
:10E31C00226100226263626260680DF024FB27E0D8
:10E32C00154A536B126B934212D3134CA0680368BB
:10E33C009B69002198470023C4F89830E068036873
:10E34C009B6A9847D4F8B80090B10DF00CFB0FE025
:10E35C00094AD16A581C50639068C95C8900B2F8AC
:10E36C00AC3003FB01F103689B69C1F30F219847A3
:10E37C00002010BD00207047907419A0014BD3F8F9
:10E38C0098007047907419A010B5074BD3F8BC30A7
:10E39C0013B90024204610BD0BF022F9024BD3F820
:10E3AC00B0400BF02DF9F5E7907419A02DE9F0436E
:10E3BC0083B04B4BD3F8BC3023B93924204603B07F
:10E3CC00BDE8F08304460D46454E4FF0FF3156F83C
:10E3DC00940B0DF093FA3246012120460DF0D4FF38
:10E3EC00002876D13F494FF480530B603C4CD4F855
:10E3FC0094000EF0CBF84FF0FF33C4F89C3004F1CE
:10E40C0038073946D4F89400FFF788FE06465822A0
:10E41C003946284611F00EF8B4F84E30012B4BD18A
:10E42C00002E49D02E4CD4F80C80D8F80030D3F8FC
:10E43C001890FBF70DFC226D002501954FF0FF376E
:10E44C0000973B46B0FBF2F229464046C84731469E
:10E45C00D4F894000EF054F8234E04F1180332460D
:10E46C006169D4F894000DF0F5FF04F124033246F1
:10E47C00216AD4F894000DF0EDFF2761E561A562E7
:10E48C006563C4F8B050C4F89870C4F8A070C4F8B0
:10E49C00A450C4F8A850E06803681B6A9847E06869
:10E4AC0003685B6A984728460DF0B0FDD4F8B400B9
:10E4BC000DF03EFA04460DE0094CD4F894000DF032
:10E4CC009DFF0023C4F8943020680DF031FA172416
:10E4DC0074E72B24024B18680DF02AFA6EE700BF84
:10E4EC00907419A0507519A098090400184BD3F812
:10E4FC00BC300BB9392070472DE9F04107460E4668
:10E50C00134C4FF0FF3120680DF0F8F9D4F8983027
:10E51C0013B10820BDE8F08125464FF0FF38C4F850
:10E52C00A4800024C5F8A040C5F8A8406C63EF6235
:10E53C002E6320460DF06AFDC5F89880E8680368E4
:10E54C005B6A984728680DF0F3F92046E2E700BFB4
:10E55C00907419A038B5284BD3F8BC300BB93920BE
:10E56C0038BD254C4FF0FF3120680DF0C7F9D4F8B9
:10E57C009830ABB1E06803689B6A9847D4F8A43034
:10E58C000BB1A26962631C4B0022C3F89820D3F82C
:10E59C00A0302BB1184BD3F89C30B3F1FF3F18D0FF
:10E5AC00154BD3F89400F8B9134D0024C5F8A440CA
:10E5BC00C5F8A04028680DF0BBF920460DF0F8FC1A
:10E5CC00E86803689B6A984728680DF0B1F9204603
:10E5DC00C6E7094C1546C4F89C20D4F894000DF0FD
:10E5EC000DFFC4F89450DFE70DF008FF024B00223A
:10E5FC00C3F89420D8E700BF907419A0F8B5284C44
:10E60C0004F12407274E00253FE04FF0FF316068EE
:10E61C000DF074F904F1180332466169D4F89400D2
:10E62C000DF018FFE56160680DF082F9A3698BB9F4
:10E63C0029E0D4F8A43033B3626B236B9A4220D216
:10E64C0001200DF0B1F8D4F8A030002BF1D0E36923
:10E65C00002BDAD1A36A002BF2D04FF0FF316068A7
:10E66C000DF04CF93B463246216AD4F894000DF07B
:10E67C00F1FEA56260680DF05BF9636A002BDFD1D7
:10E68C0001E0FFF767FFC4F898504FF0FF31D4F862
:10E69C00B4000DF033F9E06803685B6A9847D2E781
:10E6AC00907419A09809040070B582B0544B1B6883
:10E6BC001BB10024204602B070BD0546504B4FF0F4
:10E6CC00FF321A60C02200214E4810F0DCFE4E488A
:10E6DC000DF076FD002800F08C8028460DF070FDC2
:10E6EC00002800F08880474C4FF48073A4F8AC30BD
:10E6FC0020460DF09BF8201D0DF098F804F1B400A5
:10E70C000DF094F804F1B8000DF090F84FF0FF31D3
:10E71C00D4F8B4000DF0F2F84FF0FF31D4F8B80093
:10E72C000DF0ECF804F1080137480DF029FB002836
:10E73C0063D1B4F8AC10A06803689B694900984792
:10E74C0004460028B6D1314928460DF019FB08B112
:10E75C003924AFE72B4BDC6823689D69FBF778FA0B
:10E76C002B4BA3FB0032002101914FF0FF330093A0
:10E77C00520B2046A847044600289BD1214BD86851
:10E78C000268D46A234A0021A0470446002891D18C
:10E79C001C4C0026C4F89860C4F8A460C4F8A060AF
:10E7AC00C4F894601C4D28460EF0EAFD60612846C2
:10E7BC000EF0E6FD2062194B0193042300933346BF
:10E7CC004FF40072164917480DF03CFA04460196B6
:10E7DC00022300933346C022134914480DF032FA39
:10E7EC00002C7FF467AF074B4FF0FF32C3F8BC200F
:10E7FC0060E739245EE739245CE739245AE700BF27
:10E80C00887419A0907419A0D82402009C7419A0C3
:10E81C003BC637BE79E20000980904008C7419A03D
:10E82C001428020009E600002028020059E200002A
:10E83C00000000002DE9F04F83B00646052907D0F3
:10E84C004C4900F003FC0024204603B0BDE8F08FD7
:10E85C001446506800F0DAFB0090421E464B9A4278
:10E86C0063D8A06800F0D2FB0546A0F57A72434B42
:10E87C009A4260D8E06800F0C9FB07462069FFF7B0
:10E88C0013FF024600285CD105FB07F73C4BA3FBAA
:10E89C0007394FEA991948460EF072FD019000288D
:10E8AC0059D0B7F57A7F33D300F1FF3800240FF23B
:10E8BC00B40BDBE900AB20460FF021FA06460F46FD
:10E8CC0028460FF01CFA02460B46304639460FF02C
:10E8DC0057FF26A3D3E900230FF09CFE06460F46F4
:10E8EC0000980FF00CFA32463B460FF093FE10F0F6
:10E8FC00C9F852465B460FF08DFE52465B460FF050
:10E90C0044FD0FF071FA08F8010F0134A145D2D87B
:10E91C0049460198FFF7EAFD0125FFF72FFD044654
:10E92C00A8B128460CF040FFF7E71649304600F036
:10E93C00BFFB0E2488E71449304600F0B9FB0E24C7
:10E94C0082E71249304600F0B3FB0E247CE70198B5
:10E95C000EF01EFD78E70E49304600F0A9FB0024AE
:10E96C0072E700BF0000000000C05F40182D445447
:10E97C00FB211940D42802009F860100B8820100B7
:10E98C00D34D62102C28020054280200902802005B
:10E99C00A82802002DE9F04F8FB00390052908D06C
:10E9AC009849039800F052FB002738460FB0BDE899
:10E9BC00F08F144653680793106900F027FB054647
:10E9CC000890E06800F022FB8046A06800F01EFB77
:10E9DC00049040460EF0D4FC0446059040460EF0E0
:10E9EC00CFFC8346002C00F00381002800F0FA8055
:10E9FC00002D31D000239A465EE0079A8249039895
:10EA0C0000F056FB092719E007468049039800F0EF
:10EA1C004FFB13E0079A7E49039800F049FB092746
:10EA2C000CE004990131A1EB0B01C91BCDF800C01E
:10EA3C000A447849039800F03BFB2A270D9868B9E3
:10EA4C0058460EF0A5FC059B002BAED018460EF0D8
:10EA5C009FFCAAE7099FF1E70027EFE70DF0CEFC3A
:10EA6C0000230D93ECE70027EAE70BAB0022059996
:10EA7C000D980DF0EFFC034628B11F46664903982C
:10EA8C0000F016FBDAE7BF1B6AE00D980DF0B6FC40
:10EA9C0000230D930DAA012107980DF075FC002899
:10EAAC00B8D152465D49039800F002FB0D980DF069
:10EABC00A5FC089B9A45CDD054460AF1010A524652
:10EACC005749039800F0F4FA00230D930DAA032183
:10EADC0007980DF059FC099000288ED1049B002B4F
:10EAEC00D3D0C4EBC409049D26464746A84528BF8D
:10EAFC002F46002F6BD05A46002313F0010F12BF84
:10EB0C001670310A117013F0040F14BF86EA09064F
:10EB1C00F618013301329F42EFD10CAB3A465946FD
:10EB2C000D980DF0AEFC00287FF46EAFED1BDCD120
:10EB3C000D980DF063FC00230D930DAA012107988D
:10EB4C000DF022FC00287FF465AF52463349039840
:10EB5C0000F0AEFAC4EBC409049F0BF1FF3306932B
:10EB6C004646B84528BF3E46002E3FF47EAF5A4677
:10EB7C002B4613F0010F12BF1470210A117013F001
:10EB8C00040F14BF84EA0904E418013301329E42D5
:10EB9C00EFD10BAB324605990D980DF05BFC03469B
:10EBAC0000287FF46AAF059B581E0BF1FF31069BC2
:10EBBC0003EB060E10F8013F0A4611F801CF63452E
:10EBCC007FF42FAF7145F5D1BF1BC9D16EE70CABEC
:10EBDC003A4659460D980DF054FC08B9ED1B84E7E4
:10EBEC00074612E70F49039800F030FA00272AE78E
:10EBFC000C49039800F02AFABBF1000F7FF433AFF5
:10EC0C000027D2E6F0290200402902006829020000
:10EC1C0080290200C0290200A8290200342A02001F
:10EC2C0030290200482A02002DE9F04389B007463A
:10EC3C002A4B029300238DF80C30022906D0284968
:10EC4C0000F004FA002009B0BDE8F08353681B788B
:10EC5C008DF80B3007A902A80DF01AFF58B902AABB
:10EC6C002049384600F024FA01240DF110086426DE
:10EC7C00DFF874900EE002AA1C49384600F018FA2E
:10EC8C000920E0E722464946384600F011FA0134E3
:10EC9C00802C19D0E5B201960123009343463246ED
:10ECAC00294607980DF017FF0028EBD00228EED16B
:10ECBC00E2B20F49384600F0FBF907980DF0F5FE6B
:10ECCC007E2D04D80020BEE70135EDB2F5E70949E9
:10ECDC00384600F0BBF90020B5E700BF493243309D
:10ECEC00DC2A0200842A0200AC2A02006C2A0200F0
:10ECFC00C02A0200B41902002DE9F047A6B08146E3
:10ED0C00404B039300238DF81030032972DD0F461E
:10ED1C00164653681B788DF80F3025A903A80DF003
:10ED2C00B7FE00283DD1B06800F070F9824610F0B3
:10ED3C00800F3DD106F1080405AD06F5FE760DF108
:10ED4C001108B84454F8040F00F060F9FF2838D8C3
:10ED5C0005F8010B454501D0B442F3D15FFA8AFAAC
:10ED6C00534603AA2849484600F0A2F94FF47A7397
:10ED7C000193033FFFB2009705AB642251462598DF
:10ED8C000DF0C9FE024630B30C2829D002282CD035
:10ED9C001E49484600F08CF925980DF086FE00209F
:10EDAC002CE003AA1A49484600F082F9092025E014
:10EDBC001849484600F07CF925980DF076FE0E2097
:10EDCC001CE002461449484600F072F925980DF0F3
:10EDDC006CFE0E2012E01149484600F037F9DBE7D3
:10EDEC000F49484600F032F9D6E70E49484600F084
:10EDFC002DF9D1E70C4900F029F9002026B0BDE827
:10EE0C00F08700BF49324330702B0200B02B020058
:10EE1C006C2A0200102B0200302B0200B4190200E5
:10EE2C00942B0200A02B0200C42B02002DE9F0470A
:10EE3C00A6B004464A4B039300238DF810300429E6
:10EE4C0006D0484900F002F9002026B0BDE8F08752
:10EE5C00154653681B788DF80F3025A903A80DF0C3
:10EE6C0017FE60BBA86800F0D1F8074610F0800FC1
:10EE7C002CD1E86800F0CAF8064680282FD8FFB2DB
:10EE8C0000903B4603AA3849204600F011F94FF494
:10EE9C007A730193F3B2009305AB6422394625983B
:10EEAC000DF019FE0246002846D1C6B305AF002569
:10EEBC00DFF8B890DFF8B880DFF8B8A01CE003AA40
:10EECC002D49204600F0F4F80920BEE72B492046D6
:10EEDC0000F0EEF825980DF0E8FD0E20B5E7802245
:10EEEC002749204600F0E4F825980DF0DEFD0E20B1
:10EEFC00ABE70135AE4212D017F8012B494620463C
:10EF0C0000F0D6F8A8FB0523DB08C3EB0313EB1AC0
:10EF1C00072BEED15146204600F0CAF8E9E7194913
:10EF2C00204600F0C5F81849204600F08FF82598C7
:10EF3C000DF0BBFD002088E70C2806D0022809D074
:10EF4C001249204600F0B4F8F1E71149204600F0D0
:10EF5C007DF8ECE70F49204600F078F8E7E700BFB2
:10EF6C0049324330702C02003C2C0200642C02000D
:10EF7C00898888886C2C02006C2A0200102B0200F5
:10EF8C000C2C0200601B0200B4190200B02B020012
:10EF9C00942B0200A02B020070B50546022905D067
:10EFAC00174900F053F80024204670BD1446302059
:10EFBC000EF0F0FD60680EF0F3FC024608B9012477
:10EFCC0008E004460F49284600F072F8ECE72046AA
:10EFDC000CF0EAFB0EF048FE0028F8D0012602E007
:10EFEC0030460CF0E1FB0EF03FFE04460028F7D152
:10EFFC000EF08AFD0449284600F05AF8D4E700BF09
:10F00C00C02C0200B02C0200B419020000B583B071
:10F01C00002301930378302B0AD0242B0BD1013021
:10F02C0001AA084910F027F9019803B05DF804FB18
:10F03C004378782B04D001AA034910F01CF9F3E7AC
:10F04C000230EDE7F02C0200401902002DE9F041EE
:10F05C0084B005460C4602AE0DF10F07DFF84C806C
:10F06C0013E04FF0FF3300933346022241462868E9
:10F07C000EF0AAF908E04FF0FF330093334601225B
:10F08C00394628680EF0A0F960B914F8013B8DF8E8
:10F09C000F3023B10A2BE4D00D2BF6D0EBE7286808
:10F0AC000EF0BAF904B0BDE8F08100BFF42C0200F8
:10F0BC000EB430B5ADF5027D044685AA52F8041B9A
:10F0CC00019202AD284610F0A7F929462046FFF719
:10F0DC00BDFF0DF5027DBDE8304003B07047000068
:10F0EC002DE9F04FADB0834601A810F0FFF99DF863
:10F0FC000440002C67D000273E4601ADB8464FF0C7
:10F10C00010AB9460CE085F8009008F10108B8F145
:10F11C00090F2FDC2B464F464E465D1C5C7834B3F2
:10F12C001EB1222CEFD02B46F7E720460FF0A5FF9F
:10F13C00034650B185F80090B7B108F10108B8F159
:10F14C00090F17DC37462B46E7E7222C07BF6B1C51
:10F15C0056461E462B46002FDFD12CAA02EB880206
:10F16C0042F8283C5746D8E73E462B46D5E718EBE5
:10F17C0007082BD0229C207830B10FF03BFF207079
:10F18C0014F8010F0028F8D1229DDBF820412068EB
:10F19C0038B1294610F0CBF958B154F8080F0028B3
:10F1AC00F7D12A460B495846FFF782FF4FF0FF3044
:10F1BC0006E06368002BF4D022AA414658469847D3
:10F1CC002DB0BDE8F08F4FF0FF30F9E74FF0FF3076
:10F1DC00F6E700BFF82C0200D1F81831002B40F0F4
:10F1EC00AC802DE9F04387B00C46554EDFF85481C6
:10F1FC00554F2AE00023C4F81031C4F80C313146C5
:10F20C002046FFF723FF24E041462046FFF71EFF70
:10F21C00D4F820512A684AB1DFF83091494620468B
:10F22C00FFF746FF55F8082F002AF7D1D4F80C3118
:10F23C00234400221A7204F1080239462046FFF7D3
:10F24C0037FFD4F81831002B73D1D4F81031002BC0
:10F25C00D0D13223009304AB01220DF117012068A9
:10F26C000EF0C6F80228ECD09DF81750002DE8D00F
:10F27C003F2DC9D00D2D1CD00A2D1AD0082D27D00A
:10F28C00D4F80C317F2BDCD88DF80C504FF00009E2
:10F29C008DF80D9003A92046FFF7D8FED4F80C2169
:10F2AC00531CC4F80C3122441572234483F8089083
:10F2BC00C7E727492046FFF7C9FED4F80C31C3B97C
:10F2CC0094F8893013BB4FF0FF33C4F81031B8E712
:10F2DC00D4F80C31002BB4D01E492046FFF7B6FEF3
:10F2EC00D4F80C31013BC4F80C31234400221A72BF
:10F2FC00A7E704F108058122294604F1890010F0E2
:10F30C0099F829462046FFF7EBFEDCE704F1890962
:10F31C004A4611492046FFF7CBFE04F1080581222D
:10F32C004946284610F086F829462046FFF7D8FEB5
:10F33C00C9E7002007B0BDE8F0830020704700BF8C
:10F34C00102D0200142D0200242D02001C2D020091
:10F35C00F42C02002C2D0200302D02002DE9F0417E
:10F36C0082B0002841D00D4617461E4680464FF409
:10F37C0092700EF005F80446002838D0C0F80080D2
:10F38C00C0F820610023C0F80C314FF0FF32C0F8F8
:10F39C00102180F88930C0F81431C0F81831C0F849
:10F3AC001C3100F58A700CF041FA064660B1D4F8B5
:10F3BC001401B8B920460DF0EBFF002405B12C6008
:10F3CC00304602B0BDE8F081231D01930323009366
:10F3DC0023463A46074908480CF034FC06460028F8
:10F3EC00ECD0E4E70CF071FAE4E71826E8E7042621
:10F3FC00E6E700BF3C2D0200E5F1000008B5094B23
:10F40C001B6803B108BD4FF407600DF0BDFF064B40
:10F41C001860064B00221A605A60024B4FF0FF3204
:10F42C001A60EFE750B519A054B519A058B519A03A
:10F43C0030B583B00446FFF7E1FF174B53F8245067
:10F44C0025B32B685B6901A92846984700BB019B33
:10F45C0013F0030F0CD0114B1B684FF4876202FBA7
:10F46C0004F400221A552B685B6901A928469847B9
:10F47C00019B03F0010013F0020F18BF40F00200D3
:10F48C0013F0040F05D040F0040002E0012000E06E
:10F49C00012003B030BD00BF58B519A054B519A058
:10F4AC0030B583B004460D46FFF7A8FF012C1FD8DA
:10F4BC00104B53F8243013B10A2003B030BD0D4B60
:10F4CC0043F8245004F130038DF804303A238DF8BE
:10F4DC00053000258DF80650074B1B68012201A949
:10F4EC004FF4876000FB043001F01CF92846E4E778
:10F4FC000620E2E758B519A054B519A010B504467A
:10F50C00FFF77CFF084B53F8240050B103681B69CC
:10F51C000021984708B1012010BD2046FFF788FF55
:10F52C00FAE70120F8E700BF58B519A02DE9F84F0C
:10F53C001D463C4B53F82080B8F1000F5ED00C46B2
:10F54C00174611F0030F2CD17F2D1AD97F264FF0BF
:10F55C000009D8F80030D3F818A0234632463946B3
:10F56C004046D047022853D00C2853D0002853D102
:10F57C007F3D7F3704F57E4448460CF015F97F2D0E
:10F58C00E7D8D8F800309E6923462A4639464046CB
:10F59C00B047022842D00C2842D0051E18BF0125C6
:10F5AC002DE04FF4876303FB00F000F237201E4B75
:10F5BC001B6803EB000929F003092E462F444FF07A
:10F5CC00010A4FF4007BB91BB6B1D8F800309D6925
:10F5DC004B4652464046A8470546022812D00C28F6
:10F5EC0012D098B95A46494620460FF023FF04F52D
:10F5FC000074013EE7D102E0042500E00425284612
:10F60C00BDE8F88F0325FAE70325F8E70125F6E7AF
:10F61C000325F4E70325F2E70125F0E70325EEE7E0
:10F62C000325ECE758B519A054B519A02DE9F84FEE
:10F63C000D4611461A46274B53F82060002E3CD03D
:10F64C0015F0030F2BD04FF4876303FB00F000F28F
:10F65C003720214B1F68074427F00307144601EBA2
:10F66C0002084FF4007BA8EB0409B4B15A462946B2
:10F67C0038460FF0DFFE3368D3F81CA03B4601225E
:10F68C0049463046D047022819D00C2819D0D0B999
:10F69C0005F50075013CE6D10DE004200BE0336864
:10F6AC00DC692B463046A04702280ED00C280ED021
:10F6BC00003818BF0120BDE8F88F0420FBE70320B9
:10F6CC00F9E70320F7E70120F5E70320F3E7032030
:10F6DC00F1E700BF58B519A054B519A030B585B0E5
:10F6EC0003460C461A4951F8200070B3154624B94C
:10F6FC00022B04D8204605B030BD042C10D0036872
:10F70C005B6A01A99847022819D00C2819D0D0B9E6
:10F71C00012C08D0022C0AD0032C0CD00424E9E7CD
:10F72C00022BE7D9EBE7019B2B600446E2E7029B37
:10F73C002B800446DEE7039B2B600446DAE70324A8
:10F74C00D8E70324D6E70424D4E70420D3E700BF8A
:10F75C0058B519A008B50B4B53F8200058B10368E5
:10F76C005B6A9847022808D00C2808D0003818BFCC
:10F77C000120800008BD0420FCE70320FAE70320E9
:10F78C00F8E700BF58B519A0C378827842EA032283
:10F79C00437843EA0223007840EA03207047017063
:10F7AC000B0A43700B0C8370090EC1707047023941
:10F7BC008369023B8B4283BF4389C06A01FB030010
:10F7CC0000207047826A131D490A00684089B1FB0A
:10F7DC00F0F1506848B1814205D3091A53F8080F6B
:10F7EC000028F8D1704758680844704701460068F3
:10F7FC0000B3024612F8013B202B1ED93A2BF9D14B
:10F80C000378A3F1300C5FFA8CFCBCF1090F02D920
:10F81C004FF0FF3070470230824202D04FF0FF3081
:10F82C007047A3F13000012802DD4FF0FF30704724
:10F83C000A6070474FF0FF307047014B18787047E3
:10F84C0060B519A038B50D46044698B103689BB154
:10F85C001A78A2B18188DA88914203D00920002459
:10F86C002C6038BD5878FFF7E3FD10F0010009D18A
:10F87C002468F5E70920F3E71C460920F0E7092086
:10F88C000024EDE709200024EAE770B505790DB9ED
:10F89C00284670BD044600F134060123026B314644
:10F8AC004078FFF7C3FE054688B900232371216B0E
:10F8BC00E269636ACB1A9342EAD2E378022BE7D16E
:10F8CC0001230A4431466078FFF7B0FEE0E70125DA
:10F8DC00DEE738B5036B8B4201D1002038BD0446FE
:10F8EC000D46FFF7D2FF0028F8D101232A4604F178
:10F8FC0034016078FFF71AFE10B101204FF0FF358C
:10F90C002563EBE72DE9F04105460C46FFF7BDFFFB
:10F91C0010B10120BDE8F08121462846FFF747FFD2
:10F92C000646286305F134074FF40072002138466F
:10F93C000FF0A9FD6B8900246BB100244FF0010876
:10F94C004346321939466878FFF770FE18B901340E
:10F95C006B89A342F4D86889001B18BF0120D9E732
:10F96C0038B50446FFF791FF50B92378032B08D024
:10F97C00002211466078FFF7B1FE003818BF012055
:10F98C0038BD6379012BF3D104F134054FF40072C7
:10F99C00002128460FF077FD552384F83232AA2334
:10F9AC0084F833320E492846FFF7F9FE0D4904F569
:10F9BC000670FFF7F4FE216904F50770FFF7EFFE00
:10F9CC00E16804F50870FFF7EAFE226A013222634F
:10F9DC00012329466078FFF729FE00236371C7E7EE
:10F9EC0052526141727241612DE9F047012940F296
:10F9FC00828006460C46154683698B427FD9037874
:10FA0C00022B49D0032B5BD0012B7AD101EB51088F
:10FA1C00416A01EB5821FFF75CFF074600286BD1C8
:10FA2C0006F1340908F1010AC8F3080814F0010FB3
:10FA3C001AD019F8083003F00F0343EA051309F83C
:10FA4C00083001233371716A01EB5A213046FFF7FC
:10FA5C0040FF002857D1CAF308014944C5F30713E6
:10FA6C000B700123337147E009F8085001233371FF
:10FA7C00716A01EB5A213046FFF72BFF002844D165
:10FA8C00CAF3080A09EB0A0119F80A3023F00F032C
:10FA9C00C5F303221343E3E7416A01EB1421FFF79B
:10FAAC0018FF074640BB06F13403640004F4FF74EE
:10FABC0019191D55C5F307224A70012333711BE038
:10FACC00416A01EBD411FFF704FF0746A0B925F0FA
:10FADC00704506F13403A40004F4FE741C44204663
:10FAEC00FFF752FE00F0704129432046FFF757FE06
:10FAFC000123337100E002273846BDE8F087022766
:10FB0C00FAE70227F8E70746F6E70746F4E78A76AE
:10FB1C00C2F30723CB760378032B00D07047120C6B
:10FB2C000A75120A4A75F9E7012956D9F8B50C4637
:10FB3C000568AB698B4252D92B78022B2AD0032B48
:10FB4C0039D0012B4DD101EB5106696A01EB5621DD
:10FB5C002846FFF7BEFE10B14FF0FF3040E0771C97
:10FB6C00C6F308062E4496F83460696A01EB5721F7
:10FB7C002846FFF7AEFEB0BBC7F308072F4497F833
:10FB8C00343046EA032014F0010F14BF0009C0F30F
:10FB9C000B0025E0696A01EB14212846FFF799FE5A
:10FBAC0020BB3435640004F4FF742B195B78285D9A
:10FBBC0040EA032014E0696A01EBD4112846FFF7F0
:10FBCC0088FEB0B905F13400A40004F4FE7420449E
:10FBDC00FFF7DAFD20F0704002E0012070470120B1
:10FBEC00F8BD0120FCE74FF0FF30F9E74FF0FF3094
:10FBFC00F6E74FF0FF30F3E7B1F5001F45D22DE9E2
:10FC0C00F04106460D4611F01F0F40D1D0F8008090
:10FC1C00016184683CB998F80030022B1FD9D8F8E0
:10FC2C002830E3B11C46B8F80A305F02B5EB432F1D
:10FC3C0010D321463046FFF777FF0446B0F1FF3F63
:10FC4C0029D0012829D9D8F81830834227D9ED1B9F
:10FC5C00AF42EED921464046FFF7A9FD06E0B8F8C1
:10FC6C000830B3EB551F14D9D8F82800B061746173
:10FC7C00B8B100EB5520B06108F13408C5F30801A8
:10FC8C004144F1610020BDE8F08102207047022060
:10FC9C00F9E70220F7E70120F5E70220F3E702205D
:10FCAC00F1E70220EFE72DE9F041054606680F4623
:10FCBC0059B9F468002C76D0B369A34298BF0124DB
:10FCCC003369002B66D0A0464EE0FFF72DFF0346AC
:10FCDC00012862D9B0F1FF3F5CD0B269824259D899
:10FCEC003369002B56D07C1CA24298BF02242146BB
:10FCFC002846FFF719FF034601284BD0B0F1FF3F10
:10FD0C0048D038B1F468012C4FD9B369A34298BFDD
:10FD1C003C46D8E7BCB14FF0FF3221463046FFF7E6
:10FD2C0063FE034688BB47BBF4603269B369023B90
:10FD3C009A429CBF02F1FF323261737943F00103A6
:10FD4C007371234626E0B8463C460DE02146284612
:10FD5C00FFF7EAFE03460028DDD001281AD0B0F1E7
:10FD6C00FF3F17D044451CD00134B369A342EDD8F2
:10FD7C00B8F1010F13D90224E8E722463946304680
:10FD8C00FFF732FE03460028CED0012B14BF01230F
:10FD9C004FF0FF331846BDE8F0810123FAE700234A
:10FDAC00F8E70023F6E701248AE73C468BE72DE9C8
:10FDBC00F0410C460568012931D906461146AB695C
:10FDCC00A3422FD90AB900270AE04FF0FF32284688
:10FDDC00FFF70AFE84460028F5D025E0A24223D97D
:10FDEC00A04621463046FFF79FFE0446F8B1012895
:10FDFC0020D0B0F1FF3F20D03A4641462846FFF7CD
:10FE0C00F3FD844680B92B69AA69911E8B42E5D219
:10FE1C0001332B616B7943F001036B71DEE74FF01B
:10FE2C00020C01E04FF0020C6046BDE8F0814FF08F
:10FE3C00000CF9E74FF0020CF6E74FF0010CF3E77A
:10FE4C002DE9F843044605692035B5F5001F03D3A9
:10FE5C0000238361042014E088468369002B45D07D
:10FE6C000668C5F308073FB901338361416971B96D
:10FE7C003389B3EB551F06D9256134363E44E66110
:10FE8C000020BDE8F883002383610420F9E773891F
:10FE9C00013B13EA5523EFD1FFF746FE81460128BB
:10FEAC0026D9B0F1FF3F25D0B369834212D8B8F1FF
:10FEBC00000F17D061692046FFF7F5FE8146D8B1D7
:10FECC0001281BD0B0F1FF3F1AD001463046FFF796
:10FEDC0019FDB8B9C4F8149049463046FFF767FCD1
:10FEEC00A061C9E70023A3610420CAE70420C8E786
:10FEFC000220C6E70120C4E70720C2E70220C0E7C2
:10FF0C000120BEE70120BCE770B50446066800215D
:10FF1C00FFF772FE054688B9A1693046FFF7D9FC98
:10FF2C00054658B9E3691B78E52B0CD05BB1012170
:10FF3C002046FFF785FF05460028EDD0042D1BD089
:10FF4C000DB1284670BDA1693046FFF7C2FC0546CD
:10FF5C000028F6D120220021E0690FF094FAE36921
:10FF6C00216A626A19605A60218D94F82A201981DD
:10FF7C009A7201233371E4E70725E2E7F8B50446EA
:10FF8C000F4605684FF0040C002605E0314620466C
:10FF9C00FFF756FF844610BBA169D1B12846FFF785
:10FFAC0098FC8446D8B9E3691A78B2B1DB7A03F0CD
:10FFBC003F03A371E52AE9D02E2AE7D00F2BE5D019
:10FFCC0023F02003082B14BF00230123BB42DDD1F7
:10FFDC0007E0BCF1000F04D001E04FF0040C00234B
:10FFEC00A3616046F8BD000038B5044600230371D8
:04FFFC004FF0FF3390
:020000021000EC
:100000000363FFF76CFC00286FD194F8333294F847
:10001000320240EA032594F83430EB2B0AD018332F
:10002000DBB2012B06D94AF655239D4214BF0320AB
:10003000022038BD4AF655239D420AD094F840204C
:1000400094F83F3043EA02235A1E1A4218D0032084
:10005000EFE708222A4904F186000FF088F800280B
:1000600045D094F8402094F83F3043EA02235A1ECA
:100070001A4240D1B3F5007F3FD194F8413004E0FB
:10008000B3F5007F35D194F84130002BCBD05A1E08
:100090001A42C8D194F8432094F8423053EA02231C
:1000A000C1D094F84430013B012BBCD894F84620D1
:1000B00094F8453053EA0223B5D094F8482094F8D8
:1000C000473043EA02237F2B06D804F15400FFF7A0
:1000D00061FBB0F5803FA6D394F84B2094F84A30EA
:1000E00053EA02239FD00020A3E70420A1E70020C9
:1000F0009FE703209DE702209BE7022099E700BFCE
:10010000402D02002DE9F04F85B00E461546002324
:100110000B60FFF771FB0028C0F22181BD4B53F843
:100120002040002C00F02081346005F0FE0523788B
:100130006BB16078FFF782F910F0010F07D1002D45
:1001400000F00E8110F0040518BF0A2508E1002315
:1001500023706078FFF7D8F910F0010640F00681AF
:100160001DB110F0040F40F0038100212046FFF77D
:1001700041FF022800F09E80042800F0FB80012847
:1001800000F2FA8094F8402094F83F3043EA0223CA
:100190001BB2B3F5007F40F0F18094F84B2094F847
:1001A0004A3053EA022704D104F15800FFF7F2FA6B
:1001B0000746D4F83090E76194F8448084F80380CF
:1001C00008F1FF33DBB2012B00F2DA8094F84150E2
:1001D0006581002D00F0D6806B1E2B4240F0D4804C
:1001E00094F8462094F8453043EA02230FFA83FB43
:1001F0009A46238113F00F0F40F0C88094F84830DE
:1002000094F8470050EA032003D104F15400FFF7AB
:10021000C1FA94F8432094F8423053EA022300F0E4
:10022000B78007FB08F803EB1A1242449042C0F073
:10023000B180801AB0FBF5F1A842C0F0AD807648DD
:10024000814200F2AB804FF6F570814200F2B2803D
:1002500040F6F570814200F2E98002314B44A16121
:10026000C4F8209063624A44E262BAF1000F00F0E1
:100270009B8008EB030201EB410001F0010303EB5B
:1002800050030121A26203F2FF13B7EB532FC0F01A
:1002900089804FF0FF332361E36080236371217015
:1002A0005E4A138801339BB21380E38000236361AD
:1002B000354655E004F5FD776D4604F23A29E846E7
:1002C0003846FFF767FA48F8040B1037B945F7D1FD
:1002D00004AF4FF0030808E02046FFF78BFE01282B
:1002E0007FF650AFBD423FF447AF55F8041B0029DD
:1002F000F2D14046F6E709F101012046FFF7EFFA97
:1003000058BB0023637194F8332294F8323243EAE5
:1003100002231BB2424A934201D00321BFE704F1FA
:100320003400FFF737FA3F4B984201D00321B6E77C
:1003300004F50670FFF72EFA3B4B984201D00321DB
:10034000ADE704F50770FFF725FA206104F50870A2
:10035000FFF720FAE0600321A1E703219FE70B25C7
:10036000284605B0BDE8F08F0C25F9E70325F7E72F
:100370000A25F5E70125F3E70D25F1E70D25EFE760
:100380000D25EDE70D25EBE70D25E9E70D25E7E761
:100390000D25E5E70D25E3E70D25E1E70D25DFE771
:1003A0000D25DDE70D25DBE70D25D9E70D25D7E781
:1003B0000D25D5E78D1CA561C4F820904B446362E0
:1003C0004A44E26294F85F2094F85E3043EA0223E4
:1003D0001FFA8BFB5BEA030BE8D104F16000FFF727
:1003E000D9F9A062AB0003F2FF13B7EB532FD7D3B9
:1003F0004FF0FF332361E3608023637194F865203D
:1004000094F8643043EA02231BB2012B3FF473AF2C
:10041000032144E764B519A0F5FFFF0F62B519A0E9
:1004200055AAFFFF525261417272416102314B4441
:10043000A161C4F8209063624A44E262BAF1000FFD
:10044000B6D003EB08024B0002211BE738B50023AE
:100450004B728369002B37D005460C464FF0000CD9
:1004600062462E2006E004EB0C014B720CF1010CED
:100470000B2A0FD0E9698B5C0132202BF8D0052BB9
:1004800008BFE523092AEED104EB0C0148720CF1F8
:10049000010CE8E7A44400238CF80930EB69DB7A0F
:1004A00003F03F032372E8691C30FFF773F9206003
:1004B000EB69DA7D9B7D43EA0223E380EB695A7E98
:1004C0001B7E43EA0223A38038BD0246C87E8B7E92
:1004D00043EA00201378032B00D070474A7D0B7D40
:1004E00043EA022340EA0340F7E700002DE9F04F1A
:1004F00085B004460E46026801920B782F2B03D07C
:100500005C2B01D0536908E033461E4613F8012BDB
:100510002F2AFAD05C2AF8D00023A36033781F2B4F
:1005200004D904F120074FF0203BB5E0802384F884
:100530002B3000212046FFF765FB8246DCE02E23AE
:1005400084F8203073782E2B0AD12E2384F82130A2
:10055000B3782E2B02D14FF0060ACDE0032200E043
:1005600002222F2B00F0CC805C2B00F0C980202BC6
:10057000F1D81644242384F82B3025680021204626
:10058000FFF740FB8246002840F0A6804FF00B09A1
:100590004FF0000853E0029C08F1FF333344194642
:1005A00013F8012F2F2AFAD05C2AF8D0039BC3F14D
:1005B00001030B441E44B9F1000FCCD094F8203055
:1005C000E52B04BF052384F82030202D2ED9337865
:1005D000202B8CBF002301239B00CCE729465248E7
:1005E0000EF062FE0028B6D1A5F16103DBB2192B33
:1005F0009CBF203DEDB207F8095009F1010908F14F
:10060000010814F8015F202D40F28B802F2DC2D0FD
:100610005C2DC0D02E2D76D0CA459CD915F0800F08
:10062000DCD005F07F05414B5D5DD7E70423A2E7F1
:1006300041462046FFF70AFC824600286ED1A16998
:100640002846FFF74CF98246002867D1E069037815
:10065000002B61D0C37A03F03F03A37190F80BA085
:100660001AF0080AE4D14A4639460EF080FD002807
:10067000DED194F82B3013F0040F3DD1A37913F0A1
:10068000100F26D0019800F134012369C3F3080349
:100690001944FFF71AFFA060C7F800B0C7F804B00C
:1006A000C7F807B035782E2D3FF449AF202D7FF6DF
:1006B00052AF03964FF000094FF0080A4FF00108BF
:1006C00002943446A2E713F0040F08BF4FF0050A66
:1006D00012E04FF0050A0FE094F82B30BAF1040F46
:1006E0000AD113F0200FEED013F0040FD4D08023E2
:1006F00084F82B304FF0000A504605B0BDE8F08F6B
:100700001644202337E7BAF10B0F3FF424AF4FF024
:1007100008094FF00B0A72E74FF0040A94F82B30E7
:10072000DCE7029C464449E74C2D0200F09C0300A4
:1007300010B584B0019000911446039103A8FFF70F
:100740005BF800281ADB0E4B53F8203023B100224F
:100750000B4941F820201A70019B2BB158700022E0
:100760001A70074A42F8203014B9204604B010BD70
:10077000002201A96846FFF7C5FCF7E70B20F5E763
:1007800064B519A02DE9F0478EB00191002800F062
:10079000D0801446054602F03F073A4602A901A858
:1007A000FFF7B0FC064628B100232B6030460EB0A0
:1007B000BDE8F087DDF80880CDF80C80019903A82A
:1007C000FFF794FE0346002840F0B8809DF93730CB
:1007D000002BC0F2B88014F01C0F00F0CB809DF805
:1007E000123013F0110F40F09E8014F0040F40F00F
:1007F0009C8014F0080F39D1D8F830302B62DDF826
:100800002890C5F8249049464046FFF75EFE04460E
:10081000A86009F11C00FEF7BDFF8146E8600021D9
:10082000A962C5F80080B8F80630AB802F746974EF
:10083000E961696105F12C0A4FF4007250460EF02F
:1008400028FE17F0200FB1D0B9F1000FAED0C5F8D7
:100850001490B8F80A707F0249E0042B40F08880B9
:1008600003A8FFF757FB47F0080738BB01F089FAE8
:10087000044601460A980E30FEF797FF21460A9873
:100880001630FEF792FFDDF8289049464046FFF704
:100890001CFE0446202389F80B3000220A994046AA
:1008A000FFF73BF900210A981C30FEF77EFF012379
:1008B00088F8043024B947F040079DE7064673E7FF
:1008C000D8F830900022214603A8FFF776FA08B145
:1008D000064669E749464046FFF701F8013CC8F87B
:1008E0000C400028E7D006465EE7A9EB07094F4514
:1008F00030D221462846FFF71DF9044601281AD9AF
:10090000B0F1FF3FF1D1012616E000EB5922EA6178
:100910000123514698F80100FEF70EFE00283FF42F
:1009200045AF012640E707263EE708263CE70426B8
:100930003AE709263AE70226AC6135E714F01C0FC6
:100940008BD11E4630E714F01C0F08BF0623F8D0E9
:10095000062629E7AC61C9F30803002B3FF426AF54
:1009600021464046FEF729FF0028CED102261BE78C
:100970001E4619E79DF8123013F0100FD7D114F06E
:10098000020F3FF439AF13F0010F3FF435AF0726E4
:100990000AE72DE9F04F87B004460F469346984684
:1009A0000023C8F8003005A9FEF752FF06460028CC
:1009B00040F0A980667C002E40F0A580237C13F0D7
:1009C000010900F0BF80E36862699B1A9B4528BF5C
:1009D0009B46BBF1000F00F0968004F12C030193BD
:1009E000CDF808900396BA4655E0A36A1BB120469D
:1009F000FEF7EEFE5FE0A1692046FFF79BF85AE0A4
:100A0000022666747FE0DDF80890012363744E4689
:100A100079E00226667476E094F91030002B01DB51
:100A20006D022CE0E069C01BA842F9D24FF40072BD
:100A300004F12C010AEB40200EF002FDF0E7E26920
:100A4000BA420DD094F91030002B60DB01233A46F6
:100A500004F12C0199F80100FEF76EFD002869D120
:100A6000E7616169C1F30801C1F500755D4528BF03
:100A70005D462A46019B194450460EF0E1FCD8F829
:100A800000302B44C8F80030AA4463692B446361EA
:100A9000BBEB050B54D06169C1F30803002BE0D117
:100AA000DDF81490B9F80A60013E16EA512608D123
:100AB00000299AD1A0680128A2D9B0F1FF3FA2D0A5
:100AC000A061A1694846FEF778FE07460028A0D03D
:100AD0003744BBF5007FB2D34FEA5B25B9F80A3043
:100AE00006EB5B229A4288BF9D1B2B463A46514635
:100AF00099F80100FEF720FD00288DD0DDF8089060
:100B0000012363744E46304607B0BDE8F08F0123E1
:100B100004F12C0199F80100FEF78EFD20B9237C29
:100B200003F07F03237491E7DDF8089001236374D9
:100B30004E46E8E7DDF80890012363744E46E2E78D
:100B4000039EE0E70726DEE72DE9F04F85B0044677
:100B50000F46154698460023C8F8003003A9FEF753
:100B600077FE824600284BD194F811A0BAF1000F0D
:100B700046D1237C13F0020F00F0DB806369EB4267
:100B800028BFDD43002D00F0CF8004F12C0301933A
:100B9000A2E0A36A002B37D02046FEF719FE0028FA
:100BA00000F0C280012834D0B0F1FF3F36D0A06100
:100BB000A36803B9A06094F91030002B33DBA1695E
:100BC0005846FEF7FAFD814600283FD0B144B5F5FE
:100BD000007F56D36B0A0093BBF80A3006EB552210
:100BE0009A4284BF9B1B0093009B4A4639469BF860
:100BF0000100FEF721FD70B34FF0010A84F811A047
:100C0000504605B0BDE8F08FA1692046FFF751F8C6
:100C1000C5E74FF0020A84F811A0F1E74FF0010A8E
:100C200084F811A0ECE70123E26904F12C019BF8A0
:100C30000100FEF701FD20B9237C03F07F0323743C
:100C4000BDE74FF0010A84F811A0D9E74FF0020A7E
:100C500084F811A0D4E7E169A1EB0901009B994256
:100C600002D3009B5E0227E04FF4007207EB4121A4
:100C700004F12C000EF0E4FB237C03F07F032374CB
:100C8000EFE7E3694B4503D06269E3689A423CD3DE
:100C9000C4F81C906069C0F30800C0F50076AE424D
:100CA00028BF2E4632463946019B18440EF0C8FB39
:100CB000237C63F07F032374D8F800303344C8F8F2
:100CC00000303744636933446361E2689A4238BF55
:100CD0001A46E260AD1B27D06169C1F30803002BFF
:100CE000D8D1DDF80CB0BBF80A60013E16EA5126F7
:100CF0007FF461AF00297FF44CAFA06800287FF437
:100D000051AF2046FEF7D5FF49E701234A4604F1DB
:100D10002C019BF80100FEF70FFC0028B8D04FF023
:100D2000010A84F811A06BE7237C43F0400323748D
:100D300066E74FF0070A63E7012801D90D207047E5
:100D400008B5034B53F82000FEF7A5FD08BD00BF12
:100D500064B519A0F0B583B0044601A9FEF778FD8B
:100D600078B9237C13F040000BD013F0800F0AD128
:100D700001F007F80546019E216A3046FEF7AFFDF7
:100D800078B103B0F0BD0123E26904F12C010198B0
:100D90004078FEF751FC28BB237C03F07F032374CB
:100DA000E6E7676AFB7A43F02003FB72A2683946E4
:100DB0002068FEF7B2FEE16807F11C00FEF7F5FCC3
:100DC000294607F11600FEF7F0FC0023BB74FB7404
:100DD000012333713046FEF7C9FD237C23F0400325
:100DE0002374CEE70120CCE710B582B00446FFF7AC
:100DF000B1FF08B102B010BD01A92046FEF728FDE1
:100E00000028F7D12060F5E72DE9F04F83B00446C4
:100E10000E4601A9FEF71CFD054678B9657C6DB943
:100E2000A36A002B00F08780B6F1FF3F0AD0E36889
:100E30009E4228BF1E466661002E3FD1284603B061
:100E4000BDE8F08F984658F804BBD4F80890B9F183
:100E5000000F27D04FF0020A4946002701370E46FF
:100E60002046FEF767FE0146012815D9B0F1FF3F85
:100E700015D001368642F1D00AF1020AD34505D3D6
:100E8000434643F8087BC8F804909846019B9B6949
:100E90008B4209D98946DFE702256574CEE7012533
:100EA0006574CBE74FF0020AA36AC3F800A0DA45E5
:100EB00000F2F1800023C8F80030BFE706F1FF38E8
:100EC00041462046FEF784FC0146A061019F38465A
:100ED000FEF773FCD0B1C6F30806002EAED07E89B3
:100EE000013E06EA58260644E269B242A6D094F9C9
:100EF0001030002B0DDB0123324604F12C017878F1
:100F0000FEF71AFB054698B9E66197E70225657476
:100F100094E7012304F12C017878FEF78DFB20B9CA
:100F2000237C03F07F032374E5E70125657485E7DF
:100F30000125657482E7E368B34205D2227C12F092
:100F4000020F40F0AA801E46636900226261002EF3
:100F50003FF474AFDDF80490B9F80A804FEA4828EE
:100F600073B1013B721EB2FBF8F2B3FBF8F18A4297
:100F700006D3C8F1000213406361F61AA76903E0C3
:100F8000A768002F35D0A76187B1464554D863695B
:100F900033446361C6F30803002B67D039464846E3
:100FA000FEF70BFC00285ED000EB56276369E26871
:100FB000934204D9E360227C42F040022274C3F3DE
:100FC0000803002B3FF43AAFE269BA423FF436AF70
:100FD00094F91030002B4BDB01233A4604F12C012D
:100FE00001984078FEF7A8FA0546002850D1E7613D
:100FF00024E700212046FEF75CFE0746012804D0C6
:10100000B0F1FF3F04D0A060BDE70225657415E78D
:101010000125657412E739462046FEF78BFD074629
:10102000B7F1FF3F19D0012F1AD9D9F81830BB42B8
:1010300016D9A761B045AAD2A6EB08066369434456
:101040006361237C13F0020FE5D039462046FEF79A
:1010500030FE07460028E3D1A8E701256574EDE6D8
:1010600002256574EAE602256574E7E61F469DE7FA
:10107000012304F12C0101984078FEF7DDFA20B934
:10108000237C03F07F032374A6E701256574D5E66E
:1010900001256574D2E61125D0E6636900226261FC
:1010A00058E730B585B0019188B30446002203A902
:1010B00001A8FFF727F8034620B100222260184656
:1010C00005B030BD039D256001992046FFF70EFA5B
:1010D000034698B994F92B30002B08DBA37913F061
:1010E000100F10D0E1692846FFF7EFF9A060EB88F8
:1010F000A38000212046FEF785FD0346042B04D083
:10110000002BDCD0D9E70523D7E70523D5E7092352
:10111000D5E770B582B004460D4601A9FEF798FBED
:10112000034640B955B100212046FEF72DFF034686
:1011300010F0FB0608D0184602B070BD0021204612
:10114000FEF760FD0346F6E729462046FFF77EF9E5
:1011500000212046FEF77AFE042814BF03463346DA
:10116000E9E72DE9F04F89B001900F460091144650
:10117000002207A901A8FEF7C5FF824638B9079EDD
:1011800026603369B569AA1E934204D83B60504675
:1011900009B0BDE8F08F96F80080B8F1010F06D0D5
:1011A000D6F824900024274606F134082BE0039655
:1011B0000224002703AD03E00134B369A34232D90E
:1011C00021462846FEF7B6FCB0F1FF3F33D0012898
:1011D00033D00028F0D10137EEE709F1010B494681
:1011E0003046FEF77CFB58BBD9460EE008EB040006
:1011F000FEF7D0FA30F0704308BF01370434C4F36F
:101200000804013D0FD0002CE7D03378022BEDD13C
:1012100008EB04035A7818F8043053EA022308BF95
:1012200001370234EBE7009B1F603761737943F0AD
:1012300001037371ABE7C246A9E74FF0020AA6E7C4
:101240008246A4E72DE9F0419AB00190022219A943
:1012500001A8FEF757FF10B11AB0BDE8F081199C44
:101260000E9401990EA8FFF741F90028F4D19DF8DA
:10127000633013F0200F3CD113F0800F3BD19DF869
:101280003E5015F0010F38D1DDF83880159F3946F2
:101290002046FFF71AF9064615F0100F11D06369C2
:1012A00083422CD003940590002103A8FEF7AAFCEA
:1012B0000028D1D1002103A8FEF766FE08B3042858
:1012C000CAD114994046FEF70AFB0028C4D1E52391
:1012D0003B70012388F804301EB92046FEF746FB18
:1012E000BAE7002231460EA8FEF767FD0028B3D109
:1012F000F3E70620B0E70620AEE70720ACE70720BB
:10130000AAE70720A8E72DE9F04192B00190022258
:1013100011A901A8FEF7F6FE044618B1204612B046
:10132000BDE8F081119B0693019906A8FFF7DEF84E
:101330000446E8B10428F1D19DF8433013F0200FA2
:1013400018D1119B0293002102A8FEF7B2FC0546BA
:1013500000286ED0012D0FD0B5F1FF3F0ED1012432
:1013600000F00FFD0022294602A8FEF726FDD5E772
:101370000824D3E70624D1E70224F1E700F001FDB9
:10138000074629461198FEF7C3FA04460028E9D11A
:10139000119C04F134064FF02033C4F83530C4F802
:1013A0003930A4F83D304FF02E0884F834801023F3
:1013B00084F83F30394604F14A00FEF7F6F92A4630
:1013C00031462046FEF7A9FB606BA16BE26B236CF4
:1013D0006065A165E2652366606CA16CE26C236DBB
:1013E0006066A166E266236784F85580089A04F176
:1013F00054012046FEF791FB0123237106A8FEF756
:1014000089FD04460028ADD139460D981630FEF707
:10141000CCF9119C2A460D992046FEF77EFB0D9BC8
:101420001022DA72012323712046FEF79FFA044648
:1014300074E700F0A6FC072494E72DE9F041A2B080
:10144000019000916846FEF7D7F9022221A901A870
:10145000FEF758FE10B122B0BDE8F081219D16952F
:101460001890019916A8FFF741F80028F3D19DF8CC
:10147000833013F0A00F01D00620ECE7169F189ED2
:101480001D9C0DF10C0C20686168A268E368ACE853
:101490000F0020696169A269E369ACE80F0094F864
:1014A0000B800DF1580EBEE80F00ACE80F00BEE84F
:1014B0000F00ACE80F009EE807008CE807000099D9
:1014C0000BA8FFF713F850B90D9BB34201D00820C9
:1014D000C1E70F9A1A9B9A4203D00820BBE7042861
:1014E000B9D10BA8FEF716FD0028B4D112998DF8DA
:1014F0001780DDF819C0DDF81D00DDF82120DDF8CA
:101500002530C1F80DC0C1F81100C1F81520C1F88F
:101510001930BDF829209DF82B30A1F81D20CB777C
:1015200018F0100F08BF48F0200881F80B80012345
:101530002B71CB7A13F0100F17D00D9BB34214D040
:101540002846FEF7C2FF01462846FEF736F9014657
:1015500008B902207FE72846FEF7C1F900287FF48A
:101560007AAF95F855302E2B0ED01C993846FEF7E1
:10157000B6F900287FF46FAFE523237001233B7198
:101580002846FEF7F3F966E70D9A05F1540128465F
:10159000FEF7C3FA01232B71E7E700002DE9F04FB6
:1015A00095B00D900D46019200930DA8FEF724F919
:1015B0000028C0F28483A34B53F820300BB10022E3
:1015C0001A70C4B22046FDF79FFF10F0010F40F0E3
:1015D000788310F0040F40F07883002D00F09D8395
:1015E0006B681393002B00F09B83139A531EB3F583
:1015F000004F01D21A4201D00123139395F80190B4
:1016000009F1FF33DBB2022B28BF4FF00109D5F8F7
:10161000088008F1FF33B3F5004F2DD218F00F0FFB
:1016200018BF4FF40078EE68B6F1807F27D8731E9C
:10163000334218BF0026009BB3F5007FC0F04783FC
:10164000019B002B00F045832D780023129312AAF2
:1016500001212046FEF748F8002840F03C8315F0B1
:1016600008030A930DD1129B3F2B40F236833F3B78
:1016700012933F23029306E04FF40078D3E700264D
:10168000D9E700230293129B7F2B40F22883B6F503
:10169000813F34BF760A802615F00203079341D0BC
:1016A00005F00105C5F10305EBB20693CB4600F04A
:1016B00068FB0C90DDF848A0C8F316110591029A5A
:1016C000531C0993CB180493139B03F1FF3EC3F102
:1016D000000C02F1200308930B94069C032C2CD0E1
:1016E000002E54D03246BAFBF2F340F6F5718B422D
:1016F0005AD9991C490001F2FF11490A049B01FBC8
:101700000B300EEB000303EA0C031B1AB3FBFBF5D3
:101710000BFB1535002D4ED0013B029D0235039584
:1017200002274BE015F0010F00F0DB820223069345
:10173000BCE71646D2E70324D0E7DEB13246BAFB57
:10174000F2F18B0003F207235B0AA1F57F41F63922
:101750003D48814200F2C782089903FB0B1000EB61
:101760000E0505EA0C052D1A05F1200769180391ED
:10177000002127E04FEA5A403449012213468342B0
:10178000DDD8520031F8023F002BF8D1D7E74FEAFD
:101790001A302F4901231A468342A4D8520031F847
:1017A000023F002BF8D19EE703EB430101314908CA
:1017B000033101249FE7099D03950127B3FBFBF348
:1017C0000B440599029D401B00EB02108245C0F0BE
:1017D0008C827818AAEB00000BFB1300B0FBF2F030
:1017E000032C12D0022C35D14FF6F575A8421BD927
:1017F000002E40F08A825200402A9AD9079B002B83
:1018000099D1802A0ED8164668E74FF6F575A8429A
:1018100020D8002E40F06B82012A01D956085DE7DE
:101820000E204FE20E204DE240F6F575A84235D865
:10183000002E40F05E825600802E7FF64FAF0E20C5
:1018400040E200BF64B519A0FFFFFE0FD09C03006B
:10185000C09C0300264606943D46079105920493DA
:101860000B9C0746012E20D140F6F573984200F2FA
:1018700042824FF400720021019E30460DF009FEB5
:10188000BB4B03CB306071601A889B783281B37296
:101890009DF81420EBB2C5F307201FE006943D46E7
:1018A0000791059204930B9C07464FF400720021A8
:1018B000019E30460DF0EDFDAD4B03CB3060716005
:1018C0001A889B783281B3729DF81420EBB2C5F36D
:1018D00007200699032908BF4FF000080221019D47
:1018E00029736A73AB73E87385F8109085F81180DB
:1018F000C8F3072885F81280BAF5803F80F0AF80E2
:1019000085F813A0CAF307232B750C9B53449A4602
:10191000F823019A53753F231376FF239376029998
:1019200002F11C00FDF741FF069B032B00F09E8097
:101930005146019D05F12700FDF737FF049BAB756C
:10194000C3F30723EB75802385F82430292385F81A
:101950002630884E0FCEC5F82B00C5F82F1029462B
:10196000C5F83320C5F837303288B378A5F83B2066
:1019700085F83D30552385F8FE31AA2385F8FF31DF
:101980000123029A2046FDF757FE002840F0B5815A
:10199000009B4FEA53286FF308031A460021019E6B
:1019A00030460DF076FD069B012B734B18BF6FF090
:1019B0000703029300254FF40079AA46039FCDF850
:1019C0000CB0B346069B032B00F0C080029958462A
:1019D000FDF7EBFE049E00953546464528BF45467B
:1019E0002B463A4659462046FDF726FE002840F091
:1019F00086814A46514658460DF04BFD2F44761BD2
:101A0000EAD1009D0135039BAB42DBD1079B059AD0
:101A10000699032908BF13461E46DDF80490354693
:101A2000464528BF45462B463A4649462046FDF7DF
:101A300003FE002840F065812F44761BEFD1069A03
:101A4000032A00F0A180129BB3F5803F80F0CE8086
:101A5000022A14BF4FF0010A4FF0040A96E05146E3
:101A6000019B03F12000FDF7A0FE4EE75146019DCA
:101A700005F14300FDF799FE049905F12400FDF7F7
:101A800094FE022105F12C00FDF78FFE4FF0010CB2
:101A900085F830C0062385F83230802385F8403041
:101AA000292385F84230354E0FCEC5F84700C5F8DA
:101AB0004B10C5F84F202946C5F853303288B3780B
:101AC000A5F8572085F85930552385F8FE31AA230B
:101AD00085F8FF316346029A2046FDF7ADFD08B157
:101AE0000120EFE00123029DAA1D019E3146204600
:101AF000FDF7A2FD4FF40072002130460DF0C9FC45
:101B00001F493046FDF751FE1E4906F5F270FDF7FC
:101B10004CFE791E06F5F470FDF747FE022106F52E
:101B2000F670FDF742FE5523314686F8FE31AA23B2
:101B300086F8FF310123EA1D2046FDF77DFD0123D4
:101B4000099A31462046FDF777FD21E76FF007013E
:101B50005846FDF72AFE4FF0FF310BF10400FDF768
:101B600024FE6FF070410BF10800FDF71EFE31E717
:101B70005C2D02007C2D0200F8FFFF00682D0200A2
:101B800052526141727241614FF00C0A0A9B002B64
:101B900040F08C80129B1093002311930FAA012117
:101BA0002046FDF7A1FD002840F0B580DDF83C900F
:101BB00008274FF63E43B9FBF7F29A4204D97F005B
:101BC00017F0FF07F7D1FF274FF400720021019DA6
:101BD00028460DF05EFC2B4605F5E3750DF1400B34
:101BE00003F5FB7300933F26A0463EE04FF0060A44
:101BF000CCE7A9EB060431462846FDF7D6FD214681
:101C0000281DFDF7D2FD05F804AC3F20B6FBF0F32C
:101C1000B3FBF7F207FB123105F8071CC3EB831384
:101C2000F31A0133910821F03F010B4305F8063CFC
:101C300005F8052C2644731EB3FBF0F2B2FBF7F156
:101C400007FB112005F8030CC2EB82129B1A01332B
:101C50008A0822F03F02134305F8023C05F8011CF4
:101C6000009BAB4214D0103596B14E4510D25BF8B4
:101C7000044B642C05D81DBF6423B9FBF3F35C430C
:101C80004C4633199945B4D39E42B2D8002CB2D1F8
:101C900044465523019981F8FE31AA2381F8FF318A
:101CA000012300224046FDF7C7FC60BB002211461D
:101CB0002046FDF719FD003818BF012002E00B2077
:101CC00000E0032015B0BDE8F08F0A20FAE71120EC
:101CD000F8E71120F6E70120F4E70E20F2E70E20E6
:101CE000F0E71320EEE70E20ECE70E20EAE70E20E7
:101CF000E8E70E20E6E70E20E4E70120E2E7012016
:101D0000E0E70120DEE70120DCE7079B0BB10324BD
:101D1000E4E40E20D6E70120D4E700231393034D1B
:101D200013AA03212046FDF7DFFC5EE4E09C0300DC
:101D300010B582B0044668460BF0B8FBB0B99DF808
:101D40000230E3719DF80130A3719DF8003063719A
:101D5000002323719DF80530E3709DF80430A370D3
:101D6000BDF806300120238002B010BD0020E071D4
:101D7000A0710C2363710123E370A3704FF4FA6325
:101D8000F1E700B583B00023ADF802308DF80430E0
:101D90008DF805308DF806308DF807306846FFF76E
:101DA000C7FF9DF802209DF803301B0443EA42530D
:101DB0009DF8052043EAC2239DF8062043EA42131A
:101DC0009DF8072043EA5203BDF80000A0F2BC7062
:101DD00043EA406003B05DF804FB13282FD8DFE826
:101DE00000F031300A0C0E10121416181A1C1E20A6
:101DF000222426282A2C0B2070470D20704709200A
:101E00007047092070470E207047082070470F2048
:101E100070470E207047112070470E207047122027
:101E200070470A2070471320704702207047112026
:101E30007047042070470A2070470E207047FF202B
:101E4000704710207047C1F3452303F2BC73038031
:101E5000C1F34313837001F01F01C170704710B5C7
:101E60000446043009F0E8FC0023C4F83432C4F816
:101E70006434C4F89436C4F8C43810BD08B54FF0C3
:101E8000FF31406809F040FD08BD08B5406809F021
:101E900055FD08BD2DE9F84305460F461646984600
:101EA000FFF7ECFF2C464FF0000CD4F8340258B189
:101EB0000CF1010C04F50C74BCF1040FF5D12846AB
:101EC000FFF7E3FF012044E04FF40C730CFB0332F7
:101ED0002A444FF0FF3151600FFA8CF405F10809E4
:101EE00003FB0499022E1DD0032E09D0012239468E
:101EF0004846FEF747FC0646E0B9C8F8004022E035
:101F00000A2239464846FEF73DFC064690B9C8F815
:101F1000004018E0C8F80040D9F80C104846FEF719
:101F200073FF10E0122239464846FEF72BFC0646A6
:101F30000028EFD04FF40C7304FB03332B44002232
:101F40005A60C8F800202846FFF79FFF3046FFF789
:101F500044FFBDE8F883032916D870B50546164638
:101F600000F108044FF40C7303FB0144D4F82C3245
:101F700063B1FFF783FFE36833602846FFF785FF0F
:101F80000020FFF72AFF70BD0E2070470320FAE7FC
:101F9000032919D870B50546164600F108044FF418
:101FA0000C7303FB0144D4F82C327BB1FFF766FFBE
:101FB00031462046FEF728FF04462846FFF765FF16
:101FC0002046FFF70AFF70BD0E2070470320FAE796
:101FD000032916D870B50546164600F108044FF4DB
:101FE0000C7303FB0144D4F82C3263B1FFF746FFB6
:101FF000636933602846FFF748FF0020FFF7EDFED6
:1020000070BD0E2070470320FAE703291BD870B576
:102010000546164600F108044FF40C7303FB014417
:10202000D4F82C328BB1FFF729FFA6624FF0FF31B5
:102030002046FEF7E9FE04462846FFF726FF204625
:10204000FFF7CBFE70BD0E2070470320FAE703298F
:102050001AD870B5054600F108044FF40C7303FB61
:102060000144D4F82C328BB1FFF708FF2046FEF76D
:10207000BBFE06460023C4F82C322846FFF705FFB6
:102080003046FFF7AAFE70BD0E2070470320FAE726
:1020900003291CD8F8B5054617461E4600F108046A
:1020A0004FF40C7303FB0144D4F82C328BB1FFF7CF
:1020B000E5FE069B324639462046FEF76AFC04469A
:1020C0002846FFF7E2FE2046FFF787FEF8BD0E2008
:1020D00070470320FAE703291CD8F8B505461746D0
:1020E0001E4600F108044FF40C7303FB0144D4F8BE
:1020F0002C328BB1FFF7C2FE069B32463946204692
:10210000FEF722FD04462846FFF7BFFE2046FFF7F4
:1021100064FEF8BD0E2070470320FAE738B5054687
:102120000C46FFF7ABFE2046FFF78CF80446284626
:10213000FFF7ABFE2046FFF750FE38BDD1F8240173
:1021400038B110B50C460BF029F90020C4F8240171
:1021500010BD0E20704770B505460C461646FFF7B9
:102160008DFE31462046FFF768F904462846FFF702
:102170008CFE2046FFF731FE70BD38B505460C4693
:10218000FFF77CFE2046FFF7BEF804462846FFF71F
:102190007CFE2046FFF721FE38BD38B505460B789A
:1021A000202B03D111F8013F202BFBD0303BDCB2B8
:1021B000092C11D84B783A2B18BF00242846FFF77A
:1021C0005DFE2046FEF7B8FD04462846FFF75DFE9B
:1021D0002046FFF702FE38BD0024EFE770B582B05D
:1021E00005460E461446FFF749FE01AA04F10C010C
:1021F0003046FEF7B6FF064640B9019A9369023BA6
:10220000A360538963604FF4007323602846FFF78F
:102210003CFE3046FFF7E1FD02B070BD70B50546EB
:102220000C461646FFF72AFE303C3146E0B2FDF779
:1022300097FA04462846FFF728FE2046FFF7CDFD13
:1022400070BD70B5ADF5007D05460C461646FFF72E
:1022500015FE4FF400736A4631462046FFF79EF99B
:1022600004462846FFF711FE002C0CBF20462D2007
:102270000DF5007D70BDF8B5D1F82471002F00F088
:10228000928006460C46FFF7F9FD002387F83530AB
:1022900007F12C013846FEF73CFF05463046FFF7B4
:1022A000F4FD002D7AD197F83530002B7ED0002335
:1022B00084F8013197F83430C3F30012134684F8E0
:1022C000012197F8342012F0010F1CBF43F00203E4
:1022D00084F8013197F8343013F0040F05D094F8E6
:1022E000013143F0040384F8013197F8343013F0DE
:1022F000020F05D094F8013143F0080384F801314E
:1023000097F8343013F0200F05D094F8013143F0E2
:10231000100384F80131398E04F58870FFF793FDBE
:102320007B8E002684F81761DA0A84F81421C3F33F
:10233000451284F8152103F01F0384F81631398EF5
:1023400004F58470FFF77FFD7B8E84F80F61DA0A55
:1023500084F80C21C3F3451284F80D2103F01F0308
:1023600084F80E31398E04F58C70FFF76CFD7B8E8E
:1023700084F81F61DA0A84F81C21C3F3451284F83B
:102380001D2103F01F0384F81E3107F1350120469B
:102390000DF0B2F8FB6AC4F8043105E02846FFF7F7
:1023A0001CFD054600E00E252846F8BD0925FBE783
:1023B000F8B505460F46164644200AF0E7FF0446E6
:1023C000442200210DF065F8C6F82441A4B1284646
:1023D000FFF754FD39462046FEF763FE04462846C3
:1023E000FFF753FD1CB12046FFF7F7FCF8BD31465F
:1023F0002846FFF740FFF9E70420F7E708B5002378
:102400001A460249024809F09DFE08BD709D03006E
:10241000642502002DE9F04F85B081460C46164632
:102420000E9A5F1A002FB8BF7F42A2EB060ABAF1DC
:10243000000FB8BFCAF1000A8B42B4BF4FF0FF33A0
:1024400001230393B242B4BF4FF0FF320122029244
:10245000574509DB07EBD7756D10019300230393F4
:102460009B464FF000081AE00AEBDA756D10DDF8B4
:1024700008B03B4657469A46002302930193F0E783
:102480005544AF4204DCED1B039B1C44029B1E44DD
:10249000019B1C445E4408F10108474517DBD9F84D
:1024A0000830A342ECDCD9F81030A342E8DBD9F8BD
:1024B0000C30B342E4DCD9F81430B342E0DBB9F8B5
:1024C0003C3032462146484600F0CAF9D8E705B00C
:1024D000BDE8F08F08B5436A194409B2C36A99424E
:1024E00005DC836A1A4412B2036B9A4200DD08BD10
:1024F000838F00F0B5F9FAE72DE9F04F85B08146FA
:102500000E98D9F824400C44D9F8286016445F1A74
:10251000002FB8BF7F42A0EB020ABAF1000FB8BF8C
:10252000CAF1000A9942CCBF4FF0FF330123039355
:102530008242CCBF4FF0FF3201220292574509DBA5
:1025400007EBD7756D100193002303939B464FF063
:1025500000081AE00AEBDA756D10DDF808B03B46AA
:1025600057469A46002302930193F0E75544AF4241
:1025700004DCED1B039B1C44029B1E44019B1C447A
:102580005E4408F10108474517DBD9F80830A3423B
:10259000ECDCD9F81030A342E8DBD9F80C30B342B8
:1025A000E4DCD9F81430B342E0DBB9F83C30324611
:1025B0002146484600F054F9D8E705B0BDE8F08F51
:1025C00070B582B004460E46856A036B9D420DDCF1
:1025D000616AE26A0132521A009233462A46204664
:1025E00000F086F90135226BAA42F1DA02B070BD23
:1025F0002DE9F04F85B004460E980F9EBDF850703F
:1026000050EA060571D4109D8D426EDA119D9542F7
:102610006BDA216062602365E3650023A4F858301B
:10262000A060E660109B23616561BDF84C30A38714
:10263000E787BDF85430A4F84030129BC31863629A
:10264000129BF318A362109B129A9B1AE362AB1AB7
:102650002363109B1B1AA3EB4203E361AB1BA3EBA9
:1026600042032362002A34DD129B03EB000A054675
:10267000331A0293109B03EB0009119B03EB000B31
:10268000A0460397029B5E19A9EB050700963B46FF
:10269000324629464046FFF7BDFEABEB05040094E9
:1026A0003B46324639464046FFF7B4FE00942B467F
:1026B000224639464046FFF7ADFE00962B4622469D
:1026C00029464046FFF7A6FE01355545DAD1444676
:1026D000039F169B012B0DD00023A364626A6263E3
:1026E000A26AA2636364012001E00020606505B076
:1026F000BDE8F08F39462046FFF762FFECE72DE991
:10270000F04182B00746089D994202DC18460B460C
:102710000146AA4202DC284615460246786ABE6A8D
:10272000C4188442B8BF04463544B542B8BF3546E4
:1027300000EB0108FB6A9845A8BF984616443B6B1E
:102740009E42A8BF1E46009543462A46214638466B
:10275000FFF760FE009643462A4641463846FFF79B
:1027600059FE00962346324641463846FFF752FE50
:1027700000952346324621463846FFF74BFE7B6CD8
:102780009BB90134A04510DD0135AE420DDDA8EB4B
:102790000408CDF80080B7F840302A462146384674
:1027A00000F0A6F80135AE42F3D102B0BDE8F081E9
:1027B00070B58AB0044601250895BDF854600796A7
:1027C000BDF850600696BDF84C600596129E0496C2
:1027D000119E0396109E02960F9E01960E9E0096E5
:1027E000FFF706FFE5640AB070BD30B58BB0044654
:1027F00000250895BDF854500795BDF85050069532
:10280000BDF84C500595129D0495119D0395109DA2
:1028100002950F9D01950E9D0095FFF7E9FE01239E
:10282000E3640BB030BD81877047A0F8401070475B
:102830004164704710B41368846A1B1B13600B68F3
:10284000426A9B1A0B6010BC70471368D0F828C00E
:10285000634413600B68426A13440B6070470000C6
:1028600010B40B4C94F9004014B10468641A611E52
:10287000084C94F9004014B14468A21A013A046863
:1028800004FB0211026D22F8113010BC704700BF2A
:102890006DB519A06CB519A070B58446049E059C51
:1028A000114890F9000028B1DCF80000051B691AF6
:1028B000C01A031B0D4890F9000028B1DCF8040091
:1028C000821A013A801B461EDCF85000DCF80050EA
:1028D00006FB053302FB0511620000EB410100EB32
:1028E00043000CF0ADFD70BD6DB519A06CB519A01D
:1028F00030B4029C0E4D95F9005015B105686D1A63
:10290000291B0C4D95F9005015B14568AA1A013ADA
:10291000056805FB0211026D02EB4102601E2CB13D
:1029200022F8023B0138B0F1FF3FF9D130BC7047CB
:102930006DB519A06CB519A030B58E469DF80C4048
:10294000B0F83CC01C4991F9001011B141688A1AD5
:10295000013A056805FB02F2016D01EB42021749DD
:1029600091F90010A9B1A5EB0E05013D02EB45015F
:10297000621ED2B264B1520082F00102D2430A4414
:10298000002BB8BFA1F800C002395B008A42F7D122
:1029900030BD02EB4E01621ED2B2002CF8D00132E3
:1029A00001EB4202002BB8BFA1F800C002315B006E
:1029B0009142F7D1ECE700BF6CB519A06DB519A035
:1029C00070B50D469DF81040B0F83CC0B0F83EE040
:1029D0001C4991F9001011B141688A1A013A066840
:1029E00006FB02F2016D01EB4202174991F900105A
:1029F000A9B1761B013E02EB4601621ED2B26CB158
:102A0000520082F00102D2430A443EEA230028BF6A
:102A1000604621F802095B009142F6D170BD02EBDD
:102A20004501601EC0B2002CF8D0013001EB40001F
:102A30003EEA230228BF624621F8022B5B0088424F
:102A4000F6D1EBE76CB519A06DB519A038B5844681
:102A50001846049D154B93F900301BB1DCF8043087
:102A60009A1A013ADCF8004002FB04F3DCF850202B
:102A700002EB430E0E4B93F9003083B1641A05F15B
:102A8000FF3C5DB10EEB4401831E31F8022D23F8AB
:102A9000022F0CF1FF3CBCF1FF3FF6D138BD6A00BC
:102AA0000EEB41010CF0CCFCF8E700BF6CB519A0AF
:102AB0006DB519A070B48C46039C049E174991F91A
:102AC000001011B141688A1A013A056805FB02F24B
:102AD000016D01EB4202124991F9001081B1A5EBA1
:102AE0000C05013D02EB450146B1981913F8012B85
:102AF00034F8122021F802299842F7D170BC7047AF
:102B000002EB4C01002EF9D0981913F8012B34F880
:102B1000122021F8022B9842F7D1EFE76CB519A0EB
:102B20006DB519A0024B1870024B1970704700BFA9
:102B30006DB519A06CB519A010B4446A2144416365
:102B4000836A1A4482638C4205DD4463934207DD45
:102B5000836310BC7047C46AA142C8BF4463F5E7F1
:102B6000036B9A42C8BF8363F3E710B4436B446AB4
:102B70001B1B0B60836B816A5B1A136010BC704770
:102B800070B582B004460E46856A0D44036B9D42C3
:102B90000FDC616AE26A521A01320192AB1B0093A8
:102BA0000B462A462046FFF777FE0135236BAB42E2
:102BB000EFDAA56B236B9D420DDC616AE36A5B1A59
:102BC00001330093E38F2A462046FFF791FE01353B
:102BD000236BAB42F1DA02B070BD10B50446436A14
:102BE0004363826CB2F90030816B0B448363B2F9AA
:102BF0000010026B581890420EDDD21A891A5B1A27
:102C0000A3632046FFF7BCFFA36BA26CB2F90010D0
:102C1000226B58189042F0DC10BD2DE9F04F87B0C0
:102C200006460A292DD0836C9A78A1EB02099B688D
:102C300013F80930426B1344C26A934224DCB16C2E
:102C4000CB6823B333F81930B1F9002002FB03F34A
:102C50004A6802EB4302B1F90030002B40F3818057
:102C600009F101034FEA430CACF102030493012381
:102C700002934FF0000ACDF814C00392CB46D14620
:102C800059E0FFF7AAFF72E0FFF7A7FFD7E7B1F916
:102C9000003009FB03F34A6802EB4302DBE703F170
:102CA000FF3A4FEA2A1A06E003F1FF3A4FEA2A1ADE
:102CB00001E04FF0000A029B002B35D0B48E0AF1E0
:102CC00001080AFB099707F10047013F039B03EB4B
:102CD0004707002514E0B26C926812F80B10A1EBC4
:102CE000051112E0B26BC9B200911B044A4421469F
:102CF0003046FFF765FE1034A4B20135454513D0C8
:102D000037F8023FAA45E6DD1021F26C002AE9D02F
:102D1000B26BC9B200911B044A4421463046FFF70A
:102D20000BFEE8E70023029309F10109B16CB1F948
:102D300000304B4514DD8B6813F80B30002BB8D0F6
:102D4000CA68002AABD00599515A0498125A8A1AB7
:102D5000B3EB021FA8DB002AE4DD02F1FF3AAAE789
:102D6000D9468B6813F80920736B1344736307B05B
:102D7000BDE8F08F38B505460C46097839B938BD3D
:102D80002846FFF72AFF14F8011F0029F7D00A2967
:102D9000F6D0AB6C9A788A42F5D8DB788B42F2D3C6
:102DA0002846FFF73AFFEEE738B504460D461146D0
:102DB0001A46FFF7C1FE29462046FFF7DBFF38BD64
:102DC0002DE9F04106460F4690461A460C78ACB104
:102DD0008E46002002E01EF8014F84B10A2C0ED06E
:102DE000B56C95F802C0A445F5D8E978A142F2D3B4
:102DF000A4EB0C04AB681B5D1844ECE7002008EB67
:102E0000D87800EBD0704010C0EB68013046FFF777
:102E100093FE39463046FFF7ADFFBDE8F08181648F
:102E20007047836CB3F900007047836C9A788A42CC
:102E300008D8D878884201D200207047891A9B6848
:102E4000585C7047002070472DE9F04383B004467A
:102E5000806C236A0333B0F900C0634548DB0D463C
:102E6000002945D0B4F84080B4F83C90E78FE66C78
:102E7000A4F84020E287A287B0F900300233009323
:102E8000E369002211462046FFF739FC636A0233EA
:102E90006363A36A0133A363A4F83C90A4F8408061
:102EA000E7870123E36429462046FFF763FFE664D2
:102EB000A36CB3F9002003320092E36A002120469C
:102EC000FFF71AFBA26CB2F90030E1680B4404333F
:102ED000E360B2F90030A16A0B440433A362B2F993
:102EE00000100431226A521A2262626A6263A3638A
:102EF00003B0BDE8F083C164704770B50C46097833
:102F000059B1064600253046FFF78FFF054414F8F7
:102F1000011F0029F7D1284670BD0025FBE72DE9E8
:102F2000F04105460C461646F6F77CFEAB68002BD2
:102F300034D0024620462B4602E02033996849B33C
:102F4000A342FAD05988DF883944B4F802C0E78830
:102F5000BC444FEA6C0CCCEB610C2188A788394447
:102F60004FEA6108B3F800E09F88BE444FEA6E0E56
:102F7000BEEB610F34BFA8EB0E0EAEEB080E624540
:102F8000DBD9BCFBF6F1714588BF1846714588BF97
:102F90006246D2E7A04201D0BDE8F081F6F742FEDA
:102FA0000746AB683BB3204603E02035AB68002BF7
:102FB000F2D0A542F9D06288E3881A4452102188E1
:102FC000A38819444FEA610C2B88B5F804E07344D8
:102FD0005B10B3EB610F34BFACEB0303A3EB0C034B
:102FE0009742E2D9B2FBF6F1994288BF284699424E
:102FF00088BF1746D9E72046CEE72DE9F0410546C0
:103000000C461746F6F70EFEAB68002B34D026466A
:103010002B4602E020339A684AB3A342FAD0628872
:10302000E1880A44B3F802C0D9888C444FEA6C0C9A
:10303000CCEB620C2288A1880A444FEA6208B3F8FC
:1030400000E099888E444FEA6E0EBEEB620F34BFEB
:10305000A8EB0E0EAEEB080E6045DBD9BCFBF7F219
:10306000724588BF1E46724588BF6046D2E7A642B9
:1030700002D03046BDE8F081F6F7D4FD8046AB685B
:103080003BB3264603E02035AB68002BF1D0A542C8
:10309000F9D0F6F7C7FD6B88EA881344A0EB63000C
:1030A0002288A3881A4451102B88B5F804C06344C1
:1030B0005B10B3EB620F34BFCB1A5B1A8045E2D9C9
:1030C000B0FBF7F29A4288BF2E469A4288BF8046EC
:1030D000D9E72646CDE72DE9F04105460C461746CF
:1030E000F6F7A3FDAB68002B34D026462B4602E052
:1030F00020339A684AB3A342FAD02288A1880A44AE
:10310000B3F800C099888C444FEA6C0CCCEB620C8D
:103110006288E1880A444FEA6208B3F802E0D9887D
:103120008E444FEA6E0EBEEB620F34BFA8EB0E0E5C
:10313000AEEB080E6045DBD9BCFBF7F2724588BFE9
:103140001E46724588BF6046D2E7A64202D030468E
:10315000BDE8F081F6F769FD8046AB683BB32646D3
:1031600003E02035AB68002BF1D0A542F9D0F6F78B
:103170005CFD2B88AA881344A0EB63006A88EB8867
:103180001A4451106388B4F806C063445B10B3EB73
:10319000620F34BFCB1A5B1A8045E2D9B0FBF7F25D
:1031A0009A4288BF2E469A4288BF8046D9E7264673
:1031B000CDE72DE9F04105460C461646F6F735FDFC
:1031C000AB68002B34D0024620462B4602E0203369
:1031D000996849B3A342FAD019889F883944B4F852
:1031E00000C0A788BC444FEA6C0CCCEB610C59883A
:1031F000DF8839444FEA6108B4F802E0E788BE444A
:103200004FEA6E0EBEEB610F34BFA8EB0E0EAEEBB5
:10321000080E6245DBD9BCFBF6F1714588BF184644
:10322000714588BF6246D2E7A04201D0BDE8F08177
:10323000F6F7FBFC0746AB683BB3204603E02035BE
:10324000AB68002BF2D0A542F9D02A88AB881A448B
:1032500052106988EB8819444FEA610C6388B4F80E
:1032600006E073445B10B3EB610F34BFACEB0303B8
:10327000A3EB0C039742E2D9B2FBF6F1994288BF67
:103280002846994288BF1746D9E72046CEE703462D
:10329000806818B90FE02033986868B118888842B0
:1032A000F9D898888842F6D358889042F3D8D888BD
:1032B0009042F0D31846704770472DE9F04182B034
:1032C00080460C4600F07CFDA368002B43D02034E0
:1032D00036E054F8103C93B134F8203C019334F8B4
:1032E0001E3C00936A4601A94046FFF7AEFABDF8BE
:1032F0000020BDF8041054F8100C00F00DFB57F836
:10330000186C317829B300254046FFF78EFD05443F
:1033100016F8011F0029F7D137F81A3C37F8202C8E
:1033200037F81C1C0A446D080233C5EB620257F8DB
:10333000181C4046FFF738FD203454F8183C53B1B0
:10334000A4F12000274654F8043C002BC1D0984734
:10335000F2E70025E0E702B0BDE8F081F0B585B006
:1033600006460C461546536803939368029302AAD7
:1033700003A9FFF75FFA2B68022B36D0AB68012B4D
:1033800040F084819E4B1F68002F00F0E3809D4F2A
:1033900079883046FFF749FA79883046FFF743FAD3
:1033A00001213046FFF744FA954B1868838842881C
:1033B0000188C08800903046FFF7A1F9002130460F
:1033C000FFF736FA6B680D2B00F05081A3F57E42B3
:1033D000032A00F253811346032B00F25181DFE8E8
:1033E00013F0FB00E7001D013101EB68012B2FD02A
:1033F000854B1B6813B1844B00221A60EB68002BCD
:1034000040F04081814B1F68002F00F0CE80FB68A8
:10341000002B00F039817D4D00242C6001213046C5
:10342000FFF706FA774B59883046FFF7FCF9BB885F
:103430007A883988F88800903046FFF760F921468D
:103440003046FFF7F5F9FB68384698472C60ACE04A
:103450006B681BB9AB68002B00F01A81BDF808201F
:10346000BDF80C102046FFF712FF0446674B1B689F
:10347000834200F00D81D3B1624F79883046FFF767
:10348000D4F979883046FFF7CEF901213046FFF7AD
:10349000CFF95E4B1868838842880188C088009005
:1034A0003046FFF72CF900213046FFF7C1F9584BA1
:1034B00000221A60E4B1534B19883046FFF7B3F984
:1034C00001213046FFF7B4F9A38862882188E0889B
:1034D00000903046FFF713F900213046FFF7A8F9B6
:1034E000A38A13F0010F03D0494B4FF0FF321A604B
:1034F000464B1C60464B1B68002B3FF47FAF424B92
:103500001B6863B9404B4FF0FF321A6008F050FB64
:10351000404B1860404B4FF4FA721A606EE73D4B17
:10352000186808F053FB3C4B1B689842FFF466AFE9
:10353000B3F5FA7F06D0FA2B08D008F039FB354BEB
:1035400018605BE7344BFA221A60F6E7324B4B22E5
:103550001A60F2E7A16879B139464FF4A062638836
:10356000208803449A4288BF21469A4228BF1A46BF
:103570002034A368002BF2D1214B1960214B19880C
:103580003046FFF750F901213046FFF751F91C4B47
:103590001868838842880188C08800903046FFF709
:1035A000AEF800213046FFF743F9384605B0F0BDCC
:1035B000134D022229682046FFF7FBFD2968884247
:1035C00003D00F4B18600027D8E701222046FFF7F1
:1035D000F0FD28600027D1E7094D02222968204626
:1035E000FFF779FD2968884203D0054B1860002752
:1035F000C4E701222046FFF76EFD28600027BDE7E3
:1036000070B519A09000001080B519A074B519A06C
:103610009400001078B519A07CB519A0204D0222A5
:1036200029682046FFF7E9FC2968884203D01C4B33
:1036300018600027A2E701222046FFF7DEFC286081
:1036400000279BE7164D022229682046FFF767FCFA
:103650002968884203D0124B186000278EE70122A8
:103660002046FFF75CFC2860002787E70C4B1F68AB
:1036700000221A60FB68384698477FE700277DE7FD
:1036800000277BE7002790E700278EE700278CE7DD
:10369000044B1B68002B7FF432AF002785E700BF87
:1036A00070B519A09400001030B585B004460D46E1
:1036B00010461A46694608F02CFA30B96A4629467F
:1036C0002046FFF74BFE05B030BD0020FBE708B5F4
:1036D000C2B2C0F30721C0F30740F6F7D5FA08BD20
:1036E0002DE9F04F87B004460F460392D0F80E3014
:1036F000D0F80A10D0F812A0D0F81690C28BD0F8EB
:103700002E00E569B0F5807F3DD892B2ADB2082DAC
:103710003ED1CAF1000505F0030B0E33234488B1F6
:103720001D1FDFF8108103EB80031E1F049105921B
:1037300055F8040FFFF7CBFF28F8020BB542F7D17D
:103740000499059A0C44012A29D0002A67D1B9F1BD
:10375000000F6DD0039B5D1E4D44DFF8DC80354EBD
:10376000D344B94657469A460197009623462A46BF
:1037700049464046FFF79EF95C44554505F1FF3543
:10378000F2D1012008E02D480BF04AFD002003E0B3
:103790002B480BF045FD002007B0BDE8F08FB9F1D4
:1037A000000F41D003994A1E9144DFF888802346D8
:1037B0005446CA46CDF80CB089462CE003F1020B02
:1037C0005E780196CDF800805B46524679191A481A
:1037D000FFF770F935440BEB060316F0010F18BF25
:1037E0000133A54210D21E78002EE7D003F1020B60
:1037F0005B7838F813300096524679190E48FFF777
:1038000077F835445B46ECE7039A13440AF1FF313D
:10381000D1450BD08A460025002CE4D1F4E70948B5
:103820000BF0FEFC0020B7E70120B5E70120B3E76D
:103830000120B1E784B519A090B719A09C2D020012
:10384000C82D0200FC2D020010B5084B1A69D9687A
:1038500001FB02F2D96D01EB42045200204600F058
:103860008DFA2046F6F70AFA10BD00BF84B719A0FA
:1038700008B5024BD86DF6F701FA08BD84B719A058
:103880002DE9F047134B1C69D3F80CA0D3F85C90DA
:1038900008F08EF90546104FA61E04F1FF3808F017
:1038A00087F9431B04FB03F3A7FB0323D809B6EBFB
:1038B000D31F0BD3A8EB00000AFB00F009EB40007C
:1038C000F6F7DCF9012007F075FFE8E7FFF7D0FF16
:1038D000BDE8F08784B719A0898888882DE9F0436E
:1038E00083B00A9FBDF82C805D1C6D1ABA420DDCB6
:1038F0000E461446DFF81C9000954346224631469A
:103900004846FEF7F5FF0134A742F5DA03B0BDE8FB
:10391000F08300BF90B719A02DE9F04FADF5097DF8
:10392000049191468279437903EB0223B3F5807FBA
:103930006FD8064682890392B0F80EA003EB430BC2
:103940006BB1044608AD0BEB0007A27CE17C207D47
:10395000F6F79AF925F8020B0334BC42F5D1BAF117
:10396000000F56D0C8460AF1FF32039901F1120345
:1039700001FB02335B44F51809EB0A030593274E5C
:103980000DF1200B32E052B309F1010A049CCDF88D
:103990001880079517F8013B3BF813502B464A4611
:1039A00021463046FEF75CFF04F101082B464A46EB
:1039B00041463046FEF754FF2B46524641463046BC
:1039C000FEF74EFF2B46524621463046FEF748FF93
:1039D0000234029B9F42DDD1DDF81880079D08F17B
:1039E000010809F10209059B984512D00295039A36
:1039F000AD1A2F460A4B1B68002BC4D1039B0193C1
:103A0000CDF800B02B46424604993046FFF752F8F5
:103A1000E5E70DF5097DBDE8F08F00BF90B719A06F
:103A200084B719A02DE9F04706460846154B1C69D6
:103A3000D3F80C8008FB04F25200D96D00F09EF917
:103A400008F0B6F80546104F04F1FF3A4FF00109AF
:103A500008F0AEF8431B04FB03F3A7FB0323D809CC
:103A6000B4EBD31F0AD9504408FB00F006EB40002A
:103A7000F6F704F9484607F09DFEE9E7FFF7F8FE80
:103A8000BDE8F08784B719A0898888882DE9F043BC
:103A900099B005460C4690461F466022104968467C
:103AA0000BF0CEFC1495C7B1209E03362744BFB25D
:103AB000E94625460134A4B216F8032C16F8021C78
:103AC00016F8010CF6F7E0F8034642462946484648
:103AD000FEF7C6FE0336BC42EBD119B0BDE8F08359
:103AE00090B719A02DE9F04F8DB0029117461D46F1
:103AF000274BD3F81080DE680BAA012108F04AFC9E
:103B000020B1012420460DB0BDE8F08F0AAB12228F
:103B100005A90B9808F0A4FC78BB06FB08F202EBA1
:103B200042097AB306EB460B00240DF1280AB3B222
:103B3000039319E05E46CB4528BF4E4653463246B6
:103B400029460B9808F08CFCF0B90134A8EB04026C
:103B50000095039B92B200210298FFF797FFA045C2
:103B600014D0B9EB060906D0002FE3D03B68002B38
:103B7000E0D0022402E0002400E001240B9808F0C9
:103B800043FCBFE70024F9E70124F7E70024F5E749
:103B900084B719A043880B449BB24380C2888A42F1
:103BA00024BF521AC280C2889A4238BFC38070476D
:103BB00003880B449BB2038082888A4224BF521A36
:103BC000828082889A4238BF8380704738B5044625
:103BD0000D46FFF7EDFF29462046FFF7DBFF38BD16
:103BE00000B5A1B18C460188ACF800108188ACF812
:103BF00004104188ACF80210114489B2ACF80610E8
:103C0000B0F806E0714528BF7146ACF806101A44BA
:103C100043881A4492B2C3889A4228BF1A46428007
:103C20005DF804FB00B5A1B18C460188ACF800102A
:103C30008188ACF80410C188ACF80610891A89B2E2
:103C4000ACF80210B0F802E0714538BF7146ACF82C
:103C500002101A44C3889B1A9BB24288934238BF11
:103C60001346C3805DF804FB00B5B1B18C460188F2
:103C7000ACF80010114489B2ACF80410B0F802E0BE
:103C8000ACF802E0B0F806E0ACF806E0B0F804E00A
:103C9000714528BF7146ACF804101A4403881A44D1
:103CA00092B283889A4228BF1A4602805DF804FBCC
:103CB00000B5C1B18C468188891A89B2ACF8001070
:103CC000B0F804E0ACF804E0B0F802E0ACF802E0D0
:103CD000B0F806E0ACF806E0B0F800E0714538BF97
:103CE0007146ACF8001013448288D21A92B203884D
:103CF0009A4238BF1A4682805DF804FB03880B8025
:103D000083888B80B0F802C0C3880133A3EB0C0317
:103D10009BB2934206D8A1F802C0B0F806C0A1F841
:103D200006C070479B1A0CEB630C1FFA8CFCA1F8C1
:103D300002C0013A94441FFA8CFCF0E743884B80A0
:103D4000C388CB80B0F800C083880133A3EB0C0399
:103D50009BB2934206D8A1F800C0B0F804C0A1F805
:103D600004C070479B1A0CEB630C1FFA8CFCA1F883
:103D700000C0013A94441FFA8CFCF0E708B50BF040
:103D80005FFB08BD38B50446094D6C220146284644
:103D90000BF056FB94F9081094F90400FEF7C2FEEC
:103DA000EB6D03B138BD034800F0C4F9FAE700BF7A
:103DB00084B719A0282E02000048704790B719A0B8
:103DC00008B50146602202480BF03AFB08BD00BF6F
:103DD00090B719A02DE9F041A4B080460F461646D1
:103DE000F5F723FF0446F5F71DFF0546CDF82480BF
:103DF0000A970B96F5F71CFF03464FF4F84207921B
:103E00000022069247F6FF7105910492691E039104
:103E1000611E0291019200922A4621460CA8FEF7EB
:103E2000E4FC09A8FFF7AEFF24B0BDE8F081000074
:103E300010B4064C20600648016006490A60064A34
:103E40001360019A054B1A6010BC7047F0B719A0B7
:103E500060B819A05CB819A058B819A054B819A036
:103E600070B5A2B007F004FC20A9234809F0ADF812
:103E700000283DD1FFF7A0FF014608AC6022204694
:103E80000BF0DEFA21AA0121209809F0C2F81B4E9E
:103E900031681B4D2A684FF4F843079300230693BB
:103EA000059302200490501E0390481E0290019337
:103EB0000093219B1348FEF77BFC3268124B1B6872
:103EC0005B08C3EB5203114A13602A68104B1B684E
:103ED0005B08C3EB52030F4A13600121209809F0DD
:103EE000A8F82046FFF76CFF07F0C7FB22B070BDB3
:103EF000094800F01FF9BDE7E00D020058B819A00D
:103F000054B819A0F4B719A060B819A0A400001003
:103F10005CB819A0A00000104C2E020070B59CB037
:103F2000464B1C68464B1D6807F0A2FB1BA9454881
:103F300009F04BF8002856D101211B9809F079F8B7
:103F4000FFF73AFF0146602203A80BF079FA3E48DA
:103F5000FFF736FF3D4B1B68002B4CDD3C4A1668D3
:103F6000364A10683B4A1268013A311819449142A6
:103F70003DD9921B31490A605B42344A1360364B8B
:103F80001B68002B4ADD354A16682D4A1068344AF2
:103F90001268013A3118194491423BD9921B2849C1
:103FA0000A605B422C4A13600120F5F749FE284B5A
:103FB0001B6800220192294A12682A440092234475
:103FC0002A462146FFF78AFC1D4B1A681B4B1968CD
:103FD000244B1868FFF784FB03A8FFF7F1FE07F0F6
:103FE0004CFB1CB070BD204800F0A4F8A4E71844B6
:103FF000124B1860C3E7114A1268DA4203D4134423
:104000000E4A1360BBE70D4A002111605B420F4A64
:104010001360B4E718440A4B1860C5E7084A1268F1
:10402000DA4203D41344064A1360BDE7044A002170
:1040300011605B42084A1360B6E700BFA40000109D
:10404000A0000010E00D0200F4B719A09C000010C1
:1040500060B819A058B819A0980000105CB819A051
:1040600054B819A0F0B719A04C2E020010B59CB09E
:1040700007F0FEFA1BA9164808F0A7FF20BB012194
:104080001B9808F0D6FFFFF797FE014603AC6022AD
:1040900020460BF0D5F90F48FFF792FE0120F5F707
:1040A000CFFD0D4B1B68002101910C4A1268013AAB
:1040B0000092013B0A46FFF711FC2046FFF780FE05
:1040C00007F0DBFA1CB010BD054800F033F8D6E766
:1040D000E00D0200F4B719A058B819A054B819A0FF
:1040E0004C2E020000B583B001A9074808F06DFF0F
:1040F00030B90021019808F09CFF03B05DF804FB83
:10410000024800F017F8F4E7E00D02004C2E020020
:10411000014B1860704700BF68B819A0014B1860C8
:10412000704700BF64B819A0014B1868704700BF02
:1041300064B819A008B509F0A3FD08BD08B50C4680
:1041400002680A4B1A6042685A6082689A60C268C4
:10415000DA6002691A6142695A6182699A61C269C8
:10416000DA612046F5F76CF8FBE700BFD4000010D9
:10417000094B1B6873B110B5084B18680368DC69FC
:10418000074B1B68012207490968A047024B002220
:104190001A6010BD704700BF6CB819A084B819A090
:1041A00074B819A070B819A010B5074A074B13606E
:1041B000074B18680368DC6A0D238221A047054B72
:1041C00004221A7010BD00BF9CB819A05553425369
:1041D000D8B819A098B819A038B50C4B9B6898426C
:1041E00028BF184604460A4B18680368DD6AA3B264
:1041F000084A8221A847084B02221A70074B9A6886
:10420000121B9A6000221A7338BD00BFACB819A007
:10421000D8B819A0ECB819A098B819A09CB819A0E2
:104220004978FE2909D0FF290ED1002107480170E5
:10423000118019604FF0FF30704705491960012364
:1042400013804FF0FF3070470020704798B819A0D6
:10425000CCB819A008B54FF4FA6007F0ABFA044DDA
:104260004FF0FF34286803685B6D21469847F9E7F3
:10427000D8B819A02DE9F04F83B0374B1F68402FF5
:1042800028BF4027354B1D68354B1B68EA199A42F9
:1042900003D95F1B334B03221A70A7B33E46DFF8E6
:1042A000C880DFF8C8A0DFF8C8B00197C1460AE0AF
:1042B000DBF800102246414448460BF0C1F8A14407
:1042C0002544361B1ED02B4B5C68B5FBF4F704FB72
:1042D0001758A4EB0804B44228BF3446DAF800307B
:1042E0009F42E5D0FFF744FFCAF80070224B1868E0
:1042F00003689B699C46DBF800300122394667461B
:10430000B847D5E7019F1D4B18680368DC6ABBB24C
:10431000154A8221A047114A13683B4413600E4A94
:104320001368DB1B136016498A68D21B8A6073B955
:104330000C4B02221A70124B00221A73114B1B688D
:1043400013B1114A1068984703B0BDE8F08F054BD0
:104350001B78012BF8D0EEE794B819A090B819A0FB
:104360008CB819A098B819A0ECB819A070B819A009
:1043700074B819A078B819A084B819A0D8B819A031
:104380009CB819A0E0B819A0DCB819A008B5154B65
:104390001B78013B032B15D8DFE803F00212151F31
:1043A000114BDB7B282B0DD1104B1B6813B1104A2E
:1043B00010689847FFF75EFF012007F0FBF901E066
:1043C000FFF7F2FE08BD0B4B186803681B6B4FF03C
:1043D000FF329847FFF7E8FEF4E7024B00221A701D
:1043E000F0E700BF98B819A0ACB819A0E0B819A0C0
:1043F000DCB819A0D8B819A0184A517C937C1B04CA
:1044000043EA0163117D0B43D17C43EA01235B0244
:1044100013490B60917DD37D43EA01235B0211496F
:104420000B609268934216D010B50F4C2068036859
:104430001B6B4FF0FF3282219847206803681B6B8B
:104440004FF0FF3205219847084B02221A73FFF7FD
:10445000ABFE002010BD4FF0FF307047ACB819A084
:1044600090B819A094B819A0D8B819A09CB819A0F0
:1044700008B5104B9B689BB10E4B93F90C30002B89
:1044800015DB0D4B186803681B6B4FF0FF320521DD
:1044900098470A4B02221A73FFF786FE002008BDD8
:1044A000064B02221A73FFF77FFE0020F7E74FF05A
:1044B000FF30F4E7ACB819A0D8B819A09CB819A07F
:1044C0002DE9F04F83B00C46A74B186803689D6A2E
:1044D0004023A64AA84787B2A54BDB7B2F2B00F0D1
:1044E0008982A44A12783AB3052A40F08A822A2B9C
:1044F00040F094823E46A04B1B68A04A1268F9180F
:10450000914240F2ED81D31A01939A4B04221A7022
:10451000954B186803681B6B4FF0FF3205219847D5
:10452000954B1D68002F00F00A82DFF84092DFF8FB
:1045300050A2DFF850B2ECE13846202F28BF2020EF
:104540005FB18A498A4A002311F8014B02F8014BF6
:1045500001339842F8D81F2F12D0834C206803688B
:104560001B6B4FF0FF3282219847206803681B6B5A
:104570004FF0FF32052198477E4B06221A704DE21C
:104580007B4B1A68804B9A42E7D1804A784B596836
:104590005160996891605B7B2BB9754B9B7B013BAC
:1045A000DBB20F2B05D9794B01221A73FFF7FCFD03
:1045B00034E26F4BDB7B2F2B34D82F2B00F28A8118
:1045C000DFE813F04700880188015C00880188015A
:1045D0008801880188018801880188018801880193
:1045E00088018801880188017D008801880188018F
:1045F0008801880188018801C1008801880188013B
:1046000082018801880188018801E600880104018F
:10461000880188011F0188013D0188018801880106
:10462000880159015A2B40F05581FFF721FF0028DE
:1046300000F0F4814D4B00221A70062159709A70D7
:10464000DA701A715A719A71DA710820FFF7C4FD95
:10465000E4E169B1464B93F90C30002B424B1868EA
:1046600003681B6B4FF0FF32B4BF822105219847CE
:10467000464B00221A73FFF797FDCFE1FFF7F8FED4
:10468000002800F0CB81394B70221A7000225A703A
:1046900006219970DA701A715A719A710A21D971CA
:1046A0001A725A729A72DA72282119735A739A73AB
:1046B000DA731A745A741220FFF78EFDAEE1FFF719
:1046C000D7FE002800F0AA81284B00211970802015
:1046D000587099700122DA7020221A7158719971FC
:1046E000D971462119724421597249209872DA729F
:1046F0001A735A739A73DA737520187445205874B4
:104700005A209874DA744D201875532058759A758C
:10471000D97569211976732159766B219976DA76E4
:104720001A775A779A77DA77312183F820102E2179
:1047300083F82110302183F8221083F823202420CD
:10474000FFF74AFD6AE1FFF793FE002800F066815B
:10475000064B03221A7000225A709A70DA700420F5
:10476000FFF73AFD5AE100BFD8B819A0ECB819A07C
:10477000ACB819A098B819A090B819A08CB819A015
:1047800078B819A070B819A0555342439CB819A025
:10479000FFF76EFE002800F04181A24B00221A7044
:1047A0005A709A700821D9709F490968080E1871CB
:1047B000080C5871080A9871D971022119725A723D
:1047C0009972DA720C20FFF707FD27E1FFF750FE20
:1047D000002800F02381944B19684A1E914B100E5B
:1047E0001870100C5870120A9A700139D970002292
:1047F0001A715A7102219971DA710820FFF7ECFCE5
:104800000CE1FFF7F9FD002800F00881874B93F9D0
:104810000C30002B0DDB864B186803681B6B4FF0C8
:10482000FF3205219847834B02221A73FFF7BCFC25
:10483000F4E0814B01221A70FFF71CFDEEE0FFF758
:10484000DBFD002800F0EA80784B93F90C30002B58
:1048500003DB794B05221A70E0E0754B186803689A
:104860001B6B4FF0FF3282219847724B02221A7362
:10487000FFF79AFCD2E06D4A507C937C1B0443EA1C
:104880000063107D0343D07C43EA00235B026B4846
:104890000360907DD37D43EA00235B02684A136086
:1048A000002940F09980FFF77FFCB7E0604B186863
:1048B00003681B6B4FF0FF32822198475D4B022249
:1048C0001A73FFF771FCA9E05A4B00221A73FFF725
:1048D0006BFCA3E0574B01221A73FFF765FC9DE0C8
:1048E00001971DE6574B18682246494638440AF09E
:1048F000A7FD554B4FF0FF321A60A1442544361BEB
:10490000DAF80420B5FBF2F302FB13539F4213D8ED
:10491000AEB1DAF80440B5FBF4F804FB1857E41B19
:10492000B44228BF3446DBF800309845DAD0FFF7B0
:104930001FFCCBF80080D5E7FFF71AFCE8E73F4AF9
:1049400013680198034413603D4A13681B1A1360EF
:1049500038498A68121A8A601BB1374B1B78042BBE
:104960005CD1344B00221A73384B1B6813B1384AA0
:1049700010689847FFF718FC50E03C46354B1A6822
:104980002E4B1B683B4493420BD9D41B2A4B042269
:104990001A70274B186803681B6B4FF0FF32052114
:1049A0009847264A136823441360254A13681B1B43
:1049B000136020498A68121B8A601BB11E4B1B784A
:1049C000042B2BD1244B1B68B3FA83F35B09194AE0
:1049D0001373FFF7E9FB21E0144B93F90C30002B24
:1049E000FFF664AF144B05221A701B4B4FF0FF32D9
:1049F0001A6013E0104B1B78002B3FF49DAD052B84
:104A0000BBD00B4B186803681B6B4FF0FF3221467D
:104A10009847084B02221A73FFF7C6FB03B0BDE8A4
:104A2000F08F00BFECB819A078B819A0ACB819A0E5
:104A3000D8B819A09CB819A098B819A090B819A016
:104A400094B819A074B819A06CB819A0E0B819A04E
:104A5000DCB819A08CB819A088B819A070B584B0BA
:104A6000154604683B4B1C603B4B19603B493C4876
:104A700007F0E4FB034610B1184604B070BD394995
:104A8000364B186807F0C6FB03460028F4D103A98B
:104A9000284607F0D3FB03460028EDD1324903989E
:104AA00007F0B8FB03460028E6D12F4B18680368CF
:104AB0001B690021984703460028DDD12A4B18685E
:104AC00003685B6A2949984703460028D4D1274BDD
:104AD00058681B6800FB03F3254A136008F056FC76
:104AE000244B1860244B4FF0FF321A600025234BF3
:104AF0001D601C4C206803681B6921499847206889
:104B00000368204A0092DE6C2B461F4A0121B04701
:104B1000206803685B6C1D4A8221984720680368FF
:104B20005B6C1B4A05219847206803685B699847BE
:104B3000206803689B699847164B019304230093F0
:104B40002B464FF480721449144807F081F803464D
:104B500092E700BFE0B819A0DCB819A0D4B819A03A
:104B6000C0230200D8B819A084B819A078B819A039
:104B70008CB819A074B819A070B819A06CB819A095
:104B8000F050040021420100E4B819A08D43010057
:104B9000C1440100D0B819A0802E02005542010086
:104BA00008B50F4B1B685A6851681032C1F3026197
:104BB00052F8212022F00F021204120C197B0F2947
:104BC00099BFC1F11001CA4010398A4059690A6081
:104BD000DA69126803F108019869904708BD00BFBF
:104BE0003CB919A08161C2610020704770B50546CB
:104BF0000C46162001F01EFB05F1080694E80F0094
:104C000086E80F004FF4805004F04EFBAB6801269D
:104C10009E40F5F727F86A68431E1249A1FB03136B
:104C2000DB0D01331B0203F4FE43334329690039D2
:104C300018BF012143EAC16343F400131360637991
:104C40000BB9002070BD6A68216801238B40D360D6
:104C5000162001F0DFFA6A681368617943EA01639C
:104C60001360EEE773252FAD08B50346064A426090
:104C7000064A106016201862054B0322054901F010
:104C800017FB002008BD00BF004003403CB919A03D
:104C9000A0150200A14B010008B5074B1B6803B12A
:104CA00008BD054B4FF0FF321A6000231A46034936
:104CB000034807F029F8F3E738B919A0A051040018
:104CC000A0150200094B1B6803B1704710B50446DC
:104CD000064B4FF0FF321A6000F092FDFFF7DCFF49
:104CE00001220349204604F0EBFA10BD34B919A0A3
:104CF00098510400094B1B6803B1704710B5044676
:104D0000064B4FF0FF321A6000F07AFDFFF7C4FF48
:104D100001220349204604F0D3FA10BD30B919A08E
:104D200090510400094B1B6803B1704710B504464D
:104D3000064B4FF0FF321A6000F062FDFFF7ACFF48
:104D400001220349204604F0BBFA10BD2CB919A07A
:104D500088510400032809D8DFE800F0020A04069D
:104D600004207047102070472020704700207047B3
:104D70000820704748F2050399420AD00B4B99422C
:104D80000CD041F2210399420DD10020084B18604C
:104D90007047074B15221A6000207047044B3622DB
:104DA0001A60002070470E20704700BFB71DC10475
:104DB0000000092008B50846FFF7CCFF08B90E200F
:104DC00008BD03490B6803430B600020F8E700BFF0
:104DD0000000092008B50846FFF7BCFF08B900200D
:104DE00008BD03490B6823EA00030B60F7E700BF27
:104DF00000000920014B5960002070470000092085
:104E0000012A12D0022A02D0EAB10E2070475A1E9F
:104E10004BB1144851F8043B8360013AB2F1FF3FB3
:104E2000F8D100207047002070475A1E4BB10D4842
:104E300031F8023B0381013AB2F1FF3FF8D1002083
:104E400070470020704753B110B40B44054C11F863
:104E5000010B20728B42FAD1104610BC70471046ED
:104E6000704700BF00000920024B9B680B600020C8
:104E7000704700BF000009200020704708B5074BAD
:104E80001B6803B108BD054B4FF0FF321A600023C9
:104E90001A460349034806F037FFF3E740B919A063
:104EA000B85104007C25020003460020986040F6BB
:104EB000E4425A6070470000890189B283680BB1EF
:104EC00041F48031014B19600020704700C0084058
:104ED00043688B420CD38902B1FBF3F1890189B29B
:104EE00083680BB141F48031024B19600020704798
:104EF0000620704700C00840034B1B68C3F38913AA
:104F00000B600020704700BF00C00840054B1B68C5
:104F1000C3F38913426802FB03F39B0A0B60002072
:104F2000704700BF00C00840003918BF0121494246
:104F30008160002070474160002070470A4B1B6869
:104F400003B1704710B50446074B4FF0FF321A60AB
:104F500000231A460549064806F0D6FE01220549F7
:104F6000204604F0ADF910BD44B919A0E851040081
:104F7000D8240200E051040038B504460368B3F1B8
:104F8000004F11D0B3F1104F7BD0B3F1184F00F0A8
:104F90008380524AD2F83C3123F0070343F00103E7
:104FA000C2F83C314E4D09E04C4AD2F8783223F039
:104FB000070343F00103C2F878324A4D474AD2F85A
:104FC000603223F0070343F00103C2F86032D2F8E5
:104FD000643223F0070343F00103C2F86432217AFC
:104FE000481CC0B2636833FA00F207D013465B086E
:104FF000FDD1B2FA82F3C91A2131C8B200F07AF8B1
:10500000E3681A1E18BF0122237A43EA821343F091
:1050100088032B602369002B49D0013BAB60636997
:10502000013B1E2B46D86369013B03F01F03EB6075
:10503000A369013B1E2B41D8A369013B03F01F0369
:105040002B61E369013B0E2B3CD8E369013B03F084
:105050000F036B60236A023B1D2B37D8236A023B88
:1050600003F01F036B61636A013B0E2B32D8636A46
:10507000AB611D4AD2F8A03143F00103C2F8A03160
:1050800038BD164AD2F87C3223F0070343F00103FF
:10509000C2F87C32154D91E7104AD2F8383123F02E
:1050A000070343F00103C2F83831114D86E70023AE
:1050B000AB60B4E70320F4F7C3F8B4E70320F4F7D8
:1050C000BFF8B9E70320F4F7BBF8BEE70320F4F715
:1050D000B7F8C3E70320F4F7B3F8C8E700C002400D
:1050E00060C2092000C2092000C00F4020C2092070
:1050F00040C209200346182828BF1823013BDBB211
:1051000060B1074919448900064A136823F0070370
:1051100043F0010342F8043B8A42F6D1704700BFD6
:1051200081B0001000C202400346202828BF20237F
:10513000013BDBB260B1074919448900064A136894
:1051400023F0070343F0010342F8043B8A42F6D1FF
:10515000704700BF61B0001080C102400346017E6D
:10516000044A52F821100A6922F001020A61002063
:1051700058607047705204004368E3B1104BDA691D
:10518000017E01238B401A4217D10D4A9360017EA4
:1051900001238B401361027E0A4B53F82230C26810
:1051A0001A6002695A6042699A604268DA608268ED
:1051B0001A61002070470D2070470D20704700BF16
:1051C00000000820705204001C289DBF034B53F8B8
:1051D0002000C0F30E0047F6FF70704790520400A5
:1051E00038B504460D468968C1602969016128689F
:1051F000A969C1F30B010143E86960616262A362BE
:105200000AB141F0004141F0C04161606B68E36167
:10521000E96821626868431C18BF01235B00B1F193
:10522000FF3F18BF43F00103297D19B102292AD09D
:1052300001292BD0DB0282B343F4404343F0010346
:10524000A3606868B0F1FF3F0BD0FFF7BDFF47F6E2
:10525000FF73984224D0400000F01E00A36803436F
:10526000A360E868B0F1FF3F1CD0FFF7ADFF47F641
:10527000FF73984218D0800100F47070A368034354
:10528000A360002038BD43F00403D3E7B0F1FF3F33
:105290000CBF43F004030423CCE743F00103CFE742
:1052A0000E20EFE70020EDE70E20EBE708B50846FB
:1052B000FFF78AFF47F6FF73984205D0012383402A
:1052C000024A1362002008BD0920FCE70000082004
:1052D00008B50846FFF778FF47F6FF73984205D0F8
:1052E00001238340024A5362002008BD0920FCE7E5
:1052F0000000082008B50846FFF766FF47F6FF7371
:10530000984205D001238340024A9362002008BDE1
:105310000920FCE70000082008B50846FFF754FF05
:1053200047F6FF73984205D001238340024AD362B7
:10533000002008BD0920FCE7000008204FF0FF30E6
:105340007047000010B504460E4BDB68027E012159
:1053500091400B4214D10B4B5B681940B1FA81F1BB
:1053600049094900636A0BB1A06A9847227E01236C
:1053700003FA02F203498A60227E93400B6110BD5A
:105380000121EFE70000082008B5284B1B6813F047
:10539000010F23D1254B1B6813F0020F23D1234BA0
:1053A0001B6813F0040F23D1204B1B6813F0080F68
:1053B00023D11E4B1B6813F0100F23D11B4B1B680E
:1053C00013F0200F23D1194B1B6813F0400F23D18A
:1053D000164B1B6813F0800F23D108BD144B1868BF
:1053E000FFF7B0FFD6E7124B5868FFF7ABFFD6E7E1
:1053F0000F4B9868FFF7A6FFD6E70D4BD868FFF76D
:10540000A1FFD6E70A4B1869FFF79CFFD6E7084BC8
:105410005869FFF797FFD6E7054B9869FFF792FFAA
:10542000D6E7034BD869FFF78DFFD6E700000820C9
:1054300050B919A038B504460D46124A1378013305
:1054400013704FF0005003F02FFF1A2000F008FFF8
:1054500068B10D4B01221A632576002060606062FE
:105460006061E0602061094B43F8254038BD084B7E
:10547000002208491A2000F01BFF1A2000F0CAFE83
:10548000E7E700BF70B919A00000082050B919A0C3
:10549000D02E02008953010008B50021FFF7CAFF92
:1054A00008BD08B50121FFF7C5FF08BD08B5074BCA
:1054B0001B6803B108BD054B4FF0FF321A60002393
:1054C0001A460349034806F01FFCF3E74CB919A03C
:1054D00040520400C024020008B5074B1B6803B10A
:1054E00008BD054B4FF0FF321A6000231A460349EE
:1054F000034806F009FCF3E748B919A0105204006C
:10550000C82402000346044A426000209860D86024
:10551000024A1360186170476058040090B919A0DE
:105520000346034A426000209860D86018617047C3
:10553000BC5704000346044A426000209860D860CB
:10554000024A136018617047185704008CB919A0FB
:105550000346034A426000209860D8601861704793
:10556000745604000346034A426000209860D860E5
:1055700018617047D05504000346034A426000207A
:105580009860D860186170472C550400002070475F
:1055900000207047002070474368DA6813680B43A7
:1055A0001360002070474368DA68136823EA010338
:1055B00013600020704743685B68196000207047E3
:1055C00043689B6819600020704743681B681B682C
:1055D0000B401360002070471F2919D8436803EB64
:1055E0008103596AB1B1042A16D8DFE802F0031525
:1055F00009050700102204E0082202E0182200E05A
:1056000000220B6823F0180313430B60002070473F
:105610000E20704707207047072070471F290DD8BC
:10562000072A0DD8436803EB8103596A51B10B680F
:1056300023F0070313430B60002070470E207047D0
:1056400006207047072070471F290AD8436803EBDC
:1056500081035B6A3BB11B6803F007031360002002
:1056600070470E2070470720704707207047436837
:1056700042B95A691068C9B201238B4003431360D1
:1056800000207047012AFBD11A691068C9B20123B2
:105690008B4003431360F3E743684AB958690368D2
:1056A000C9B201228A4023EA020303600020704746
:1056B000012AFBD118690368C9B201228A4023EA92
:1056C00002030360F2E743681A6AC9B201238B4000
:1056D000136000207047072070470720704707209D
:1056E0007047406800EB8100416AB9B1052A04D8CF
:1056F000DFE802F016050B030311072070470B6863
:1057000043F080030B60002070470B6823F0800398
:105710000B60002070470B60002070470720704727
:1057200010467047036923EA0103036100207047B4
:1057300003691940081E18BF01204042704700004D
:1057400070B5044616461D46064B01220649262022
:1057500000F0AEFDA660E560262000F05BFD0020B5
:1057600070BD00BF982F0200C557010008B503693E
:105770000B4203D10B430361002008BD0248FEF732
:10578000D9FC0A20F9E700BFA02F0200F8B50446B3
:10579000466883689BB1F3691D68B3691F6825B1CA
:1057A000A36800222946E068984727B1A368012230
:1057B0003946E0689847336A3D431D60F8BD00F004
:1057C000BDFBE8E708B50B4BD3F8803013F0010FB1
:1057D00006D1084BD3F8803013F0040F05D108BD73
:1057E000054B1868FFF7D2FFF3E7044B1868FFF783
:1057F000CDFFF4E70080024090B919A08CB919A040
:105800000B4B1B6803B1704700B583B0084B4FF0DA
:10581000FF321A6001AB00220649074806F074FA0D
:105820000199002006F078FF03B05DF804FB00BF8B
:1058300088B919A0D0540400C41602000B4B1B6891
:1058400003B1704700B583B0084B4FF0FF321A60C8
:1058500001AB00220649074806F056FA01990120DB
:1058600006F05AFF03B05DF804FB00BF84B919A02D
:1058700074540400CC1602000B4B1B6803B1704734
:1058800000B583B0084B4FF0FF321A6001AB002225
:105890000649074806F038FA0199022006F03CFF55
:1058A00003B05DF804FB00BF80B919A018540400D0
:1058B000D41602000B4B1B6803B1704700B583B0D0
:1058C000084B4FF0FF321A6001AB0022064907482F
:1058D00006F01AFA0199032006F01EFF03B05DF8E6
:1058E00004FB00BF7CB919A0BC530400DC16020005
:1058F0000B4B1B6803B1704700B583B0084B4FF0EA
:10590000FF321A6001AB00220649074806F0FCF995
:105910000199042006F000FF03B05DF804FB00BF0E
:1059200078B919A060530400E41602000B4B1B6801
:1059300003B1704700B583B0084B4FF0FF321A60D7
:1059400001AB00220649074806F0DEF9019905205F
:1059500006F0E2FE03B05DF804FB00BF74B919A0C5
:1059600004530400EC16020000207047D3F800C076
:10597000C0F830C0D3F808C0C0F834C0D3F804C0B1
:10598000C0F83CC0D3F80CC0C0F840C01B698363AA
:10599000C2624368FE221A6343684900D96000204E
:1059A0007047436840221A60436804221A6000204E
:1059B0007047436840229A610020704770B50546E1
:1059C0000E46408C06F02AFF0446A88C06F026FFFF
:1059D00030B1B4FA84F0400940423060002070BD1C
:1059E0004FF0FF30F9E7000010B50B4B43604FF06C
:1059F000FF33836200248461084B186013230384FF
:105A0000074B032207490B2000F052FC0B2000F04B
:105A100001FC204610BD00BF00C0054098B919A088
:105A2000781E0200D55E010038B504460D46F4F735
:105A300019F90E4AA2FB00239B09B3FBF5F39BB2B5
:105A4000B5F5C87F0AD0B5F57A7F4FEA530303BF97
:105A5000DA1C6261033B6361236138BD5B0803F1BB
:105A600008026261083B2361F7E700BFD34D621073
:105A700010B50446038C0120984003F015FC6368C0
:105A80006C229A61A36859886068FFF7CDFF63684C
:105A900040221A6010BD10B5044681608361C26166
:105AA0000B785B0003734B6803610B7A037500236B
:105AB0004375836201230B77FFF7DAFF63682022C7
:105AC0001A6010BD10B5044681608361C2610B7815
:105AD0005B0043F0010303730B6903610B7D0375E6
:105AE00000234375836201230B77FFF7C1FF6368CF
:105AF00020221A6010BD10B5044642685368DBB21C
:105B0000083BC02B00F2D381DFE813F0C100D101C4
:105B1000D101D101D101D101D101D101C100D10106
:105B2000D101D101D101D101D101D101CC00D101EB
:105B3000D101D101D101D101D101D101D400D101D3
:105B4000D101D101D101D101D101D101E400D101B3
:105B5000D101D101D101D101D101D1010201D10184
:105B6000D101D101D101D101D101D1011201D10164
:105B7000D101D101D101D101D101D1011501D10151
:105B8000D101D101D101D101D101D1012201D10134
:105B9000D101D101D101D101D101D1013201D10114
:105BA000D101D101D101D101D101D1014901D101ED
:105BB000D101D101D101D101D101D1016301D101C3
:105BC000D101D101D101D101D101D1016301D101B3
:105BD000D101D101D101D101D101D1016301D101A3
:105BE000D101D101D101D101D101D1016301D10193
:105BF000D101D101D101D101D101D1017401D10172
:105C0000D101D101D101D101D101D1018B01D1014A
:105C1000D101D101D101D101D101D1017401D10151
:105C2000D101D101D101D101D101D1018B01D1012A
:105C3000D101D101D101D101D101D101A001D10105
:105C4000D101D101D101D101D101D101AC01D101E9
:105C5000D101D101D101D101D101D101AC01D101D9
:105C6000D101D101D101D101D101D101AE01D101C7
:105C7000D101D101D101D101D101D101C501D101A0
:105C8000D101D101D101D101D101D101C501037BE4
:105C90009360436820229A61002343756368082259
:105CA0009A6110BD437D0169CB5C936043682022FB
:105CB0009A61F3E720239361436810221A60836896
:105CC00002221A774FF0FF33836283698168C069CB
:105CD0009847E3E7437D0133DBB24375017D994289
:105CE0000FD820239361436810221A608368002232
:105CF0001A774FF0FF33836283698168C0699847E0
:105D0000CCE70169CB5C9360436820229A61C5E7C8
:105D100020239361436810221A60836802221A7755
:105D20004FF0FF33836283698168C0699847B5E7A4
:105D300020231360B2E720239361437D0133027D6A
:105D4000934243684FF00402ACBF9A611A60A5E722
:105D500020239361436810221A60836802221A7715
:105D60004FF0FF33836283698168C069984795E784
:105D70009168437D027D9A4203D90269581C60757F
:105D8000D154636820229A61637D0133227D93425E
:105D900063684FF00402ACBF9A611A607EE79168B5
:105DA000437D027D9A4203D90269581C6075D15423
:105DB000636820229A61636810221A60A368002237
:105DC0001A774FF0FF33A362A369A168E06998478F
:105DD00064E720239361002343758362036BC06AE9
:105DE000984718B1636804229A6157E763680422F0
:105DF0001A6053E79168C36BC9B2C06A9847637D64
:105E000001336375636820229A61236BE06A9847C7
:105E100018B1636804229A6140E7636804221A603B
:105E20003CE79168C36BC9B2C06A9847637D013390
:105E30006375636820229A61636804221A604FF0D8
:105E4000FF33A362A36BE06A984727E7202393619F
:105E5000436804221A604FF0FF338362836BC06A89
:105E600098471BE700234375236CE06A9847637DDE
:105E70000133637563689860636820229A61636B7D
:105E8000E06A984718B1636804229A6106E763687C
:105E900004221A6002E720239361436804221A60F7
:105EA0004FF0FF338362836BC06A9847F6E6202386
:105EB0009361436804221A60836802221A774FF0C4
:105EC000FF338362836BC06A9847A369A168E06966
:105ED0009847E3E608B5024B1868FFF70CFE08BDCB
:105EE00098B919A0104B1B6803B1704730B583B047
:105EF00004460D460C4B4FF0FF321A6001AB0022F6
:105F00000A490B4805F000FF03220A49204603F026
:105F1000D7F903220849284603F0D2F9019B9D8452
:105F20005C8403B030BD00BF94B919A004590400CB
:105F3000781E0200485904003059040072B6FEE78A
:105F400008B5002301200D4900E0013313F0800F54
:105F5000FBD103F01F0200FA02F2C1F88020BFF368
:105F60004F8FBFF36F8F0133202BEFD14FF4A4720B
:105F70000021034809F08DFA08BD00BF00E100E0F0
:105F80009CB919A008B5024B5B68984708BD00BFD3
:105F90009CB919A008B5024BDB68984708BD00BF43
:105FA0009CB919A008B5024B5B69984708BD00BFB2
:105FB0009CB919A008B5024BDB69984708BD00BF22
:105FC0009CB919A008B5024B5B6A984708BD00BF91
:105FD0009CB919A008B5024BDB6A984708BD00BF01
:105FE0009CB919A008B5024B5B6B984708BD00BF70
:105FF0009CB919A008B5024BDB6B984708BD00BFE0
:106000009CB919A008B5024B5B6C984708BD00BF4E
:106010009CB919A008B5024BDB6C984708BD00BFBE
:106020009CB919A008B5024B5B6D984708BD00BF2D
:106030009CB919A008B5024BDB6D984708BD00BF9D
:106040009CB919A008B5024B5B6E984708BD00BF0C
:106050009CB919A008B5024BDB6E984708BD00BF7C
:106060009CB919A008B5024B5B6F984708BD00BFEB
:106070009CB919A008B5024BDB6F984708BD00BF5B
:106080009CB919A008B5024BD3F88430984708BDD5
:106090009CB919A008B5024BD3F88C30984708BDBD
:1060A0009CB919A008B5024BD3F89430984708BDA5
:1060B0009CB919A008B5024BD3F89C30984708BD8D
:1060C0009CB919A008B5024BD3F8A430984708BD75
:1060D0009CB919A008B5024BD3F8AC30984708BD5D
:1060E0009CB919A008B5024BD3F8B430984708BD45
:1060F0009CB919A008B5024BD3F8BC30984708BD2D
:106100009CB919A008B5024BD3F8C430984708BD14
:106110009CB919A008B5024BD3F8CC30984708BDFC
:106120009CB919A008B5024BD3F8D430984708BDE4
:106130009CB919A008B5024BD3F8DC30984708BDCC
:106140009CB919A008B5024BD3F8E430984708BDB4
:106150009CB919A008B5024BD3F8EC30984708BD9C
:106160009CB919A008B5024BD3F8F430984708BD84
:106170009CB919A008B5024BD3F8FC30984708BD6C
:106180009CB919A008B5024BD3F80431984708BD53
:106190009CB919A008B5024BD3F80C31984708BD3B
:1061A0009CB919A008B5024BD3F81431984708BD23
:1061B0009CB919A008B5024BD3F81C31984708BD0B
:1061C0009CB919A008B5024BD3F82431984708BDF3
:1061D0009CB919A008B5024BD3F82C31984708BDDB
:1061E0009CB919A008B5024BD3F83431984708BDC3
:1061F0009CB919A008B5024BD3F83C31984708BDAB
:106200009CB919A008B5024BD3F84431984708BD92
:106210009CB919A0282809D840B2410900F01F00F4
:1062200001238340024A42F82130704772B6FEE7EC
:1062300000E100E028280ED840B2430900F01F001A
:10624000012282402033054941F82320BFF34F8FBC
:10625000BFF36F8F704772B6FEE700BF00E100E04A
:10626000292808D8054B03EBC0035868003818BF2D
:106270000120404270470020704700BF9CB919A020
:1062800040B2002809DB0631C900C9B200F1604004
:1062900000F5614080F80013704700F00F000631F0
:1062A000C900C9B2014B1954704700BF14ED00E09A
:1062B00028280DD838B50B461146074C04EBC00210
:1062C00055683DB944F830005360FFF7D9FF38BD39
:1062D00072B6FEE772B6FEE79CB919A010B5084B7E
:1062E0005C6A14F0040F07D0064B1A68D2F8183213
:1062F00013B1D2F81C029847014B9C6210BD00BF3D
:1063000000800820E8BA19A008B503460D4A916933
:1063100041F001019161916941F400619161D0F80E
:10632000080238B1D3F8102232B10268526AD3F8A9
:106330000C129047002008BD0268926AD3F80C1234
:106340009047F7E70080082008B503460D4A916999
:1063500021F001019161916921F400619161D0F80E
:10636000080238B1D3F8102232B10268926AD3F829
:106370000C129047002008BD0268526AD3F80C1234
:106380009047F7E700800820072070474160024BE4
:1063900019610020704700BF00800820FF2924D821
:1063A00010B49B0903F47873BDF8044043EAD42386
:1063B000520802F4F84213434FEA510C11F0010F56
:1063C0000DD0CA1C30F8122042EA0342084C44F8AF
:1063D0002C20043120F81130002010BC70470A1D19
:1063E00030F8122043EA0242F0E70620704700BF6F
:1063F00000820820D0F818324BB1064AD36923F046
:106400000403D3610023C0F81832C0F81C32002006
:10641000704700BF0080082070B504460E46154640
:10642000D0F818320BB1FFF7E5FFC4F81862C4F8D2
:106430001C52034AD36943F00403D361002070BDAA
:106440000080082010B5104B03604FF020434360DC
:106450000024C0F80842C0F80C42C0F810420A23D9
:10646000C0F81432C0F81842C0F81C42074B18603C
:10647000074B032207492520FFF71AFF2520FFF7C6
:10648000C9FE204610BD00BF185B0400E8BA19A081
:1064900098300200DD620100F8B506460D46012085
:1064A00002F002FF684A936923F001039361EB88CD
:1064B000013B1B029BB2A9880139090401F47F0149
:1064C0000B436988013943EA0163298909090139C4
:1064D0008900C9B20B4313602B8A013BC3F3090344
:1064E000A989090401F47F010B43698943EA016327
:1064F000E9890139890289B20B435360AB8C002BC7
:1065000043D0013B9B0103F4F8636A690AB143F489
:106510008043AA690AB143F40053EA690AB143F41B
:1065200080532A6A0AB143F400632A78042A37D0D8
:10653000052A3ED0032A2AD029890139434A02EA92
:10654000014242EA03070024F3F788FBA31CB0FBD7
:10655000F3F02B6C834202D201340F2CF4D13C4374
:10656000394A94606B8A7BB3013B43F48033D36038
:10657000354B0022DA616B78013B062B28D8DFE827
:1065800003F035292B2D2F3133000023BDE72A8955
:106590009208013A2D4901EA024242EA0307D2E792
:1065A0002A89D208013A294901EA024242EA03074C
:1065B000C9E72A8902EB4202D210013A234901EAD3
:1065C000024242EA0307BEE71F4B0022DA60CFE730
:1065D00000230CE004230AE0062308E00E2306E073
:1065E000082304E00C2302E00A2300E0022395F8CC
:1065F0003820012A08BF43F480732A78032A1FD069
:1066000004D9042A04D143F0500301E043F02003ED
:10661000AA6A0AB143F080030B4A93610C4B002134
:1066200002F5806243F8041B9342FBD1EB6B73606D
:10663000054A1361074B084AC3F888210020F8BDBA
:1066400043F01003E4E700BF008008200000FF03D0
:106650000082082000C00F40090C010038B5044634
:1066600008461546C4F8081201219140C4F80C12DE
:10667000C4F81032049AC4F8142293B103689B6AD8
:106680009847D4F8080203685B6B0022E9B2984788
:10669000D4F808020368DB69D4F80C12984700208C
:1066A00038BD03685B6A9847EBE70000674B1B68DF
:1066B00003B1704730B585B00446644B4FF0FF32EC
:1066C0001A6003AB00226249624805F01DFB0122FB
:1066D0006149208802F012FE01226049208902F0FF
:1066E0000DFE01225E49608802F008FE01225D492C
:1066F000E08802F003FE01225B49A08802F0FEFD63
:1067000001225A49608902F0F9FD02225849A08904
:1067100002F0F4FD02225749E08902F0EFFD022267
:106720005549208A02F0EAFD03225449608A02F0AA
:10673000E5FD02225249A08A02F0E0FD0322514900
:10674000E08A02F0DBFD03224F49208B02F0D6FDE8
:1067500003224E49608B02F0D1FD03224C49A08BED
:1067600002F0CCFD03224B49E08B02F0C7FD03226F
:106770004949208C02F0C2FD03224849608C02F096
:10678000BDFD02224649A08C02F0B8FD0222454917
:10679000E08C02F0B3FD02224349208D02F0AEFDF1
:1067A00002224249608D02F0A9FD01224049A08DDC
:1067B00002F0A4FD01223F49E08D02F09FFD01227D
:1067C0003D49208E02F09AFD01223C49608E02F084
:1067D00095FD01223A49A08E02F090FD012239492F
:1067E000E08E02F08BFD01223749208F02F086FDFA
:1067F00001223649608F02F081FD01223449A08FC9
:1068000002F07CFDE08F4FF6FF73984201D105B096
:1068100030BD06F019F8236CA3B1E08F05F09CFFA2
:10682000E08F05F0A5FF039DE08F000A05F048FF0B
:106830000146636C0093236C94F83E202846FFF7D2
:106840000DFFE4E7E08F05F07BFFE9E7E4BA19A06C
:10685000185B0400B0250200105B0400085B040014
:10686000005B0400F85A0400F05A0400E85A0400DF
:10687000D85A0400C85A0400B85A0400A05A0400A8
:10688000905A0400785A0400605A0400485A0400E0
:10689000305A0400185A0400005A0400E859040051
:1068A000D8590400C8590400B8590400A859040074
:1068B000A059040098590400905904008859040014
:1068C0008059040078590400705904006859040084
:1068D0006059040082B000238DF8073006E09DF86F
:1068E0000730DBB20133DBB28DF807309DF807309B
:1068F000DBB20F2BF3D900BF00BF02B0704700001E
:10690000F0B40746214B03604FF6FF738380C380CA
:1069100000228260C2600262426282621C491D4B98
:106920000C461D4E1D4D43F8106C43F80C4C0132C3
:106930000F2A07D843F8083C43F8045C04F50074B8
:106940001033F0E7002243F8082C144843F8040CF5
:10695000134B114D134C43F8101C43F80C5C0132DF
:10696000102A07D043F8083C43F8044C01F50071A5
:106970001033F0E70C4B0020C3F8F800094AC3F8C5
:10698000FC200A4B1F60F0BC704700BFAC5B0400EA
:10699000002200201021002080000C4080204908A7
:1069A000102000208020490400200020F0BA19A007
:1069B0004FF0FF307047B2F5007F0FD10F2928BF8D
:1069C0000F21196080F82E10002380F82D3080F8F8
:1069D0002C30022280F82F20184670470E20704776
:1069E00001620020704790F82C2090F82E0082421F
:1069F0004FF0FF3028BF0020704790F82D2090F80E
:106A00002E0082424FF0FF3038BF00207047816176
:106A1000C26100207047000038B5B2F5007F1AD17E
:106A20000446084694F82F5015F00C0515D194F83B
:106A30002D3094F82C209A4211D04FF4007209495D
:106A400001EB432108F0FCFC94F82D30013384F86D
:106A50002D30284638BD0E25FBE71025F9E71A250D
:106A6000F7E700BF0022002038B5B2F5007F18D14B
:106A7000044690F82C3090F82E209A4214D990F8C1
:106A80002F5015F00C0511D14FF40072084800EB9F
:106A9000432008F0D5FC94F82C30013384F82C30D6
:106AA00000E00E25284638BD2425FBE71025F9E730
:106AB0000022002010B5074C01232360FFF70AFFD6
:106AC0000A2004F077FE03232360FFF703FF002072
:106AD00010BD00BF00000C4038B5074D0024EC632A
:106AE000EC60EC62FFF7F6FE2C60FFF7F3FE6C60E3
:106AF000FFF7F0FE204638BD00000C4010B5044BF7
:106B00000024DC63DC60DC62FFF7E4FE204610BD9D
:106B100000000C402DE9F04182B00E4617461D469C
:106B200011F0800F22D106F03F0637490024C5221C
:106B3000CC608A630A204B6B0138FCD14B6B13F499
:106B4000006FF5D1304B9F60FFF7C4FE012D1ED0C2
:106B5000012D94BF46F4806246F498622A4BDA60B5
:106B600005F026F80746DFF8A0801CE0026A089BC3
:106B70000093012312043721FFF7CCFF00283ED0F9
:106B8000089B1B6813F0200FCDD1002037E046F49E
:106B90008862E3E712F0400F1CD112F0010F11D10F
:106BA00012F0040F2ED1384605F010F8642825D8CD
:106BB000D8F83420002DEDD112F0800FF3D04FF033
:106BC000FF301CE0012E05D00C2E03D0292E01D061
:106BD000002014E00C4B5B69089A1360022D02D070
:106BE0004FF0FF300BE0084B9A6908994A60DA6968
:106BF0008A601B6ACB604FF0FF3000E0002002B0DB
:106C0000BDE8F0810020FAE700000C40F0B589B043
:106C10000446102928BF10210E460F990E6083608C
:106C20000E9BC360002580F82D5080F82C50012366
:106C300080F82F30164B009304230193154B1968ED
:106C400002914FF0FF310391596804919B680793BB
:106C5000C2F38B0206928DF81450406A03681F69D4
:106C60002B462A466946B847606A03685B699847BD
:106C70007602094B9E62094A5A6240F23A729A635E
:106C8000DA639B22DA62FFF725FE284609B0F0BDE1
:106C9000002049080021002000000C4080F0FA028A
:106CA00030B589B00446016142614FF0FF33019372
:106CB000164B1A680292042203925A6804929B6847
:106CC00007938023069301238DF81430104B009313
:106CD000406A03681D6900231A466946A847606A2E
:106CE00003685B69984794F82E2001325202094BE1
:106CF0009A62094A5A6240F21A529A63DA639922F6
:106D0000DA62FFF7E7FD002009B030BD0020002067
:106D10000020490400000C40C068780438B50546DE
:106D2000054B0024DC63DC62FFF7D4FD686A03686E
:106D30009B699847204638BD00000C4038B541B9E2
:106D4000124A536823F480735360FFF7C3FD002099
:106D500038BD15460C46F2F785FF400800239C46D7
:106D60000133B0FBF3F1A142F9D808494A6802F4B3
:106D7000406242EA0C03003D18BF012543EA452268
:106D800042F480724A60FFF7A5FDE0E700000C4086
:106D900010B50C4651B1012911D10A4A536843F488
:106DA00000635360FFF796FD002010BD054A53684D
:106DB00023F400635360FFF78DFD2046F5E70E20B6
:106DC000F3E700BF00000C40F8B504462B4B5D6BA9
:106DD00040F23A772F409F6390F82F6015F0100F24
:106DE00004D0076383690BB1C069984715F0200F81
:106DF00004D02763A3690BB1E069984715F4806F4D
:106E000028D016F0010F13D015F4807F04D0606AEB
:106E100003681B6A0421984794F82C30013384F8E6
:106E20002C30A3680BB1E068984784F82F60F8BD58
:106E300094F82D300133DBB284F82D3094F82E20F5
:106E40009A42F2D846F010062369002BEDD0606913
:106E50009847EAE746F00806276394F82F3013F0C6
:106E6000010F05D0A368002BDFD0E0689847DCE76E
:106E70002369002BD9D060699847D6E700000C4001
:106E800008B5024B1868FFF79FFF08BDF0BA19A0BC
:106E9000374B1B6803B1704770B582B004460E468D
:106EA000334B4FF0FF321A60FEF7AAFCFEF7C6FC28
:106EB000FEF7E2FC01AB00222E492F4804F024FF2C
:106EC000019D4FF0805002F0EFF9A089A880E3897E
:106ED000EB804FF6FF7398423FD1E8884FF6FF737F
:106EE00098423DD102222549208802F0E9F9022288
:106EF0002349608802F0E4F902222249A08802F0C6
:106F0000DFF902222049E08802F0DAF902221F4963
:106F1000208902F0D5F902221D49608902F0D0F9DA
:106F20001C4B0024DC63DC60DC62FFF7D3FC124BFB
:106F3000224619491D20FFF7BBF91D20FFF76AF90A
:106F400005F12401304604F021FF144B6FF31303C5
:106F5000B3F1005F07D102B070BD05F075FCBCE76E
:106F600005F072FCBEE70E48FDF7E4F8F3E700BF5A
:106F7000ECBA19A0AC5B0400005C04009C5B04004C
:106F80008C5B04007C5B04006C5B04005C5B0400B5
:106F90004C5B040000000C40816E010000220020C8
:106FA000045C040030B4B1FBF2F101FB02F4164BB7
:106FB00003EB4403154CA34222D94FF0000C124DB1
:106FC0000CF1010C02FA0CF301FB03F305EB430394
:106FD000A342F5D8013941EA4C1141600123036015
:106FE000AA23C3605523C360836813F4806FFBD06A
:106FF00003230360AA23C3605523C36030BC7047DA
:107000004FF0000CE6E700BF00A1B3F60071C6091F
:1070100038B50446614B4FF4A0421A602022C3F8F1
:10702000A0211A46D2F8A03113F0400FFAD0227CEA
:107030005A4BC3F8A821627C013AC3F80021227B95
:10704000C3F80C21237B002B6CD02268544B1A60B0
:10705000E37B524DC5F80431226861685148FFF75F
:10706000A1FFD5F8043143F48073C5F8043101233E
:10707000C5F808312268A1684B48FFF793FFD5F89F
:107080000831A27B43EA0223C5F80831A3691A1E1E
:1070900018BF0122E37C43EA0222237D013B1B014E
:1070A000DBB21343C5F8C831D5F8883013F4807FBC
:1070B0003AD0D5F8883003F01F03394A126803FB31
:1070C00002223648D0F8043103F01F03B2FBF3F379
:1070D00036490B60D0F8A81101F01F01B2FBF1F1A5
:1070E000334C2160D0F8001101F001010131B2FBF5
:1070F000F1F230490A60D0F8082112F4407F16D12D
:10710000274A12682549D1F8081101F01F01B2FB86
:10711000F1F229490A60294A93421CD81F4B3A22AE
:107120001A6038BD264A91E71D4B1A68C9E71B4A09
:10713000D2F8082102F44072B2F5807F174A0CBFE2
:10714000D2F88810D2F8A81001F01F01144A126872
:1071500001FB0222D6E71B4A934204D20F4B41F2B5
:107160003A021A60DDE7184A934204D20B4B42F20E
:107170003A021A60D5E7154A934204D8074B43F206
:107180003A021A60CDE7124A9342044B94BF44F28C
:107190003A0245F23A021A60C3E700BF00C00F404E
:1071A0000401001080C00F40A0C00F40000100107B
:1071B000FC000010F8000010F4000010FF2C31015A
:1071C000001BB700005A620200879303FFB3C40498
:1071D000008C864730B5049C4068003B18BF0123F3
:1071E000039D0DB143F002030CB143F00403446965
:1071F00001EB410E4FF0070C0CFA0EFC24EA0C04D4
:107200004461446903FA0EF323434361104BD3F8FE
:10721000A83103F01F03B2FBF3F2062906D8DFE81A
:1072200001F0040A0C0E10121400826101238B403D
:107230000365002030BDC261F8E70262F6E74262F2
:10724000F4E70264F2E74264F0E78264EEE700BF2D
:1072500000C00F4030B583B0964645680024EC600E
:107260006B6823F009036B600A4BD3F8A83103F075
:107270001F0C01944FF0FF33009323460A46BEFBD8
:10728000FCF1FFF7A7FFAC6009236B60204603B059
:1072900030BD00BF00C00F404268D06C012303FA2C
:1072A00001FC20EA0C00D064D06C08318B40034311
:1072B000D364002070474068C36C083101228A40C3
:1072C00023EA0203C36400207047072070470000D0
:1072D00008B5034B4360202001F0E6FF002008BD05
:1072E0000040014008B5034B4360402001F0DCFF43
:1072F000002008BD0080014008B5074B1B6803B1A2
:1073000008BD054B4FF0FF321A6000231A460349AF
:10731000034804F0F9FCF3E700BB19A07C5C04000F
:1073200084250200084B1B6803B1704710B5044662
:10733000054B4FF0FF321A60FFF7DEFF02220349D0
:10734000204601F0BDFF10BDFCBA19A0485C040046
:1073500008B5074B1B6803B108BD054B4FF0FF3262
:107360001A6000231A460349034804F0CDFCF3E7F2
:10737000F8BA19A0585C04008C250200084B1B6861
:1073800003B1704710B50446054B4FF0FF321A6049
:10739000FFF7DEFF03220349204601F091FF10BDF5
:1073A000F4BA19A0305C04004FF0FF3343600020B2
:1073B000704700008C46114B5A6999695869904290
:1073C000FAD198698842F7D102F03F038CF8023075
:1073D000C2F305238CF80130C2F304428CF800207C
:1073E00001F01F038CF80530C1F303238CF804303F
:1073F000C1F30B43ACF80630002070470040024058
:107400004368002B0CBF02221222124B1A728A7898
:1074100083F820204A7883F824200A7883F82820EB
:107420004A7983F82C200A7983F83820CA889A8709
:1074300093F85C2042F0100283F85C204368002B34
:107440000CBF01221122034B1A72034A5A65002015
:10745000704700BF00400240CDDC55AA30B583B074
:1074600005460C466946FFF7A5FF9DF80030172B2F
:107470001ED89DF801303B2B1AD89DF802303B2BCB
:1074800016D89DF80430013BDBB20B2B10D89DF8C9
:107490000530013BDBB21E2B0AD8BDF8062042F2B4
:1074A0000F739A4204D8074B5A6D074B9A4206D085
:1074B00021462846FFF7A4FF172003B030BD002067
:1074C000FBE700BF00400240CDDC55AA70B5044682
:1074D0000D4616464FF4007001F0E6FE65601E4B47
:1074E0001A7A02F002021A721A7A42F002021A7230
:1074F0001B7A13F0020F08D10125174C284604F01F
:1075000059F9237A13F0020FF8D0134B1A7A02F0CC
:1075100001021A721B7A13F0020F08D001250E4CDB
:10752000284604F047F9237A13F0020FF8D10A4BEA
:107530001E641A7A42F001021A721B7A13F0010FCC
:1075400008D10125044C284604F034F9237A13F0BD
:10755000010FF8D0002070BD004002400C4B1B68AA
:1075600003B1704730B583B004460D46084B4FF069
:10757000FF321A6001AB00220649074804F0C4FB41
:107580002A4621460198FFF7A1FF03B030BD00BF96
:1075900004BB19A0A05C040080210200B1F5802F7B
:1075A00032D370B5054684464FEA914E4FF4807051
:1075B0000024A3B22A46138001339BB253800432C5
:1075C0008342F8D105F580650134013080B27445FD
:1075D000EFD34FF4803600250CF5806431462A46FF
:1075E000DCF8000093B20B4383420FD10CF1040C82
:1075F000013201F580316445F2D1013506F580365E
:107600007545E9D3012002E001207047002070BDDC
:107610000A2100200D4A03E0DBB21844013910D0E2
:10762000D2F8E03143F48043C2F8E031D2F8E031DF
:1076300013F4004FF0D1D2F8E03113F4004FFAD038
:10764000EAE7034BA3FB0030C008704700C00F40BF
:10765000CDCCCCCC2DE9F04F87B0834600220592EB
:1076600003920492059B05934168C34B196001681E
:10767000C24B1960C24BD3F8A01121F00201C3F82C
:10768000A011D3F8C41041F40061C3F8C41041F252
:107690001001C3F8DC11BB4B012119609A60202056
:1076A000FDF742FD0F20FDF725FDB74AD2F8603205
:1076B00023F0070343F00103C2F86032D2F86432CA
:1076C00023F0070343F00103C2F86432DBF804300F
:1076D000B3F5000F0DD0B3F1807F37D0B3F1007F49
:1076E00002D14FF4A94106E0A848FCF723FD002190
:1076F00001E04FF4A641DBF80030B3F1204F28D071
:10770000B3F1304F00F01A81B3F1404F00F04881DF
:107710009D4BD3F83C2122F0070242F00102C3F84E
:107720003C21D3F85C2122F0070242F00102C3F8A9
:107730005C21D3F86C2122F0070242F00102C3F869
:107740006C21904BC3F86011914C1FE04FF4AA419B
:10775000D1E78D4BD3F8782222F0070242F00102E4
:10776000C3F87822D3F8502122F0070242F0010238
:10777000C3F85021D3F8602122F0070242F0010241
:10778000C3F860217F4BC3F80011824C7E4AD2F8C7
:10779000403123F0070343F00103C2F84031D2F82F
:1077A000443123F0070343F00103C2F844319BF84E
:1077B0000A30002B40F01281D2F8483123F0070341
:1077C00043F00103C2F848316F4BD3F8702122F027
:1077D000070242F00102C3F87021D3F8742122F0AD
:1077E000070242F00102C3F87421D3F8782122F095
:1077F000070242F00102C3F87821D3F87C2122F07D
:10780000070242F00102C3F87C215E4D40F20223E0
:10781000C5F804310126AE62DBF81830013B2B635A
:10782000DBF81C30013B6B63DBF82030013BAB63C2
:10783000DBF82430013BEB63DBF828302B64DBF80A
:107840002C30013B6B64DBF83030013BAB64DBF880
:107850003430013BEB64DBF83830013B2B65DBF85F
:107860003C30013B6B65DBF84030013BAB6540F2DF
:1078700083132B62C82001F0D5FD4FF480732B6277
:107880006E6200230293029BFF2B06D800BF029B6F
:1078900001330293029BFF2BF8D9DBF80C303E4AF0
:1078A000A2FB03239B09DBF8102002FB03F3DBF8A8
:1078B0001420B3FBF2F31B090133324A5362002355
:1078C0000293029B3F2B06D800BF029B0133029319
:1078D000029B3F2BF8D92B4B80221A62DBF8043035
:1078E000B3F1007FDBF800300CBF43F4883343F47E
:1078F00008431B68059300230293029B3F2B06D885
:1079000000BF029B01330293029B3F2BF8D9002555
:107910001C4B1D62236843F400232360012001F007
:1079200081FDFFF775FE0390DBF800A0DBF8049003
:10793000FF27A8462C460197114E60E0124BD3F862
:107940007C2222F0070242F00102C3F87C22D3F825
:10795000542122F0070242F00102C3F85421D3F867
:10796000642122F0070242F00102C3F86421054BB2
:10797000C3F82011094C09E7080100100C010010A0
:1079800000C00F4000C0092000C0024000310200CA
:1079900060C1092000C10920D34D621020C1092017
:1079A0006B4BD3F8382122F0070242F00102C3F8F2
:1079B0003821D3F8582122F0070242F00102C3F81F
:1079C0005821D3F8682122F0070242F00102C3F8DF
:1079D0006821604BC3F840115F4CD7E65C4AD2F88F
:1079E0004C3123F0070343F00103C2F84C31EBE6BE
:1079F000019BFF2B16D004460135202D15D0D6F85B
:107A0000DC3123F01F032B43C6F8DC3149465046D6
:107A1000FFF7C4FD0128EBD0012C02BFA0462F4682
:107A20000024E9E704460195E6E7B8F1010F0ED01E
:107A3000012C25D0494AD2F8DC3123F01F0343F052
:107A40001003C2F8DC314648FCF774FB0AE0019BE6
:107A50003B445B084149D1F8DC2122F01F0213436B
:107A6000C1F8DC31DBF800A0DBF804904FF0FF0830
:107A700000273C46CDF804803D46384EBB460AE020
:107A8000019B1F335B08E5E7019BFF2B17D00446E2
:107A90000135202D16D0D6F8DC3123F4F85343EA13
:107AA0000523C6F8DC3149465046FFF777FD01282B
:107AB000EAD0012C02BF2746A8465C46E8E7044608
:107AC0000195E5E7012F0ED0012C3DD0234AD2F8D5
:107AD000DC3123F4F85343F48053C2F8DC312048FE
:107AE000FCF728FB0BE0019B43445B081B49D1F8E2
:107AF000DC2122F4F85242EA0323C1F8DC31FFF71B
:107B000087FD04901548D0F8DC21039E0499039D5D
:107B1000049C02F01F0306FB03F3B3FBF1F303F035
:107B20001F0302F4F85105FB01F1B1FBF4F101F47C
:107B3000F8510B4322F4F85222F01F021343C0F80D
:107B4000DC3107B0BDE8F08F019B1F335B08CDE748
:107B500000C0024000C0092040C1092000C00F4001
:107B60000031020010B5044643689A689168CBB2B0
:107B700011F0010F0BD010E0A3680821206998478D
:107B800063689A689168CBB211F0010F05D1C3F315
:107B90004203012BF0D0022B00D010BD1168E36826
:107BA000C9B220699847EBE708B5024B1868FFF7A0
:107BB000D9FF08BD0CBB19A043689B681960002061
:107BC000704700000346044A1060044A42600020E7
:107BD0001861D860986070470CBB19A0DC5C040089
:107BE0000B46143003C883E8030000207047436845
:107BF0009B68586900F06000B0FA80F04009704757
:107C000008B543681868FEF715FB002008BD08B5E5
:107C100043681868FEF7FEFA002008BD38B50C4628
:107C2000456800F11403D1E9000183E80300F2F78D
:107C300019F823681B01B0FBF3F0AA68D36843F07E
:107C40008003D360AB68C2B21A60AB68C0F3072090
:107C50005860AB68DA680022DA60A379042B51D847
:107C6000DFE803F02C031A202600AA68D36843F04B
:107C70000803D3606379012B24D0022B44D0002B5E
:107C800044D1AB68DA68DA602379053B032B3FD82F
:107C9000DFE803F01E262C32AA68D36843F01803ED
:107CA000D360E7E7AA68D36843F02803D360E1E72D
:107CB000AA68D36843F03803D360DBE7AB68DA68BF
:107CC000DA60D7E7AA68D36843F00403D360DBE740
:107CD000AB68DA68DA60E079002818BF072038BDA1
:107CE000AA68D36843F00103D360F4E7AA68D368B5
:107CF00043F00203D360EEE7AA68D36843F00303BE
:107D0000D360E8E70E20EAE70720E8E70E20E6E781
:107D10000720E4E72DE9F84305460E4690461F4646
:107D200044682068FEF786FA6B68187C4FF00109FA
:107D300009FA00F001F0B8FA6B68187C09FA00F053
:107D400001F0B2FAC5F80C80AF602E61F1F78AFF3E
:107D50000646F1F77FFF0001B6FBF0F0A3680722AB
:107D60009A60A268D36843F08003D360A368C2B26C
:107D70001A60A368C0F307205860A36810229A62B3
:107D8000A268D36823F08003D360A2680323D36082
:107D9000A26853602B681B682279E1682068FEF7AF
:107DA00087FA0020BDE8F88338B50D4B1B6803B196
:107DB00038BD05460C460A4B4FF0FF321A600023CF
:107DC0001A460849084803F09FFF0222074928463F
:107DD00001F094FA02220649204601F08FFAE7E703
:107DE00008BB19A0F05C0400D0240200CC5C0400A5
:107DF000BC5C04004268136F23F003030B4313675A
:107E000000207047012908D84268136F23F00C0343
:107E100043EA810313670020704709207047032954
:107E200010D84368D86B023149004FF0030C0CFAAC
:107E300001FC20EA0C00D863D86B8A400243DA6365
:107E4000002070473B20704743685A6842F00202A6
:107E50005A605A6822F002025A60704742685368BA
:107E600043F00103536070474268536823F00103F5
:107E70005360704738B5044643681D6815F0010F1C
:107E800003D083680BB1C068984715F0020F03D088
:107E900023690BB16069984715F0040F03D0A369FB
:107EA0000BB1E069984715F0080F03D0236A0BB1B6
:107EB000606A98476368EDB21D6038BD08B5024B33
:107EC0001868FFF7D7FF08BD1CBB19A008B5024B07
:107ED0001868FFF7CFFF08BD18BB19A00023036087
:107EE00043608360C360036143618361C361704722
:107EF00010B504464FF040234360044B83620830C2
:107F0000FFF7ECFF024B1C60002010BD6C5E04000C
:107F10001CBB19A010B50446054B4360054B83629A
:107F20000830FFF7DBFF044B1C60002010BD00BFD2
:107F3000000009405C5E040018BB19A0032931D879
:107F4000F8B50C4615461E464768836A1B7B012020
:107F5000984001F0A9F9072D26D805F00102C5F3D4
:107F6000400343EA420315F0040F18BF43F0040333
:107F70007A6904EB44000721814022EA01027A6118
:107F80007A69834013437B61F1F768FE0546F1F798
:107F900069FEB5FBF0F5B6FBF5F6063447F824604C
:107FA0000020F8BD3B2070470820FAE7F8B50D46E1
:107FB00016461C464768836A1B7B0120984001F0E7
:107FC00073F9032D24D8231E18BF0123069A0AB182
:107FD00043F00203079A0AB143F004037A6905EB00
:107FE00045000721814022EA01027A617A698340D3
:107FF00013437B61F1F732FE0446F1F733FEB4FB25
:10800000F0F4B6FBF4F6063547F825600020F8BD1D
:108010003B20FCE703291BD810B5044600EBC10147
:108020008A60CB60034600F120019A6892B9083358
:108030008B42FAD1A36A1888FEF7FCF8002014E0FE
:10804000A06A8368012241680088FEF731F907E0E1
:108050003B207047A36A1888FEF702F90028EFD08A
:10806000A36A1888FEF7D6F8002010BD174B1B68CE
:1080700003B1704710B50446144B4FF0FF321A603D
:1080800000231A461249134803F03EFE0222124909
:10809000208801F033F902221049608801F02EF99E
:1080A00002220F49A08801F029F902220D49E08837
:1080B00001F024F900221146208901F01FF9002265
:1080C0001146608901F01AF910BD00BF14BB19A058
:1080D000285E0400A8250200E45D0400D45D0400CD
:1080E000C45D0400B45D0400174B1B6803B1704706
:1080F00010B50446144B4FF0FF321A6000231A46A5
:108100001249134803F000FE04221249208801F0AE
:10811000F5F802221049608801F0F0F803220F49B7
:10812000A08801F0EBF803220D49E08801F0E6F8A1
:1081300003220C49208901F0E1F803220A496089F1
:1081400001F0DCF810BD00BF10BB19A0F45D040005
:10815000D0230200945D0400845D04006C5D040083
:10816000545D04003C5D0400245D0400044AD2F820
:10817000003231EA0303FAD1014BC3F80812704709
:1081800000C0082008B5064B3022C3F808220904B5
:1081900041F4A061C3F810121021FFF7E7FF08BDFA
:1081A00000C0082038B505461446FFF7EBFF24044D
:1081B00044F48074034BC3F8104210212846FFF7A3
:1081C000D5FF38BD00C0082008B50A46F321FFF7E7
:1081D000E9FF08BD01F00F03084AD2F83402C909CB
:1081E00041EA430101238B400343C2F83432D2F801
:1081F000043243F00403C2F80432704700C0082080
:1082000001F00F020648D0F83432C90941EA4201B0
:1082100001228A4023EA0203C0F83432704700BFCB
:1082200000C008200346002098605860014A13608F
:10823000704700BF24BB19A0031D03C983E80300D6
:108240000020704708B50122FE21FFF7ABFF08BDF3
:1082500008B50022FE21FFF7A5FF08BD38B5054689
:1082600041F080042246D021FFF79CFF2246D02116
:108270002846FFF797FF38BD70B505460C4601F05C
:108280000F00C90941EA4001A00000F03C0040F0A5
:108290000100274CC4F828022046D0F8204214F4EC
:1082A000006FFAD014F4806F3ED0C4F30904204E5E
:1082B000D6F8280210F0010F2DD0D6F818020AB314
:1082C000032B0ED910704FEA102C82F801C04FEA30
:1082D000104C82F802C0000ED070043B9BB20432F6
:1082E000E6E7002BE4D003F1FF3E1FFA8EFE1344B5
:1082F00094460CF8010B000A9C45FAD101327244F5
:108300000023D5E70A4AD2F8283213F0010F02D031
:10831000D2F81832F7E72846FFF734FFF221284653
:10832000FFF730FF20B270BD4FF0FF30FBE700BF1A
:1083300000C0082070B5064608461D4601F00F0330
:10834000C90941EA4301800000F03C0040F002000E
:108350001D4BC3F82802C3F82452EDB1D3F82832DC
:1083600013F0020F27D00432174B12F8010C12F849
:10837000024C240444EA006412F8040C044312F88A
:10838000030C44EA0024C3F81C42D3F82802043248
:1083900010F0020FE9D10EE00B4BD3F8283213F0A6
:1083A000020F08D0084B0020C3F81C02D3F8282283
:1083B00012F0020FF8D13046FFF7E4FEFA21304602
:1083C000FFF7E0FE284670BD00C0082008B501F0A8
:1083D0000F03C90941EA4301003A18BF012241F0E5
:1083E0004001FFF7DFFE08BD70B5054601F00F0341
:1083F000C90941EA43042146FFF7C4FE240444F4BA
:108400000074064EC6F8104220212846FFF7AEFE43
:10841000D6F8140200F0010070BD00BF00C00820B3
:10842000007B704770B5054601F00F03C90941EAAA
:1084300043040B49D1F844620123A3403343C1F8FC
:108440004432C1F84842C1F84C224FF48071FFF722
:108450008DFE002244F040012846FFF7A3FE70BDC8
:1084600000C0082010B44068047854B9002012E01D
:10847000022906BF42881A801C800CE02044047840
:1084800044B190F801C08C45F8D1002AF0D0013AEF
:1084900092B2F3E7002010BC704700002DE9F843CA
:1084A000804687681C4B0422C3F8082200241D461E
:1084B00001264FF020090CE0610807EBC1031B6C9B
:1084C00013B1C9B238689847013402E00134202C56
:1084D0001DD0D5F8302206FA04F31A42F6D0C5F8BA
:1084E000383249464046FFF741FED5F81422D2B251
:1084F00014F0010FE0D0610807EBC103DB6B002B28
:10850000E4D061F07F01C9B238689847DEE71820EF
:10851000FDF780FEBDE8F88300C00820F8B50546E9
:108520004FF0004000F0C0FE1D4B1B22C3F8F42F9B
:108530001A46D2F8F83F03F01B031B2BF9D1184B56
:108540000322C3F81021402200212846FFF76AFFCA
:10855000402280212846FFF765FF20212846FFF7AB
:1085600033FE002402E00134102C16D0E6B2274678
:10857000AB6803EBC403DB6B23B146F080012846F4
:10858000FFF728FEAB6803EBC7031B6C002BEAD098
:1085900031462846FFF71EFEE5E700F033FEF8BD42
:1085A00000C00820F8B51A4B1C68C4B1A668194B66
:1085B000D3F8005215F0080F12D115F0040F07D0B0
:1085C000B3682BB11820FDF735FEB36830689847C3
:1085D00015F0010F03D00F4B0122C3F80822F8BD9C
:1085E0001F460823C7F80832FE212046FFF7CAFDC0
:1085F000094BC7F8103220212046FFF7B7FDD7F806
:1086000014127368002BD8D0C9B230689847D4E7E9
:1086100024BB19A000C008200002FE0008B50122FA
:10862000D821FFF7BFFD08BD08B50022D821FFF70C
:10863000B9FD08BD70B505460E4639B144682378CA
:1086400063B92846FFF7EAFF2E7370BDFFF7ECFF12
:10865000FAE723781C442378002BF2D06378052BAB
:10866000F7D1A288A1782846FFF7DCFEF1E738B5FC
:1086700004461546FFF7F2FD29462046FFF7DAFFCC
:10868000257338BD144B1B6803B1704710B5044601
:10869000114B4FF0FF321A6000231A460F49104861
:1086A00003F032FB01220F49208800F027FE01224F
:1086B0000D49608800F004FE00221146A08800F0F9
:1086C0001DFE01220949E08800F018FE0122084938
:1086D000208900F013FE10BD20BB19A09C5E040091
:1086E00094250200945E04008C5E0400845E040005
:1086F0007C5E040038B51D4BDA681C69144029D033
:10870000054614F0400F1CD043691A6812F4803FEC
:108710000FD01B6813F0010F1DD001234376C369EE
:108720001BB11B680BB1006A98476B694FF480322C
:108730001A606B691A6812F4801F1CBF4FF4801214
:108740001A6014F0020F03D0EB69DB68286A9847BF
:10875000064BDC6038BD02234376C369002BE4D0AE
:108760005B68002BE1D0006A9847DEE700C0082074
:108770000023036043608360024B1A68C260186084
:10878000704700BF30BB19A0034640689A688A4210
:1087900006D310B444185C60521A9A6010BC70473B
:1087A0000020704708B5FFF7EFFF08BD0346002023
:1087B0001876044A5A619860D861186201229A7644
:1087C000704700BF54C008200346012202760449C6
:1087D000416100209860D86118629A76704700BFA6
:1087E00058C00820C3684360036983607047000075
:1087F00070B582B0364C26688E4234D00024019485
:10880000019D344C24682A4342F0704242F4802295
:108810002260314A12680025156063605560A260CD
:108820009560DDF818C00CF1FF3C6344E360D5604F
:108830008B6803F002031C438C604A608E421BD09D
:10884000264B1B688B4222D0254B1B688B421ED0C7
:10885000244B99629A6842F004029A605A6842F086
:1088600020025A601DE01AB94FF000740194C7E766
:108870004FF040740194C3E71A4B19629A6842F0B2
:1088800002029A605A6842F010025A6009E0154BE1
:1088900099629A6842F004029A605A6842F00402AF
:1088A0005A60C3699B680799006A984702280BD0F1
:1088B000084B1B681A68B2F1805F07D31B6813F07E
:1088C000804F0CBFFF20152002B070BD0020FBE7D9
:1088D0005CBB19A048BB19A044BB19A050BB19A090
:1088E0004CBB19A000C00820C26101620020704783
:1088F000407E704710B582B08E460F4909680C68FB
:1089000024F47F5C2CF03F0C4CEA0E0CD20102F4F4
:108910007E524CEA02020A60827E1AB90A6842F468
:1089200000520A60059A0192049A00924FF40022C4
:10893000FFF75EFF02B010BD54BB19A010B582B0A6
:108940008E460F4909680C6824F47F5C2CF03F0CBC
:108950004CEA0E0CD20102F47E524CEA02020A608A
:10896000827E1AB90A6842F400520A60059A01929E
:10897000049A00924FF48012FFF73AFF02B010BD44
:1089800058BB19A010B582B08E460F4909680C6813
:1089900024F47F5C2CF03F0C4CEA0E0CD20102F464
:1089A0007E524CEA02020A60827E1AB90A6842F4D8
:1089B00000520A60059A0192049A00924FF4002234
:1089C000FFF716FF02B010BD4CBB19A010B582B066
:1089D0008E460F4909680C6824F47F5C2CF03F0C2C
:1089E0004CEA0E0CD20102F47E524CEA02020A60FA
:1089F000827E1AB90A6842F400520A60059A01920E
:108A0000049A00924FF48012FFF7F2FE02B010BDFC
:108A100050BB19A0B2F5807F09D8064B19680B68C6
:108A20006FF31A4343EA02430B60002070473B2078
:108A3000704700BF5CBB19A012F0800F0DD10E482B
:108A4000006841EA034141EAC21141F4006101605A
:108A50000A4B1B6819600020704709480068D20162
:108A600002F47E5241EA03410A4342F4805202601A
:108A7000044B1B681A60EEE754BB19A04CBB19A04D
:108A800058BB19A050BB19A04369186880F4007046
:108A9000C0F34020704700000B4601BB1F4A11681D
:108AA0000A6842F400520A601D4A11680A6842F4DA
:108AB00000520A601B4A11680A6842F400520A60B8
:108AC000194A11680A6842F400520A60174A11688C
:108AD0000A6842F400520A608376002070470F4A09
:108AE00011680A6822F400520A600D4A11680A6887
:108AF00022F400520A600B4A11680A6822F40052FC
:108B00000A60094A11680A6822F400520A60074A9A
:108B100011680A6822F400520A60DDE75CBB19A004
:108B200058BB19A054BB19A050BB19A04CBB19A02D
:108B30002DE9F04182B005468846BDF82C700C9EA8
:108B40001D4C206803709DF820304370BDF8241040
:108B5000023000F09DFB2068BDF82810043000F0C2
:108B600097FB20683946063000F092FB01960823F7
:108B7000009323680022114909682846FFF738FE50
:108B8000B8B957B90196002300934FF480120B49EE
:108B900009682846FFF72CFE0BE001960097434634
:108BA0004FF40022054909682846FFF721FE0028F6
:108BB000E8D002B0BDE8F0813CBB19A05CBB19A0B5
:108BC00030B587B00C4642F2107304930021039134
:108BD00002910194052300930B460A46FFF7A8FF74
:108BE000054610B1284607B030BD022000F01AFC3F
:108BF000034B1A68136823F07F0323431360F1E7E4
:108C00005CBB19A010B586B00C9C0494BDF828403C
:108C10000394BDF824400294BDF8204001940093D1
:108C200013460A460B99FFF783FF06B010BD00B547
:108C300087B042F21073049300230393029392B21D
:108C40000192092200920A461946FFF771FF07B008
:108C50005DF804FB10B50446642002F0ABFD6269C8
:108C6000136843F010031360642002F0A3FD044B6B
:108C70001A6813686FF31A4343F40023136010BD9E
:108C80005CBB19A02DE9F04F85B006466B4B4360E5
:108C90004FF4005383604FF0004000F005FB337E3B
:108CA000002B40F0B980664B1B22C3F8F42F1A4604
:108CB000D2F8F83F03F01B031B2BF9D1604B0322C2
:108CC000C3F810214FF480713046FFF75DFD044674
:108CD0005C4B186010213046FFF756FD80465A4B1A
:108CE000186010213046FFF74FFD0746574B1860BC
:108CF00010213046FFF748FD554B019018601021B8
:108D00003046FFF741FD8346524B18601021304634
:108D1000FFF73AFD8246504B186010213046FFF7AE
:108D200033FD05464D4B186010213046FFF72CFDF2
:108D300081464B4B186080213046FFF725FD494B9B
:108D400018605846FFF714FD5046FFF711FD2846FE
:108D5000FFF70EFD4846FFF70BFD0198FFF708FDF2
:108D60000023C8F80030C8F80430C8F80830C8F844
:108D70000C303B607B60BB60FB601A4644F82350BC
:108D8000C4F88030C4F884200133202BF6D10023AE
:108D90000293029B312B12D800220392039BB3F55E
:108DA0007A6F06D2039B01330393039BB3F57A6F6B
:108DB000F8D3029B01330293029B312BEDD9204B58
:108DC00000225A601A629A6201229A60264A5A6305
:108DD00042F627221A645A6822F0C00242F080024A
:108DE0005A604FF480321A659C61337E13BB1F4B6F
:108DF0001E60134BD968DA680A43DA601C4A1A61AC
:108E00000024747600F0FEF97368F360B368336190
:108E1000204605B0BDE8F08F012B7FF453AF084B1F
:108E20000122C3F8F42F1A46D2F8F83F13F0010FCD
:108E3000FAD047E70F4B1E60DBE700BF00000020C1
:108E400000C0082040BB19A048BB19A044BB19A012
:108E50005CBB19A058BB19A054BB19A050BB19A0EA
:108E60004CBB19A03CBB19A0DF2E782738BB19A03A
:108E70004200008034BB19A0F0B583B005460E4611
:108E80000C9F1E4C206803709DF820304370BDF885
:108E90002410023000F0FCF92068BDF828100430DE
:108EA00000F0F6F920680B9B99B2063000F0F0F95B
:108EB0000197082300932368002211490968284676
:108EC000FFF796FC60B96EB101970B9B0093334698
:108ED0004FF480120A4909682846FFF789FC08B157
:108EE00003B0F0BD0197002300934FF40022044922
:108EF00009682846FFF77CFCF2E700BF3CBB19A0DD
:108F00005CBB19A010B586B00C9C0494BDF8284039
:108F10000394BDF824400294BDF8204001940093CE
:108F200013460A460B99FFF7A7FF06B010BD10B510
:108F300086B00A9C0494099C03940024029443EA9A
:108F4000022301930623009380230A460899FFF722
:108F500093FF06B010BD00B587B08C461946099B3B
:108F60000493089B03930023029342F4407292B24D
:108F700001920623009380236246FFF77DFF07B02E
:108F80005DF804FB08B5054B186808B1FFF7B2FBA4
:108F9000034B186808B1FFF7ADFB08BD38BB19A03B
:108FA00034BB19A0374B1B6803B1704710B504469A
:108FB000344B4FF0FF321A6000231A4632493348CF
:108FC00002F0A2FE01223249208800F079F9012244
:108FD0003049608800F074F901222F49A08800F020
:108FE0008DF901222D49E08800F088F901222C49F1
:108FF000208900F083F902222A49608900F07EF975
:1090000002222949A08900F079F901222749E08943
:1090100000F074F901222649208A00F06FF901223C
:109020002449608A00F06AF901222349A08A00F0ED
:1090300065F901222149E08A00F060F90122204906
:10904000208B00F05BF901221E49608B00F056F97D
:1090500001221D49A08B00F051F901221B49E08B30
:1090600000F04CF901221A49208C00F047F9022245
:109070001849608C00F042F901221749A08C00F0D9
:109080003DF910BD2CBB19A040600400281502005A
:10909000D45F0400CC5F0400C45F0400BC5F040024
:1090A000B45F0400A45F0400945F04008C5F0400BC
:1090B000845F04007C5F0400745F04006C5F040044
:1090C000645F04005C5F0400545F04004C5F0400B4
:1090D000445F0400345F04002C5F0400374B1B68BE
:1090E00003B1704710B50446344B4FF0FF321A609D
:1090F00000231A463249334802F006FE0122324963
:10910000208800F0DDF800221146608800F0F6F8B3
:1091100001222E49A08800F0F1F801222C49E088B4
:1091200000F0ECF800221146208900F0E7F8002258
:109130001146608900F0E2F800221146A08900F093
:10914000DDF800221146E08900F0D8F8002211462F
:10915000208A00F0D3F800221146608A00F0CEF891
:1091600000221146A08A00F0C9F800221146E08AC8
:1091700000F0C4F800221146208B00F0BFF8002256
:109180001146608B00F0BAF800221146A08B00F067
:10919000B5F801220F49E08B00F0B0F801220E492A
:1091A000208C00F0ABF801220C49608C00F0A6F88E
:1091B00001220B49A08C00F0A1F810BD28BB19A01A
:1091C000DC5F040078150200245F04001C5F0400CB
:1091D000145F04000C5F0400045F0400FC5E0400E4
:1091E000F45E040008B5064BD3F8F83F13F0020F05
:1091F00002D1FFF7C7FE08BDFFF7D4F9F9E700BFBA
:1092000000C0082008B51820FDF72AF800B108BDF5
:10921000044B032204491820FDF74AF81820FCF7F4
:10922000F9FFF4E744320200E5910100CBB203708C
:10923000C1F307234370C1F307438370C1F3076190
:10924000C17070470346C278002062F307009A7825
:1092500062F30F205A7862F317401B7863F31F60A4
:10926000704700BFC1F307630370C1F30743437046
:10927000C1F307238370C9B2C170704703460278F7
:10928000002062F307005B7863F31F20704700BF84
:10929000CBB20370C1F3072141707047C1F30723BC
:1092A0000370C9B241707047034B1A6810431860CD
:1092B000024BC3F8C400704768D119A000C00F402A
:1092C00038B562B105460C46531EDBB2013301EBE3
:1092D000C3022388AB4206D008349442F9D1064831
:1092E000FAF728FF38BD284603F0AEFA6268052178
:1092F000284603F085FAF5E74832020038B54FF604
:10930000FF73984210D005460C46531EDBB242B1A3
:10931000013301EBC3022388AB4206D008349442E8
:10932000F9D10648FAF706FF38BD284603F08CFA53
:1093300062680521284603F063FAF5E74832020027
:1093400000BF00BF00BF00BF00BF00BF00BF00BF25
:1093500000BF00BF00BF00BF00BF00BF00BF00BF15
:1093600000BF00BF00BF00BF00BF00BF00BF00BF05
:1093700000BF00BF00BF00BF00BF00BF00BF00BFF5
:1093800000BF00BF00BF00BF00BF00BF00BF00BFE5
:1093900000BF00BF00BF00BF00BF00BF00BF00BFD5
:1093A00000BF00BF00BF00BF00BF00BF00BF00BFC5
:1093B00000BF00BF00BF00BF00BF00BF00BF00BFB5
:1093C00000BF00BF00BF00BF00BF00BF00BF00BFA5
:1093D00000BF00BF00BF00BF00BF00BF00BF00BF95
:1093E00000BF00BF00BF00BF00BF00BF00BF00BF85
:1093F00000BF00BF00BF00BF00BF00BF00BF00BF75
:1094000000BF00BF00BF00BF00BF00BF00BF00BF64
:10941000704700BF10B540F28A24FFF791FF013C6E
:10942000FBD110BD30B110B5441EFFF7F3FF013C76
:10943000FBD210BD704700BF4FF4FA7301FB03F37A
:109440009B08B3F1807F05D283688B4204D2C16050
:1094500000207047062070470E207047024BD3F85B
:10946000800140F38000704700C00F40064AD2F8E8
:10947000803143F00403C2F880314FF0804213780A
:1094800003F0FB031370704700C00F404068704743
:1094900043683BB14FF08043AA221A7255221A72D8
:1094A000002070470820704748B14FF08043AA223F
:1094B0001A721A7842F004021A7000BFFDE70A20FF
:1094C0007047034600205860D86098607047436832
:1094D000F3B94FF0FF3343604FF080431A7802F046
:1094E000F3021A70C2684FF4FA7101FB02F292089B
:1094F0005A60C2688068121A01FB02F292089A61EF
:1095000003221A70AA221A7255221A72002070477A
:10951000082070474FF4FA7301FB03F39B08B3F183
:10952000807F05D2C3688B4204D9816000207047D8
:10953000062070470E20704708B5074B1B6803B123
:1095400008BD054B4FF0FF321A6000231A4603494D
:10955000034802F0D9FBF3E760BB19A0A460040044
:10956000E023020082B0002301934FF0080383F34D
:109570001188BFF36F8FBFF34F8F019B002BFCD07F
:1095800002B0704706480068006880F3088862B639
:1095900061B6BFF34F8FBFF36F8F00DF00BF0000D6
:1095A00008ED00E04FF0807340F8043C21F0010129
:1095B00040F8081C034B40F80C3C40F8202C403885
:1095C000704700BF65950100074B19680868B0E84F
:1095D000F00F80F30988BFF36F8F4FF0000080F326
:1095E00011884EF00D0E704748C219A04FF00803C5
:1095F00083F31188BFF36F8FBFF34F8F024A136855
:1096000001331360704700BFA8000010034A1368BD
:10961000013B13600BB983F311887047A800001059
:10962000EFF30980BFF36F8F0D4B1A6820E9F00F3D
:10963000106008B54FF0080080F3118801F060FB5E
:109640004FF0000080F31188BDE8084019680868F1
:10965000B0E8F00F80F30988BFF36F8F7047000008
:1096600048C219A008B54FF0080383F31188BFF36F
:109670006F8FBFF34F8F01F071F928B14FF0E023E6
:109680004FF08052C3F8042D002383F3118808BDE6
:1096900010B54FF0E02400232361A361F0F7DEFA58
:1096A000044BA3FB00239B09013B63610723236158
:1096B00010BD00BFD34D621010B54FF0E023D3F8BA
:1096C000202D42F47F02C3F8202DD3F8202D42F044
:1096D0007F42C3F8202D0024C3F81C4DFFF7D8FFAC
:1096E000044B1C60FFF74EFF01F00AFBFFF73AFF47
:1096F000204610BDA800001070B5431E13F10A0FDC
:109700006DD800F1080410F0070305D0A3F1090299
:10971000A24264D31030C41A01F006F9354B1B681D
:109720004BB1002C55DD344B1E68A64253D3334950
:109730000B6822E00024F0F799FA314A12F0070F83
:1097400005D0D31D23F00703D21A10441A462B4B21
:109750001A60002159601318083B23F007032548BD
:10976000036059601960991A51601360254B1960A4
:10977000214B1960D5E7194613465A68A24202D216
:109780001A68002AF7D11B4A12689A4225D00D6840
:1097900008351A680A605868001B102805D91A197C
:1097A00050605C60086818510A605968761A12485F
:1097B00006601448006886423CBF1248066041F0CB
:1097C0000041596000221A600F4A13680133136088
:1097D0000CE000250AE0002508E0002506E001F085
:1097E000A3F8044B1B68002BA4D0002501F0A2F9BC
:1097F000284670BD74BB19A070BB19A078BB19A016
:1098000078D119A06CBB19A068BB19A0002847D05B
:1098100038B5044650F8043C002B00DB38BD50F846
:10982000082C002AFAD1A0F1080523F0004340F8E3
:10983000043C01F079F854F8041C1A4A13680B44EC
:109840001360194B1A461B689D42FBD8506802EB07
:10985000000C65450FD054F8040C29188B4213D026
:109860002B60AA4218BF1560104A136801331360B9
:1098700001F060F9D2E701445160084611448B427F
:1098800001D01360F0E71546094909688B4205D0FD
:109890005B6803446B6013681B68E1E70B46DFE716
:1098A000704700BF70BB19A078BB19A064BB19A09A
:1098B00074BB19A000F1080343604FF0FF328260CF
:1098C000C360036100230360704700230361704796
:1098D00043684B609A688A609A6851609960086131
:1098E000036801330360704710B40C68B4F1FF3FA4
:1098F00016D000F10803C2681268944204D35B6872
:109900005A681268A242FAD95A684A604A68916055
:109910008B605960086103680133036010BC7047B5
:109920000369F1E703694268816891608268416870
:1099300051605A68824204BF82685A600022026104
:109940001A68013A1A601868704710B50446FFF7A4
:109950004DFEA46BFFF75AFEB4FA84F0400910BD27
:1099600070B504461546866B026C5AB903681BB184
:1099700000200136A66370BD806801F0B3FB0023B0
:10998000A360F6E76DB9406805F05AFD6368226C84
:1099900013446360A268934219D323686360284626
:1099A000E7E7C06805F04CFD226C5142E3689B1A62
:1099B000E3602268934202D2A3680B44E360022D65
:1099C00001D00020D5E726B1013E0020D1E728468E
:1099D000CFE70020CDE708B50346026C62B1084628
:1099E000D9681144D960D3F808C0614524BF19680B
:1099F000D960D96805F024FD08BD70B50546FFF7AC
:109A0000F5FD95F8454064B2002C0FDD05F1240604
:109A100002E0013C64B24CB16B6A3BB1304601F0EC
:109A20003FFA0028F5D001F0E5FAF2E7FF2385F8C8
:109A30004530FFF7EBFDFFF7D9FD95F8444064B2E0
:109A4000002C0FDD05F1100602E0013C64B24CB1C0
:109A50002B693BB1304601F023FA0028F5D001F024
:109A6000C9FAF2E7FF2385F84430FFF7CFFD70BD58
:109A7000002843D038B50D460446C36B002B3FD0B9
:109A80006FF00042B2FBF3F3026C934201D200206C
:109A900037E0FFF7ABFD2268216CE36B01FB03F3BA
:109AA000D018A0600020A06362605B1A1A44E260D4
:109AB000FF2384F8443084F84530B5B923691BB9D5
:109AC000FFF7A4FD01201CE004F1100001F0E8F90B
:109AD0000028F5D04FF0E0234FF08052C3F8042D5A
:109AE000BFF34F8FBFF36F8FEAE704F11000FFF76A
:109AF000E1FE04F12400FFF7DDFEE1E700207047FE
:109B0000002038BDB0B138B50D461C4603469CB1A7
:109B10006AB151B1012184F846102260E3632564E3
:109B20002046FFF7A5FF204638BD0020FCE729B9F5
:109B30002246EFE7002070472046F5E71046F3E79E
:109B400070B508B30C4606466FF00043B3FBF0F364
:109B50008B421CD301FB00F00F4B984219D84830C0
:109B6000FFF7CAFD054680B1002380F846304CB1AE
:109B700000F148032B60EE632C6401212846FFF7B7
:109B800077FF02E00346F5E70025284670BD002573
:109B9000FBE70025F9E700BFB7FFFF7F50B110B525
:109BA0000C46884208D302220021FFF7C9FF20B1EA
:109BB000846302E000207047002010BD2DE9F04FC3
:109BC00085B00446894601921D464FF0000A02AE58
:109BD000D04601AF37E02A4649462046FFF7C0FE8F
:109BE000636A83B948B14FF0E0234FF08052C3F865
:109BF000042DBFF34F8FBFF36F8FFFF707FD0120D9
:109C000005B0BDE8F08F04F1240001F049F9002807
:109C1000F3D04FF0E0234FF08052C3F8042DBFF390
:109C20004F8FBFF36F8FE8E7FFF7F0FC0020E7E707
:109C3000304601F0A3F914E02046FFF7DEFE00F005
:109C400079FF4FF0010AFFF7D1FCA26BE36B9A4258
:109C5000C1D3022DBFD0019B002BE5D0BAF1000F7C
:109C6000E6D0FFF7D3FC00F05FFEFFF7BFFC94F8EF
:109C700044305BB2B3F1FF3F08BF84F8448094F8EE
:109C8000450040B2B0F1FF3F08BF84F84580FFF7C0
:109C9000BDFC3946304601F07DF900BBFFF7A6FC5C
:109CA000D4F838B0D4F83CA0FFF7B0FCD345C3D10A
:109CB000019904F1100001F0C5F82046FFF79DFE60
:109CC00000F038FF0028BCD14FF0E0234FF0805265
:109CD000C3F8042DBFF34F8FBFF36F8FB1E720465A
:109CE000FFF78BFE00F026FF002089E748B108B59A
:109CF000002181600160C1600B460A46FFF75EFFEC
:109D000008BD704710B5024600210120FFF718FF7B
:109D10000446FFF7EBFF204610BDF8B50446174692
:109D20001A46EFF311854FF0080383F31188BFF350
:109D30006F8FBFF34F8F806BE36B984205D3022A7E
:109D400003D0002085F31188F8BD94F8456076B201
:109D5000A36B2046FFF704FEB6F1FF3F0CD1636A08
:109D60000BB90120EEE704F1240001F099F868B185
:109D700077B101203860E5E700F0EAFD864209D2BC
:109D8000013676B284F845600120DBE70120D9E78F
:109D90000120D7E70120D5E7F8B5EFF311854FF0A3
:109DA000080383F31188BFF36F8FBFF34F8F836B6B
:109DB000C26B9A421FD904460E4690F845707FB296
:109DC00001338363B7F1FF3F0BD1436A0BB9012025
:109DD00012E0243001F064F888B196B101203060BF
:109DE0000AE000F0B5FD87420DD201377FB284F85A
:109DF0004570012000E0002085F31188F8BD0120A6
:109E0000FAE70120F8E70120F6E72DE9F04784B0F2
:109E10000446884601924FF0000A02AD574601AE53
:109E200039E041462046FFF7D6FD09F1FF33A36331
:109E300023692BB9FFF7EAFB012004B0BDE8F087E6
:109E400004F1100001F02CF80028F3D04FF0E023CB
:109E50004FF08052C3F8042DBFF34F8FBFF36F8FC5
:109E6000E8E7FFF7D3FB0020E7E7284601F086F894
:109E70001EE02046FFF7C1FD00F05CFE09E0204631
:109E8000FFF7BBFD00F056FE2046FFF75EFD002801
:109E900048D14FF0010AFFF7A9FBD4F83890B9F187
:109EA000000FBED1019B002BDBD0BAF1000FDCD03C
:109EB000FFF7ACFB00F038FDFFF798FB94F8443057
:109EC0005BB2B3F1FF3F08BF84F8447094F84530AB
:109ED0005BB2B3F1FF3F08BF84F84570FFF796FB14
:109EE0003146284601F056F80028C8D12046FFF731
:109EF0002CFD0028BDD0019904F1240000F0A2FF40
:109F00002046FFF77AFD00F015FE0028C1D14FF082
:109F1000E0234FF08052C3F8042DBFF34F8FBFF3FF
:109F20006F8FB6E7002088E72DE9F04385B004463F
:109F300001914FF00008C14602AD474601AE46E030
:109F4000013BA36323684BB123695BB9FFF75EFB59
:109F50004FF00108404605B0BDE8F08301F056F926
:109F6000A060F1E704F1100000F09AFF0028EDD0A6
:109F70004FF0E0234FF08052C3F8042DBFF34F8F12
:109F8000BFF36F8FE2E7FFF741FB4FF00008E1E717
:109F9000284600F0F3FF25E0FFF728FBA06801F05A
:109FA0003FF88046FFF732FB42E02046FFF725FDF1
:109FB00000F0C0FD09E02046FFF71FFD00F0BAFDEC
:109FC0002046FFF7C2FC002849D14FF00109FFF7F6
:109FD0000DFBA36B002BB3D1019B002BD3D0B9F1A8
:109FE000000FD5D0FFF712FB00F09EFCFFF7FEFA42
:109FF00094F844305BB2B3F1FF3F08BF84F844707B
:10A0000094F845305BB2B3F1FF3F08BF84F8457068
:10A01000FFF7FCFA3146284600F0BCFF0028CAD101
:10A020002046FFF792FC0028BFD02368002BB3D056
:10A03000019904F1240000F005FF2046FFF7DDFC44
:10A0400000F078FD0028C0D14FF0E0234FF080529F
:10A05000C3F8042DBFF34F8FBFF36F8FB5E7B8F18F
:10A06000000F3FF477AFFFF7C1FA616A19B1236BB4
:10A070001968C1F10701A06801F07AF8FFF7C6FA84
:10A080004FF0000866E72DE9F041EFF311854FF03E
:10A09000080383F31188BFF36F8FBFF34F8F866B75
:10A0A00026B9002085F31188BDE8F08104461746E3
:10A0B00090F844804FFA88F8FFF78DFC013EA663C4
:10A0C000B8F1FF3F0CD123690BB90120EAE704F195
:10A0D000100000F0E5FE78B187B101203860E1E7BB
:10A0E00000F036FC80450BD208F101084FFA88F8E1
:10A0F00084F844800120D5E70120D3E70120D1E78F
:10A100000120CFE710B50446FFF770FAA46BFFF704
:10A110007DFA204610BD000009B330B40D46104A48
:10A1200000210B4614460AE00D4901EBC3010D6006
:10A13000486030BC7047013308321E2B0CD0D2F877
:10A1400004C08445F0D00029F5D154F833C0BCF1E7
:10A15000000F08BF1146EEE70029E8D1E9E7704794
:10A1600080BB19A00023084951F83320824203D054
:10A1700001331E2BF8D17047044A002142F83310F6
:10A1800002EBC3025160704784BB19A080BB19A0C9
:10A1900010B50446FFF7E6FF94F8463003B110BD52
:10A1A0002046FFF733FBFAE770B504460D46164626
:10A1B000FFF71CFA94F844305BB2B3F1FF3F04BFE1
:10A1C000002384F8443094F845305BB2B3F1FF3F8C
:10A1D00004BF002384F84530FFF718FAA36B1BB1C6
:10A1E0002046FFF70AFC70BD3246294604F12400E0
:10A1F00000F036FEF4E7000042690A4B9A4201D0B3
:10A2000000207047826A084B9A4209D0836A0BB1DA
:10A210000020704790F85400013818BF01207047A3
:10A22000002070474CC119A078C119A0074B1B68CA
:10A230001B6823B9064B4FF0FF321A607047034B7F
:10A240001B68DB681A68024B1A60704790C119A03E
:10A2500028C119A02DE9F84306461F46DDF82480E1
:10A260000A9C02F18042013A256B05EB820525F03C
:10A27000070579B10B4601F1FF3C04F1330E0F33B2
:10A280001CF8012F0EF8012F0AB19C45F8D10023CC
:10A2900084F84330089B062B28BF06239946E362C7
:10A2A0006364201DFFF711FB04F11800FFF70DFB9D
:10A2B0002461C9F10703A36164623A463146284626
:10A2C000FFF770F92060B8F1000F01D0C8F8004026
:10A2D000BDE8F88370B50446FFF788F9374A13687C
:10A2E00001331360364B1B68002B42D0354B1B6883
:10A2F0003BB9334B1B68DA6AE36A9A429CBF304B26
:10A300001C60314A136801331360E36A2F490868FF
:10A3100001229A4002430A602D4A03EB830302EBB9
:10A3200083035B68A3609968E1609868211D4160C0
:10A330009960E36A03EB8301880002EB81016161AC
:10A34000115801311150FFF761F91E4B1B687BB1A9
:10A350001B4B1B68DA6AE36A9A4209D24FF0E0238A
:10A360004FF08052C3F8042DBFF34F8FBFF36F8FB0
:10A3700070BD134B1C601368012BC2D1144D05F145
:10A380008C062846FFF796FA1435B542F9D1114EDE
:10A390003046FFF78FFA104D2846FFF78BFA0F482B
:10A3A000FFF788FA0E48FFF785FA0E48FFF782FAA2
:10A3B0000D4B1E600D4B1D60A3E700BF48C119A0E7
:10A3C00048C219A03CC119A02CC119A040C119A0B4
:10A3D000BCC119A0A8C119A094C119A078C119A025
:10A3E00064C119A04CC119A090C119A08CC119A0B9
:10A3F00010B5044690F8553013B1012B07D010BDAD
:10A40000006BFFF703FA2046FFF700FAF7E7FFF7C4
:10A41000FDF9F4E7F8B50E4B1B68BBB10D4F0E4EBE
:10A420000B4CFFF7E3F8FB68DD68281DFFF77AFAAD
:10A430003368013B33602368013B2360FFF7E6F894
:10A440002846FFF7D5FF2368002BEAD1F8BD00BFEF
:10A4500060C119A064C119A048C119A008B5084C71
:10A460004FF0E0264FF08055FFF7D4FF2368012B13
:10A47000FAD9C6F8045DBFF34F8FBFF36F8FF3E7D0
:10A48000BCC119A02DE9F04104460D462C4B1E68B5
:10A490002C4B1F682C4BD3F800802C4B18680430D1
:10A4A000FFF740FA48B9294B1A6829490B68D06A66
:10A4B0000122824023EA02030B60B4F1FF3F0DD07A
:10A4C0003444224B1B685C60A6421DD91F4B19689F
:10A4D00004314046FFF708FABDE8F0810DB31D4A8C
:10A4E00051681A4B1868816018688C68C4601868D5
:10A4F0008C68043060601868043088601B685A619A
:10A50000136801331360E7E7104B196804313846CC
:10A51000FFF7EAF9104B1B68A342DDD90E4B1C6014
:10A52000DAE7731E094A126853609E42CED8074B81
:10A53000196804313846FFF7D7F9074B1B68CBE79A
:10A5400044C119A090C119A08CC119A048C219A07A
:10A5500040C119A04CC119A028C119A02DE9F04390
:10A5600087B00E460F9F109C00210591DCB1054677
:10A5700091469846BFB15822204604F08AFF2763CF
:10A58000022384F8553000230393029405AB019312
:10A590000E9B009343464A4631462846FFF75AFE33
:10A5A0002046FFF797FE059807B0BDE8F0832DE938
:10A5B000F04385B005460E46144698469000FFF7D6
:10A5C0009BF810B381465820FFF796F80746C8B1AC
:10A5D0005822002104F05DFFC7F830900023039358
:10A5E00002970D9B01930C9B0093434622463146F4
:10A5F0002846FFF72FFE3846FFF76CFE012005B016
:10A60000BDE8F0834846FFF701F94FF0FF30F6E769
:10A6100038B50446FEF7EAFF002C37D0251D284642
:10A62000FFF780F970B9E26A02EB82039B002449CC
:10A63000CB583BB923480368012101FA02F223EA0F
:10A6400002030360A36A1BB104F11800FFF76AF963
:10A650001D4A1368013313601C4B1A681C4B1B689E
:10A660000BB1A24215D01B4A1368013B1360FFF7E0
:10A67000DDFDFEF7CBFF2046FFF7BAFE144B1B684B
:10A680001BB1124B1B68A3420ED038BD0F4B1C6888
:10A69000C4E729461048FFF71BF9104A1368013335
:10A6A0001360FEF7B3FFE9E74FF0E0234FF080526D
:10A6B000C3F8042DBFF34F8FBFF36F8FE5E700BFE3
:10A6C000BCC119A040C119A02CC119A048C219A031
:10A6D0003CC119A048C119A064C119A060C119A04A
:10A6E00010B50446FEF782FF24B1E46AFEF78EFF40
:10A6F000204610BD014B1C68F7E700BF48C219A0F7
:10A70000F8B50446062928BF06210D46FEF76EFF60
:10A710007CB1636C9D4235D00ED9324A1268A24298
:10A7200033D0304A1268D76AAF422CBF00270127C6
:10A7300008E02C4B1C68ECE72A4A1768A74214BFB4
:10A7400000270127E66AB34201D0B54200D9E5628D
:10A750006564A369002BA4BFC5F10705A561616904
:10A7600006EB8602204B03EB820399420FD04FB1D8
:10A770004FF0E0234FF08052C3F8042DBFF34F8F0A
:10A78000BFF36F8FFEF742FFF8BD0027DAE7251D04
:10A790002846FFF7C7F830B914490B680122B240C8
:10A7A00023EA02030B60E36A1049086801229A4019
:10A7B00002430A600C4A03EB830302EB83035B68EA
:10A7C000A3609968E16099684D609D60E36A03EB5E
:10A7D0008301880002EB8101616111580131115040
:10A7E000C5E700BF48C219A0BCC119A040C119A04B
:10A7F00038B5204B1B68834209D0044638B1FEF7B8
:10A80000F5FE2046FFF7F8FC10B9FEF7FFFE38BD55
:10A81000251D2846FFF786F8E36A174908680122D4
:10A820009A4002430A60154A03EB830302EB830359
:10A830005B68A3609968E16099684D609D60E36A18
:10A8400003EB8301880002EB810161611158013142
:10A850001150084B1B68DA6AE36A9A42D5D24FF06E
:10A86000E0234FF08052C3F8042DBFF34F8FBFF3A6
:10A870006F8FCAE748C219A040C119A0BCC119A076
:10A8800000B589B004AA00230493059306930793A7
:10A890001C490878107018B1013101320133F8E712
:10A8A00020330DEB0302002302F8103C164A0292FB
:10A8B000164A01920093802204A91548FFF74EFE24
:10A8C000144B186020B9144B1B6809B05DF804FBE9
:10A8D00000F032FE0128F6D14FF0080383F311880F
:10A8E000BFF36F8FBFF34F8F0C4B4FF0FF321A60E7
:10A8F0000B4B01221A600B4B00221A60FEF7DCFEA4
:10A90000E1E700BF6C320200C8C019A0C8BE19A0A0
:10A910005DA4010024C119A0D460040028C119A0BD
:10A920003CC119A044C119A0024A13680133136045
:10A93000704700BF20C119A0014B1868704700BFC5
:10A9400044C119A0014B1868704700BF44C119A049
:10A95000014B1868704700BF48C119A02DE9F047A6
:10A96000694B1B68002B40F0C680684B1C680134A3
:10A970001C6094B1664B1B68A34200F29F80654B3C
:10A980001B681B68B3B1002562482F46624E4FF02A
:10A99000010E6249DFF888C14AE05E4A1168614BE6
:10A9A000186810601960604A136801331360FFF77C
:10A9B0003DFCDFE70025564B4FF0FF321A607EE08A
:10A9C000534B1A607BE0DA6AD6F800A00EFA02F95F
:10A9D00049EA0A09C6F8009002EB820201EB820202
:10A9E00052689A60D2F80890C3F80C90D2F8089098
:10A9F000C9F80480C2F80880DA6A02EB820801EB29
:10AA00008809C3F8149051F8288008F1010802EB76
:10AA1000820241F82280DCF80080DA6AD8F82C3013
:10AA20009A4288BF45F0010503681B68002BC2D01D
:10AA30000368DB68DB685A689442C1D35A69D3F86B
:10AA40000880D3F80C90C8F80890D3F80C80D3F89D
:10AA50000890C8F80490D2F8049003F10408C145A6
:10AA600004BFD3F80C90C2F804905F61D2F8009054
:10AA700009F1FF39C2F800909A6A002AA3D09A6AB5
:10AA8000D3F81C90D3F820A0C9F808A0D3F82090E0
:10AA9000D3F81CA0C9F804A0D2F804A003F1180947
:10AAA000CA4504BFD3F82090C2F804909F62D2F840
:10AAB000009009F1FF39C2F8009084E70025184B97
:10AAC0001B68DB6A03EB83039B00144AD458012CF8
:10AAD00094BF00240124154B1B684BB1144B1B6819
:10AAE000002B18BF44F0010444EA0500BDE8F087DC
:10AAF000E5F79CFFF2E70D4A136801331360E5F7B1
:10AB000095FF0020F2E700BF20C119A044C119A0A1
:10AB100028C119A090C119A040C119A0BCC119A099
:10AB200048C219A08CC119A030C119A038C119A000
:10AB300034C119A02DE9F843FEF758FD5B4B1A68A4
:10AB4000013A1A601B68002B40F0A780584B1B6825
:10AB5000002B00F0A880574B1B68002B7BD0554D75
:10AB60000024554801265549554FDFF858C1EB6878
:10AB7000DB689A6AD3F81CE0D3F82080CEF808800E
:10AB8000D3F820E0D3F81C80CEF80480D2F80480FB
:10AB900003F1180EF04504BFD3F820E0C2F804E03A
:10ABA0009C62D2F800E00EF1FF3EC2F800E05A6964
:10ABB000D3F808E0D3F80C80CEF80880D3F80CE086
:10ABC000D3F80880CEF80480D2F8048003F1040E94
:10ABD000F04504BFD3F80C80C2F804805C61D2F861
:10ABE000008008F1FF38C2F80080DA6AD0F80090DF
:10ABF00006FA02F848EA0908C0F8008002EB82026F
:10AC000001EB820252689A60D2F80880C3F80C8087
:10AC1000D2F80880C8F804E0C2F808E0DA6A02EB6B
:10AC2000820E01EB8E08C3F8148051F82EE00EF16D
:10AC3000010E02EB820241F822E0D7F800E0DA6A66
:10AC4000DEF82C309A4288BFCCF800602B68002BCD
:10AC50008DD1FFF7EBFA1C4B1C686CB1194E012526
:10AC600001E0013C05D0FFF779FE0028F9D03560FE
:10AC7000F7E7154B00221A60124B1C6874B1104B99
:10AC80001B684FF0E0234FF08052C3F8042DBFF350
:10AC90004F8FBFF36F8F012400E00024FEF7B6FC56
:10ACA0002046BDE8F8830024F8E700BF20C119A0C2
:10ACB00048C119A078C119A040C119A0BCC119A0F0
:10ACC00048C219A034C119A038C119A010B550B993
:10ACD0004FF0E0234FF08052C3F8042DBFF34F8FA5
:10ACE000BFF36F8F10BD0446FFF71EFE0021204604
:10ACF000FFF7C8FBFFF71EFF0028F3D1E8E70000CD
:10AD0000184B1B681BB1184B01221A607047164B79
:10AD100000221A60154B1B68B3FA83F3DBB2C3F150
:10AD20001F03134A03EB830102EB8101486840686B
:10AD30004860496803EB830002EB800208329142CD
:10AD40000AD003EB83030A4A02EB83035B68DA68E9
:10AD5000084B1A601B687047054A02EB8002D168F5
:10AD60005160EEE720C119A034C119A040C119A05B
:10AD7000BCC119A048C219A038B50446FEF736FC7C
:10AD800074B3251D2846FEF7CDFD70B9E26A02EBCB
:10AD900082039B002549CB583BB925480368012114
:10ADA00001FA02F223EA02030360A36A1BB104F171
:10ADB0001800FEF7B7FD29461E48FEF789FD94F8F6
:10ADC0005430012B04BF002384F85430FEF71EFCDE
:10ADD000194B1B683BB9194B1B68A3420AD038BDFD
:10ADE000164B1C68CDE7FEF701FCFFF71FFAFEF7D4
:10ADF0000DFCF0E7104B1B6853B14FF0E0234FF010
:10AE00008052C3F8042DBFF34F8FBFF36F8FE6E777
:10AE1000084B1B680A4A12689A4203D1074B00226A
:10AE20001A60DCE7FFF76CFFD9E700BFBCC119A0CF
:10AE300040C119A04CC119A03CC119A048C219A019
:10AE400048C119A010B50C46044B19681831FEF71B
:10AE50004BFD01212046FFF715FB10BD48C219A08C
:10AE600070B544680D4B1D68EC611D68A6682E62C4
:10AE70001D68A668183575601D681835A5601B68C3
:10AE80009862036801330360002A0CBF08464FF044
:10AE9000FF301146FFF7F6FA70BD00BF48C219A097
:10AEA00030B4C368DB689A6AD969186A8860196A1D
:10AEB000D8694860516803F11800814204BF196ADB
:10AEC000516000219962116801391160254A1268A8
:10AED000002A3AD15A699968D8688860D968986810
:10AEE00048605168181D814204BFD9685160002133
:10AEF0005961116801391160DA6A1B4C256801211A
:10AF0000914029432160194902EB820201EB820240
:10AF100052689A609468DC60946860609060DA6A55
:10AF200002EB8200840001EB800058610859013077
:10AF300008510F4A1168DA6ACB6A9A4283BF01202E
:10AF40000C4B1860002030BC70470B4A5168D96127
:10AF50008C681C628C68606088609A62116801313C
:10AF60001160E6E720C119A040C119A0BCC119A019
:10AF700048C219A034C119A078C119A0034B1B689D
:10AF80000360034B1B684360704700BF30C119A0CA
:10AF900044C119A038B505460C46FEF727FB134BF4
:10AFA0001A682368B3F1FF3F1BD069681048006836
:10AFB000D5F800C0844505D0914203D80023236012
:10AFC00001240FE0501A834203D800232360012498
:10AFD00008E09B1A0B4423602846FFF7CFFF0024AC
:10AFE00000E00024FEF712FB204638BD44C119A042
:10AFF00030C119A0014B01221A60704734C119A059
:10B00000054B1B6833B1054B1868B0FA80F0400956
:10B0100040007047012070473CC119A020C119A011
:10B02000002856D070B50446C36A2B4A1268D26A0B
:10B03000934245D28269002A05DB274A1268D26A08
:10B04000C2F107028261616903EB8303234A02EBC9
:10B050008303994205D0204B1B68DB6AE362012021
:10B0600036E0251D2846FEF75DFC38B91C490B6803
:10B07000E06A0122824023EA02030B60164B1B6840
:10B08000DB6AE36216490E68012000FA03F23243DC
:10B090000A60124A03EB830302EB83035B68A3603D
:10B0A0009968E16099684D609D60E36A03EB8301F4
:10B0B0008D0002EB8101616151590144515107E05A
:10B0C000054B1B68406CDB6A98422CBF00200120B6
:10B0D00070BD0020704700BF48C219A0BCC119A0B4
:10B0E00040C119A000283BD070B50446836C013BD9
:10B0F0008364C16A426C914234D00BB1002070BDB0
:10B10000051D2846FEF70EFC38B917490B68E06AA2
:10B110000122824023EA02030B60636CE362C3F105
:10B120000702A26110490E68012000FA03F23243BF
:10B130000A600E4A03EB830302EB83035B68A360A0
:10B140009968E16099684D609D60E36A03EB830153
:10B150008D0002EB81016161515901445151CEE7EB
:10B16000002070470020CAE740C119A0BCC119A047
:10B17000002846D038B50446436C994238BF19467A
:10B18000C36A8B4202D0826C012A00D038BDC162F2
:10B190008269002AA4BFC1F107018161416903EB03
:10B1A0008303184A02EB83039942EFD1051D284619
:10B1B000FEF7B8FB38B914490B68E06A01228240F7
:10B1C00023EA02030B60E36A0F49086801229A40F0
:10B1D00002430A600B4A03EB830302EB83035B68C1
:10B1E000A3609968E16099684D609D60E36A03EB34
:10B1F0008301880002EB8101616111580131115016
:10B20000C4E77047BCC119A040C119A0034B18681E
:10B2100010B1836C01338364704700BF48C219A02A
:10B22000034B0360034B0B6080231360704700BF28
:10B2300070BE19A070BC19A008B5416000619142B0
:10B240000CD8D21A83699A4201D3012008BD011D8E
:10B25000094B1868FEF748FB0020F7E79A4201D235
:10B26000994206D2011D054B1868FEF73DFB0020F0
:10B27000ECE70120EAE700BFF0C219A0F4C219A070
:10B2800070B504460D46164604E0A3691D44236AC2
:10B2900020469847A1692B46324629442046FFF7AD
:10B2A000CBFF0028F1D170BD70B505460E460D4BA1
:10B2B0001B68DB68DC68201DFEF734FB94F8243043
:10B2C00013F0040F07D123F0010384F82430236A1C
:10B2D0002046984770BD324629462046FFF7D0FFEA
:10B2E000F5E700BFF4C219A0F8B50546FFF724FB47
:10B2F0000446104B1B68834205D800232B600D4B7E
:10B300001C602046F8BD0C4B1B681A685AB14FF000
:10B31000FF37094EDB6818683946FFF7C5FF336809
:10B320001A68002AF6D1054A1068034908601360BC
:10B330000123E3E7E4C219A0F4C219A0F0C219A0E6
:10B340002DE9F04387B0DFF8748102AD5C4FD8F887
:10B3500000301E68002E00F08D80DB681E68FFF74D
:10B36000E3FA2846FFF7C0FF0446029A4AB986422C
:10B3700000F29080FFF7DEFB21463046FFF794FF96
:10B3800001E0FFF7D7FB00232B606B60AB60EB6045
:10B390001E4606E005990498039B9847029B002BE4
:10B3A00009DA324629463868FEF72FFD0028CED04C
:10B3B000029B002BEEDB049C002CF2D0636913B1DE
:10B3C000201DFEF7AFFA01A8FFF78EFF8146029914
:10B3D00001390829E5D8DFE801F0050529303F05E6
:10B3E0000529300094F8243043F0010384F8243018
:10B3F000039BA169024619442046FFF71DFF002860
:10B40000CFD094F8243013F0040F07D123F00103B8
:10B4100084F82430236A20469847C2E7A3694A4645
:10B42000039919442046FFF72BFFF3E794F82430E3
:10B4300023F0010384F82430B3E794F8243043F078
:10B44000010384F824300399A161034602460144B4
:10B450002046FFF7F1FEA4E794F8243013F0020F22
:10B4600004D023F0010384F824309AE72046FEF745
:10B47000CDF996E7FFF758FA2846FFF735FF04465F
:10B48000029B002B7FF47DAF0E4B1B681A68B2FA4B
:10B4900082F25209311B3868FEF786FEFFF74AFB3D
:10B4A00000287FF470AF4FF0E0234FF08052C3F8D4
:10B4B000042DBFF34F8FBFF36F8F64E7F4C219A061
:10B4C000ECC219A0F0C219A030B583B0FEF78EF817
:10B4D000114B1B681BB1FEF799F803B030BD0F4D3F
:10B4E0002846FEF7E7F90E4C2046FEF7E3F90D4B30
:10B4F0001D600D4B1C60002300930C4B0C4A102167
:10B500000520FEF7FFFA044B18600028E3D0094934
:10B51000FEF702FEDFE700BFECC219A00CC319A0C2
:10B52000F8C219A0F4C219A0F0C219A04CC219A007
:10B5300094C219A07432020010B588B0FFF7C4FF9E
:10B540000F4B1B68D3B100240594069407AA06A9E3
:10B5500005A8FFF765FE059B0293069B0193032355
:10B5600000932346079A07490748FEF7F7FF074B62
:10B570001860001B18BF012008B010BD0020FBE7B9
:10B58000ECC219A07C32020041B30100E8C219A04C
:10B590002DE9F0410746884616461D462820FEF74D
:10B5A000ABF80446A0B1002380F82430FFF78CFFED
:10B5B0002760C4F81880E561069B2362201DFEF712
:10B5C00084F92EB194F8243043F0040384F8243035
:10B5D0002046BDE8F0810000104B1B68CBB1D0B114
:10B5E00000B585B0009101920290052903DD00208D
:10B5F00005B05DF804FBFFF703FD02284FF00003E0
:10B600000CBF069A1A46694604480068FEF7D6FA47
:10B61000EEE7002070470020704700BFECC219A081
:10B6200010B50446FDF7E2FF94F8244004F001044D
:10B63000FDF7ECFF204610BD08B50120FEF762FBC8
:10B64000034B18600120FEF75DFB024B186008BD3C
:10B6500094C419A090C419A008B5044B4FF0FF3250
:10B660001A60FFF70DF9002008BD00BFAC00001004
:10B6700008B5FFF759F9002008BD08B5FFF75AFAD9
:10B68000002008BD30B585B004464FF0FF31174BA0
:10B690001868FEF749FC02AB009300231A4603A981
:10B6A000204601F09DF9054628B99DF80C30032B82
:10B6B00018BF032509D000231A4619460B48006815
:10B6C000FEF77CFA284605B030BD204601F036F979
:10B6D000054600231A46194604480068FEF76EFA2C
:10B6E000002DEFD10298FEF793FFEBE790C419A06D
:10B6F00070B584B004460E4E4FF0FF313068FEF74F
:10B7000013FC0025009503AB02AA2946204601F050
:10B7100067F92B462A4629463068FEF74FFA039907
:10B720002046029B98472046FFF7ACFFFEE700BF8C
:10B7300094C419A030B585B00D4630B9FEF7D0FFDE
:10B7400028700024204605B030BD02AB00930023D2
:10B750001A4603A901F044F904460028F2D19DF8E5
:10B760000C30032B01D00324ECE70298FEF7B8FF5E
:10B770002870E7E730B585B00C4628B9FEF7C0FF62
:10B780000025284605B030BD02AB009300231A46C1
:10B7900003A901F025F905460028F2D19DF80C30E7
:10B7A000032B01D00325ECE721460298FEF7A8FF02
:10B7B000E7E7000008B5054B1B681BB1FFF786FAE9
:10B7C000002008BDFDF72EFEFAE700BFAC00001018
:10B7D00010B584B028B9FFF7CFFA0024204604B092
:10B7E00010BD02AB009300231A4603A901F0F8F83C
:10B7F00004460028F2D19DF80C30032B01D003241D
:10B80000ECE70298FFF7B8FAE8E710B584B002ABAE
:10B81000009300231A4603A901F0E2F8044620B978
:10B820009DF80C30032B03D00324204604B010BD38
:10B830000298FEF7DDFFF8E770B584B004460023F8
:10B840000393036003A801F049F8054610B12846A8
:10B8500004B070BD039B2360032200210120FEF78A
:10B860006FF9064660B100231A461946FEF7A6F99D
:10B870000023009332460421039801F08BF8E6E799
:10B88000039801F05BF8002323600425DFE7F0B59F
:10B8900085B004460F46154600230393036003A8B2
:10B8A00001F01CF8064610B1304605B0F0BD039B10
:10B8B000236029463846FEF771F9024630B10097F9
:10B8C00001230421039801F065F8EDE7039801F0E6
:10B8D00035F80426E8E730B585B00446002100912C
:10B8E0000B4603AA01F07CF8054610B1284605B0C6
:10B8F00030BDFFF719F80398FEF74AFC204601F027
:10B900001DF8FFF717F9F1E710B584B00C460023D6
:10B91000009303AA02A901F063F820B99DF808304A
:10B92000042B02D0032004B010BD21460398FEF77B
:10B93000FBFAB0FA80F040094000F4E700B585B0AA
:10B940000023009303AA02A901F04AF89DF80830E9
:10B95000042B03D0032005B05DF804FB00231A4636
:10B9600019460398FEF72AF9B0FA80F04009C000A2
:10B97000F1E700B587B00023009305AA04A901F000
:10B9800057F89DF81030042B03D0032007B05DF862
:10B9900004FB03A90598FEF7FFF9B0FA80F040090F
:10B9A000C000F3E770B584B005460E46144603A800
:10B9B00000F094FF039B2360044610B1204604B0BE
:10B9C00070BD002231462846FEF7BAF8024630B173
:10B9D000002300930521039800F0DCFFEEE70398B5
:10B9E00000F0ACFF0424E9E730B585B0044600213F
:10B9F00000910B4603AA00F0F3FF054610B128465C
:10BA000005B030BD0398FEF7C3FB204600F096FF5B
:10BA1000F5E770B584B00C460023009303AA02A991
:10BA200000F0DEFF054630B926786EB99DF8083083
:10BA3000052B03D00325284604B070BD00210398D0
:10BA4000FEF76AFB3546F6E79DF80830052B01D076
:10BA50000325F0E721460398FEF75EFBEBE770B5A0
:10BA600084B00C4615460023009303AA02A900F0F7
:10BA7000B7FF064620B99DF80830052B03D00326F2
:10BA8000304604B070BD00232A4621460398FEF7D5
:10BA900095F80128F4D0002814BF0B260226EFE702
:10BAA00010B586B00C460023009305AA04A900F047
:10BAB000BFFF20B99DF81030052B02D0032006B03F
:10BAC00010BD002303AA21460598FEF726F9B0FA17
:10BAD00080F040094000F2E730B585B00C461546CD
:10BAE0000023009303AA02A900F07AFF20B99DF871
:10BAF0000830052B02D0032005B030BD01232A46B3
:10BB000021460398FEF75AF8B0FA80F04009400049
:10BB1000F2E730B585B00C4615460023009303AA22
:10BB200002A900F05DFF20B99DF80830052B02D076
:10BB3000032005B030BD2A4621460398FEF765F97B
:10BB4000B0FA80F040094000F3E710B586B00C462B
:10BB50000023009305AA04A900F06AFF20B99DF80C
:10BB60001030052B02D0032006B010BD03AA2146D9
:10BB70000598FEF788FAB0FA80F040094000F3E734
:10BB800030B585B00C460023009303AA02A900F04B
:10BB900027FF054620B99DF80830052B03D0032563
:10BBA000284605B030BD0398FEF7ACFA2060F7E7F1
:10BBB00008B5054B5B68C3F3080313B9FEF7BCFE79
:10BBC00008BDFEF7BFFEFBE700ED00E010B5044640
:10BBD000FEF7B2FE001B10BDF8B505460E4617462F
:10BBE000184B1B687BB14FF0FF31164B1868FFF7FD
:10BBF0008BFE154B1C6854B10E2C0ED9114B1868D6
:10BC0000FFF79CFEF8BD0F48FFF716FEEBE74FF479
:10BC1000B47200210D4803F03CFC04EB44020B4BD2
:10BC200003EBC20EF44628686968AA68EB68ACE8C2
:10BC30000F00CEF814708EF811600134024B1C60B6
:10BC4000DCE700BF24C319A020C319A028C319A092
:10BC50002DE9F04784B080460C4615461F469DF8F6
:10BC600030A00D9E002302934FF0FF31234B186844
:10BC7000FEF75AF94FF0FF31214B1868FEF754F9DF
:10BC800002A800F02BFE8146A0B100231A461946F7
:10BC90001B480068FDF792FF00231A461946174813
:10BCA0000068FDF78BFF0EB1029B3360484604B07D
:10BCB000BDE8F08705F10D0203AB0193CDF800A0BC
:10BCC000029B92B221460F48FEF771FC012807D073
:10BCD000029800F033FE002302934FF03809D4E7B6
:10BCE000039B00933B4642460321029800F052FE1C
:10BCF0002A4651462046FFF76FFFC6E790C419A0B9
:10BD000094C419A0F1B601002DE9F0410C461C497C
:10BD10000F68312F03D901242046BDE8F081164673
:10BD20001D461849002341F8373001EBC701486030
:10BD3000E06801F02FFBE26813490B6813440B60C5
:10BD40008046D8B1CC2103F0A4FBC8F80040A3681A
:10BD500040469847044668B90A4B43F837800DB10E
:10BD6000C5F800800EB1C6F80080054A136801339B
:10BD70001360D1E7404601F011FBCDE70424CBE787
:10BD80009CC419A0A0C419A098C419A02DE9F04121
:10BD900088460E4B1E68AEB1054600240C4F57F87E
:10BDA0003410284603F0C9FB28B10134B442F6D15F
:10BDB0000023092002E0074B53F83430C8F8003064
:10BDC000BDE8F08100230920F8E700BF9CC419A05A
:10BDD000A4C419A0A0C419A010B582B00C4600F0EC
:10BDE0002DFA08B102B010BD01A9206800F012FAC6
:10BDF000F8E700B583B001A900F00CFA03B05DF8D4
:10BE000004FB10B582B00C4601A900F003FA20B97A
:10BE1000019803681B692146984702B010BD10B510
:10BE200082B00C4600F00AFA034610B1184602B080
:10BE300010BD01A9206800F0EDF903460028F5D1F6
:10BE4000019803681B6998470346EFE700B583B084
:10BE500001A900F0DFF918B9019803685B699847F8
:10BE600003B05DF804FB00B583B001A900F0D2F97E
:10BE700018B901980368DB69984703B05DF804FBC3
:10BE800000B583B001A900F0C5F918B9019803689D
:10BE90009B69984703B05DF804FB10B582B00C466F
:10BEA00001A900F0B7F920B9019803685B6A21463F
:10BEB000984702B010BD00002DE9F0470646124C2D
:10BEC00001250020A046114F4FF0FF390FE04946F1
:10BED0005B7B98F8012002FB03F387FB03C21A4443
:10BEE000C2F3C712D04701350C34052D0AD02346C2
:10BEF000D4F814A0BAF1000FF5D0E8B2002EE6D1C4
:10BF00002169E5E7BDE8F08734C619A0818080800B
:10BF10002DE9F84F04460A46264B00EB400103EB9F
:10BF200081014A705F78D3F80480D0B100EB400102
:10BF3000204B03EB81039B68002B38D0B8F1000F36
:10BF400032D108461B4901EB8001496807FB02F228
:10BF50001948A0FB0202C2F3C71220469847BDE869
:10BF6000F88F1D460126DFF850904FF0FF3A0DE0A4
:10BF700051465B7B07FB03F389FB03C21A44C2F300
:10BF8000C712D84701360C35052E0BD02B46D5F8F5
:10BF900014B0BBF1000FF5D0F0B2B8F1000FE7D14B
:10BFA0002969E6E72046DAE74FF0FF31CEE70020C7
:10BFB000D5E700BF34C619A08180808038B504461B
:10BFC000134B597800EB400203EB82034FF0FF3232
:10BFD0005A60A8B100EB40020D4B03EB82039D6851
:10BFE0009DB10B4B03EB82035A7801FB02F2094B24
:10BFF000A3FB0232C2F3C7124FF0FF31A84738BD8E
:10C000001046FFF759FF2046F9E70020F7E700BF89
:10C0100034C619A08180808038B50446144B587806
:10C02000596804EB440203EB820300225A60C4B156
:10C0300004EB44020E4B03EB82039D68B5B10C4B3D
:10C0400003EB82035A7800FB02F20A4BA3FB023295
:10C05000003918BF0121C2F3C71249422046A84740
:10C0600038BD1046FFF728FF2046F9E70020F7E724
:10C0700034C619A081808080194B1B6823BB10B483
:10C08000184A4FF0000C64465FFA8CF31370B3FA51
:10C0900083F35B09DB01537054600CF1010C0C322B
:10C0A000BCF1050FF0D10E4B4FF0FF321A60431E6A
:10C0B000DBB2032B05D800EB40000A4B03EB8003F7
:10C0C0009960002010BC7047431EDBB2032B05D8DB
:10C0D00000EB4000034B03EB8003996000207047A6
:10C0E00030C619A034C619A000B583B0EDF7A2F888
:10C0F00000F060FF01F0CAFDEDF7A0F8074B0193D7
:10C100000323009300234FF4807205490548FFF78D
:10C110009FFDFFF7A1FA03B05DF804FB70C619A0FC
:10C1200084320200618E000008B5EDF771F8EDF77A
:10C130005BF8EDF77DF8EDF739F8EDF73FF8EDF73F
:10C1400078F808BD2DE9F04385B080460C4691464D
:10C150001F4603A800F0C2FB054618B1284605B0EB
:10C16000BDE8F083E06801F015F90646F8B1E26831
:10C17000CC2103F08EF9144AE36811680B44136074
:10C180003460A368304698470546A8B9CDF80080CA
:10C19000234632460621039800F0FCFB07B13E60BF
:10C1A000B9F1000FDAD0039BC9F80030D6E7039845
:10C1B00000F0C4FB0425D1E7304601F0EFF8039806
:10C1C00000F0BCFBCAE700BF74C619A0F0B587B089
:10C1D00007464FF0FF33059305AE03AD06240CE090
:10C1E00004AB009300231A461946039800F0F8FBAD
:10C1F0003946049803F0A1F948B132462946204651
:10C2000000F036FC0028EBD0002007B0F0BD4FF066
:10C21000FF30FAE710B584B00C4600230393009377
:10C220000A4603A900F0DCFB9DF80C30062B1DBF6D
:10C23000002323600320002004B010BD2DE9F0434B
:10C2400085B080460D464FF0FF33039300230B600B
:10C2500003AF06260DF108090CE0CDF8009000238D
:10C260001A461946286800F0BBFB4146029803F0C5
:10C2700064F940B13A462946304600F0F9FB0446DD
:10C280000028EAD00924204605B0BDE8F08310B5A7
:10C2900082B00C46FFF7D2FF08B102B010BD01A971
:10C2A0002068FFF7B7FFF8E7F0B583B00E461546F4
:10C2B0001C4601A9FFF7AEFF30B9019803685F691A
:10C2C000234632462946B84703B0F0BDF0B583B0E7
:10C2D0000E4615461C4601A9FFF79CFF30B9019890
:10C2E00003689F69234632462946B84703B0F0BD2C
:10C2F00008B5074B1B6833B14FF0FF31044B18688A
:10C30000FFF702FB08BD0248FFF796FAF4E700BF0B
:10C310007CC619A008B5024B1868FFF70FFB08BDD3
:10C320007CC619A00020034B1860034B1860034B18
:10C330001860704780C619A07CC619A078C619A0DD
:10C3400070B506460C460C2001F020F8F0B1054609
:10C35000204603F018F9013001F018F8A86080B108
:10C36000214603F0C9F8291D3046FFF753FF084C5A
:10C3700023682B60FFF7BCFF2560FFF7CBFF002091
:10C3800070BD284601F00AF80420F9E70420F7E719
:10C3900080C619A02DE9F04383B080460C461746AD
:10C3A000FFF7A6FF164B1D6835B36E683368D3F8E8
:10C3B000109001AB224641463046C847044628B19A
:10C3C000FFF7A8FF204603B0BDE8F0830C2000F083
:10C3D000DDFF40B1019A426085600A4A1168016040
:10C3E00010603860ECE733685B69396868689847C3
:10C3F000FFF790FF0424E5E7FFF78CFF0A24E1E74D
:10C4000080C619A078C619A070B50546FFF770FF61
:10C41000AB68586803685B696968984706460F4BC4
:10C420001B68CBB1002200E023469D420AD01C6865
:10C430001A46002CF8D1FFF76DFF204600F0AEFF42
:10C44000304670BD1AB1196811601C46F3E71968CF
:10C45000024A11601C46EEE71C46ECE778C619A0BC
:10C46000F0B583B004460D4616461F46FFF740FF61
:10C47000A3685868036800979F6933462A46616835
:10C48000B8470446FFF746FF204603B0F0BD2DE94C
:10C49000F04184B005460E4617461C46FFF728FFBC
:10C4A000AB6858680368D3F81C80696854B100947D
:10C4B0003B463246C0470446FFF72CFF204604B0F7
:10C4C000BDE8F08103ACF2E738B504460D46FFF74E
:10C4D0000FFFA368586803681B6B2A46616898477A
:10C4E0000446FFF717FF204638BD38B504460D4611
:10C4F000FFF7FEFEA368586803689B6B2A466168D5
:10C5000098470446FFF706FF204638BD38B5044675
:10C510000D46FFF7EDFEA368586803685B6B2A467B
:10C52000616898470446FFF7F5FE204638BD0000D5
:10C5300038B504460D46FFF7DBFE094B1B6853B1C7
:10C54000586803689B6C2A46214698470446FFF7C3
:10C55000E1FE204638BDFFF7DDFE0A24F9E700BF03
:10C5600080C619A038B504460D46FFF7C1FE094B39
:10C570001B6853B158680368DB6C2A4621789847DA
:10C580000446FFF7C7FE204638BDFFF7C3FE0A2466
:10C59000F9E700BF80C619A038B504460D46FFF77D
:10C5A000A7FEA368586803685B6D2A4661689847D0
:10C5B0000446FFF7AFFE204638BD10B582B00C46EA
:10C5C000FFF73CFE034610B1184602B010BD01A9AA
:10C5D0002068FFF71FFE03460028F5D10198036885
:10C5E0001B6998470346EFE700B583B001A9FFF741
:10C5F00011FE18B9019803685B69984703B05DF8AC
:10C6000004FBF0B583B00E4615461C4601A9FFF7A2
:10C6100001FE30B9019803689F6923462A463146D6
:10C62000B84703B0F0BDF0B583B00E4615461C46C2
:10C6300001A9FFF7EFFD30B901980368DF692346D0
:10C640002A463146B84703B0F0BD30B583B00C463A
:10C65000154601A9FFF7DEFD28B9019803681B6A9A
:10C660002A462146984703B030BD30B583B00C460A
:10C67000154601A9FFF7CEFD28B9019803689B6A0A
:10C680002A462146984703B030BD10B582B00C460B
:10C6900001A9FFF7BFFD20B901980368DB6A2146B5
:10C6A000984702B010BD0000044B03F1A001002226
:10C6B00043F8042F8B42FBD1704700BF80C619A0FE
:10C6C000FF280BD010B50446272803D8044B53F895
:10C6D000240010BD0348F7F72DFDF7E70020704751
:10C6E00084C619A08C32020010B50446272805D84C
:10C6F000064B53F824402CB1204610BD0448F7F7F0
:10C7000019FDF5E70348F7F715FDF5E784C619A00D
:10C710008C320200A032020008B5074B53F82030DB
:10C7200023B9054B43F82010002008BD0348F7F754
:10C7300001FD0A20F9E700BF84C619A0C03202003B
:10C7400010B50446000AFFF7CFFFE4B203685B6A46
:10C750000121A140984710BD10B50446000AFFF71B
:10C76000C3FFE4B203689B6A0121A140984710BD52
:10C7700010B50446000AFFF7B7FFE4B20368DB69AF
:10C780000121A140984710BD10B50446000AFFF7EB
:10C79000ABFFE4B203681B6A0121A140984710BDBA
:10C7A00038B504460D46000AFFF79EFF03685B6B31
:10C7B0002A46E1B2984738BD38B504460D46000A0E
:10C7C000FFF792FF0368DB6B2A462146984738BD86
:10C7D00010B50446000AFFF787FF03685B6C21462B
:10C7E000984710BDF8B504460D461646000AFFF7F7
:10C7F0007BFF03689F6B33462A462146B847F8BD46
:10C80000F8B504460D461646000AFFF76DFF0368AB
:10C810009F6C33462A46E1B2B847F8BD10B582B0E6
:10C820000446000AFFF760FF00230193E4B20368A7
:10C83000DB6A01AA0121A14098470198003818BF7E
:10C840000120404202B010BD10B50446000AFFF7B7
:10C850004BFF4FF6FF739C4205D0E4B20368DB6CDC
:10C860000121A140984710BD10B50446000AFFF70A
:10C8700027FF4FF6FF739C4206D0E4B203689B6D1E
:10C880000121A140984710BD4FF0FF30FBE70000A9
:10C8900010B50F4C4FF416620021204602F0F9FD4E
:10C8A000012323600B4A13600B4B95221A60234629
:10C8B00004F515624FF0AA344FF0BB304FF0CC3185
:10C8C0005C619861D96110339342F9D110BD00BF0A
:10C8D0002CC719A028C719A024C719A038B5054628
:10C8E000FCF784FE124B1C68F4B1124B1B68124912
:10C8F0000133962B28BF01231A018A58002AF7D149
:10C900000C4A13602B60013C094A146019010A4A61
:10C9100002EB03130220505000245C609C60DC603A
:10C92000FCF774FE204638BDFCF770FE0120FAE7E4
:10C9300024C719A028C719A02CC719A038B5431EB1
:10C94000942B21D80446FCF751FE23010F4AD35CF7
:10C95000B3B10E4B220103EB041400259D504FF0A0
:10C96000AA3363604FF0BB33A3604FF0CC33E36076
:10C97000074A136801331360FCF748FE284638BDA8
:10C98000FCF744FE0320FAE70320F8E72CC719A0C0
:10C9900024C719A02DE9F843441E942C1CD80F4637
:10C9A00090461E464FEA00190C4D05EB0014FCF7AB
:10C9B0001DFE15F809305BB145F80970C4F8048014
:10C9C000A660089BE360FCF721FE0020BDE8F88329
:10C9D000FCF71CFE0320F9E70320F7E72CC719A09A
:10C9E0002DE9F8461D46431E942B1DD80E461746CA
:10C9F0004FEA001ADFF8349009EB0014FCF7F6FD5B
:10CA000016B159F80A3033600FB163683B600DB15D
:10CA1000A3682B60089B13B1E368089A1360FCF7C6
:10CA2000F5FD0020BDE8F8860320FBE72CC719A020
:10CA300030B4029C451E942D14D84FEA001C0B4DB7
:10CA400005EB001011B155F80C500D600AB14168AA
:10CA500011600BB182681A6034B1C3682360002092
:10CA600030BC70470320FBE70020F9E72CC719A072
:10CA700010B41368084C0133952B08D84FEA031CF7
:10CA800014F80CC08445F6D10B60002000E00920AA
:10CA9000136010BC704700BF2CC719A010B582B03E
:10CAA0000C46FFF7CBFB08B102B010BD01A920680E
:10CAB000FFF7B0FBF8E700B583B001A9FFF7AAFBC9
:10CAC00003B05DF804FB10B582B00C4601A9FFF776
:10CAD000A1FB20B9019803681B692146984702B061
:10CAE00010BD70B58AB00E4614461D4609A9FFF761
:10CAF00091FBA0B98DF8046005959DF838308DF84C
:10CB000018300F9B0793ADF80640002302938DF871
:10CB10000C300493099803681B6901A998470AB06F
:10CB200070BD70B58AB00E4614461D4609A9FFF7C0
:10CB300071FBA0B98DF8046002959DF838308DF82E
:10CB40000C300F9B0493ADF80640002305938DF83D
:10CB500018300793099803681B6901A998470AB020
:10CB600070BD38B50D46D0F804413CB12946606827
:10CB700002F0E3FC10B12468002CF7D1204638BD48
:10CB800038B50C4651B115468C683CB129466068F1
:10CB900002F0D3FC10B12468002CF7D1204638BD38
:10CBA000F8B504460E46FFF7DCFF054608B12846F7
:10CBB000F8BD102000F0EAFB05460028F7D0D4F8B5
:10CBC0000431ABB1D4F808311860C4F8080100276B
:10CBD000EF60AF60304602F0D6FC013000F0D6FBCB
:10CBE000044668602F6040B1314602F085FCDEE704
:10CBF000C4F80801C4F80401E9E7284600F0CEFBB8
:10CC00002546D4E770B50C461646FFF7B9FF054632
:10CC100008B1284670BD0C2000F0B8FB054600287E
:10CC2000F7D0E3688BB11860E060304602F0ABFCEF
:10CC3000013000F0ABFB044668600023AB602B6062
:10CC400030B1314602F058FCE3E7E060A060ECE769
:10CC5000284600F0A3FB2546DBE700002DE9F04F56
:10CC6000C7B003908B4600220492019213461746E8
:10CC7000904604AD4FF0800A0DF1140993E0C5F819
:10CC800000A02B46524649465846FFF7E9FB2B6861
:10CC9000002B00F0A780002840F0A580002386E04C
:10CCA0005B2C7FD101274FF000087BE05D2C0AD080
:10CCB000B8F17F0F76DC08F58C736B4403F8844C75
:10CCC00008F101086EE008F58C730DEB03080023F2
:10CCD00008F8843C25A90398FFF762FF002800F0BC
:10CCE000858002274FF000085CE05B2C76D0204660
:10CCF00002F0C9F9002855D18DF8944003274FF070
:10CD000001084FE0204602F0BEF90290002849D108
:10CD10003D2C0AD0B8F17F0F44DC08F58C736B44CE
:10CD200003F8844C08F101083CE008F58C730DEB26
:10CD30000308002308F8843C25AA039BD3F80811B4
:10CD40001846FFF75FFF0190002851D0DDF80880FA
:10CD5000042727E0204602F096F9C8B10A2C21D119
:10CD6000002208F58C736B4403F8842C019B9868AF
:10CD700008B100F013FB08F1010000F007FB019B74
:10CD8000986025A902F0B8FB02274FF0000809E0DF
:10CD90000A2CE5D008F58C736B4403F8844C08F139
:10CDA0000108052733462A689A427FF668AF5E1C61
:10CDB00019F803400D2CF5D0052FF3D801A353F833
:10CDC00027F000BFA1CC0100ADCC0100EBCC0100ED
:10CDD00005CD010055CD010091CD010001274FF097
:10CDE0000008DFE7002047B0BDE8F08F0420FAE735
:10CDF0000420F8E770B582B005460C4600230B60AE
:10CE000002F0C1FB802829D84FF4867000F0BEFAEA
:10CE1000064638B34FF48672002102F03AFB8022B6
:10CE20002946304602F04FFA01AA01212846FFF7B1
:10CE3000B1FA054628B109280DD0304600F0AEFA07
:10CE40000DE001993046FFF709FF05460198FFF70D
:10CE5000DBFA002DF1D12660002500E00E252846E2
:10CE600002B070BD0425FAE738B3F8B50746D0F82C
:10CE70000461F6B9384600F091FA0020F8BD284662
:10CE800000F08CFA5CB125462468686808B100F0AF
:10CE900085FAA8680028F2D000F080FAEFE734683D
:10CEA000706800F07BFA304600F078FA002CE1D090
:10CEB0002646B468002CE6D1F1E70320704770B134
:10CEC00038B50C460546084602F05DFB802808D8B8
:10CED000214605F1810002F00FFB002038BD032040
:10CEE00070470E20FAE700001A6030B370B50D46A7
:10CEF0001C46064690F881300BB92B2070BD00F11E
:10CF00008101FFF72EFE01462A463046FFF738FE24
:10CF1000A8B180680378242B09D0302B02D1437844
:10CF2000782B04D002F06EFA20600020E6E722465B
:10CF3000044902F0A6F90020E0E703207047002032
:10CF4000DCE700BFF02C0200F8B516461C4658B3CB
:10CF50000F46054690F8813003B300F18101FFF7D9
:10CF600000FE01463A462846FFF70AFE80B1866871
:10CF7000304602F008FB069B984228BF184605463B
:10CF800002463146204602F05BFA00206055F8BDAB
:10CF90003146204602F0B0FA0020F8E7114620465C
:10CFA00002F0AAFA2B20F2E71146184602F0A4FA82
:10CFB0000320ECE708B500F0F5F9FFF769FCFFF78F
:10CFC00073FBFEF739FB002008BD10B582B00C469C
:10CFD000FFF734F9034610B1184602B010BD01A99D
:10CFE0002068FFF717F903460028F5D10198036878
:10CFF0001B6998470346EFE700B583B001A9FFF727
:10D0000009F918B9019803685B69984703B05DF89E
:10D0100004FB30B583B00C46154601A9FFF7FAF8BA
:10D0200028B9019803681B6A2A462146984703B02D
:10D0300030BD10B582B00C4601A9FFF7EBF820B95E
:10D04000019803685B6A2146984702B010BD00B59D
:10D0500083B001A9FFF7DEF818B9019803689B6A4D
:10D06000984703B05DF804FB00B583B001A9FFF752
:10D07000D1F818B901980368DB6A984703B05DF8E6
:10D0800004FB10B582B00C4601A9FFF7C3F820B924
:10D09000019803681B6B2146984702B010BD30B55C
:10D0A00083B00C46154601A9FFF7B4F828B90198DA
:10D0B00003685B6B2A462146984703B030BD0000E9
:10D0C0002DE9F04782B06A4B4FF0FF321A6000241E
:10D0D000684B1C60684B1C70684B1C60A046684F16
:10D0E000654D1E461FE02B78072B00F2B180DFE86C
:10D0F00003F01F34405D69829F13624B1B680BB3C2
:10D10000FEF756FD044600235A4A13605C4A13603A
:10D11000594A1378013313703220FEF74BFB336802
:10D12000002B40F099803B68002BDCD000232B7053
:10D13000504B1B68002BE0D0534B5B6A002BDCD0BC
:10D140009847DAE7514B1968514B1868FFF799FF78
:10D150004C4B4FF0FF321A60D2E7FEF729FD001B5F
:10D16000494B5B689842D7D9434A1378013313700F
:10D17000D2E7DFF818A1DFF8189101AA5146D9F8D3
:10D180000000FFF78CFFDAF800104908D9F800001A
:10D19000FFF777FF3B4B00221A60364B4FF0FF3210
:10D1A0001A60354A137801331370B5E7FEF700FDB6
:10D1B000001B354B9B689842AED92F4A1378013338
:10D1C0001370A9E7304B9B6903B198472E4BDB697D
:10D1D00003B19847FEF7ECFC80462C4B19682C4BAA
:10D1E0001868FFF74EFF274B00221A60224A137877
:10D1F0000133137090E7FEF7DBFCA0EB0800224B35
:10D200001B6898420BD8FEF7D3FC001B1E4BDB6853
:10D21000984281D9184A1378013313707CE7FEF7DE
:10D22000C7FC8046184BDB69002BECD09847EAE737
:10D230000021174B1868FFF724FF124B00221A60D9
:10D24000114B1B6A98470C4A13780133137063E73C
:10D25000094B00221A705FE7074B09221A7000235E
:10D26000034A13600B4A136002B0BDE8F08700BFA9
:10D2700094D019A098D019A0D0D019A090D019A0FE
:10D28000A0D019A0B0000010A4D019A08CD019A073
:10D29000CCD019A09CD019A010B582B00C4601A921
:10D2A000FEF7B8FF20B901980368DB6B2146984769
:10D2B00002B010BD164B1B680BB12920704730B56A
:10D2C00085B00446134B1860134DAE468C46BCE83F
:10D2D0000F00AEE80F00BCE80F00AEE80F009CE8BE
:10D2E00003008EE8030032232B616B6103AA0B4914
:10D2F0002046FFF7D4FE0A4B01930423009300233A
:10D30000E02208490848FEF7A3FC05B030BD00BF85
:10D3100094D019A0CCD019A0A4D019A08CD019A059
:10D320009CD019A0D4320200C1D0010038B50C4BFA
:10D330001B6893B10B4B4FF0FF321A600A4B1B78FE
:10D34000092B07D00125084C2846FEF733FA23782D
:10D35000092BF9D1054B00221A60002038BD00BF0F
:10D3600094D019A090D019A0D0D019A098D019A00D
:10D37000024B4FF0FF321A60704700BFA0D019A0D7
:10D38000014B1868704700BF98D019A008B5FCF78A
:10D39000B3F908BD08B5FCF7AFF908BD08B5FCF74F
:10D3A00035FA08BD704710B582B00C46FEF746FF4F
:10D3B000034610B1184602B010BD01A92068FEF75F
:10D3C00029FF03460028F5D1019803681B69984797
:10D3D0000346EFE7F0B585B00F4616461D4603A994
:10D3E000FEF718FF40B9039803680A9A00921C6A76
:10D3F0002B4632463946A04705B0F0BDF0B585B0A2
:10D400000F4616461D4603A9FEF704FF40B90398D0
:10D4100003680A9A0092DC692B4632463946A047D7
:10D4200005B0F0BD00B583B001A9FEF7F3FE18B951
:10D43000019803685B6A984703B05DF804FB10B578
:10D4400082B00C46FEF7FAFE08B102B010BD01A989
:10D450002068FEF7DFFEF8E700B583B001A9FEF70C
:10D46000D9FE03B05DF804FB10B582B00C4601A9EB
:10D47000FEF7D0FE20B9019803681B692146984742
:10D4800002B010BD08B506490648FEF7D7FE00B148
:10D4900008BD0549024B1868FEF7BCFEF8E700BF5F
:10D4A000D8D019A080210200D4D019A010B504460C
:10D4B000074B1B6833B1064B186803681B6921468C
:10D4C000984710BDFFF7DEFF0028F4D0F9E700BF52
:10D4D000D4D019A010B50446074B1B6833B1064BD6
:10D4E000186803685B692146984710BDFFF7CAFFBB
:10D4F0000028F4D0F9E700BFD4D019A010B582B04D
:10D500000C46FEF79BFE034610B1184602B010BD54
:10D5100001A92068FEF77EFE03460028F5D1019898
:10D5200003681B6998470346EFE730B583B00C46A4
:10D53000154601A9FEF76EFE034630B9019803684F
:10D540009B6921469847034610B1184603B030BD89
:10D550002846FEF72FF9019803689B690021984738
:10D560000346F2E710B582B00C4601A9FEF752FE61
:10D5700020B9019803689B692146984702B010BD05
:10D5800008B54FF0FF31024B1868FEF7BDF908BD32
:10D59000E4D019A008B5024B1868FEF7CFF908BD12
:10D5A000E4D019A010B504460A4B186828B14368A6
:10D5B000A3420DD000680028F9D10C20FFF7E6FE49
:10D5C00030B1044B1A680260446000228260186027
:10D5D00010BD00BFE8D019A010B582B00C4601A95B
:10D5E000FEF718FE20B9019803689B692146984709
:10D5F00002B010BD2DE9F04F89B06420FEF7DAF8D3
:10D60000DFF89CB0DFF89CA042E0FFF7B1FEFFF727
:10D61000B7FE20B14FF0FF33CAF8003002E0DAF86D
:10D620000030B3B1049B13F0010F0ED0246854B343
:10D6300031466068FFF7D0FF0028F7D1049B13F054
:10D64000010FE2D1DAF800301BB10023CAF8003034
:10D65000ECE7A568002DE9D04FF00209E846002765
:10D66000049B03F00103CDF80090059A0192069AFD
:10D67000029203933A4641466868FEF7F0F92D6836
:10D68000002DEDD1D2E7FFF785FF0A20FEF792F8D3
:10D69000FFF776FFDBF80040002CF4D004AEC7E7BC
:10D6A000E8D019A0DCD019A000B583B001A9FEF71D
:10D6B000B1FD18B901980368DB69984703B05DF8BC
:10D6C00004FB00B583B001A9FEF7A4FD18B90198C9
:10D6D00003685B6A984703B05DF804FB30B583B01C
:10D6E0000C46154601A9FEF795FD28B90198036877
:10D6F0001B6A2A462146984703B030BD38B5044618
:10D700000D46FFF73DFF2046FFF74CFF60B1044692
:10D710000820FFF73BFE58B14560A2680260A06098
:10D72000FFF738FF002038BDFFF734FF0420FAE789
:10D73000FFF730FF0420F6E770B584B005460C46CD
:10D7400016461C4B1B6843B121462846FEF776FD62
:10D750000546C8B1284604B070BD174B00221A60B8
:10D760001648FEF769F818B9124B4FF0FF321A60ED
:10D77000134B01930423009300234FF4807211494B
:10D780001148FEF765FADFE703A92068FEF742FDBE
:10D7900005460028DED1039803681B6998470546B3
:10D7A0000028D7D1002ED5D031682068FFF7A6FF1A
:10D7B000D0E700BFECD019A0E8D019A0E4D019A0A0
:10D7C000E0D019A0E0320200F5D5010038B50546D9
:10D7D0000C46FFF7D5FE2846FFF7E4FE01468068B9
:10D7E00098B1002200E018464368A34207D00368BE
:10D7F0000246002BF7D108E003688B6003E0002AA3
:10D80000FAD003681360FFF7C9FDFFF7C3FE0020DD
:10D8100038BD30B583B004460D4601A9FEF7FAFCC9
:10D8200008B103B030BD29462046FFF7CFFF01986D
:10D8300003685B699847F4E710B582B00C46FEF7C1
:10D84000FDFC08B102B010BD01A92068FEF7E2FCA2
:10D85000F8E710B582B00C4601A9FEF7DBFC20B951
:10D86000019803681B692146984702B010BD00B5B6
:10D8700083B001A9FEF7CEFC18B9019803689B6933
:10D88000984703B05DF804FB00B583B001A9FEF72B
:10D89000C1FC18B9019803685B6A984703B05DF84A
:10D8A00004FB00B583B001A9FEF7B4FC18B90198D8
:10D8B0000368DB6A984703B05DF804FB70B5042A7F
:10D8C0000ED0002A3BD02C4B1C68601CA30004F136
:10D8D000020C013A92B29444284C294E294D25E07D
:10D8E000264B1B6893B1244B1A68264B1B6803EB2D
:10D8F00082031A680A605A684A609A688A60DB681C
:10D90000CB601D4A13680433136018E01A4B1A6881
:10D910001B4B1B6803EB8203EBE73268D2580A60AB
:10D92000421C04330431624507D010462268002AA5
:10D93000F3D02A68D2580A60F2E70F4B18600E4BFA
:10D940001B68FF2B12D90C4B00221A600B4B1B6873
:10D950006BB10D4A4FF0FF311160B3FA83F35B09ED
:10D96000064A1360094B1868FEF703F870BD084AB1
:10D970004FF0FF311160F0E754D119A0B80000104A
:10D9800058D119A05CD119A04CD119A0F0D019A080
:10D99000B400001008B50B464FF4806201460248FF
:10D9A0000068FEF75DFD08BD64D119A070B582B0B6
:10D9B000194A0121FEF7EEFC044610B1204602B0E0
:10D9C00070BD4FF0FF35154B1D60154E33462C22B0
:10D9D000144911480068FEF743FD3146124B1868A0
:10D9E000FFF7D8FF1149124B1868FFF7D3FF002348
:10D9F000104A1360104A1360104A1360104A1560F1
:10DA0000104A0192032200924FF480520E490F48AF
:10DA1000FEF71EF9D2E700BF64D119A0F8D019A013
:10DA200060D119A000D119A05CD119A0BC000010D0
:10DA300058D119A04CD119A0B400001054D119A08C
:10DA4000B800001044D119A0E83202008DDA0100BC
:10DA500010B5094B186803689B6998470024074B69
:10DA60001C60074B1868FEF7CFFC064B1C60064B8A
:10DA70001868FDF707FE10BD38D119A0FCD019A019
:10DA800064D119A0F8D019A044D119A0F8B5184B49
:10DA9000186803685B699847164B4FF0FF321A60AD
:10DAA000154C164E164F174D09E02146164B1868B7
:10DAB000FFF770FF00232B60144B1B6863B92368CA
:10DAC0009BB133688BB14FF0FF313868FDF71CFF15
:10DAD0002B68002BF0D0E8E708490D4B1868FFF7DA
:10DAE00059FF0A4B00221A60E9E7FFF7B1FFF8BDC2
:10DAF00038D119A0FCD019A060D119A0BC00001029
:10DB0000F0D019A04CD119A05CD119A0B40000101C
:10DB100058D119A008B5194B186803681B69002172
:10DB2000984728B1154B186803681B69002198476E
:10DB3000134B1B68CBB9134B1868FFF72FFC124B24
:10DB40001868FFF72BFC114B1868FEF77FF90123CB
:10DB50000F4A13600F4A13600F4B4FF0FF321A60E9
:10DB60000E4B1868FDF7B7FE08BD3021074B18684B
:10DB7000FEF793F9024B00221A60DCE740D119A0AE
:10DB8000F4D019A05CD119A058D119A048D119A07E
:10DB900060D119A0BC000010B8000010F0D019A08E
:10DBA00038B5044624492548FEF739F9002839D00C
:10DBB000234B1C70234C21462348FEF73FFB234D8B
:10DBC00029462068FEF726FB0446286803681B697F
:10DBD0000121984724B1286803681B6901219847EF
:10DBE0004FF48060FFF7D2FB194B18604FF4806050
:10DBF000FFF7CCFB174B1860174D29461748FEF767
:10DC00001DFB174C21462868FEF704FB20680368BB
:10DC10001B69144998471448FDF70EFE134B002268
:10DC20001A6038BD2146044B1868FEF736F9104BD0
:10DC30004FF0FF321A60BBE748D119A074250200EB
:10DC400050D119A03CD119A0F032020040D119A046
:10DC50005CD119A058D119A034D119A0FC3202000E
:10DC600038D119A0BDD80100F0D019A0FCD019A05E
:10DC7000F4D019A0014B1868704700BFFCD019A060
:10DC800008B50A242046EBF7DBFAFBE7024BD3F892
:10DC9000C420024B1A60704700C00F4068D119A021
:10DCA0009D22002808BF704744BF404242F4807262
:10DCB000B0FA80F18840521A41064FEA102008BF9E
:10DCC00010F0010F00EBC25088BF013070470042D6
:10DCD00004BF0146704710F000424FEA125242F46E
:10DCE000806242F01D0200D54042B0FA80F18840C7
:10DCF000521AC30A400503EB02517047002808BFBF
:10DD000070474FF09D02FFF7D3BF004204BF0146AA
:10DD100070474FF4806242F01D02B0FA80F18840F3
:10DD2000521AC30A400503EB0251704750EA01033F
:10DD300008BF704711F000424FEAD25242F0BD02D4
:10DD400040F104800023404263EB0101002902BF3F
:10DD500001460020203AB1F5803F3FBF103A090448
:10DD600041EA10410004B1F1807F3FBF083A090247
:10DD700041EA10610002B1F1805F3FBF043A09013E
:10DD800041EA1071000111F0404F01BF023A8900D1
:10DD900041EA9071800009425EBF490041EAD071BA
:10DDA000013A002818BF41F0010148064FEA11214D
:10DDB00008BF11F0010F01EBC25088BF013070475E
:10DDC00050EA010308BF70474FF0BD02FFF7BEBF26
:10DDD00041000DD2090E7F390AD4D1F11F0104D4BC
:10DDE000000240F00040C84070476FF000007047EC
:10DDF000002070474A000ED2520DA2F54072FF3A41
:10DE000009D4D2F11F0208D4C90241EA505040F0AF
:10DE10000040D0407047002070476FF0000070470E
:10DE2000C0F3C751094208BF00F0004042004FEA6A
:10DE300040704FEA121118BF01F1605128BF81F004
:10DE400000414FF08073D34238BF704701F16051F9
:10DE500018BF41F4002170474FF4001313EB410F3A
:10DE600024D24FEA4102B2F1E04324BFB3F5001CD3
:10DE7000DCF1FE5C0DD901F000414FEAC00241EA3D
:10DE80005070B2F1004F40EB830008BF20F001005A
:10DE9000704711F0804F04BF01F00040704701F05F
:10DEA000004040F0FE4040F40000704701D10042C5
:10DEB000F5D049004FEAC10141EA10704FEA300045
:10DEC00040F48000704780F0004081F0004181F014
:10DED00000414FF07F4C90EA010F3DD4431A3CBF04
:10DEE000C01AC918BCEB400F7FD91CEA400F30D0D4
:10DEF000C20DB2EBD153182BC8BF7047000240F0DF
:10DF000000401CEB410F4FEA41214FEA310138BF7D
:10DF100001F00041C3F1200C01FA0CFCD94040187B
:10DF200032BF013A5FEA300040F001005CEA406C29
:10DF300004BF10F4807F20F08000000A40EBC25044
:10DF40004FF0807111EB400F38BF7047C00DC00516
:10DF5000704700F00040704781F00041431A3EBF17
:10DF600083F00043C01AC918BCEB400F3AD9C20D68
:10DF7000A2EBD1531CEB400F4FEA40204FEA300098
:10DF800038BF00F000401CEB410F4FEA41214FEA3F
:10DF9000310138BF01F00041C3F1200C11FA0CFC33
:10DFA00021FA03F118BF41F00101401A08BF704780
:10DFB0004FEA1223D2B2B0FA80F18840521AC1B2AD
:10DFC000000A20F4000040EAC25040EAC3708029F1
:10DFD00040F1000008BF20F00100002AC8BF7047D0
:10DFE000D8077047BCEB410F03D0BCEB400F08BF14
:10DFF00070474FF0FE4040F4400070474FF0FF0C78
:10E000001CEAD0521EBF1CEAD153FF2AFF2B2AD094
:10E0100090EA010F4FF0004C4CEA01214CEA00203D
:10E02000A0FB01C11A444CBF4FF000430023B1F1E3
:10E03000004F62F17F0238BF49004CEA416CFE2A72
:10E0400009D253EA11204CEAC07C28BFBCF101037D
:10E0500040EBC2507047124244BF18467047FF2041
:10E0600043EAC050704710EACC5F08BF00F00040A0
:10E0700011EACC5F08BF01F000410CEAD153FF2A3E
:10E0800018BFFF2B03D0484000F000407047002825
:10E090001EBFB0F1004F0029B1F1004F12D0FF2A8E
:10E0A00002D15FEA402C0DD1FF2B02D15FEA412C57
:10E0B00008D180EA010000F0004040F0FE4040F44A
:10E0C000000070474FF0FE4040F440007047FF23CF
:10E0D00013EAD0521EBF13EAD15392F0FF0F93F010
:10E0E000FF0F00F0B580D21A02F17F0281EA000C26
:10E0F0000CF0004C4FF0004343EA002043EA0121BA
:10E100004FEADC5C4FEA50034FEA51015B1A3CBF17
:10E11000013A01EB4303D1EB430338BFCB184CEB7F
:10E120000C0CD1EB430338BFCB184CEB0C0CD1EBF0
:10E13000430338BFCB184CEB0C0CD1EB430338BF77
:10E14000CB184CEB0C0CD1EB430338BFCB184CEB8A
:10E150000C0CD1EB430338BFCB184CEB0C0CD1EBC0
:10E16000430338BFCB184CEB0C0CD1EB430338BF47
:10E17000CB184CEB0C0CD1EB430338BFCB184CEB5A
:10E180000C0CD1EB430338BFCB184CEB0C0CD1EB90
:10E19000430338BFCB184CEB0C0CD1EB430338BF17
:10E1A000CB184CEB0C0CD1EB430338BFCB184CEB2A
:10E1B0000C0CD1EB430338BFCB184CEB0C0CD1EB60
:10E1C000430338BFCB184CEB0C0CD1EB430338BFE7
:10E1D000CB184CEB0C0CD1EB430338BFCB184CEBFA
:10E1E0000C0CD1EB430338BFCB184CEB0C0CD1EB30
:10E1F000430338BFCB184CEB0C0CD1EB430338BFB7
:10E20000CB184CEB0C0CD1EB430338BFCB184CEBC9
:10E210000C0CD1EB430338BFCB184CEB0C0CD1EBFF
:10E22000430338BFCB184CEB0C0CC91A8B425CEB88
:10E23000C250002A09DDFF2A38BF70474FF07F40E7
:10E240000CF0004C4CEA500070470CF00040704756
:10E2500003EAD15393F0FF0F08D192F0FF0F1BD0C8
:10E260005FEA412C14D04FF440001DE092F0FF0F04
:10E2700005D14FF07F43B3EB400F10D00CD193F09A
:10E28000000F08BF92F0000F06D093F0000F06D0E9
:10E29000484000F0004070474FF4400004E0484020
:10E2A00000F0004040F4000040F0FE40704750EAAB
:10E2B0000102520007D0884203D1400010F1807F54
:10E2C00001D9002070470120704742004B0012F135
:10E2D000807F94BF13F1807F0CE050EA010252006E
:10E2E00008D003D288428041404270478142804139
:10E2F000404270470020704742004B0012F1807F7F
:10E3000094BF13F1807F0CE050EA010252000AD062
:10E3100003D2814280410130704788428041013000
:10E320007047002070470120704742004B0012F1F7
:10E33000807F94BF13F1807F0CE050EA010252000D
:10E3400008D003D2814280414042704788428041D8
:10E35000404270470020704742004B0012F1807F1E
:10E3600094BF13F1807F0CE050EA010252000AD002
:10E3700003D28842804101307047814280410130A0
:10E380007047002070470120704781F0004183F002
:10E39000004383F00043F0B491EA030F00F18E8054
:10E3A000841A71EB030603D212197341001BB141A9
:10E3B0004FF07F4646F4600616EA410F08BF62E060
:10E3C000B6EB410F98BF69E04FEA1154A4EB135725
:10E3D000B14341F4801116EA430F07BF0023002226
:10E3E000B34343F48013D7F1200634D303FA06F580
:10E3F000401941F1000122FA07F5401923FA07F507
:10E4000041EB050102FA06F211F4001F19D121F4C3
:10E41000801101EB0451F0BCB2F1004F08BF10EACB
:10E42000500F50F1000041F100014FF07F4343F4E1
:10E430006003B3EB410F88BF7047090D0905002049
:10E44000704749085FEA30005FEA320228BF42F0B5
:10E4500001020134DBE7203F402F19D223FA07F5F0
:10E46000401941F10001C7F12006124218BF0122F4
:10E4700003FA06F52A43C7E711EA560F04BF002046
:10E480000021F0BC704701F000410020F0BC704753
:10E4900021F4801101EB0451F0BC7047004218BF19
:10E4A00041F00101B6EB410F04BFF0BC70474FF0E3
:10E4B000FE4141F478010020F0BC704783F0004336
:10E4C000841A71EB030705D287F00047001BB9419E
:10E4D00012197B415FF07F4656F4600616EA430F3F
:10E4E000CAD0B6EB410F40F28C800C0DA4EB135751
:10E4F000C90241EA5051C00241F00041DB0243EA47
:10E500005253D20243F00043D7F120065AD302FA05
:10E5100006FCFA4003FA06F52A43FB401CEA0C0FFE
:10E5200018BF42F00102801A9941E30A6405640DA4
:10E5300011F0404F2ED427D1002902BF0146002000
:10E54000203C00295BD0B1F5803F3FBF103C09045F
:10E5500041EA10410004B1F1807F3FBF083C09024D
:10E5600041EA10610002B1F1805F3FBF043C090144
:10E5700041EA1071000111F0404F01BF023C8900D7
:10E5800041EA9071800009425FBF013C490041EAC5
:10E59000D0714000002C11DD420521F00041C00A7D
:10E5A00040EA4150C90A41EAC371460872F100428B
:10E5B00050F1000051EB0451F0BC70470020D90726
:10E5C000F0BC7047A7F12007202F0CD2C7F120061E
:10E5D00003FA06F5FB402A4318BF43F00103C01AB3
:10E5E00061F10001A1E721F00041C00A40EA415079
:10E5F000C90A01EB0451F0BC704700200021F0BCB7
:10E600007047004218BF41F00101B6EB410F7FF4A3
:10E610004EAFB6EB430F3FF44AAFF0BC704700007B
:10E62000F0B5574F81EA030517EA010E1EBF9EEAB7
:10E63000070F17EA030494EA070F64D04EEAD57E69
:10E64000A64421EA470141F4801123EA470343F439
:10E650008013A1FB0247A0FB036536197D41A1FB96
:10E66000034747F10003A0FB0217F619654153F178
:10E670000003094218BF46F001061427B3F5007FD6
:10E6800047F1000734BF3F4A3F4ABEEB020E31D488
:10E69000C7F1200403FA04F105FA04F025FA07F2A1
:10E6A000114326FA07F2104316FA04F421F48011FC
:10E6B0004FEA5E0741EA47010AD0B4F1004F50F13A
:10E6C000000041F10001B4F1004F08BF20F001004B
:10E6D0002B4F1EEA070F10D041EACE71BE453CBF5A
:10E6E000BDE8F04070472649002041EACE71BDE800
:10E6F000F04070471EEB020EF5D44FEACE710020B9
:10E70000BDE8F0407047394204BF01F000410020ED
:10E71000004218BF41F001013B4204BF03F0004337
:10E720000022124218BF43F0010307EA0304BC426F
:10E7300018BF9EEA070F05D005F000410020BDE894
:10E74000F040704721F0004123F00043B9420FD858
:10E75000BB420DD8002918BF002B09D005F000419D
:10E7600041F0FE4141F470010020BDE8F0407047E7
:10E770004FF0FE4141F478010020BDE8F0407047C1
:10E780000000F07F0000F03F0000E03FF0B581EABC
:10E79000030E0EF0004E814F17EA41051EBF95EAA9
:10E7A000070F17EA430494EA070F00F0C5806D0DC8
:10E7B000A5EB545707F580674FF0004646EAC124A1
:10E7C00044EA5054C00246EAC32343EA5253D202F9
:10E7D000801A9C4104D20018644180185C41013FBA
:10E7E0005B084FEA32020025002140F001004FF0A3
:10E7F000070604E0801A9C4136D340416441801AE8
:10E800009C4136D340416441801A9C4136D34041FB
:10E810006441801A9C4136D340416441801A9C4136
:10E8200036D340416441013E17D0801A9C4136D313
:10E8300040416441801A9C4136D340416441801A72
:10E840009C4136D340416441090201EB15612D0220
:10E85000454020F0FF004540CCE7801A9C4156D34C
:10E8600035E080185C41C8D20018644180185C41D2
:10E87000C8D20018644180185C41C8D200186441B5
:10E8800080185C41C8D20018644180185C41C8D22D
:10E8900000186441013E17D080185C41C8D20018AE
:10E8A000644180185C41C8D20018644180185C4102
:10E8B000C8D200186441090201EB15612D024540E0
:10E8C00020F0FF004540CCE780185C411FD342098F
:10E8D00018BF44F00104490101EBD56100F01F00AD
:10E8E00000EB451021F4801141EA0E01013041F1A5
:10E8F0000001244208BF20F00100B7F5006F3EDAA6
:10E90000013F49DD01EB0751BDE8F0407047490187
:10E9100001EBD56100F01F0000EB451021F48011E0
:10E9200041EA0E01B7F5006F29DA013F34DD01EB52
:10E930000751BDE8F0407047004218BF41F00101A7
:10E94000124218BF43F00103B7EB410F2CBFB7EBE6
:10E95000430F1CE0B7EB410F04BFB7EB430F16E0CA
:10E9600017EA410F04BF17EA430F10E017EA410FFF
:10E9700012D017EA430F02D0B7EB430F0CD04EF082
:10E98000FE4141F470010020BDE8F04070474FF0B7
:10E99000FE4141F47801F6E77146F4E70000E0FF3C
:10E9A0004FF4001C1CEB410F98BF1CEB430F11D818
:10E9B00051EA030C50EA4C0C5CEA020C0AD004D277
:10E9C0009042994180414042704782428B41804150
:10E9D00040427047002070474FF4001C1CEB410F71
:10E9E00098BF1CEB430F11D851EA030C50EA4C0CB2
:10E9F0005CEA020C0AD004D282428B418041404240
:10EA000070479042994180414042704700207047D2
:10EA100000F0004070474FEA4000B0F17F4F0CBF5C
:10EA20000120002070470128494111F5001F0CBF4B
:10EA300001200020704741000020B1F17F4F18BF36
:10EA400050EB00007047000038B50D460021044629
:10EA5000FFF72DFC78B9C4F3C7537F3B0FD4162BB7
:10EA600011DC0A49204641FA03F31C402146FFF716
:10EA70002EFA2C6038BD002420462C6038BD20467C
:10EA800000242C6038BD00202C6038BD000080FFC1
:10EA90002DE9F04100220F4600230646FFF780FFD4
:10EAA0004DA3D3E9002327F00045B0F10008294623
:10EAB000304618BF4FF001083446FFF78DFF60B3B2
:10EAC00047A3D3E9002330462946FFF7A9FD0022DA
:10EAD000594BFFF760FCFFF78DF900F0010383EA63
:10EAE0000808FFF712F940A3D3E9002306460F46B2
:10EAF000FFF796FD22462B46FFF74DFC3CA3D3E9DA
:10EB0000002304460D4630463946FFF789FD22466C
:10EB10002B46FFF740FC04460D4622462B46204676
:10EB20002946FFF77DFD34A3D3E9002306460F46AF
:10EB3000FFF776FD32A3D3E90023FFF72AFC324624
:10EB40003B46FFF76DFD30A3D3E90023FFF723FC1D
:10EB500032463B46FFF764FD2DA3D3E90023FFF7C0
:10EB600018FC32463B46FFF75BFD2BA3D3E900239D
:10EB7000FFF711FC32463B46FFF752FD28A3D3E9CD
:10EB80000023FFF706FC32463B46FFF749FD26A36C
:10EB9000D3E90023FFF7FFFB32463B46FFF740FD7A
:10EBA00023A3D3E90023FFF7F4FB32463B46FFF7EC
:10EBB00037FD22462B46FFF733FD22462B46FFF753
:10EBC000EAFBB8F1000F02D001F100431946BDE89D
:10EBD000F08100BFAFF300804AD8124DFB21F93F0E
:10EBE00083C8C96D305FD43F00000000002209C017
:10EBF0009EE59E4BEFAEE23E95DF9369FF80E83CD9
:10EC00009C4908DC20E46A3D30D46A683C12E63D49
:10EC1000ABC05D4B45E65A3E63F024A5E31DC73EFD
:10EC20001A3E011AA0012A3FB01011111111813FA3
:10EC3000555555555555C53F0000E03F30B50D467B
:10EC4000044683B000212846FFF731FB00284BD152
:10EC50002046FFF7F0FE10B1204603B030BD284635
:10EC6000FFF7E9FE002848D120460021FFF71FFBEF
:10EC70000028F1D12046FFF7CEFE002839D12846E2
:10EC8000FFF7C9FE0028E7D1284600F055F80546F1
:10EC900020462946FFF71BFA01A9FFF7D5FE019987
:10ECA0002846FFF7ABF901462046FFF710F9034667
:10ECB000002120461C46FFF738FB10B321462846AA
:10ECC000FFF71AFB20B120462946FFF700F904465A
:10ECD00020460021FFF7F9FA0028BDD0204629463A
:10ECE000FFF7F7F80446B7E700F070F9104B1B6820
:10ECF0000360104C204603B030BD2C46204603B0C4
:10ED000030BD204605F10041FFF7F6FA20B120465C
:10ED10002946FFF7DEF8044620460021FFF705FBF1
:10ED2000002899D020462946FFF7D1F8044693E7FA
:10ED3000106304000000C07F20F000407047000016
:10ED40004FF07F43B3EB400F1FD9410008BF70471E
:10ED500003EA4002120E7F3A11DB172AA8BF704760
:10ED60000B4BD340184220EA030018BF10F0004FAD
:10ED700008BF70474FF40001D1404018704710F0B1
:10ED8000004F0CBF00200348704718BF024870476F
:10ED9000FFFF7F00000080BF0000C07F4FF07F4377
:10EDA000B3EB400F98BF704713EA400204BF00F076
:10EDB0000040704711EB1262DCBF00F0004070476A
:10EDC000FF2A3CBF00EBC150704740004FEA3300C0
:10EDD00070474FF07F43B3EB400F98BF704713EA83
:10EDE000400207D0120E7E3A0A6020EA530040F03B
:10EDF0007C5070470A6000F0004070477F2805D8BB
:10EE0000034B185C034B5B5C184070470020704755
:10EE10008C6204007C620400A0F16103192B98BF8E
:10EE200020387047A0F14103192B98BF203070475C
:10EE30007F2805D8034B185C034B5B5C1840704778
:10EE4000002070478C6204007C620400A0F1610322
:10EE5000192B98BF20387047A0F14103192B98BF98
:10EE6000203070477F299ABF017001206FF02E007B
:10EE700070475AB10A787F2A0AD800B1026000218F
:10EE800019605960501A18BF012070470020704760
:10EE90006FF02E00704708B5037833B143681A78D5
:10EEA00032B15A1C4260187801E04368984708BDA7
:10EEB0004FF0FF30FBE7000070B5041E07DB002CAD
:10EEC000C8BF002606DD00200E490F4D07E0644252
:10EED0000126F8E700200B4912E06410083514F011
:10EEE000010FFAD0F5E80223FFF79AFB6410002C1B
:10EEF000F5DC2EB102460B4600200249FFF746FC26
:10EF000070BD00BF0000F03F3063040070B5041E08
:10EF100009DB002CD8BF4FF07E5019DD00264FF0E2
:10EF20007E500C4D04E064420126F8E7641004357D
:10EF300014F0010FFAD055F8041BFFF75FF86410C6
:10EF4000002CF5DC26B101464FF07E50FFF7BFF8EC
:10EF500070BD00BF1463040010B504460846A268E3
:10EF60004AB12368616803F1010C8C4508BF002099
:10EF70008B4208D2D054E3682BB121686268914279
:10EF800001D22146984723680133236010BD70B534
:10EF90004C1E09D41646C5B229463046FFF7DCFFA1
:10EFA000013CB4F1FF3FF7D170BD10F0100F08D154
:10EFB00008B510F4007F0CBF20203020FFF7E7FFDA
:10EFC00008BD70470028B8BF4042704700B5EAF757
:10EFD0006BFE024B18445DF804FB00BF0C00000000
:10EFE00000B5EAF761FE044B1858044B002808BF2F
:10EFF00018465DF804FB00BF08000000C0000010C8
:10F0000010B50446FFF7ECFF43689B685B68204639
:10F01000984710BD38B504460D46FFF7E1FF436839
:10F020009B681B6829462046984738BD08B50721CC
:10F03000FFF7F0FF08BD08B50621FFF7EBFF08BD9D
:10F0400008B50421FFF7E6FF08BD38B504460D46B4
:10F05000FFF7F6FF30B1A4F13000A842A8BF4FF08F
:10F06000FF3038BD2046FFF7E6FF10B1A4F157008E
:10F07000F3E72046FFF7DAFF10B1A4F13700ECE721
:10F080004FF0FF30E9E708B50821FFF7C3FF08BDDF
:10F090002DE9F04F83B00190009192460446264638
:10F0A00014F8015BE5B12846FFF7EDFF0028F6D123
:10F0B000302D15D1B21C257805F0DF03582B07D071
:10F0C000BAF1000F35D114464FF0010A08260BE0C3
:10F0D0003AF0100328D165789A46F41C102603E014
:10F0E000BAF1000F1CD10A264FF000084746C1466E
:10F0F0004FF6FF7B31462846FFF7A7FF00281DDBB0
:10F1000008FB0600030C07FB06371FFA80F85F4573
:10F1100088BF49F0010914F8015B4FF0010AE9E7E3
:10F1200056464FF0000ADFE7144656464FF0010AF4
:10F13000DAE7144656464FF0010AD5E7009B3BB18B
:10F14000BAF1000F01D0631E0193009B019A1A606F
:10F15000B9F1000F04D148EA074003B0BDE8F08FD1
:10F16000FFF734FF222303604FF0FF30F5E7A2B32F
:10F1700010B594460F2A19D902460B4640EA0104FD
:10F1800014F0030F02D00CF1FF3C12E019461046B8
:10F19000043204330C68D0F800E0A645F3D1ACF19A
:10F1A000040CBCF1040FF1D810461946BCF1010C57
:10F1B0000FD00A46034684441146184601330132F3
:10F1C000047891F800E0744503D19C45F4D11846C9
:10F1D000114600780B78C01A10BD0020704700005F
:10F1E0000FB410B586B008AB53F8044B0593002359
:10F1F00003936FF000430293084B0493EAF758FD22
:10F20000059A214601A800F0EDF90446EAF751FD00
:10F21000204606B0BDE8104004B07047E5900000FD
:10F2200070B50546EAF744FD013D002615F8010FCB
:10F2300048B13146E9F756FF0446B0F1FF3FF5D13A
:10F24000EAF737FD06E000210A20E9F74BFF044604
:10F25000EAF72FFD204670BD0EB400B586B007AAB0
:10F2600052F8041B05920390002304936FF00043AF
:10F27000029301A800F0B6F906B05DF804EB03B004
:10F2800070470EB400B584B005AA52F8041B019271
:10F2900001238DF80830039002A801F061FB04B04F
:10F2A0005DF804EB03B07047037833B1CAB29A42F9
:10F2B00008D010F8013F002BF9D111F0FF0F18BF53
:10F2C000002070477047BAB100B594460139034633
:10F2D0009E4611F8012F03F8012B22B1BCF1010C5D
:10F2E000F6D15DF804FBBCF1010FFAD9E64403F84E
:10F2F000012B9E45FBD1F4E77047037853B10144DD
:10F300000346994204D013F8012F002AF9D1194677
:10F31000081A70470146FBE70B78F3B110B50C46AD
:10F3200003783BB9002017E09EF80030A3B110F835
:10F33000013F83B10278002AF9D0234684469E46D5
:10F3400013F8011B41B19142EED11CF8012F002AA4
:10F35000F5D19E46E8E7002010BD70472DE9F04743
:10F3600082B08046894692460446274614F8015BDF
:10F37000002D3BD02846FFF786FE06460028F4D134
:10F380002B2D15D1524601A92046FFF781FE0346D9
:10F39000B9F1000F20D0019AA24208BF4246C9F835
:10F3A0000020CEB1002B10DB584202B0BDE8F08740
:10F3B0002D2D1BD1524601A92046FFF769FE0346B9
:10F3C000B9F1000FEED00126E5E7FFF7FFFD22229D
:10F3D00002604FF00040E8E71846002BE5DAFFF73F
:10F3E000F5FD222303606FF00040DEE7524601A9DD
:10F3F0003846FFF74DFE0346B9F1000FECD03C460E
:10F400000026C8E738B50446FFF7E0FD05680A2284
:10F4100000212046FFF7A2FF0446FFF7D7FD056055
:10F42000204638BD00B585B00290002303936FF0ED
:10F4300000430193684600F0D5F805B05DF804FB81
:10F44000844640EA010313F0030F18D18446202AB2
:10F450000BD32DE9F007B1E8F807A0E8F807A2F10F
:10F460002002202AF7D2BDE8F007042A07D351F87A
:10F47000043B40F8043BA2F10402042AF7D2002A1C
:10F4800005D011F8013B00F8013B013AF9D1604683
:10F4900070478446002A2DD010F0030F04D000F8E6
:10F4A000011B013A26D0F7E7C9B241EA012141EA3E
:10F4B0000141202A12D3A2F120022DE9F0030B46CC
:10F4C0000C460D460E460F4688468946A0E8FA03CC
:10F4D000203AFBD2BDE8F00320320BD0042A05D33A
:10F4E00040F8041B043A05D0042AF9D200F8011BA5
:10F4F000013AFBD160467047024610F0030F15D168
:10F5000011F0030F12D1F0B44FF001374FF08033F8
:10F5100051F8044BA4EB070525EA04051D4002D170
:10F5200042F8044BF4E7A1F10401F0BC11F8013BEF
:10F5300002F8013B002BF9D1704710F0030F18D1EE
:10F5400011F0030F15D170B44FF001364FF0803336
:10F5500050F8044B51F8045BAC4205D1A4EB06050E
:10F5600025EA04051D40F3D0A0F10400A1F1040137
:10F5700070BC10F8012B11F8013BD21A01D1002BFD
:10F58000F7D11046704700F1010110F0030F11D0C0
:10F5900010F8012B002A22D010F0030F0AD010F827
:10F5A000012B002A1BD010F0030F03D010F8012B01
:10F5B000002A14D070B44FF001324FF0803350F86D
:10F5C000044BA4EB020525EA04051D4000D1F6E733
:10F5D000A0F1040070BC10F8012B002AFBD1A0EBB5
:10F5E000010070472DE9F04F8DB08346079200234C
:10F5F00003600E4616F8011B002900F0C4861D4664
:10F6000009E05846FFF7A8FC3446264616F8011BC9
:10F61000002900F0B8862529F3D1002707E05E28ED
:10F620006FD147F4805701E047F040072646344643
:10F6300014F8010B3028F2D81F2862D9A0F120035A
:10F64000102B34D801A252F823F000BF29F6010094
:10F65000AFF60100AFF6010091F60100AFF6010030
:10F66000AFF60100AFF6010097F60100AFF601001A
:10F67000AFF60100AFF601009DF60100AFF6010004
:10F68000A3F60100AFF60100AFF60100A9F60100F4
:10F6900047F08007CAE747F40047C7E747F020076D
:10F6A000C4E747F01007C1E747F40077BEE72A2810
:10F6B00027D1079B1A1D07921B68002BBCBF5B421A
:10F6C00047F010072078B41C23EAE37A2E282DD0C7
:10F6D00000264C2800F0D380A0F16803DBB2122B87
:10F6E0004AD8A0F16803122B46D8DFE803F0CD45D5
:10F6F0004545C3454545454545454345454545453E
:10F700004300A0F13003DBB2092B88BF0023DBD814
:10F71000002303EB8303303800EB430314F8010BA1
:10F72000A0F13002D2B2092AF3D9CDE720782A28F5
:10F730000AD1079B1A1D07921E6860780234002EBA
:10F74000C7DB47F48077C4E70134A0F13003DBB2B4
:10F75000092B88BF0026F4D8002606EB8606303831
:10F7600000EB460614F8010BA0F13003DBB2092BC5
:10F77000F3D9E4E714F8010B782800F29180DFE870
:10F7800010F012068F008F008F008F008F008F0007
:10F790008F008F008F008F008F008F008F008F00F1
:10F7A0008F008F008F008F008F008F008F008F00E1
:10F7B0008F008F008F008F008F008F008F008F00D1
:10F7C0008F008F008F008F008F008F009E008F00B2
:10F7D0008F008F008F008F008F008F008F008F00B1
:10F7E0008F008F008F008F008F008F008F008F00A1
:10F7F0008F008F008F008F008F008F008F008F0091
:10F800008F008F008F008F008F008F00D001EE01DE
:10F81000F4018F008F008F008F008F008F008F000A
:10F820008F008F008F008F008F008F008F008F0060
:10F830008F0015018F008F008F008F008F008F00C9
:10F840008F008F008F008F00A3004601D201F001CE
:10F85000F6018F0046018F008F008F008F00B400EB
:10F860003401F9008F008F00C7008F003F018F0027
:10F870008F00170114F8010B47F001077CE747F0F0
:10F88000020714F8010B77E72078682803D00134C9
:10F8900047F0040770E747F00807607802346BE729
:10F8A000B54BD3F80080B8F1000F3FF4AEAE07AB14
:10F8B0000193009653463A465946C047A5E625218E
:10F8C0005846FFF749FBA0E6079B1A1D07921E78D2
:10F8D0000AF1FF3A5A4651463846FFF766FB314671
:10F8E0005846FFF739FBB84638E017F0080F07D045
:10F8F000DBF80020079B191D07911B681A7084E62E
:10F90000079B1A1D07921B68DBF800201A607CE633
:10F91000079B1A1D07921868984B002808BF1846C5
:10F92000814627F4007817F4807F00F0208231466A
:10F93000FFF7E3FC0546AAEB050A5A465146404646
:10F94000FFF733FBA5B14E464D4416F8011B584650
:10F95000FFF702FBB542F8D14FF0FF3518F0100F5A
:10F960003FF453AE5A4651462020FFF710FB4CE6B9
:10F97000013DF3E7079B1A1D079219680B4617F024
:10F98000800F14BF2325002547F480770A460826F8
:10F99000002900F0248508A94FF0000807F4005062
:10F9A000DFF8DCE1DFF8DCC100F0BEBC47F4005753
:10F9B00017F0800F17D043F2580543F278037828E8
:10F9C00008BF1D4617F4807F01D027F40077079BFE
:10F9D0001A1D07921B6817F0040F3BD117F0080F90
:10F9E00018BFDBB237E00025ECE717F0800F14BF3B
:10F9F0003025002517F4807FE9D027F40077E6E76B
:10FA000017F4807F11D027F400770025DFE747F453
:10FA10008041079B1A1D07921B6817F0040F06D13F
:10FA200017F0080F18BF5BB202E00025CFE71BB24A
:10FA3000002B07DB17F0200F40F0DD84C7F38015A3
:10FA40006D0101E05B422D2517F4807F67D10F46E1
:10FA5000012609E09BB217F4807F00F03B8427F475
:10FA60000077582800F04B84A0F16401C9B201224C
:10FA70008A4045490A4240F0308444490A4240F0F5
:10FA80003E846F2840F07B841A464FF000086BB12B
:10FA900008A94FF0000803F00703303301F8013BD9
:10FAA00008F10108D2081346002AF4D1A6EB080693
:10FAB00026EAE676AAEB0609A9EB0809FF2D40F233
:10FAC0009384A9F1020930215846FFF745FA05F061
:10FAD0007F015846FFF740FA5A4649463846FFF735
:10FAE00064FA5A4631463020FFF751FAB8F1010561
:10FAF0000BD408AB984418F8011D5846FFF72CFAB0
:10FB000008AB9845F7D14FF0FF3517F0100F3FF4D1
:10FB10007CAD5A4649462020FFF739FA75E50F4675
:10FB20009DE747F4005747F480630393079B07332F
:10FB300023F0070303F108020792D3E90001FEF75F
:10FB40008BF90746039B13F4807F21D00EBB03F48F
:10FB50004066B6F5406F14BF0026012619E047F451
:10FB6000005747F400630393E0E747F4005747F476
:10FB700040630393DAE700BF6CD119A00833020099
:10FB80007863040088630400210002000010100064
:10FB900006263846FEF73FFF002840F0D180384661
:10FBA000FEF749FF0590002840F0EE803846FEF74A
:10FBB0002FFF28B1039B43F06003039307F1004735
:10FBC0000BA93846FFF705F90B9B03EB4303A94A42
:10FBD00082FB0312DB17C3EBA2030B930021384611
:10FBE000FEF765FB002800F0DD80039B03F4406313
:10FBF0000693B3F5806F0AD0B3F5406F40F01182E1
:10FC00000B9BB34203DA13F1040F80F26A820B9864
:10FC10004042FFF77BF901463846FEF7EFF9074609
:10FC200080460021FEF743FB00283DD13846FEF711
:10FC3000F2FE002840F0CE808F493846FEF78CFB5C
:10FC4000A8B10B9B03F10108DFF82C924946384616
:10FC5000FEF73DFA0746CDF8108008F10108494645
:10FC6000FEF77AFB0028F1D1B846049B0B93474678
:10FC70004FF07E514046FEF728FBA8B10B9B03F1E5
:10FC8000FF384FF07E597C493846FEF7B7F90746F2
:10FC9000CDF8108008F1FF384946FEF716FB002822
:10FCA000F1D1B846049B0B932EB1069BB3F5406F80
:10FCB00008BF06F1FF367042FFF728F94FF07C517C
:10FCC000FEF79CF94146FEF704F907466A49FEF73C
:10FCD00043FB38B10B9B01330B9367493846FEF762
:10FCE000F6F90746002E00F0A080039B03F408639A
:10FCF000B3F5006F00F08C80039B23F40063049342
:10FD000006F10509AAEB090A05960AF1FF3A039BD9
:10FD100013F4805F00F082810B9E584B83FB062317
:10FD2000A3EBE67303EB4303F31A0233042B00F255
:10FD30009F80DFE813F0B30064017001B300640139
:10FD400000213846FEF7C1FAB0B9039B13F4005FF7
:10FD500014BF4B4B4B4B039A12F0200F14BF994624
:10FD600003F10109039B23F4807828F400784846C6
:10FD7000FFF709FC0546DEE5039B13F4005F14BFA3
:10FD8000414B424B9946EDE7039B13F4005F14BFD0
:10FD90003F4B404B9946039B23F48078E5E70B9B50
:10FDA00001330B930B980130FFF7B0F8014638464A
:10FDB000FEF7BBFA0028F2D102E00B9B013B0B934C
:10FDC0000B98FFF7A3F801463846FEF77EFA0028A5
:10FDD000F3D10AE700213846FEF777FA80B9039B92
:10FDE00013F4005F14BF264B264B039A12F0200F2A
:10FDF00014BF994603F10109039B23F48078B4E70B
:10FE0000039B13F4005F14BF1F4B204B9946F3E78D
:10FE1000092EA8BF09263046FFF778F83946FEF7C5
:10FE2000EDF8FDF7D5FF024660B9039B23F40063AC
:10FE30000493AAF1050A039B13F080037FF465AFD6
:10FE4000059364E71449A1FB0203DB0803EB83037A
:10FE5000B2EB430F40F0B982A1FB0232D208013E5F
:10FE6000F1D1039B23F400630493AAF1050AE2E7AE
:10FE7000A8461EE067666666000020415655555547
:10FE8000203302002833020010330200183302002E
:10FE90003033020034330200CDCCCCCCB7493846E5
:10FEA000FEF7ACF80746013E0B960AF1FF3A4FF019
:10FEB0000208059B23EAE3730593039B13F0600F8D
:10FEC00018BF0AF1FF3A0B98FFF77CF86328C8BF08
:10FED0000AF1FF3A3D463846FDF77AFF0746FDF73F
:10FEE0000DFF01462846FDF7F2FF06902AEAEA7563
:10FEF000049B13F4047F00F04C81049B13F0200F4B
:10FF000000F0548113F0400F0CBF2B212D215846D7
:10FF1000FFF722F8049B13F0100F00F05181984B6B
:10FF200003EBC80900264FF0300A4346A0461C46A2
:10FF3000013C59F8083DD9F804209F4276EB0201B4
:10FF4000C0F04A8151460131C9B2FF1A9F4276EB97
:10FF50000200F8D25846FEF7FFFF002CE8D14446D5
:10FF6000049B13F4006640F03981059B002B40F0A0
:10FF70004481049B13F0800F40F01882049B13F41B
:10FF8000806F2FD013F4005F0CBF652145215846C8
:10FF9000FEF7E2FF0B9B002BC0F27E812B2158461F
:10FFA000FEF7DAFF0B9B632B00F37E810B9B754EF4
:10FFB00086FB0312D917C1EBA2013031C9B25846F2
:10FFC000FEF7CAFF0B9B86FB0326DA17C2EBA602DD
:10FFD00002EB8202A3EB420303F13001C9B258469F
:10FFE000FEF7BAFF002D3FF410AB2026013D31464D
:10FFF0005846FEF7B1FF002DF8D1FFF706BB624966
:020000022000DC
:100000003846FDF7FBFF0746023E0B96AAF1020AAF
:100010004FF003084DE74FF001084AE74FF00108A1
:100020004BE7039B13F4806F5BD1039B23F4806346
:1000300004930B9B7042A3F108028242C8BFA3F154
:100040000900FEF763FF4FF0FF31FEF7A7FE014600
:100050003846FDF73EFF0690069D0B980130FEF7EF
:1000600055FF01462846FEF777F910B10B9B013387
:100070000B930B98002878DB092865DC2846FDF7F0
:10008000A7FE0746FDF73AFE01462846FDF71FFF8B
:10009000069000230B9300203D46092F6AD93B4B65
:1000A0004FF0010808F1010853F8081F5A688D4203
:1000B00070EB0202F6D206EB08090B9B9944AAEBFF
:1000C000090A039B03F08003334318BF0AF1FF3A88
:1000D000039B13F0600F00F06F810AF1FF3A059661
:1000E00004E70B9B0E2B29DC0133F51A092DA8BF61
:1000F0000925039A12F0800F01D02E4695E7B342EE
:100100001ED04FF07C56DFF874804FF0000928466F
:10011000FEF7FCFE01463846FDF770FF3146FDF75D
:10012000D8FEFEF70DFE4146FEF788FD4946FEF774
:10013000BEF838B1013DEAD12E4676E7059E74E758
:100140002E4672E72E4670E7A0F109030B93C0F12B
:100150000900FEF7DBFE01462846FDF74FFFFDF7DD
:1001600037FE0746059B069395E700270B974FF050
:100170000108A0E74FF001089DE700BF0000204103
:1001800098630400676666660000C842A0630400C6
:100190000596BAF1000F7FF7B0AE2026013D31463B
:1001A0005846FEF7D9FE002DF8D1A6E6049B13F0C1
:1001B000400F3FF4AFAE20215846FEF7CDFEA9E632
:1001C000002D3FF4ACAE3026013D31465846FEF7D7
:1001D000C3FE002DF8D1A2E65146BBE60B9B002BD7
:1001E0007FF7C3AE3027013B0B9339465846FEF7E5
:1001F000B3FE0B9B002BF6DCB7E62E215846FEF72C
:10020000ABFE059F092FA8BF092727EAE777059BC3
:10021000A3EB070986B10B98381AFEF777FE06990B
:10022000FDF7ECFEFDF7D4FD06463FB3DFF8CCA1A9
:100230000AEBC708002715E03846FEF767FE069967
:10024000FDF7DCFEFDF7C4FD0646EEE70131C9B25D
:10025000F61A9E4277EB0200F8D25846FEF77CFE73
:10026000D0450BD058F8083DD8F804209E4277EBD3
:10027000020101D33021E9E73021EEE7B9F1000FA7
:100280003FF47CAE30264F46013F31465846FEF7DC
:1002900063FE002FF8D171E62D215846FEF75CFE73
:1002A0000B9B5B420B937DE6554E86FB0312D917E1
:1002B000C1EB62113031C9B25846FEF74DFE0B9BBF
:1002C00086FB0326DA17C2EB6612642101FB1233A8
:1002D0000B936BE60126FFF7C4BB19464FF00008ED
:1002E000002B3FF4E3AB4FF0000807F4004E4FF053
:1002F0002C09DFF810C17346A6461C462EE01A46AC
:10030000002B7FF448AB4FF00008FFF7CFBB03F0A2
:100310000F031EF8033001F8013B08F10108120930
:100320001346002A3FF4C2AB0028F0D003F00F03BD
:100330001CF80330EFE708F130030DEB0300ACFBD2
:100340000132D20802EB8203A1EB4303303300F801
:10035000103C08F1010809290ED91146002CEAD0F9
:1003600008F00303032BE6D108F130036B4403F8D4
:10037000109C08F10108DEE77446FFF797BB4FF0C9
:100380000008FFF793BBDBF808303BB1DBF8002037
:10039000DBF804108A423CBF00219954DBF80000CE
:1003A0000DB0BDE8F08F4FF0FF30F9E72E21584631
:1003B000FEF7D2FD059F2AE72AEAEA75039B13F4AC
:1003C000047F3FF4E5AE0596A4E5039B23F40063A8
:1003D000049306F10509AAEB090A059695E4AAF12A
:1003E000080908264FF00008002D3FF475AB09F10D
:1003F000FF39FFF76CBB2B25FFF726BB9863040082
:100400001F85EB51CDCCCCCC10B504460B7833B165
:10041000B0F1FF3F05D04B68013B4B6001E08B68BA
:100420009847204610BD2DE9F04707460D469046F7
:1004300099464FF0FF3601363846FEF72CFD04464C
:10044000FEF721FE0028F6D1B4F1FF3F2FD018F0BF
:10045000010834D12B681A1D2A60D3F800A0B9F125
:10046000000F26DD35464E440AE001353846FEF7DA
:1004700012FD0446731B002B0CDDB0F1FF3F09D0C9
:100480002046FEF700FE28B9B8F1000FEDD10AF8BA
:10049000014BEAE739462046FFF7B6FFB8F1000FF7
:1004A00002D100238AF800302846BDE8F0872546AF
:1004B000FAE739462046FFF7A7FF3546F1E7B9F1DD
:1004C000000FC8BF4FF0000ACCDC39462046FFF7CA
:1004D0009BFF3546E8E72DE9F84305461E46DDF863
:1004E000208012F0010411D10B681A1D0A601F68E8
:1004F0002846FEF7D0FCB0F1FF3F2AD0002ED8BF2F
:100500004FF000091CDD4FF0000908E00027EFE77D
:1005100009F101092846FEF7BEFC4E450FD0FF2821
:100520000ED8430900F01F0258F82330134113F08E
:10053000010F05D0002CEBD107F8010BE8E7B1461D
:100540002946FFF761FF0CB900233B704846BDE820
:10055000F8838146FAE72DE9F04F83B00646009113
:1005600093461F46DDF830A04FF0FF35A946013510
:100570003046FEF790FC0446FEF785FD0028F5D1D5
:10058000B4F1FF3F00F09A802BF4C068BAF1000F7D
:1005900013DD1BF0800F34D02B2C03D02D2C30D149
:1005A00048F4806809F102053046FEF774FC044601
:1005B0000AF1FF3ABAF1000F23DC002F00F08D8022
:1005C0004FF0000A31462046FFF71EFF18F4007F67
:1005D00076D018F0010F10D100990B681A1D0A602F
:1005E0001B6808F49062B2F5906F08BFCAF1000A68
:1005F00018F0100F5AD083F800A0284603B0BDE8C9
:10060000F08F302C03D0002F08BF0A272EE048F4CB
:10061000007301930AF1FF3B05F101093046FEF733
:100620003AFC0446BBF1000F4DDD20F02003582BAF
:1006300006D0B7BB4D46DA46DDF80480082715E042
:1006400037F0100304D04D46DA46DDF804800DE0A3
:10065000AAF1020A02353046FEF71DFC0446BAF143
:10066000000FD8BF4FF0000AACDD102705EB0A09D8
:100670004FF0000A39462046FEF7E7FC0028A1DBD0
:1006800048F400780AFB070A01353046FEF703FC00
:100690000446A945EED131462046FFF7B5FE4D464A
:1006A00097E74D46DA46DDF80480DFE718F0080FDB
:1006B00014BFA3F800A0C3F800A09EE725469CE75E
:1006C0006FF0010599E727B9DDF804804FF0000AC3
:1006D000E1E74D46DDF8048072E731462046FFF73A
:1006E00093FE6FF0010588E72DE9F04F87B00746CC
:1006F000059115461E464FF0FF34A046013438469A
:10070000FEF7C9FB8346FEF7BEFC01900028F4D13A
:10071000BBF1FF3F00F0CD8025F4E065002E40F3F3
:10072000CD80BBF12B0F04D0BBF12D0F0BD145F4C5
:10073000806508F102043846FEF7ADFB8346013EB2
:10074000002E40F3BB80013E019B04934FF0000854
:100750004FF0000929E05846FEF772FC002800F02F
:10076000CE8045F400730293B24600227A4B404695
:100770004946FDF755FF80468946ABF13000FDF74D
:10078000A6FA42464B46FDF706FE8046894615F41A
:10079000807F15D1029D01343846FEF77CFB8346ED
:1007A000013EBAF1000F40F3AF80BBF12E0FD2D162
:1007B00015F4807F40F08B8045F48075B246EAE7FF
:1007C000029D98E015F4007F00F09E8025F42065DE
:1007D0003846FEF760FB83462B2805D02D2801D034
:1007E000013407E045F4006502343846FEF753FB58
:1007F0008346013E002E29DD264442F2107ACDE9DF
:100800000289B9463746019E5846FEF719FCC8B121
:1008100045F40075B6F57A7FDDBF06EB8606ABF1D1
:10082000300B0BEB4606564601344846FEF733FBC9
:100830008346BC42E8D101963E464F46DDE9028937
:10084000344603E001964F46DDE9028915F4006F56
:10085000049B019A14BF9B1A9B18049354E01846FA
:10086000FEF72AFB02460B4640464946FDF7D8FEF6
:10087000804689464FE0FEF7A9FB384B1B680360B2
:100880004FE040464946FDF7E7FA0646FEF7C3F853
:1008900048B915F0010F5AD105990B681A1D0A6065
:1008A0001B681E6053E0FEF791FB2C4B1B68036036
:1008B000EFE75C464BE06FF0010448E039465846EC
:1008C000FFF7A2FD4FF000084FF0000923E02E20B3
:1008D000FEF7B6FB98B145F40075B24600221E4BF8
:1008E00040464946FDF79CFE00224FF08043FDF74D
:1008F00050FD80468946049B013B04934BE72BF057
:100900002003452B3FF45EAF39465846FFF77CFD88
:10091000049B002BA3D140464946FEF784F80028EB
:10092000A9D115F4806F02D009F10043994615F45E
:10093000007FC0D015F0040FA3D015F0010F06D131
:1009400005990B681A1D0A601B68C3E900892046D7
:1009500007B0BDE8F08F00BF000024400C63040026
:100960002DE9F04F8DB081460C4603924FF0000AFE
:10097000D346257895B1671C252D33D02846FEF740
:1009800082FB78B94846FEF786FA0446854220D0B5
:100990004946FFF739FDB4F1FF3F1ED058460DB070
:1009A000BDE8F08F3C4617F8010BFEF76CFB002802
:1009B000F8D101E00AF1010A4846FEF76CFA054653
:1009C000FEF761FB0028F5D149462846FFF71CFDDC
:1009D000CFE70AF1010A3C46CBE7BBF1000F08BFA5
:1009E000A346DBE763782A2B06BFA71C4FF001085C
:1009F0004FF0000800263C4614F8015B2846FEF73D
:100A00001FFB029040B106EB8606303D05EB460623
:100A100048F020082746EEE718F0200F08BF6FF0D7
:100A200000466C2D0CD04C2D00F0BC80682D0BD1F5
:100A30002578682D00F0BB80BC1C48F0080803E056
:100A4000257848F00408BC1C253D532DA6D801A3E9
:100A500053F825F0B90B02009D0902009D09020020
:100A60009D0902009D0902009D0902009D090200E6
:100A70009D0902009D0902009D0902009D090200D6
:100A80009D0902009D0902009D0902009D090200C6
:100A90009D0902009D0902009D0902009D090200B6
:100AA0009D0902009D0902009D0902009D090200A6
:100AB0009D0902009D0902009D0902009D09020096
:100AC0009D0902009D0902009D0902009D09020086
:100AD0009D0902006B0C02009D0902006B0C0200D4
:100AE0009D0902009D0902009D0902009D09020066
:100AF0009D0902009D0902009D0902009D09020056
:100B00009D0902009D0902009D0902009D09020045
:100B10009D0902009D0902009D0902009D09020035
:100B2000FB0C02009D0902009D0902000D0D020050
:100B30009D0902009D0902009D0902009D09020015
:100B40009D0902009D0902009D090200E30B0200BD
:100B5000470C02006B0C02006B0C02006B0C0200D5
:100B60009D090200790C02009D0902009D09020006
:100B70009D0902009D0902008B0C0200B70C0200C7
:100B8000C90C02009D0902009D090200DB0C020055
:100B90009D090200E90C02009D0902009D09020066
:100BA000FB0C0200257848F04408BC1C4CE748F0D8
:100BB00010086578FC1C47E74846FEF76CF90546C7
:100BC00025280BD04946FFF71FFCB5F1FF3F7FF406
:100BD000E5AEBBF1000F08BFAB46DFE60AF1010A44
:100BE000C7E618F0200F00F0D18018F001050DD1F4
:100BF000039B1A1D03921F68029D002E3FF4CEAE88
:100C0000002E1ADD56440AE00126F1E70027F4E73A
:100C1000BBF1000F08BF8346C0E6B2450CD00AF115
:100C2000010A4846FEF737F9B0F1FF3FF0D0002D3A
:100C3000F3D107F8010BF0E7B246002D7FF499AE2F
:100C40000BF1010B95E600960A2348F0800203A9F8
:100C50004846FFF780FC0028C0F28F8018F0010F93
:100C600008BF0BF1010B824483E63346424603A9D9
:100C70004846FFF739FDEEE70096002348F0800272
:100C800003A94846FFF767FCE5E718F0010F7FF47A
:100C900070AE039B1A1D03921B6818F0100F02D050
:100CA00083F800A065E618F0080F14BFA3F800A0B1
:100CB000C3F800A05DE60096082348F0800203A96F
:100CC0004846FFF748FCC6E70096102328F01E02AE
:100CD00003A94846FFF73FFCBDE73346424603A958
:100CE0004846FFF7A0FBB6E700960A2348F08002CB
:100CF00003A94846FFF72FFCADE70096102348F004
:100D0000800203A94846FFF726FCA4E725785E2D5C
:100D100025D001342022002104A8FEF7BAFB0122CD
:100D2000002D3FF43BAE6B090CA901EB830305F0EA
:100D30001F0502FA05F553F8201C0D4343F8205C0B
:100D400014F8015B5D2DEBD1029B6BB904AB0093F2
:100D50003346424603A94846FFF7BDFB7BE765786B
:100D6000023401230293D5E703AB0BA953F8042FF8
:100D7000D2431A608B42F9D1E8E7B0F1FF3F7FF42C
:100D80000DAEBBF1000F08BF834607E618F0010661
:0C0D90003FF43AAF3546002734E700BFBF
:100D9C0075455A28746D2920416363656C65726FC3
:100DAC006D657465722044656D6F6E7374726174D9
:100DBC00696F6E00457869740000000041636365DB
:100DCC006C44656D6F000000546F756368736372DB
:100DDC0065656E004C434400416363656C300000F4
:100DEC0025732043533A20307825303858202D2055
:100DFC00474343204275696C74206F6E2025303256
:100E0C00752F253032752F25303475005370656180
:100E1C006B65720075455A28746D2920427269679A
:100E2C0068746E65737320436F6E74726F6C000020
:100E3C0053637265656E205361766572204F6E2F19
:100E4C004F666600546F75636873637265656E20D8
:100E5C0043616C6962726174696F6E0043616C69A5
:100E6C0062726174696F6E206572726F722C207081
:100E7C006C656173652074727920616761696E2E8F
:100E8C000000000041636375726174656C792070B9
:100E9C0072657373207468652063656E7465722067
:100EAC006F6620746865000072656420616E642052
:100EBC007768697465207461726765742073686FF4
:100ECC00776E2E004265666F7265207573696E676A
:100EDC002074686973206465766963652C20746876
:100EEC006520746F7563680073637265656E206D41
:100EFC007573742062652070726F7065726C7920E6
:100F0C0063616C696272617465642E00303A494D9C
:100F1C004147452E52415700313A494D4147452EE4
:100F2C0052415700436F756C64206E6F742077725A
:100F3C0069746520696D61676520746F2055534233
:100F4C002044726976650000436F756C64206E6F87
:100F5C007420777269746520746F20555342204455
:100F6C0072697665206F722053442043617264006D
:100F7C00436F756C64206E6F742077726974652092
:100F8C00746F20555342204472697665000000004E
:100F9C004E6F20555342204472697665206F722043
:100FAC0053444361726420666F756E6421000000C7
:100FBC00436F756C64206E6F742077726974652052
:100FCC00746F20534420436172642100577269741A
:100FDC0065206572726F722100000000496D6167B7
:100FEC00652066696C65206E6F7420666F756E6423
:100FFC00206F6E20555342204472697665210000A3
:10100C00496D6167652066696C65206E6F7420663A
:10101C006F756E64206F6E20555342204472697652
:10102C0065206F72205344204361726421000000DC
:10103C004E6F20555342204472697665206F7220A2
:10104C005344204361726420666F756E6421000006
:10105C00496D6167652066696C65206E6F742066EA
:10106C006F756E64206F6E2053442043617264214F
:10107C000000000052656164206572726F7221007D
:10108C0075455A28746D2920447261772044656D2A
:10109C006F6E7374726174696F6E0000436F6C6F66
:1010AC00720000004C6F61640000000053617665B3
:1010BC0000000000436865636B696E67204D6963CF
:1010CC00726F20534443617264202E2E2E20000038
:1010DC002020496E73657274204D6963726F2053C2
:1010EC004443617264207769746820534C494445C9
:1010FC00532F534C494445532E5458542066696C15
:10110C00652E000020204C6F6F6B696E67202E2EB1
:10111C002E000000313A534C494445532F534C494F
:10112C004445532E5458540020204C6F6F6B696EFD
:10113C0067202E2E2E20466F756E64210000000055
:10114C0020204C6F6F6B696E67202E2E2E204E6FF9
:10115C007420706C756767656420696E21000000EF
:10116C004E6F7420706C756767656420696E000043
:10117C0020204C6F6F6B696E67202E2E2E204F75C2
:10118C0074206F66206D656D6F72793F213F000092
:10119C00496E7465726E616C204572726F720000DC
:1011AC0020204C6F6F6B696E67202E2E2E204E6F99
:1011BC007420726561647921000000004E6F742008
:1011CC00526561647900000020204C6F6F6B696E72
:1011DC0067202E2E2E204E6F7420666F756E642144
:1011EC00000000004E6F7420466F756E64000000A6
:1011FC0020204C6F6F6B696E67202E2E2E2045724F
:10120C00726F722100000000526561642F57726981
:10121C007465204572726F72000000004E6F20538F
:10122C004C494445532E54585400000020204C6F18
:10123C006F6B696E67202E2E2E2054696D656F754D
:10124C007421000054696D656F75740043686563A3
:10125C006B696E6720416363656C65726F6D657455
:10126C006572202E2E2E2000436865636B696E67B5
:10127C0020416363656C65726F6D65746572202EB9
:10128C002E2E204E6F7420666F756E642100000048
:10129C004E6F7420666F756E640000004368656362
:1012AC006B696E6720416363656C65726F6D657405
:1012BC006572202E2E2E20466F756E642E00000057
:1012CC00436865636B696E672054656D7065726108
:1012DC0074757265202E2E2E0000000054656D7002
:1012EC003000000052656164204661696C656400E1
:1012FC00436865636B696E672054656D70657261D8
:10130C0074757265202E2E2E2025642E25303364A4
:10131C0020430000436865636B696E672054656DFC
:10132C007065726174757265202E2E2E2025642EC8
:10133C002530336420432028434F4C44212900009E
:10134C0025642E2530336420432028434F4C4429F8
:10135C0000000000436865636B696E672054656D1F
:10136C007065726174757265202E2E2E2025642E88
:10137C002530336420432028484F54212900000095
:10138C0025642E2530336420432028484F542900EF
:10139C0025642E253033642043000000454550520F
:1013AC004F4D3000436865636B696E67204545504F
:1013BC00524F4D202E2E2E005265616420457272C4
:1013CC006F7200005772697465204572726F7200FB
:1013DC00566572696679204572726F720000000062
:1013EC00436865636B696E6720534452414D202EF0
:1013FC002E2E00002020436F727265637420736977
:10140C007A6521003078253038580000202046615C
:10141C00696C656420534452414D205465737421AA
:10142C000000000030782538780000002020436848
:10143C0065636B696E67205152590000426C6F6393
:10144C006B204572617365002020426C6F636B20CA
:10145C004572617365000000426C6F636B205772BC
:10146C006974650020205772697465207465737403
:10147C000000000048656C6C6F200000576F726CA8
:10148C006420000048656C6C6F20576F726C642090
:10149C0000000000436865636B696E67204E4F5215
:1014AC0020466C617368204D656D6F7279202E2E0D
:1014BC002E000000466C61736830000020204572DD
:1014CC00726F7220436F6465202564210000000058
:1014DC00436865636B696E672055534220486F7390
:1014EC00742028506F72742041292E2E2E2000005B
:1014FC002020496E7365727420666C617368206479
:10150C007269766520776974682054455354555335
:10151C00422E5458542066696C652E00555342482F
:10152C006F73743A506F727441000000303A544536
:10153C0053545553422E5458540000004E6F2054AF
:10154C004553545553422E54585400004368656318
:10155C006B696E672055534220486F737420285076
:10156C006F72742042292E2E2E20000055534248B3
:10157C006F73743A506F7274420000004261636B77
:10158C006C69676874204D6F6E69746F72202E2EB3
:10159C002E00000041444330000000004261636BA8
:1015AC006C69676874204D6F6E69746F722041446A
:1015BC0043206E6F7420466F756E6421000000002E
:1015CC004261636B6C69676874204D6F6E69746FF0
:1015DC007220414443206261642072656164696ECB
:1015EC00672100004E6F2052656164696E670000D0
:1015FC004261636B6C69676874204D6F6E69746FC0
:10160C007220286F6E3A2025642025252C206F66C9
:10161C00663A20256420252529000000256425250F
:10162C0020256425250000002564252520284E4F03
:10163C0054204F4E290000002564252520284E4FAC
:10164C0054204F4646290000566F6C746167652024
:10165C004D6F6E69746F72202E2E2E00566F6C7447
:10166C00616765204D6F6E69746F72204144432031
:10167C006E6F7420466F756E64210000566F6C742B
:10168C00616765204D6F6E69746F72204144432011
:10169C006261642072656164696E672100000000FC
:1016AC00566F6C74616765204D6F6E69746F722034
:1016BC0028256420252529004750494F300000007B
:1016CC004750494F310000004750494F320000004D
:1016DC004750494F330000004750494F3400000039
:1016EC004750494F350000004750494F3600000025
:1016FC004750494F370000002020666C6970202548
:10170C00642900002020706173734E756D626572E0
:10171C00202564002020726567696F6E20256400A7
:10172C00202070426C6F636B4D656D6F7279202554
:10173C00702C20626C6F636B53697A652025750081
:10174C002020706173734E756D6265722025642C58
:10175C00206F766572616C6C426C6F636B202564D4
:10176C00202857524954494E4729000030782530DB
:10177C003858202857726974696E67290000000078
:10178C002020706173734E756D6265722025642C18
:10179C00206F766572616C6C426C6F636B20256494
:1017AC00202852454144494E4729000030782530C5
:1017BC003858202852656164696E67290000000062
:1017CC0020206F766572616C6C426C6F636B2025A8
:1017DC00642C20627974654F666673657420257578
:1017EC0020657870656374656420307825782C20CA
:1017FC00676F7420307825780000000046756C6C9B
:10180C0020636865636B206F66204E4F5220466CD8
:10181C00617368204D656D6F7279202E2E2E00003D
:10182C0075455A28746D29204D756C7469536C6913
:10183C00646573686F772044656D6F6E7374726145
:10184C0074696F6E000000003C204E6F204472697A
:10185C00766520466F756E64203E00003C204E6F0E
:10186C0020534C494445532E5458542066696C659A
:10187C0020666F756E64203E000000003C205368AB
:10188C006F77206E6F7420666F756E6420696E20A2
:10189C00534C494445532E494E492066696C65208A
:1018AC003E00000025753A2F0000000025735756A6
:1018BC00534C4944253032752E54474100000000EA
:1018CC0025753A2F534C494445532F534C494445A5
:1018DC00532E54585400000025753A2F534C49444C
:1018EC0045532F534C494445532E494E4900000053
:1018FC0075455A4755492D313738382D373057569D
:10190C004D0000006E756D53686F7773000000001A
:10191C0064656661756C74005469746C652564004B
:10192C004469722564000000536C69646520257558
:10193C00206F662025750000534C494445532F25D4
:10194C00732F000025753A25735756534C4944257F
:10195C003032752E5447410053534D4C6F61640027
:10196C0075455A28746D292054656D7065726174C3
:10197C007572652044656D6F6E7374726174696FF6
:10198C006E0000002533642E253031645F43000067
:10199C002533642E253031645F4600003A20000068
:1019AC00425553590A000000504153533A204F4BB3
:1019BC000A0000004641494C3A20496E76616C6938
:1019CC00640A00003078253038580A0050415353CF
:1019DC003A203078253038580A0000004641494CEE
:1019EC003A203078253038580A0000004641494CDE
:1019FC003A20496E636F7272656374205061726134
:101A0C006D65746572730A004641494C3A20496E03
:101A1C00636F727265637420706172616D65746559
:101A2C0072730A004F4E00004F464600504153530C
:101A3C003A20566572626F73652025730A000000A8
:101A4C004641494C3A204661696C656420746F20AC
:101A5C00657261736520666C6173680A0000000032
:101A6C004641494C3A204661696C656420746F208C
:101A7C007265616420666C6173680A004641494C6A
:101A8C003A20466C617368206E6F742045726173E6
:101A9C0065640A004641494C3A204661696C6564AC
:101AAC0020746F20777269746520666C6173680AA4
:101ABC00000000004641494C3A204D656D6F72792B
:101ACC0020436F6D70617265204661696C65640AB4
:101ADC00000000004641494C3A20466C6173682076
:101AEC004E6F7420456E61626C65640A00000000E4
:101AFC004641494C3A20556E6B6E6F776E20506F95
:101B0C0072742025640A00004641494C3A2046690B
:101B1C00727374204750494F204C6F636B6564207F
:101B2C00616E6420696E2D757365210A00000000DA
:101B3C004641494C3A205365636F6E6420475049C7
:101B4C004F204C6F636B656420616E6420696E2D51
:101B5C00757365210A0000004641494C3A205374C4
:101B6C0075636B20484947480A0000004641494CC0
:101B7C003A20537475636B204C4F570A00000000D9
:101B8C004641494C3A2052657665727365643F0A4A
:101B9C00000000004641494C3A20546869726420A8
:101BAC004750494F204C6F636B656420616E642015
:101BBC00696E2D757365210A000000004641494C81
:101BCC003A205472696767657265640A0000000008
:101BDC004641494C3A204E6F7420496E6372656DD4
:101BEC00656E74696E670A00736574004641494CF2
:101BFC003A204E6F74205365740A000050415353C1
:101C0C003A204F4B000000002C205365636F6E642C
:101C1C00733A2025750A00004641494C3A204E6F14
:101C2C007420496E6372656D656E74696E67000031
:101C3C00504153533A20253032583A253032583AD5
:101C4C00253032583A253032583A253032583A2518
:101C5C003032580A000000004641494C3A204D41B0
:101C6C0043206164647265737320746F6F206C6FB2
:101C7C006E67210A000000004641494C3A204D4154
:101C8C0043206164647265737320746F6F20736892
:101C9C006F7274210A0000004641494C3A204D41B4
:101CAC00432061646472657373206661696C65645A
:101CBC0020746F207361766520636F727265637434
:101CCC006C790A00504153533A2025642E25642E1A
:101CDC0025642E25640A00004641494C3A2049509F
:101CEC00206164647265737320746F6F206C6F6E07
:101CFC0067210A004641494C3A20495020616464EE
:101D0C007265737320746F6F2073686F7274210A1D
:101D1C00000000004641494C3A204950206164645F
:101D2C0072657373206661696C656420746F2073CF
:101D3C0061766520636F72726563746C790A00005A
:101D4C004641494C3A204950204761746577617986
:101D5C00206164647265737320746F6F206C6F6E96
:101D6C0067210A004641494C3A204950204761748A
:101D7C0065776179206164647265737320746F6F29
:101D8C002073686F7274210A000000004641494CB0
:101D9C003A20495020476174657761792061646409
:101DAC0072657373206661696C656420746F20734F
:101DBC0061766520636F72726563746C790A0000DA
:101DCC004641494C3A204950204D61736B20616467
:101DDC00647265737320746F6F206C6F6E67210A69
:101DEC00000000004641494C3A204950204D617397
:101DFC006B206164647265737320746F6F207368F9
:101E0C006F7274210A0000004641494C3A20495037
:101E1C00204D61736B20616464726573732066611D
:101E2C00696C656420746F207361766520636F72D2
:101E3C00726563746C790A00504153533A202564DF
:101E4C0020487A0A000000004932433000000000AC
:101E5C004641494C3A20436F756C64206E6F742078
:101E6C006F70656E20493243300A000049324331AD
:101E7C00000000004641494C3A20436F756C6420C9
:101E8C006E6F74206F70656E20493243310A00000A
:101E9C0049324332000000004641494C3A20436F1E
:101EAC00756C64206E6F74206F70656E20493243C0
:101EBC00320A00004641494C3A20627573206E7517
:101ECC006D626572206D75737420626520302C20F4
:101EDC00312C206F7220320A0000000020202020BC
:101EEC002020466F726D61743A2049324342414E54
:101EFC0047203C4932432042757320233E203C73DB
:101F0C007065656420696E206B487A3E0A0000009B
:101F1C004641494C3A207370656564206D75737445
:101F2C00206265202731303027206F722027343013
:101F3C00302720696E206B487A0A00000A546573BA
:101F4C0074204661696C6564206F6E2062797465DB
:101F5C002025640A000000004641494C3A20496E95
:101F6C00636F727265637420706172616D65746504
:101F7C0072732E0A00000000436F6E736F6C650065
:101F8C000A447269766520256320696E666F726DEE
:101F9C006174696F6E3A0A0053746F7261676520E1
:101FAC004D656469756D205265706F72743A0A20C4
:101FBC0020536563746F72733A2025750A00000014
:101FCC002020536563746F722053697A653A20251B
:101FDC00750A2020426C6F636B2053697A653A2036
:101FEC0025750A002020546F74616C2053697A6542
:101FFC003A2025662050420A000000002020546F31
:10200C0074616C2053697A653A2025662054420A23
:10201C00000000002020546F74616C2053697A65B5
:10202C003A2025662047420A000000002020546F09
:10203C0074616C2053697A653A202566204D420AFA
:10204C000000000046696C652053797374656D203F
:10205C005265706F72743A00202042797465732057
:10206C0050657220536563746F723A2025750A208F
:10207C0020536563746F72732050657220436C75C6
:10208C00737465723A2025750A00000020204E7585
:10209C006D20436C75737465727320546F74616C2E
:1020AC003A2025750A20204E756D20436C7573748B
:1020BC0065727320467265653A2025750A0000002A
:1020CC002020436F756C64206E6F742072656164A0
:1020DC002066696C652073797374656D000000006F
:1020EC0020204E6F7420696E697469616C697A6521
:1020FC006420796574000000496E2050726F67721D
:10210C0065737300446F6E650000000050415353BB
:10211C00000000004641494C00000000536B697000
:10212C000000000050494E4700000000534452414B
:10213C004D0000004E4F52005350494649000000DC
:10214C004750494F000000003556000033564552A9
:10215C0052000000454550524F4D000054454D5023
:10216C0000000000524553455400000053444341C5
:10217C0052440000525443005553423000000000BA
:10218C005553423100000000564552424F534520F2
:10219C005B302F315D000000424C000054530000B6
:1021AC005453535441545553000000005453434C62
:1021BC0045415200434F4C4F52000000434F4C4F8F
:1021CC00524359434C450000414C49474E000000D6
:1021DC00414343454C000000535045414B45520090
:1021EC00414D5000415544494F44414300000000CB
:1021FC00574156504C4159004D41434144445200C3
:10220C00495041444452000049504D41534B000049
:10221C0049504741544557415900000049324350F9
:10222C00524F424500000000493243575249544531
:10223C0000000000493243524541440046494C4598
:10224C0054455354575249544500000049324342B7
:10225C00414E470043524300454E440075455A20B9
:10226C004755492054657374204D6F646500000018
:10227C0075455A204755492044656D6F202D2054D3
:10228C00657374204D6F6465000000002532640096
:10229C002F00000025303264000000003A000000DE
:1022AC0075455A28746D292054696D652026204483
:1022BC006174652044656D6F6E7374726174696FBF
:1022CC006E00000075455A28746D292056696465A6
:1022DC006F20506C61796572000000003C204E6FDD
:1022EC0020617564696F2066696C657320666F7513
:1022FC006E64203E000000003C204E6F20534420B2
:10230C006361726420666F756E64203E000000008D
:10231C0025753A2F564944454F532E494E490000D6
:10232C00566964656F730000766964656F25640097
:10233C007469746C650000007479706500000000AD
:10234C0042494E00766964656F35353500000000F2
:10235C00617564696F000000667073006865696779
:10236C0068740000776964746800000054657874C0
:10237C004C696E6531000000546578744C696E656B
:10238C003200000048656172740000000C75455AFB
:10239C00204755492044656D6F20322E31362E3042
:1023AC0030300A00454550524F4D205365747469C6
:1023BC006E6773005553424465766963650000008F
:1023CC004D53310054696D65723200004D61696E78
:1023DC00000000005761746368646F6700000000C0
:1023EC0043686B73756D000075455A20475549203D
:1023FC0044656D6F20322E31362E303030000000A7
:10240C00536C69646573686F770000004472617780
:10241C000000000075455A204755492044656D6FF2
:10242C0020322E31362E303030202D2053657474EE
:10243C00696E6773000000004272696768746E65AC
:10244C007373000043616C69627261746500000013
:10245C00457869742F5265736574000075455A2070
:10246C004755492044656D6F20322E31362E303061
:10247C0030202D20417070730000000041636365B3
:10248C006C65726F6D6574657200000054696D65E2
:10249C00202620446174650054656D70657261740A
:1024AC007572650049324331207761732072657310
:1024BC00657400004750444D413000004750444D76
:1024CC00413100005541525430000000444143302A
:1024DC00000000004261636B6C6967687400000067
:1024EC00436865636B696E6720525443202E2E2E11
:1024FC00000000005254432077617320696E7661AE
:10250C006C69642C20726573657420746F20303193
:10251C002F30312F323030392031323A30303A309E
:10252C0030000000525443206572726F72202325D4
:10253C0064212020436F756C64206E6F7420636877
:10254C0065636B2076616C6964697479210A00009B
:10255C00525443204F4B0000464154465300000058
:10256C004D5330004D434900414D503000000000A8
:10257C00435243300000000050574D300000000023
:10258C0050574D3100000000555342446576696345
:10259C0065436F6E74726F6C6C65720054696D6517
:1025AC00723000004C4344436F6E74726F6C6C65F8
:1025BC0072000000416363656C65726F6D657465D4
:1025CC00723A467265657363616C653A4D4D41377D
:1025DC003435353A49324300416363656C65726F3B
:1025EC006D657465723A53543A4C49533344483AC6
:1025FC00493243004144433A47656E657269630052
:10260C001C20406080000000417564696F416D7052
:10261C003A4E58503A4C4D343831313000000000AD
:10262C004261636B6C696768743A47656E65726981
:10263C00633A50574D0000004352433A47656E656C
:10264C00726963004441433A47656E657269630081
:10265C004B466C6173680000454550524F4D3A4EE5
:10266C0058503A4C5043313778785F343078780092
:10267C00466C6173683A5370616E73696F6E3A534E
:10268C003239474C3036344E39303A31364269742F
:10269C00000000004750444D413A47656E65726931
:1026AC00630000004932433A47656E657269630006
:1026BC00424C5F54696D6572000000004C43443A13
:1026CC004D6963726F746970735F554D53485F3811
:1026DC003539364D445F3230543A38426974000013
:1026EC004C43443A4D6963726F746970735F554D16
:1026FC0053485F383539364D445F3230543A49319E
:10270C0035426974000000004C43443A4D696372D1
:10271C006F746970735F554D53485F383539364D5A
:10272C00445F3230543A3136426974004D533A5555
:10273C00534200005254433A47656E657269630018
:10274C0053657269616C3A47656E65726963000026
:10275C0054656D70657261747572653A4E58503A75
:10276C004C4D37354100000054696D65723A476530
:10277C006E65726963000000546F6E6547656E6527
:10278C007261746F723A4E58503A47656E65726951
:10279C00635F50574D000000546F7563687363722C
:1027AC0065656E3A4D433A53543132333200000072
:1027BC005553424465766963653A4E58503A4C50CD
:1027CC0043313778785F34307878000047656E6530
:1027DC007269633A555342486F737400576174635E
:1027EC0068646F673A47656E657269630000000044
:1027FC00494E464F00000000494E414D000000007C
:10280C004941525400000000444143204175646921
:10281C006F0000004D7574655461736B000000000F
:10282C004641494C3A204672657175656E63792054
:10283C006D757374206265203120746F20313030D7
:10284C003030300A000000004641494C3A205361B8
:10285C006D706C652072617465206D757374206287
:10286C0065203130303020746F20313030303030D2
:10287C002E2020557375616C6C79203232313030DA
:10288C000A0000004641494C3A2054696D6572209B
:10289C006572726F722025640A0000004641494C33
:1028AC003A204E6F7420656E6F756768206D656D8C
:1028BC006F727920746F2063726561746520736127
:1028CC006D706C650A0000004641494C3A20496E17
:1028DC00636F727265637420706172616D6574658B
:1028EC0072732E0A415544494F444143203C667251
:1028FC00657175656E63793E203C73616D706C65B6
:10290C0020726174653E203C6D7320746F20706C76
:10291C0061793E203C74696D6572206472697665DC
:10292C00723E0A0054657374202325642057726923
:10293C0074650A0046696C652025732063616E6EB0
:10294C006F74206265206F70656E20666F722077E1
:10295C00726974696E67210A000000004641494C97
:10296C003A2046696C65205772697465204572720D
:10297C006F720A0046696C652025732063616E6E68
:10298C006F74206265206F70656E20666F722072A6
:10299C00656164696E67210A000000004641494C7C
:1029AC003A2046696C652052656164204572726FED
:1029BC00720A00004641494C3A204D69736D6174AE
:1029CC006368206174206F666673657420256420CB
:1029DC002830782530325820213D2030782530326F
:1029EC0058290A004641494C3A2046494C45544521
:1029FC0053545752495445203C66696C656E616D61
:102A0C00653E203C73697A653E203C6D656D2062A5
:102A1C006C6F636B2073697A653E203C6E756D54E8
:102A2C00696D65733E0A0000546573742023256438
:102A3C00205665726966790A000000004641494CCF
:102A4C003A204F7574206F66206D656D6F7279201A
:102A5C00746F2072756E20746573740A0000000028
:102A6C0049324320427573202573206E6F742066A3
:102A7C006F756E64210A000050726F62696E672078
:102A8C00616C6C20313237204932432061646472AE
:102A9C006573736573206F6E2025733A0A0000000E
:102AAC0020204465766963652040203078253032DB
:102ABC00580A0000202054696D656F75742061748C
:102ACC0020646576696365203078253032582100A2
:102ADC004641494C3A20496E636F727265637420AB
:102AEC00706172616D65746572732E0A4932435060
:102AFC00524F4245203C627573206E756D62657253
:102B0C003E0A000041646472657373206D757374C2
:102B1C0020626520372D6269742028302D313237C0
:102B2C00290A000056616C75657320696E207772F6
:102B3C00697465206D7573742062652062797465A3
:102B4C00732028302D323535292E2020256420691C
:102B5C0073206F7574206F662072616E67652E0A24
:102B6C000000000057726974696E6720746F2062F0
:102B7C0075732025732C20616464722030782530A5
:102B8C0032583A0A000000004641494C3A204E4166
:102B9C004B0A00004641494C3A2054696D656F75EB
:102BAC0074210A004641494C3A204572726F7220DA
:102BBC002325640A000000004641494C3A20496E26
:102BCC00636F727265637420706172616D65746598
:102BDC0072732E0A4932435752495445203C627550
:102BEC0073206E756D6265723E203C616464723E4A
:102BFC00205B3C627974653E202E2E2E5D0A00000F
:102C0C004F7574206F662073706163652E204C695C
:102C1C006D697465642072656164206275666665B1
:102C2C0072206F662025642062797465730A000037
:102C3C0052656164696E67206275732025732C2060
:102C4C0061646472203078253032582C2025642041
:102C5C0062797465733A0A002530325820000000FE
:102C6C002D2000004641494C3A20496E636F727228
:102C7C0065637420706172616D65746572732E0A80
:102C8C0049324352454144203C627573206E756D48
:102C9C006265723E203C616464723E203C6E756DD0
:102CAC003E0A00004641494C3A204572726F722030
:102CBC0025640A004641494C3A20496E636F727292
:102CCC0065637420706172616D65746572732E0A30
:102CDC00574156504C4159203C7761762066696CBF
:102CEC00653E0A00257800000D0A0000556E6B6EDB
:102CFC006F776E20636F6D6D616E643A2025730A79
:102D0C00000000000A2320000D0A0D0A000000003C
:102D1C0025730D0A000000000D0A23202573000006
:102D2C00082008005245504541543A2025730A00AA
:102D3C00434D440046415433322020200000000013
:102D4C002A2B2C3A3B3C3D3E5B5D7C223F7F0000B6
:102D5C00EBFE904D53444F53352E30004E4F204ECA
:102D6C00414D452020202046415433322020200064
:102D7C004E4F204E414D45202020204641542020CE
:102D8C002020200046533A46415446530000000090
:102D9C004269746D6170204572726F723A20496E8F
:102DAC0076616C696420436F6C6F722050616C6546
:102DBC007474652053697A652E0D00004269746D38
:102DCC006170204572726F723A204269746D617045
:102DDC00206D757374206265206120323536206356
:102DEC006F6C6F7220696D6167652E0D00000000BD
:102DFC004269746D6170204572726F723A20496E2F
:102E0C0076616C696420436F6D7072657373696F62
:102E1C006E204D6574686F642E0D00005355495338
:102E2C00657474696E6773206D697373696E67205E
:102E3C005357494D5F57494E444F575F542100003B
:102E4C0041707053637265656E736176657253740D
:102E5C00617274204661696C656420746F206F70B8
:102E6C00656E206C63642064657669636520274C0D
:102E7C00434427005553424D534472697665000014
:102E8C004144433A4C5043313778785F343078784A
:102E9C003A414443300000004E58503A4C504331B4
:102EAC003778785F343078783A435243000000002A
:102EBC004C5043313778785F343078783A4441431A
:102ECC00300000004750444D410000004750444D35
:102EDC00413A4C5043313778785F343078783A4304
:102EEC00483700004750444D413A4C5043313778F5
:102EFC00785F343078783A43483600004750444D78
:102F0C00413A4C5043313778785F343078783A43D3
:102F1C00483500004750444D413A4C5043313778C6
:102F2C00785F343078783A43483400004750444D49
:102F3C00413A4C5043313778785F343078783A43A3
:102F4C00483300004750444D413A4C504331377898
:102F5C00785F343078783A43483200004750444D1B
:102F6C00413A4C5043313778785F343078783A4373
:102F7C00483100004750444D413A4C50433137786A
:102F8C00785F343078783A43483000004750494FE6
:102F9C004972710050696E4C6F636B004C50433139
:102FAC003778785F34307878204750494F20506F0D
:102FBC0072742035000000004C5043313778785F34
:102FCC0034307878204750494F20506F7274203439
:102FDC00000000004C5043313778785F34307878FB
:102FEC00204750494F20506F72742033000000006E
:102FFC004C5043313778785F3430787820475049DB
:10300C004F20506F72742032000000004C5043313E
:10301C003778785F34307878204750494F20506F9C
:10302C0072742031000000004C5043313778785FC7
:10303C0034307878204750494F20506F72742030CC
:10304C00000000004C5043313778785F343078788A
:10305C002049324320427573320000004C504331FA
:10306C003778785F34307878204932432042757352
:10307C00310000004C5043313778785F3430787829
:10308C002049324320427573300000005653796E4C
:10309C00630000004C5043313778785F34307878D7
:1030AC00204C4344436F6E74726F6C6C65720000FD
:1030BC004E58503A4C5043313778785F34307878EA
:1030CC003A50574D310000004E58503A4C50433155
:1030DC003778785F343078783A50574D30000000AC
:1030EC004C5043313778785F343078783A525443C7
:1030FC0000000000534452414D20496E6974000099
:10310C0053657269616C3A4C5043313738382055ED
:10311C00415254340000000053657269616C3A4CA2
:10312C005043313738382055415254330000000099
:10313C0053657269616C3A4C5043313738382055BD
:10314C00415254320000000053657269616C3A4C74
:10315C00504331373838205541525431000000006B
:10316C0053657269616C3A4C50433137383820558D
:10317C0041525430000000004E58503A4C504331EC
:10318C003778785F343078783A54696D65723300EB
:10319C004E58503A4C5043313778785F3430787809
:1031AC003A54696D657232004E58503A4C50433166
:1031BC003778785F343078783A54696D65723100BD
:1031CC004E58503A4C5043313778785F34307878D9
:1031DC003A54696D657230004E58503A4C50433138
:1031EC003778785F343078783A5553422044657696
:1031FC0069636520436F6E74726F6C6C657200004E
:10320C004C5043313778785F343078783A555342A4
:10321C00486F73743A506F72744200004C504331D3
:10322C003778785F343078783A555342486F7374F6
:10323C003A506F7274410000555342004261642051
:10324C0050696E005761746368646F673A4E5850EA
:10325C003A4C5043313778785F343078780000003E
:10326C0049444C4500000000546D725100000000B0
:10327C00546D7220537663005374617274757000D0
:10328C00496E76616C6964204750494F20506F72CB
:10329C0074210000416363657373206F6620696E4F
:1032AC0076616C6964204750494F20506F727421CD
:1032BC000000000055455A4750494F5265676973E5
:1032CC00746572506F72740053637265656E7361CE
:1032DC007665720054535F4D6F6E0000506C6179CF
:1032EC0065720000417564696F436F6465633000FB
:1032FC0049325300504F534958000000286E756CEA
:10330C006C2900002D494E46000000002D696E66A8
:10331C00000000002B494E46000000002B696E6631
:10332C00000000004E414E006E616E000000000077
:10333C0000000000EE020000AE01000001000000E1
:10334C000000000090010000F000000001000000EF
:10335C0000000000320000003200000001000000FC
:10336C0000000000EE02000032000000010000002E
:10337C000000000032000000AE010000010000005F
:10338C000000000000000000000000000000000031
:10339C000000000000000000000000000000000021
:1033AC00FF7F007C1F00E003E07F00002200120082
:1033BC00A1005100A8100200011A0000000000003A
:1033CC0000000000000000000000000022007A0055
:1033DC00A100B900B0100200251C000070440300CD
:1033EC000000000000000000000000002200E200CD
:1033FC00A1002101B8100200311A00004439030069
:10340C0000000000000000000000000022004A0143
:10341C00A1008901C00D0200BD1900009C4F0300E2
:10342C000000000000000000000000000000000090
:10343C000000000000000000000000000000000080
:10344C00000000000000000000000000AAAA555572
:10345C005501555555555555555555555555555564
:10346C005555AAAAAAAAAAAAAAAAAAAA04210200DB
:10347C001021020018210200202102002821020044
:10348C001D5500001F550000395500006155000006
:10349C00215500002F550000302102007556000008
:1034AC003821020029580000402102006158000018
:1034BC00442102000D5A00004C210200555B000013
:1034CC0054210200A958000058210200516100004B
:1034DC0060210200D158000068210200F958000058
:1034EC0070210200BD61000078210200215900000A
:1034FC0080210200D961000084210200995900004A
:10350C008C2102007159000094210200C159000065
:10351C00A421020039630000E00D0200A156000056
:10352C00A8210200CD560000AC21020085550000F8
:10353C00B82102009D630000C02102005D5700000D
:10354C00C8210200916A0000D42102002557000016
:10355C00DC21020049590000E4210200FD67000053
:10356C00EC21020089610000F021020041E800001A
:10357C00FC210200A5EF000004220200C163000040
:10358C000C220200096500001422020001670000F1
:10359C001C220200056600002822020035EC000007
:1035AC003422020005ED00004022020039EE00003A
:1035BC0048220200A1E90000582202008D68000098
:1035CC0060220200C1550000642202005157000025
:1035DC0000000000000000000000000032000000AD
:1035EC00320000000100000000000000F8020000A2
:1035FC00320000000100000000000000320000005A
:10360C00CC0100000100000000000000EE020000F0
:10361C00CC0100000100000000000000E0010000EF
:10362C00F00000000100000000000000320000006B
:10363C00320000000100000000000000EE0200005B
:10364C003200000001000000000000003200000009
:10365C00AE0100000100000000000000EE020000BE
:10366C00AE0100000100000000000000900100000D
:10367C00F0000000010000001F1C1F1E1F1E1F1F5A
:10368C001E1F1E1F424DB2110000000000006602FA
:10369C0000006C000000DC0000007600000001005F
:1036AC00080001000000900F0000C40E0000C40EC2
:1036BC0000007B0000007B000000424752730000BA
:1036CC0000000000000000000000000000000000EE
:1036DC0000000000000000000000000000000000DE
:1036EC0000000000000000000000000000000200CC
:1036FC0000000000000000000000000000000000BE
:10370C000000000303000002070000030C0000048B
:10371C001100000707000005140000061600000742
:10372C001A0000071C00000C0C0000081F00000908
:10373C002200000F0F00000A250000111100000BE1
:10374C002900000C2D000014140000161600000EA9
:10375C00330000181800001A1A0000113E00001C5B
:10376C001C000012430000134500001F1F00001432
:10377C0047000021210000154B00002222000015FB
:10378C004E0000164F00002525000017550000269E
:10379C0026000018580000292900001A5E00001BA2
:1037AC006200001C6500002D2D00002E2E00001E56
:1037BC006B00001F710000343400002178000022DF
:1037CC007B000037370000383800002482000025C9
:1037DC008700003D3D00003E3E0000278D0000406C
:1037EC00400000289200002A980000444400002B5E
:1037FC009C0000464600002C9E00002DA1000048B5
:10380C004800002EA500002FA800004C4C000030F2
:10381C00AC00004F4F000032B4000033B90000344C
:10382C00BA000035C0000036C10000565600003703
:10383C00C5000038C80000595900005A5A00003A17
:10384C00CF00003AD200005F5F00003CD700006060
:10385C006000003EDD0000636300003FE3000040B9
:10386C00E500006767000041EB000044F300006DC9
:10387C006D000046FA0000737300007A7A00007D38
:10388C007D000082820000888800008E8E000092ED
:10389C00920000969600009A9A00009E9E0000A04E
:1038AC00A00000A3A30000AAAA0000AEAE0000BBBB
:1038BC00BB0000BCBC0000C2C20000C7C70000D0E7
:1038CC00D00000D2D20000D4D40000D6D60000DA4A
:1038DC00DA0000E0E00000E2E20000E6E60000EEC4
:1038EC00EE0000F6F60000FDFD00DC000000DC0040
:1038FC000000DC000000060000061A4D5D5B46105F
:10390C00D00000000500013A065D0127CF00000041
:10391C0004000129085D0119CE0000000300010319
:10392C00015B085D0157CE000000030001170A5D22
:10393C00011CCD000000030001280A5D0130CD0000
:10394C000000030001280A5D0137CD0000000300D0
:10395C0001280A5D0137CD000000030001270A5D34
:10396C000137CD000000030001170A5D0128CD00CE
:10397C0000000300010C0A5D011ECD0000000400D4
:10398C00015B095D0111CD00000004000148095DD7
:10399C000103CD00000004000130085D014CCE0095
:1039AC0000000400011E085D0134CE00000004007C
:1039BC00010B085D0123CE00000005000157075DD7
:1039CC000111CE00000005000137075D0103CE0098
:1039DC00000005000123065D014CCF00000005002E
:1039EC000111065D0139CF0000000600015B055D89
:1039FC000129CF00000006000144055D0119CF002C
:103A0C00000006000130055D0111CF00000006002A
:103A1C000128055D0107CF00000006000117055DB8
:103A2C00D000000006000114045D014CD000000021
:103A3C000600010C045D01490400000403254255F5
:103A4C00035D000453422509130000030C3351009D
:103A5C00035D0004533C1A02A4000000060001039D
:103A6C00045D0149030001330B5D015001210F007E
:103A7C000104013F095D015B0128A3000000070060
:103A8C00045D0004490002470E5D015A011A0C0046
:103A9C00010401550C5D014D010608000156407AE8
:103AAC00015C0B00447A0154070000000700015729
:103ABC00035D000349004700115D014A01090A003A
:103ACC0001470E5D0155010E07000156407A017346
:103ADC000B00447A01620700000007000149035DF6
:103AEC0001490137135D015B011E08000128105DBF
:103AFC0001550C000003133D6A003A7A012A0A00B2
:103B0C00015E437A016D07000000070001491A5D50
:103B1C00013007000157115D01300E0001120165E3
:103B2C00387A01600A000101016E437A0700000037
:103B3C00070001491B5D013A05000117125D015B8D
:103B4C0001080F0001430F7A0004744E1301130097
:103B5C0000070113132E456476000A7A01770B00D7
:103B6C00012201790C7A0179010F24000005131B45
:103B7C003D6476000B7A0122060000000700014923
:103B8C001C5D014604000130135D012C1000016026
:103B9C000D7A016C01011D00000315617900087A92
:103BAC00012E0B0001560D7A016B29000003155FE5
:103BBC007900087A013B06000000070001490E5D00
:103BCC00000358280700030000040720425B055D32
:103BDC0001460300014C0A5D00065B280200093F08
:103BEC00035D0151100001160D7A0116200001121F
:103BFC000169077A01610B000101016C0D7A014B1F
:103C0C002A0001050162077A015E06000000070028
:103C1C0001490D5D012F0900000302255A00045DC6
:103C2C000003410000000B5D011705000137035D27
:103C3C00010C1000016F0B7A016F2300014F067A03
:103C4C00017701010B00011D01790C7A0179011D2D
:103C5C002B00013B0179057A016806000000070082
:103C6C0001490C5D011E0C0001020133045D01379A
:103C7C00010C0A5D013A07000004555D5D1E100041
:103C8C0001630B7A0168240001380179057A01324D
:103C9C000C00014B0D7A016C01012B0001320179F2
:103CAC00047A017706000000070001490B5D013022
:103CBC000F0001100153035D01470A5D011E07004F
:103CCC000004255D5D2D1000015E0B7A016325005B
:103CDC000138057A01630D0001680D7A01562C003C
:103CEC00014B057A011305000000070001490A5D2C
:103CFC00015701031000010201410D5D0111070084
:103D0C000004075D5D39100001560B7A0163260033
:103D1C000156047A017901010C00010F01770C7A2C
:103D2C00017901222C000164047A013505000000A0
:103D3C00070001490A5D0130130001300C5D010CD4
:103D4C00080000034C5D4900100001560B7A015E1F
:103D5C0027000163047A01380D00013B0D7A016ED6
:103D6C0001012B00010F0179037A015405000000B9
:103D7C00070001490A5D01171400012D0B5D0107B5
:103D8C001B00013B0B7A0156270001010170037ADD
:103D9C0001660E0001630D7A01592C000156037A5D
:103DAC00016305000000070001490A5D01071500C9
:103DBC0001330A5D1C0001380B7A015628000122E0
:103DCC00037A0179010A0D00010F01750D7A012AA0
:103DDC002B00000501777A7A6E00050000000700C1
:103DEC000149095D015B160001170A5D1C000138D1
:103DFC000B7A01562900015E037A01400E00013551
:103E0C000D7A017501012B00014F037A01010400A9
:103E1C00000007000149095D0149160001170A5D00
:103E2C001C0001380B7A01562900000501757A7ABD
:103E3C0068000F0001600D7A01602B0000050A7903
:103E4C007A7A22000400000007000149095D013E56
:103E5C00160001170A5D1C0001380B7A01562A0066
:103E6C000138037A010A0E00010101700D7A013547
:103E7C002B000004617A7A4304000000070001491A
:103E8C00095D0137160001170A5D1C0001380B7A19
:103E9C0001562B000004687A7A4B0F00012A0D7A28
:103EAC000175010F2A0000042A7A7A5E04000000D2
:103EBC0007000149095D0137160001170A5D1C0056
:103ECC0001380B7A01562B0000041D7A7A6B100016
:103EDC0001590D7A01632B000003707A6B0004000A
:103EEC00000007000149095D0129160001170A5D50
:103EFC001C0001380B7A01562C000004637A7A13EB
:103F0C000F000101016C0D7A01382A0000035C7A64
:103F1C0077000400000007000149095D0128160024
:103F2C0001170A5D1C0001380B7A01562C000004A5
:103F3C00167A7A4F1000012201790C7A0177010F61
:103F4C0029000004267A7A1B0300000007000149AF
:103F5C00095D0128160001170A5D1C0001380B7A57
:103F6C000156410001520D7A01682A000003737258
:103F7C0024000300000007000149095D0128160018
:103F8C0001170A5D1C0001380B7A01564200016BC7
:103F9C000D7A01432F00000007000149095D01283B
:103FAC00160001170A5D1C0001380B7A01564200FD
:103FBC00011601790C7A017901162E000000070018
:103FCC000149095D0128160001170A5D1C00013822
:103FDC000B7A0156430001430D7A016C2E00000050
:103FEC0007000149095D0128160001170A5D1C0034
:103FFC0001380B7A0156440001640D7A01522D00F0
:10400C00000007000149095D0128160001170A5D2F
:10401C001C0001380B7A01564400010F01750C7A13
:10402C00017901222C00000007000149095D0128DB
:10403C00160001170A5D1C0001380B7A0156450069
:10404C0001380D7A016C01012B00000007000149B9
:10405C00095D0128160001170A5D1C0001380B7A56
:10406C000156460001620D7A01592B000000070031
:10407C000149095D0128160001170A5D1C00013871
:10408C000B7A01564600010A01750D7A01222A00AD
:10409C00000007000149095D0128160001170A5D9F
:1040AC001C0001380B7A01561F000003737A56006E
:1040BC002500012E0D7A0170010129000000070076
:1040CC000149095D0128160001170A5D1C00013821
:1040DC000B7A01561E000004017A7A562600015E06
:1040EC000D7A015E2900000007000149095D0128D5
:1040FC00160001170A5D1C0001380B7A01561E00D0
:10410C000004227A7A5626000101016E0D7A012EE6
:10411C002800000007000149095D0128160001175D
:10412C000A5D1C0001380B7A01561E000004437A0C
:10413C007A562700012201790C7A0175010A2700B1
:10414C00000007000149095D0128160001170A5DEE
:10415C001C0001380B7A01561E000004607A7A5656
:10416C00280001560D7A0162270000000700014962
:10417C00095D0128160001170A5D1C0001380B7A35
:10418C0001561E0000046E7A7A5628000101016C5B
:10419C000D7A01382600000007000149095D01284D
:1041AC00160001170A5D1C0001380B7A01561D0020
:1041BC000116037A01562900011D01790C7A01754B
:1041CC00010F2500000007000149095D01281600B8
:1041DC0001170A5D1C0001380B7A01561D00015EA7
:1041EC00037A01562A00014B0D7A01642500000068
:1041FC0007000149095D0128160001170A5D1C0022
:10420C0001380B7A01561C0001220179037A015600
:10421C002B0001680D7A013B2400000007000149C6
:10422C00095D0128160001170A5D1C0001380B7A84
:10423C0001561B0001260175047A01562B00010F53
:10424C0001770C7A0179010F230000000700014966
:10425C00095D0128160001170A5D1C0001380B7A54
:10426C00015619000105015C067A01562C00013B30
:10427C000D7A016B2300000007000149095D01283C
:10428C00160001170A5D1C0001380B7A0156140048
:10429C0000060113244E6A79077A01562D0001633A
:1042AC000D7A014B2200000007000149095D01282D
:1042BC00160001170A5D1C0001382D7A01562D00DD
:1042CC00010F01750C7A0179011D21000000070016
:1042DC000149095D0128160001170A5D1C0001380F
:1042EC002D7A01562E0001350D7A016C010120004A
:1042FC00000007000149095D0128160001170A5D3D
:10430C001C0001382D7A01562F0001600D7A0156E0
:10431C002000000007000149095D01281600011763
:10432C000A5D1C0001382D7A01562F000101017025
:10433C000C7A017901221F00000007000149095D78
:10434C000128160001170A5D1C0001380B7A015672
:10435C0014000006011324456778077A01563000D3
:10436C00012A0D7A016E01011E00000007000149AF
:10437C00095D0128160001170A5D1C0001380B7A33
:10438C00015619000003013D7800057A01563100F1
:10439C0001590D7A01591E00000007000149095D01
:1043AC000128160001170A5D1C0001380B7A015612
:1043BC001B0001120175047A015631000101016CD8
:1043CC000D7A012A1D00000007000149095D012832
:1043DC00160001170A5D1C0001380B7A01561C00EF
:1043EC0001220179037A01563200012201790C7AFB
:1043FC00017501011C00000007000149095D01283D
:10440C00160001170A5D1C0001380B7A01561D00BD
:10441C00015E037A0156330001520D7A01601C00D3
:10442C00000007000149095D0128160001170A5D0B
:10443C001C0001380B7A01561D000116037A015637
:10444C003400016B0D7A01351B0000000700014997
:10445C00095D0128160001170A5D1C0001380B7A52
:10446C0001561E000004687A7A5634000116017950
:10447C000C7A0175010F1A00000007000149095D53
:10448C000128160001170A5D1C0001380B7A015631
:10449C001E0000044B7A7A56350001430D7A0163F5
:1044AC001A00000007000149095D012816000117D8
:1044BC000A5D1C0001380B7A01561E0000042A7A92
:1044CC007A56360001640D7A013819000000070095
:1044DC000149095D0128160001170A5D1C0001380D
:1044EC000B7A01561E000004017A7A563600010F31
:1044FC0001750C7A0177010F180000004F0001388C
:10450C000B7A01561F000003777A560037000138EA
:10451C000D7A0168180000004F0001380B7A015623
:10452C001F0000036E7A5600380001620D7A0143B9
:10453C00170000004F0001380B7A01565A00010A8F
:10454C0001750C7A01790116160000004F00013834
:10455C000B7A01565B00012E0D7A016C16000000DF
:10456C004F0001380B7A01565C00015E0D7A015246
:10457C00150000004F0001380B7A01565C00010158
:10458C00016E0C7A01790122140000004F000138F1
:10459C000B7A01565D00012201790C7A016C010144
:1045AC00130000004F0001380B7A01565E000156D3
:1045BC000D7A0159130000004F0001380B7A015697
:1045CC003B000003567A730020000101016C0D7A48
:1045DC000122120000004F0001380B7A01563B00FB
:1045EC000004437A7A132000011D01790C7A0170C2
:1045FC000101110000004F0001380B7A0156260012
:10460C0000042A7A7A3811000004387A7A2E2100B4
:10461C00014B0D7A015E110000004F0001380B7A3E
:10462C000156260000044B7A7A22110000042A7AE3
:10463C007A54220001680D7A012E100000004F0000
:10464C0001380B7A015626000004627A7A1F110099
:10465C0000041F7A7A682200010F01770C7A017529
:10466C00010A0F0000004F0001380B7A015626009A
:10467C000004737A7A1F11000004017A7A77230000
:10468C00013B0D7A01620F0000004F0001380B7ADC
:10469C0001562500011D037A011B1200037A012A21
:1046AC00230001630D7A01380E0000004F00014316
:1046BC000B7A01562500014B037A130000046F7A24
:1046CC007A5C2300010F01750C7A0175010F0D0046
:1046DC0000004F0001560B7A01562500016B037A3E
:1046EC00130000046E7A7A70240001350D7A01648F
:1046FC000D0000004F0001560B7A015624000116E4
:10470C00047A13000163037A0132240001600D7AEC
:10471C00013B0C0000004F0001620B7A0156240093
:10472C000160037A016F13000163037A016C2400AA
:10473C00010101700C7A0179010F0B0000004F0090
:10474C0001680B7A015623000122047A016E1300D2
:10475C000156047A01562400012A0D7A016B0B00D4
:10476C0000004F0001730B7A01562200010F0175F6
:10477C00047A016E13000154057A013B240001599F
:10478C000D7A014B0A0000004E0001130C7A015601
:10479C00210001180174057A016B13000138067AA7
:1047AC00015C010122000101016C0C7A0179011DEF
:1047BC00090000004E00014F0C7A01561F00000347
:1047CC0005567900067A016313000135077A000358
:1047DC00743601002100012201790C7A016C01016F
:1047EC00080000004D00011801770C7A01561A00E0
:1047FC0000060D132B4E6A79087A01631300011F12
:10480C00097A0006786A4E2E130D1D0001520D7A9E
:10481C000156080000004C0001310178367A016322
:10482C00130001133A7A01790122070000004800B5
:10483C0000040A245671387A015614003B7A016E32
:10484C0001010600000043000156407A0156140095
:10485C0001773B7A015E0600000043000156407A66
:10486C0001561400016E3C7A012A05000000DC00A0
:10487C000000DC000000DC00000100000001010071
:10488C00000001180000000040004000080000017A
:10489C00000905000106030D0A04060A080F090D9C
:1048AC000D100E130F1214120D1114121517161AD7
:1048BC001719181A191B1D1C211E2000018D1E20F2
:1048CC001F03058A0001990802980200A1262324DF
:1048DC002224230003A40200AE2926280000B925B7
:1048EC0028260800B90B04AF0400C00A0D932C292C
:1048FC002A0000C317176F292B2913118A0F118F48
:10490C002F2D290F0CA82C2E2D1A17861007C42812
:10491C00265C3531333033311F1F7C36342F323522
:10492C00331A16AE3538363739383D393B2F2E65AC
:10493C003D3B37383B392221982C2B743A3B3F2294
:10494C001CB12121A21918C41716CE3C3E3D1E16CF
:10495C00CE413F3B3D3E431F1EBA433F4137376478
:10496C003F42404041463A3B613E3E57434544221C
:10497C001ED32D2AAA3F42542828B831319A4548D3
:10498C00464B47492524CD4B4944484A4948494D53
:10499C003130B04A4C503B3C8B3134AC4C4E4D2AF0
:1049AC002AD44A4B5D3232BC534F513939A8545238
:1049BC004D4F525051515B45458D5355543C3FA67C
:1049CC003435CB3332D7393ABB5957525A565855DE
:1049DC00536450526A3D3AC33939C8565560444401
:1049EC00A15659574141B55153785352813B3BD74E
:1049FC003839DF5A5D5B413BD75B5C614F4F925C52
:104A0C005B6651518D3F3FD1615F5A625E605F6161
:104A1C005F5F60654742D44748C24545CE433FE59A
:104A2C004947C94C4CBD6365645655A34F4CC56989
:104A3C0067625150B965666B4646E36665716B6794
:104A4C00694A4BD56669675655B16E6A6D696C6A71
:104A5C004D4CE0706E696E706F736F716E6F745544
:104A6C0054D95A58D3585ACD5355E15C5CC7555953
:104A7C00D57773755F5CCE5755E973747978767119
:104A8C007376746160D8787B7A6C6BB57E7C777F3B
:104A9C007B7E6867CA6A6AC26061E57C7D826868F1
:104AAC00D57D807E6766E381848288858088848753
:104ABC007071D084858A6E6DE68588867273E28902
:104ACC008C8A918D8F918F8A8D8E938D908E7C7B1D
:104ADC00DE7D7DED9996919396949995979A9D9BF1
:104AEC00A29F9A8C8CE5A39EA18989F19EA19FA37C
:104AFC00A6A4A9A7A29395E8ABA7A9A6A9A7AAAD16
:104B0C00ABB1ADAFB1AFAAAEB1AFB2B6B3BAB5B887
:104B1C00B9B7B2B6B9B7B9BCBAC1BEB9C3BFC1BDDA
:104B2C00C1BFC1C5C3C9C6C1C7CAC8CFCBCDD1CE01
:104B3C00C9CDD0CED9D4D6D9D6D1D3D6D4D7DAD82C
:104B4C00DFDCD7E0DBDDDADEDBDDE1DFE6E0E2E176
:104B5C00E4E2E8E5E0EBE6E9E5E8E6F5EAEAE8ECCC
:104B6C00EAF1ECEFF1EFE9ECEFEDEFF2F0FBF1F045
:104B7C00F7F3F5F7F5EFF2F5F3FAF7F2F4F8F5FCD5
:104B8C00F7FAF7FBF9FFFBFDFAFDFBFCFFFE020257
:104B9C0002020202020202020202020202020202E9
:104BAC0002020202020202020202020202020202D9
:104BBC0002020202020202020202020202020202C9
:104BCC0002020202020202020202020202020202B9
:104BDC0002020202020202020202020202020202A9
:104BEC000202020202020202020202020202020299
:104BFC000202020202020202020202020202020982
:104C0C000D1B16040202020202020202020202023E
:104C1C000202020202020202020202020202020268
:104C2C000202020202020202020202020202020258
:104C3C000202020202020202020202060D1B2D2DCA
:104C4C002D2D461B0C02020202020202020202027B
:104C5C000202020202020202020202020202020228
:104C6C000202020202020202020202020202020218
:104C7C0002020202020202060C1B2D2D2D2D2D2DDF
:104C8C002D2D46231B160902020202020202020209
:104C9C0002020202020202020202020202020202E8
:104CAC0002020202020202020202020202020202D8
:104CBC00020202040C1B2D2D302D2D2D2D303261B6
:104CCC00502D372323231B09020202020202020287
:104CDC0002020202020202020202020202020202A8
:104CEC000202020202020202020202020202020496
:104CFC000C162D30303030303030324A88BFD4E191
:104D0C00D83037282828280902020202020202029F
:104D1C000202020202020202020202020202020267
:104D2C000202020202020202020202040A162D32DE
:104D3C00323232323232325092BFD4E1E5E5E5E51F
:104D4C00E4323F2D2D2D280A020202020202020239
:104D5C000202020202020202020202020202020227
:104D6C0002020202020202040A16303337333333D2
:104D7C003233375495C3D8E4E5E5E5E5E5E5E5E5FB
:104D8C00E43F3F2D2D2D2D0A0202020202020202E7
:104D9C0002020202020202020202020202020202E7
:104DAC00020202040A162F3F373F3F3737373F6165
:104DBC00A6C5DBE5E8E8E8E8E8E5E5E5E5E5E5E5F1
:104DCC00E546463030302D0C02020202020202028D
:104DDC0002020202020202020202020202020202A7
:104DEC000916303F3F3F3F3F3F3F4664A8CBDEE9CB
:104DFC00E9E9E9E9E9E9E8E8E8E8E8E5E5E5E5E82D
:104E0C00E8464A323232320C02020202020202023A
:104E1C0002020202020202020202020209163046D9
:104E2C004646464646464A77B1D0E1EEEEEEEEEE09
:104E3C00EEEBE9E9E9E9E9E8E8E8E8E9E5D7BF9567
:104E4C00773254373737330D020202020202020264
:104E5C000202020202020202091630464A4A4A4A79
:104E6C00464A5080B9D4E5F3F3F3F3F0F0F0F0EEEA
:104E7C00EEEEEEEBE9E9E9EEE4D0B98071A8CADC1C
:104E8C00E4335A3F3F3F3F0D02020202020202028C
:104E9C00020202020616304A5050505050505492A2
:104EAC00BFD8E9F8FAF8F8F4F4F4F4F3F3F1F0F00D
:104EBC00EEEEEEEEE1CFB17780B9D0E1E9E8E8E8CB
:104ECC00E43F614646463F0D020202020202020224
:104EDC00020D2D505454545454546195C3DBEEFCC4
:104EEC00FCFCFCFCFAFAFAF8F8F4F4F4F4F3F4F041
:104EFC00DECAA67198C3D8E8EBE9E9E9E8E8E8E886
:104F0C00E546644A4A4A46100202020202020202C2
:104F1C00105A5A5A5A5A64A6C5DEF0FCFFFFFFFE1F
:104F2C00FEFCFCFCFCFCFAFAFAFAFAF0DBC395770F
:104F3C00B1CFE1EEEEEEEEEBE9E9E9E9E9E8E8E81C
:104F4C00E84A715050504A10020202020202020258
:104F5C0028616180CADEF3FCFCEED8E4FFFFFFFFA2
:104F6C00FFFEFCFCFCFCFCEED4BF8888BFD4E8F44C
:104F7C00F3F0F0F0F0EEEEEEEEEBE9EBEEE5D3BF96
:104F8C00A63F775454545016020202020202020247
:104F9C00286164E5FEF0E1CFCFE1D4FEFFFFFFFF17
:104FAC00FFFEFAE8D0B980A6C5DCF0FAF8F4F4F408
:104FBC00F4F3F3F1F0F0F0F0EEDECAB17780B9CF94
:104FCC00DE3F805A5A5A54160202020202020202B0
:104FDC00286171EBD7CAD4DCBFFCDBFFFFFEFAE122
:104FEC00CBA880B1CFE4F8FCFCFCFAFAFAF8F8F4A0
:104FFC00F4F4F4F4E9D7BF9277A8CADBE9EEE9E957
:10500C00E83F80616161611B02020202020202023E
:10501C002D6177E9BFC5D0D8E9FCF3DBC59888BF13
:10502C00D4E9FCFEFFFEFEFCFCFCFCFAFAFAFAF6F4
:10503C00E1CBB17795BFD4E5F0F0EEEEEEEBE9E91C
:10504C00E94A88646464611B0202020202020202E1
:10505C002D6477F4DEF4EBD3BF9298C5DBF0FCFF44
:10506C00FFFFFFFFFFFFFFFEFEFCFCEED7BF9580AE
:10507C00B3CFE1F3F4F4F3F0F0F0EEEEEEEEEEEB92
:10508C00E954887171716423020202020202020265
:10509C002D6471CFB992B1CFE1E9DCF4FFFFFFFFD2
:1050AC00FFFFFFFFFFFCF8E1CBB180A6C5DBF0FAF8
:1050BC00FAFAF8F4F4F4F4F3F3F0F0F0EEEEEEF0B8
:1050CC00E954887777777123020202020202020206
:1050DC002D6471D0E5F3F4D8DCC5D3FAFFFFFFFFE4
:1050EC00FEFCEED4C39588BFD3E8FAFCFCFCFCFCB8
:1050FC00FAFAFAF8F8F4F4F4F4F3F4F0E1D0B7793E
:10510C004D42928080807728020202020202020243
:10511C002D7180FAD0D0BBCABBD3CFF0FCF8DECB5C
:10512C00B188A8CBDEF3FCFFFFFFFFFEFEFCFCFC0E
:10513C00FCFCFAFAFAFAF4E8D6BE81492B222911C2
:10514C00253A92808080802802020202020202022A
:10515C00307180F4C4DFC3E5E9E1D3C39595C3D4C2
:10516C00E9FCFEFFFFFFFFFFFFFFFFFFFFFEFCFC64
:10517C00FCFCEED8C38D492B22241F437D6E5D842D
:10518C00253A92888888882D0202020202020202C5
:10519C00307180EDDAD8CBB192B3CFDEE4DEFEFF16
:1051AC00FFFFFFFFFFFFFFFFFFFFFFFEFCF0DBCA6F
:1051BC00A45C352E244E757D4314316E130F1F9E47
:1051CC00244292929292882D020202020202020260
:1051DC003077779598C4D7E9E2DEE4BCBFDCFFFFFB
:1051EC00FFFFFFFFFFFFFFFCF4DECBAF6B352E3C68
:1051FC001D1A3D1875431D1414143182130F1F6EA4
:10520C002447929595959230020202020202020204
:10521C00307780F0E1E4D0D1BFDEB9C3BBD7FEFF5D
:10522C00FFFFFCF8E1D2B76F452E251D7685764041
:10523C001A1A1A18A31D17141412315D3C5F93CD62
:10524C00A955959898989530020202020202020222
:10525C00327788E9CEC4DCE2BBD8D8F0F0FAFAE4B5
:10526C00D2BE7B48394F5D1E213E21853E1E1E1A43
:10527C001A1A1C187578669BBA9FB6CDADADADCD1C
:10528C00A95795A6A6A698320202020202020202B1
:10529C00327788EDBCDAD7E8F0F8E8D6C48F493914
:1052AC0029131867765B4B852121218E3E212A3DDF
:1052BC001A3D666D8AB0ACACC7B6B6C0ACB6B6AC6F
:1052CC00935798A8A6A6A633020202020202020273
:1052DC00327788F8F2EBD8C89A5C352E241418185B
:1052EC00751C5B5B1A213E8E213E215BA396AEC1E1
:1052FC00BAA2A2A29D9DA29FC09F8CB0ACAC937A87
:10530C007455A6A8A8A8A63702020202020202023D
:10531C00328080A46B45584F1F2727141717181875
:10532C00A31C5B672A408E67527D919B9C9CA0BA04
:10533C00BA86868683BABAB09F937A746C628DBB38
:10534C00D050A6B1B1B1A83F020202020202020281
:10535C00328079246E5D4E6E31121214141718437C
:10536C00961C66B2AE9BA09B9B9B9191919BB2B2FB
:10537C0091848687937A736C6FAFCAD8E9FAFCFC78
:10538C00F350A8B1B1B1A83F02020202020202021C
:10539C0032807911110F0F843B1327144E9B84A775
:1053AC00C99CBAB8918484827D7D7D75AEB2A2937E
:1053BC007A736B81B7CFDEF0FCFEFEFEFCFCFCFCCE
:1053CC00F450A8B3B3B3B13F0202020202020202CC
:1053DC00338079111F135D9B3C4C7287C98A83867D
:1053EC00C184A7B2AEB2AE7D848A707C736F9AC34F
:1053FC00D4E4E9F4F3D8DEE5FFFFFFFEFEFCFCFC91
:10540C00F454B1B9B3B9B346020202020202020269
:10541C00338079389D878CC09F727283C168685DB8
:10542C00916E6E9C9389746C628DCBD8E9FAE4E42E
:10543C00DCCAD8CBC3D3B1FCFFFFFFFFFFFFFEFCE0
:10544C00DB50A6B1B3B9B346020202020202020259
:10545C0033888170655F5FB0875956568668727065
:10546C007A736B8DBCD3E1F3D4CFF0CFCBBFC3BB7E
:10547C00B1BFD4C5C5E9DEFFFFFFFCF4DECFBB92A4
:10548C00543F7792A6B1B146020202020202020216
:10549C003788814F879D9D9D5F7063746C7BAFC512
:1054AC00D6E6F8FDFDFDFEFED7CFD7F0EBBBE4CF83
:1054BC00DCE1E4F0F8FCF4DECFB98854504A3F321A
:1054CC00281B37325080983F02020202020202026D
:1054DC0037888170897C736B81B7D2DCEAF6FCFD6E
:1054EC00FBFDFDFCFDFCFDFDD7CFEED3EDFCFFFC81
:1054FC00FCEEDCCBB38861544A3F322D28282D2D8D
:10550C0030304632282D50330202020202020202CF
:10551C003788889AC4D4E0F1F8ECD0E9FBFBFBFCAB
:10552C00FBFBFCFDFCFDFDFCD8CFFCF4E1D4C5A8D5
:10553C007761544A3F32537EB4CEDFCE3F2F3030AA
:10554C003232544630281B230202020202020202AB
:10555C00378895F6DFE2DAD0C8DAC8F1FBFBFBFB43
:10556C00FBFBFBFCFCFBF4E1C39292645A544A37FC
:10557C002D2D2D2D2D60E3F9F7F7F7F6E68B32364E
:10558C0036417E543F322D230202020202020202F5
:10559C00378895E7CFC3BCCEBFD3C8EAFBFBFBFC77
:1055AC00F6E7D8CAB5926461503F3F538BB5D2DC55
:1055BC008B2D2D30303041C6F2F7F6F6F6F7D27E51
:1055CC007F8BAA645046372D0202020202020202AD
:1055DC00378895E7C4D3E4E2DCEEFBF3DED0C49865
:1055EC0077615A503F322D2D2D30BDF2F9F7F7F778
:1055FC00F6CC413236364141A5E7F7F7F7F7F7EC31
:10560C00BD94B58061544A370202020202020202C2
:10561C00378895F0EAFAEDDBCEB9926461544646D0
:10562C006197BDD2C2332D2D30302D80E3F7F6F7C4
:10563C00F7F7E6AA717F8B8B8B99D6F7F7F6F6F610
:10564C00F6DABC8871615A4A0202020202020202B4
:10565C00378888B1A8806461503F32302D2D5AE0D4
:10566C00FAFAF9F8F9E071303232364661D2F7F7CE
:10567C00F7F7F7F6D9A59497949494BDE7F6F9F952
:10568C00F1ECDABFA67764540202020202020202B3
:10569C0030615446536097C2CC4A2D2D2D2D2D468A
:1056AC00D2F7F7F7F7F7F7C67E778B8B8B8BB5E6D0
:1056BC00F9F6F7F7F7ECBDA1ABBCC6CBCFC8B17709
:1056CC005330282D549298770202020202020209EA
:1056DC00282832C6EEF8FAFAFAEEA6303032333F0A
:1056EC0044B3ECF6F6F6F6F9E6B5909494949499E6
:1056FC00D5F7F7F2ECE0D1B497643F281B262826A7
:10570C0028282823150D0A0D020202020202023774
:10571C002D2D2D32BBF3FAF8F8F7F9D77E7E7E8B60
:10572C008B8B97DAF7F7F7F7F7F7D2A1ABB5BDB5D7
:10573C00ABA57E442D191619191B23202016100B0E
:10574C0009040202020202020202020202020237EF
:10575C00162630364692E3F9F9F9F9F9F1C28B8B3A
:10576C0094979494C2F2F7F2E6D9C6976036190E64
:10577C000E1515151519150E0C090404020202025A
:10578C0002020202020202020202020202021BE4F2
:10579C00C32F41698B8B8BCCF2F6F6F6F9F9DDABA6
:1057AC00ABABB4B4A58B5E2C0E0B0B0E0E0E0E0E0B
:1057BC000E0C08060402020202020202020202029B
:1057CC00020202020202020202020202020223EEA0
:1057DC00EEE19233608B948BB5E7ECE3D5C2A1601C
:1057EC002C150B07070B0B0B0B0B0B0806030402FA
:1057FC00020202020202020202020202020202027D
:10580C00020202020202020202020202020228F058
:10581C00EEEEEECF5353695E442C150B07070707CA
:10582C00070707070707030402020202020202022B
:10583C00020202020202020202020202020202023C
:10584C0002020202020202020202020202020DEE35
:10585C00A888D3EEE5B1190505050507050505036F
:10586C00040102020202020202020202020202020B
:10587C0002020202020202020202020202020202FC
:10588C0002020202020202020202020202020DD80B
:10589C00BFCA88EEEEF3B91919200B09100B0404DA
:1058AC0002020202020202020202020202020202CC
:1058BC0002020202020202020202020202020202BC
:1058CC0002020202020202020202020202020DE9BA
:1058DC00B3BBB1F3F0C33228302D3FCBF3F0ECE285
:1058EC00DDD57728281010160C16230D060402029D
:1058FC00020202020202020202020202020202027C
:10590C0002020202020202020202020202020DFA68
:10591C00EEDEF4E18B2F34443495E8FAF8F8F8FA1B
:10592C00E58830323030302DB3EEF2F2ECE7E0B5F2
:10593C00232626160D0E41442C15090301020202E2
:10594C0002020202020202020202020202020DFA28
:10595C00FAF3CC6A607F7F7FD0F8FAFAF8F8F8CCCB
:10596C0053444141413664DDF9F7F7F7F7EDAB2FBE
:10597C003030302D37C6F2F1EFEFEAE7AA302826A7
:10598C0026231004020202020202020202020CFA94
:10599C00E4AA698B9999C4ECFCFAFAFAFAE9BD7F8E
:1059AC007F7F6A6A60BDF2F7F7F7F7F7D95E364189
:1059BC004136368BE3F7F5F5F5F5E27E2D30302FD9
:1059CC002D2DA5371609040202020202020202BBA7
:1059DC00987E99A1ABD9FAFAFAFAFAFAD9A199995F
:1059EC00999999B5E2FBF9F6F6F6F2C87F7E695EF5
:1059FC00605ECCF2F5F5F5F5EFC844363636373245
:105A0C0051D6EF4A322D1B0D020202020202020392
:105A1C000A0E304A95C3D0D8E1E9E9C6ABABA1A1D7
:105A2C0099A1CEF1F9F6F7F7F9E0AB999999999913
:105A3C00BDEAF6F5F5F5F5EAB56A6960515151AB79
:105A4C00EAF5EF5A4637302802020202020202023D
:105A5C000202020202020202040609163033617EBF
:105A6C007EB5D7DDE3ECF2F2D2ABA1A19999A1D529
:105A7C00F6F5F5F5F5F5DAA19999999999ABDDF566
:105A8C00F5F5F17154463F300202020202020202A5
:105A9C0002020202020202020202020202020202DA
:105AAC00040404040B101B3F50617E9297AAD2E0B1
:105ABC00E7EDF1F6ECC2999999999999C8EDF5F53C
:105ACC00F5F5F1806154503F02020202020202021B
:105ADC00020202020202020202020202020202029A
:105AEC0002020202020202020202020406090A0D6A
:105AFC00233041648088A5A5B1B4BCD5F1F1F6F989
:105B0C00F6F5DA88716461500202020202020202A6
:105B1C000202020202020202020202020202020259
:105B2C000202020202020202020202020202020249
:105B3C0002020202020406090C102332476188A5F6
:105B4C00B4BDBFBFB9B195640202020202020202E7
:105B5C000202020202020202020202020202020219
:105B6C000202020202020202020202020202020209
:105B7C0002020202020202020202020202020202F9
:105B8C0004090C162D4A779202020202020200004E
:105B9C0000000000000054525545564953494F4EE1
:105BAC002D5846494C452E000001010000000118FB
:105BBC000000000020002000080831852634892BC5
:105BCC00308B313C8453338F363490372D903A35AB
:105BDC0091382F923C30933D31943E32953F34971F
:105BEC0042359843379A45309A48319B49329C4A02
:105BFC00339D4B3A9E492FA25238A35138A25839A3
:105C0C00A45241A55033A55553A05E47A25D34A6BE
:105C1C00564FA35B34A55E35A75749A55736A858F0
:105C2C0036A76030AA5C37A86138AA5A45A85D38F7
:105C3C00A96239AB5B53A76031AA6539AA633AAB49
:105C4C006455A96233AC673BAC6555AA6343AD643C
:105C5C0046AD7431B4685BAF6F54AF724FB26F5DC9
:105C6C00B17157B27558B37637B87559B4774DB61C
:105C7C007554B57A5AB5785BB67941B97C5CB77A0C
:105C8C0050B9785DB87B43BB7E5FBA7D5FB98460E9
:105C9C00BB7E60BA8561BB864EBD865DBD8A63BD29
:105CAC00885FC1865FC08C66C18B61C28E67C28CF7
:105CBC006EC28A68C38D6FC38B76C3916AC58F7EA3
:105CCC00C59072C59573C69674C79775C89876C9F2
:105CDC009988C3AA77CA9A78CC9B7ACCA480CCA298
:105CEC0082CFA483D0A584D1A685D2A78DD2AC882F
:105CFC00D3AF8ED3AD82D5AC9AD2AE8FD4AE91D673
:105D0C00B092D7B198D6B593D8B29AD8B79BD9B828
:105D1C0095D9BB9CDAB997DDB79FDDBCB1D9C7A0CB
:105D2C00DEBDB2DBC2A1DFBEA2DEC5A8DFC3A3E02D
:105D3C00C6A9E0C4AAE1C5ABE2C6ACE3C7ADE4C8F2
:105D4C00C0E0D3AEE5C9A8E7C5AEE4CFB5E4CDAFAE
:105D5C00E6CAB6E5CEB7E6CFB8E7D0B9E8D1C0E829
:105D6C00D6C0EAD0C1E9D7C2EAD8C3EBD9CBEBDEB7
:105D7C00C5EDDACCECDFC6EEDBCCEED9CDEDE0D365
:105D8C00F3E6D6F6E9000000656565646464636358
:105D9C00636262626161616060605F5F5F5E5E5EF4
:105DAC005D5D5D5C5C5C5B5B5B5A5A5A595959583A
:105DBC00585857575756565655555554545453537F
:105DCC00535252525151515050504F4F4F4E4E4EC4
:105DDC004D4D4D4C4C4C4B4B4B4A4A4A494949480A
:105DEC00484847474746464645454544444443434F
:105DFC00434242424141414040403F3F3F3E3E3E94
:105E0C003D3D3D3C3C3C3B3B3B3A3A3A39393938D9
:105E1C00383837373736363635353534343433331E
:105E2C00333232323131313030302F2F2F2E2E2E63
:105E3C002D2D2D2C2C2C2B2B2B2A2A2A29292928A9
:105E4C0028282727272626262525252424242323EE
:105E5C00232222222121212020201F1F1F1E1E1E33
:105E6C001D1D1D1C1C1C1B1B1B1A1A1A1919191879
:105E7C0018181717171616161515151414141313BE
:105E8C00131212121111111010100F0F0F0E0E0E03
:105E9C000D0D0D0C0C0C0B0B0B0A0A0A0909090849
:105EAC00080807070706060605050504040403038E
:105EBC000302020201010100000099999999999934
:105ECC0099999999999999999903999999999999CC
:105EDC009999999999999999999999999999999926
:105EEC00999999999999999999983C999999999974
:105EFC009999999999999999999999999999999906
:105F0C009999999999999999919390329999999973
:105F1C0099999999999999999999999999999999E5
:105F2C00999999999999998296958F87999999990F
:105F3C0099999999999999999999999999999999C5
:105F4C00999999999999919695908D89749999990E
:105F5C0099999999999999999999999999999999A5
:105F6C0099999999997696958F8B867F7B69999952
:105F7C009999999999999999999999999999999985
:105F8C00999999999997928E8A817D77716E599981
:105F9C009999999999999999999999999999999965
:105FAC009999999994908C897F7B73706C66624CEB
:105FBC009999999999999999999999999999999945
:105FCC009999998C8D8A817E7973706863614B2A5B
:105FDC001A999999999999999999999999999999A4
:105FEC009999788A837F7A73716C65615E4E2A2CDD
:105FFC002B99999999999999999999999999999973
:10600C00998885807C75736F6B64615C5A2E2C2823
:10601C0022129999999999999999999999999999E2
:10602C006A807A7773726D67635F5B56422B2522A9
:10603C001F19069999999999999999999999995D8D
:10604C00847977736F6B64615E5A56532F24271EC5
:10605C0016151200999999999999999999999999CB
:10606C00999999999963605C59544F4C21220299E2
:10607C009999999999999999999999999999999984
:10608C0099999999995F5B59534F493D1F1C0B99ED
:10609C009999999999999999999999999999999964
:1060AC0099999999995A58534F4847361C171499EE
:1060BC009999999999999999999999999999999944
:1060CC00999999999956514F4846433115152399E9
:1060DC009999999999999999999999999999999924
:1060EC009999999999514C4945433F2612113399E5
:1060FC009999999999999999999999999999999904
:10610C0099999999994C4745413E391812103A99E9
:10611C0099999999999999999999999999999999E3
:10612C0099999999994846413B393712100D4099E4
:10613C0099999999999999999999999999999999C3
:10614C00999999999945413E3835300F0D0B4499E1
:10615C0099999999999999999999999999999999A3
:10616C009999999999413B383430200C0B084A99EC
:10617C009999999999999999999999999999999983
:10618C0099999999993B393430300E0B08064D99F1
:10619C009999999999999999999999999999999963
:1061AC0099999999993734342D1B0A0905025099FC
:1061BC009999999999999999999999999999999943
:1061CC00999999999934342D1D0A0804020252990F
:1061DC009999999999999999999999999999999923
:1061EC009999999999302913090705020100559934
:1061FC009999999999999999999999999999999903
:10620C0099999999170C09080602020100005799EF
:10621C0099999999999999999999999999999999E2
:10622C0099999999999999999999999999999999D2
:10623C0099999999999999999999999999999999C2
:10624C0099999999999999999999999999999999B2
:10625C0099999999999999999999999999999999A2
:10626C009999999999999999999999999999999992
:10627C009999999999999999999999999999999982
:10628C009999999999999999999999999999999972
:10629C009999999999999999999999999999999962
:1062AC009999999999999999999999999999999952
:1062BC0099999999999999999999000000000000D8
:1062CC00000054525545564953494F4E2D58464996
:1062DC004C452E00000101000000011800000000D8
:1062EC0020002000080830821D3585273588293488
:1062FC00882A33892C308C33308C34328D35338E64
:10630C00352E8B44338F36348F3631913A32913A65
:10631C003591393592392F933C33933B31943E313F
:10632C00953F32954033954033964135974233989B
:10633C00463D9748399947309A47319A47319B489F
:10634C00329C49359C48349E51359F4E429E50415B
:10635C009F523BA052439F5438A24F32A35139A3B2
:10636C005137A35235A05D35A35536A45234A455EC
:10637C0032A55649A35632A65734A75933A75C33D6
:10638C00A95836A75E35A76045A75D37A86137A821
:10639C006237A95F39A96237A96348A95E37AA6336
:1063AC0033AC6132AB6555AA6134AC6655AA625602
:1063BC00AA6332AD6857AB644FAC6457AB654DAC58
:1063CC006857AC6659AC6943AF6C59AD6C5AAF6841
:1063DC0056AF6D38B36A58AE705BAF6F52B06F3F4B
:1063EC00B56D3FB5715BB36F58B27557B2765DB290
:1063FC007459B3764AB6755EB47559B4775DB47694
:10640C0059B47849B77451B7745EB67358B6765BA5
:10641C00B67956B7785CB77A5EB77A5CB87B55B903
:10642C007E5EB97C60BA786AB97A55BA7E5FBA7CFE
:10643C005FBA7F61BA7F6EBA7C60BB7F60BC8061E3
:10644C00BB845DBC8263BE8163BD8863BD8966BD50
:10645C008B67BE8A65BF8A66C18868C08B66C18C33
:10646C0067C28C6AC38A69C28E6DC38D6EC48B6D14
:10647C00C48F6FC49171C49272C49573C69371C664
:10648C00956EC8926FC89273C79774C79777C99A5D
:10649C0077CA9974CB9876CB9A78CC9D7ACD9D7D22
:1064AC00CD9F7BCDA07ECDA07FCDA198C8AA74CD69
:1064BC00A680CEA184CEA282CFA483CFA47CD1A16E
:1064CC0084D0A588D0A886D1A676D3A687D1A78953
:1064DC00D1A889D1A97DD3AA82D3A98BD3AD8ED3D0
:1064EC00AD90D3AE8ED4AF8ED5AF8CD6AF93D6B194
:1064FC008AD7B193D6B295D8B597D8B598D8B6995E
:10650C00D8B699D9B79DD9B89ADAB89CDAB99DDBC7
:10651C00BA9CDBBB9EDBBB9DDCBB9EDCBB9FDCBCAF
:10652C00A7DAC1A1DDBDB6D9C59FDEBEA0DFBFA66F
:10653C00DEC1A2DFBFA2DFC0A4DFC0ABE0C4A6E017
:10654C00C6A6E1C4A7E1C4AAE1C5A9E1C6ACE1C6EF
:10655C00AEE2C8B0E2C8AEE3C8ADE4C7B1E4CBB3B9
:10656C00E4CCB5E4CCB6E4CEB4E5CDB3E5CEB8E638
:10657C00CEB7E7CEB9E7CFBCE8CFBBE8D2BFE9D402
:10658C00BFE9D6C2EAD6C3EAD6C2EAD8BFEBD6C3B5
:10659C00EBD7C2EBD8C3ECD9CCECDCC8EDDBCAEE44
:1065AC00D8CCECDFCDEDDECCEEDCCEEDDFCDEDE00E
:1065BC00CDEEDECEEEE1C9F0DCD2F2E5D7F7EA00A3
:1065CC0000000B0B0B0A0A0A09090908080807073F
:1065DC00070606060505050404040303030202026C
:1065EC00010101000000F3F3F3F3F3F3F3F3F3F31E
:1065FC00F31FF3F3F3F3F3F3F3F3F3F3F3F3F3F333
:10660C00F3F3F3F3F3F3F3F3F3F3F3F3F3F3F3F34E
:10661C00F3462315110C0805040370F3F3F3F3F39D
:10662C00F3F3F3F3F3F3F3F3F3F3F3F3F3F3F3F32E
:10663C00F355404522100D0806026BF3F3F3F3F308
:10664C00F3F3F3F3F3F3F3F3F3F3F3F3F3F3F3F30E
:10665C00F36150404225120D0A0766F3F3F3F3F38E
:10666C00F3F3F3F3F3F3F3F3F3F3F3F3F3F3F3F3EE
:10667C00F36A5B5147431A130E0B64F3F3F3F3F312
:10668C00F3F3F3F3F3F3F3F3F3F3F3F3F3F3F3F3CE
:10669C00F3725D584D492F16130F60F3F3F3F3F3B8
:1066AC00F3F3F3F3F3F3F3F3F3F3F3F3F3F3F3F3AE
:1066BC00F375635C574C4A1817145FF3F3F3F3F359
:1066CC00F3F3F3F3F3F3F3F3F3F3F3F3F3F3F3F38E
:1066DC00F37B696359564E241C1754F3F3F3F3F30D
:1066EC00F3F3F3F3F3F3F3F3F3F3F3F3F3F3F3F36E
:1066FC00F37F7169655C563C1B1C53F3F3F3F3F3A6
:10670C00F3F3F3F3F3F3F3F3F3F3F3F3F3F3F3F34D
:10671C00F389767369655E48281E4FF3F3F3F3F340
:10672C00F3F3F3F3F3F3F3F3F3F3F3F3F3F3F3F32D
:10673C00F38A7D77716D675226283EF3F3F3F3F3FA
:10674C00F3F3F3F3F3F3F3F3F3F3F3F3F3F3F3F30D
:10675C00F38F837D7A736E62272B33F3F3F3F3F3AA
:10676C00F3F3F3F3F3F3F3F3F3F3F3F3F3F3F3F3ED
:10677C00F39D8C847E7A736F302D20F3F3F3F3F357
:10678C00F3F3F3F3F3F3F3F3F3F3F3F3F3F3F3F3CD
:10679C00F3A6918E85807A7931341DF3F3F3F3F3FC
:1067AC00F3F3F3F3F3F3F3F3F3F3F3F3F3F3F3F3AD
:1067BC00F3AC9E949086827C4B392109F3F3F3F36E
:1067CC00F3F3F3F3F3F3F3F3F3F3F3F3CCCAC2B849
:1067DC00B9B0ABA296928881683D38352E2C290031
:1067EC00F3F3F3F3F3F3F3F3F3F3F3F3F3BED1C8EF
:1067FC00C4B8B4ADA79C938B87413A37343201F3BC
:10680C00F3F3F3F3F3F3F3F3F3F3F3F3F3F3D5D786
:10681C00D0C9C1BAB3AAA0998D743F3A3B19F3F30E
:10682C00F3F3F3F3F3F3F3F3F3F3F3F3F3F3F3E23D
:10683C00DCD6CEC6BBB6AFA49B955A4436F3F3F365
:10684C00F3F3F3F3F3F3F3F3F3F3F3F3F3F3F3F30C
:10685C00F0DEDBD2CBBFB7B1A89F9A6CF3F3F3F3A6
:10686C00F3F3F3F3F3F3F3F3F3F3F3F3F3F3F3F3EC
:10687C00C0EBE4DDD9CDC3BCB2A9A378F3F3F3F339
:10688C00F3F3F3F3F3F3F3F3F3F3F3F3F3F3F3F3CC
:10689C00F3E6ECE5DFD8D3C7BDB5A1F3F3F3F3F31F
:1068AC00F3F3F3F3F3F3F3F3F3F3F3F3F3F3F3F3AC
:1068BC00F3F3F2EAE7E3DAD4CF98F3F3F3F3F3F379
:1068CC00F3F3F3F3F3F3F3F3F3F3F3F3F3F3F3F38C
:1068DC00F3F3F3E9EDE8E1E0A5F3F3F3F3F3F3F30A
:1068EC00F3F3F3F3F3F3F3F3F3F3F3F3F3F3F3F36C
:1068FC00F3F3F3F3EDEFEEAEF3F3F3F3F3F3F3F3B0
:10690C00F3F3F3F3F3F3F3F3F3F3F3F3F3F3F3F34B
:10691C00F3F3F3F3F3F1C5F3F3F3F3F3F3F3F3F36B
:10692C00F3F3F3F3F3F3F3F3F3F3F3F3F3F3F3F32B
:10693C00F3F3F3F3F3972AF3F3F3F3F3F3F3F3F340
:10694C00F3F3F3F3F3F3F3F3F3F3F3F3F3F3F3F30B
:10695C00F3F3F3F3F3F3F3F3F3F3F3F3F3F3F3F3FB
:10696C00F3F3F3F3F3F3F3F3F3F3F3F3F3F3F3F3EB
:10697C00F3F3F3F3F3F3F3F3F3F3F3F3F3F3F3F3DB
:10698C00F3F3F3F3F3F3F3F3F3F3F3F3F3F3F3F3CB
:10699C00F3F3F3F3F3F3F3F3F3F3F3F3F3F3F3F3BB
:1069AC00F3F3F3F3F3F3F3F3F3F3F3F3F3F3F3F3AB
:1069BC00F3F3F3F3F3F3F3F3F3F3F3F3F3F3F3F39B
:1069CC00F3F3F3F3F3F3F3F3F3F3F3F3F3F3F3F38B
:1069DC00F3F3F3F3F3F3F3F3F3F3F3F3F3F3F3F37B
:1069EC00F3F3F3F3F3F30000000000000000545243
:1069FC005545564953494F4E2D5846494C452E0046
:106A0C0000010100000001180000000024002A0011
:106A1C0008084A4A4A4C4C4C5151515555555757F8
:106A2C00575858585A5A5A5C5C5C5E5E5E63636396
:106A3C006565656666666B6B6B6D6D6D6E6E6E74A3
:106A4C0074747C7C7C8484848989898D8D8D9696E4
:106A5C00969B9B9BA2A2A2AFAFAFB3B3B3BCBCBC83
:106A6C00BEBEBEC9C9C9CECECED5D5D5D6D6D6E03A
:106A7C00E0E0E2E2E2E4E4E4E7E7E7E9E9E9EEEEAC
:106A8C00EEF2F2F2F4F4F4F7F7F7F9F9F9FAFAFA9C
:106A9C00FCFCFCFEFEFEE5E5E9BABAC366666C5A80
:106AAC005A6049494F595A6363646A5B5C61535538
:106ABC005D484A5244464E616367D7DADF94979C2F
:106ACC00575B60ACAFB254595E4E5459D2D6D9D143
:106ADC00D4D6F8FBFDDFE4E7F1F6F95A5F62CFD4C8
:106AEC00D6D2D3D3686969F5F7F7FDFFFF4E4F4F48
:106AFC00525353656767696B6B6A6C6CFBFFFF578E
:106B0C0059595B5D5D5D5F5F626464A2ACAC5A64B5
:106B1C0064505A5AF7FFFE515C595457564A4F4D20
:106B2C009FB1AA6B7973A9ABAA33423AF3F9F55723
:106B3C005E594F56514B584EF9FFFA848A85E3E45F
:106B4C00E3DEE0DECFD2CFF6FDF68B9589F1F9EFDF
:106B5C00A2AAA0464D44676B655B5F59696E65746C
:106B6C007A6FF9FAF8E7E9E5555951595D52D3D4E2
:106B7C00D0D4D5D0ABACA25F6056979A7D58594013
:106B8C00DADAD9616160DEDEDCFFFFFDD7D7D4FF36
:106B9C00FFFBFFFFF9FFFFF7D5D5CAFFFFEFB4B43A
:106BAC00A7FFFFE4CFCFB3FFFFDC858564FFFFB702
:106BBC00959668FEFDD4FFFDCBFFFDAA7B7955EDC4
:106BCC00EBD2A7A3726B6843FFFEF5FFFCE8A9A705
:106BDC0098E0DCC0F4F2E7615D45C0A831FAF9F544
:106BEC008E8D89F5F3EB555450F4EFDAEAE1BCC91C
:106BFC00A92A736A49D5AC23FFEFBBA89149B39579
:106C0C003CD9AC25E9B20F958350CDA63ED7AD3B10
:106C1C00C19A2BCBA12DDFAA1AE5D09C6B5E3FAE9F
:106C2C009965A48F5BC09F50A78942B898496C6640
:106C3C0059C8A860B7985BBCB9B4807D78655B4EC9
:106C4C00443D34695B49FAF3EBFFF2E3FFFCF9AB2B
:106C5C009D92685F5AE2E0DF6866656B69685C5A12
:106C6C0059FFF9F6FAF7F68E8B8AE5E1E0625E5D84
:106C7C00C6C5C5D6D5D5717070E7E5E5E9E7E7F788
:106C8C00F5F5FFFDFD464545FDFAFA696767737139
:106C9C00715856565A58585C5A5AA9A1A26A62633E
:106CAC00484041544D4E6F696A6A64654F494A6564
:106CBC005A5C5F5557F3E8EB584D50CDC3C6D3D152
:106CCC00D2D5D3D46360625C595B5D5A5C5E5B5D0C
:106CDC00D9D5D8F5E6F4D3C4D2716270D7D4D7FF26
:106CEC00FCFFFCF2FEF5F1F6C2BEC3D3D0D4CAC78A
:106CFC00CBDAD4DC5D5C5E656466FCFAFF5D5963DF
:106D0C005D596463606AEFEEF7807F89FFFFFF00D7
:106D1C000000272BFEFEFEFEFEFEFEFEFEFEFEFE2D
:106D2C00FEFEFEFEFEFEFEFEFEFEFEFEFEFEFEFE77
:106D3C00FEFEFEFEFEFE2AFE2BFEFEFEFEFEFEFE0E
:106D4C00FEFEFEFEFEFEFEFEFEFEFEFEFEFEFEFE57
:106D5C00FEFEFEFEFEFEFEFEFEFE29FE241D1D1D99
:106D6C001EEEEAEEEE3F44443E4444443F3F3F4572
:106D7C0045F5F5EAE4747E757566712AFEFEFE290A
:106D8C00014A09070307F651504F4D5851515133E1
:106D9C002FFAF9FAF9D9E0DCDEC3C45877727266BF
:106DAC00FEFE2B7C0A0C460B0E09F74F4D4B494C43
:106DBC0050525237F7FBFBFBFBE0DFD4DDC3C26C58
:106DCC006D6E6E65FEFEFE280D0002075158597758
:106DDC009C7997A0AEAEAEAEAEBBBBB9BBB4BBBAE2
:106DEC0077C9DE4A4B6B6326FEFE2928FEFE15088A
:106DFC005C69FEFEFEFEFEFEFEFEFEFEFEFEFEFEDE
:106E0C00FEFEFEFEFEFEFE505167677DFEFEFE2B73
:106E1C002A2B5C061792808F8F8BA2898D8D8D8D7E
:106E2C008D898989898B9D9D93C6FE32304E402B6E
:106E3C00FEFEFE2B2B291A0116818095B8AFA7A355
:106E4C00B2A4A4A4A3A3A3A3B08A8E94927DC82EAB
:106E5C002F624EFEFEFEFEFEFEFE264A0B9292872F
:106E6C0090A4B6A9A9A1ACA1A19FAA98988A8A932B
:106E7C00FED2C835FD4E70FEFEFEFEFEFE27FE075E
:106E8C0003BC80FE85B5B6ABABA5A5A1A19FA99807
:106E9C00989087FEFE7DC7FA2D4E40FEFEFEFEFE4C
:106EAC00FEFE2715077883FE9293BFB3B3ACA6A65C
:106EBC00A6ABABB5B625FE28FE240B0426FEFEFEC3
:106ECC00FEFEFEFEFEFEFE230379718180FEBDB543
:106EDC00B1ACACA6A6ABABB28C29292AFE14D1134B
:106EEC00FEFEFEFEFEFEFEFEFEFEFEFE15736F486F
:106EFC0048FE818CB6A8A8ABA9B1A487FEFEFECF34
:106F0C00CA4F0747FEFEFEFEFEFEFEFEFEFE2B27D0
:106F1C00FE6E6B5C478181FEA2AAA8AA9FB38D87E7
:106F2C00FEFE2A2B0C491927FEFEFEFEFEFEFEFE7F
:106F3C00FEFEFE2AFE2C3235396262FEFE8CA7AFB5
:106F4C00AF9E85FEFEFE24CC03122AFE29FEFEFE19
:106F5C00FEFEFEFEFEFEFEFE2A40383C3D5C67FE59
:106F6C00FEFEA2B0AD87FEFEFE260E010FFEFEFE5B
:106F7C00FEFEFEFEFEFEFEFEFEFEFEFE2BEFFC3EC9
:106F8C00435D5B6767FEFE7FFE70FE564404071090
:106F9C00FEFEFEFEFEFEFEFEFEFEFEFEFEFEFEFE05
:106FAC00FEEFEF42415B61616892FEBEC57D645BA2
:106FBC005705122B2A2BFEFEFEFEFEFEFEFEFEFEEB
:106FCC00FEFEFEFEFEFEEF7D99626A5F602FFCEF17
:106FDC00F02D36545519FEFEFE2BFEFEFEFEFEFE77
:106FEC00FEFEFEFEFEFEFEFEFEFEFEFE7D69675E02
:106FFC00632F39F8FC34315356FE2A27FEFEFEFE71
:10700C00FEFEFEFEFEFEFEFEFEFEFEFEFEFEFEFE94
:10701C00C680807FB79C9AC66404CCFECFFE28FE47
:10702C002AFEFEFEFEFEFEFEFEFEFEFEFEFEFEFE48
:10703C00FEFEFEFE7D809BB8779CC1FECF7B0211CD
:10704C002727FEFE29FEFEFEFEFEFEFEFEFEFEFED7
:10705C00FEFEFEFEFEFEFEFEFEE3E0B4B984FEFE86
:10706C00FE82B4D9D518FE47FE2BFEFEFEFEFEFEB8
:10707C00FEFEFEFEFEFEFEFEFEFEFEFE5CDBE214EF
:10708C00BCFEFE86FEFE96D8DA04CCFE47FEFEFE63
:10709C00FEFEFEFEFEFEFEFEFEFEFEFEFEFE483B7D
:1070AC003AEDEC80FEFE86918AFEFEEFE10AD607F1
:1070BC00FEFE27FEFEFEFEFEFEFEFEFEFEFEFEFEBB
:1070CC00FE565A373CEBF0C5FE868E788878FEFE6D
:1070DC00FEFE0F04462BFEFEFEFEFEFEFEFEFEFE38
:1070EC002BFEFEFEFE7ACC7BC1997FFEFE76175CF2
:1070FC00158482FEFE2B29114A1229FEFEFEFEFE8D
:10710C00FEFEFE292BFEFEFE2B12D1CAFEFEFEFE5B
:10711C00FEFEFEFEFEFEFEFEFEFEFE2752D17C2B88
:10712C0029FEFEFEFEFEFE2AFEFE2AFE1B0DB8FE0A
:10713C00FEFED2FEFEFEFEFEFEFEFEFEFEFEFEFE8F
:10714C001B03E62BFEFEFEFEFEFEFEFEFEFEFE27F3
:10715C0008D71FD0FEFEFE7D7D7DFE7F7D7D7D7D73
:10716C00FEFEFEFE2ACC051BFEFEFEFEFEFEFE2AE9
:10717C00282AFE22D1CCEF2BFEFEFEFEFEFEFEFEEA
:10718C00FEFEFEFEFEFEFEFE2B5C0C112AFEFEFE3B
:10719C00FEFE29FEFEFE271704CA2BFEFEFEFEFE97
:1071AC00FEFEFEFEFEFEFEFEFEFEFE2BFE2A007B1B
:1071BC00FEFEFEFEFEFE27FEFEFE25D4052C2BFE5B
:1071CC00FEFEFEFEFEFEFEFEFEFEFEFEFEFEFEFED3
:1071DC0029FE0E0423FEFEFEFEFE2AFE27FEFE0600
:1071EC0008F1FEFEFEFEFEFEFEFEFEFEFEFEFEFEB6
:1071FC00FEFEFEFEFE2912021DFEFEFEFEFEFE2A15
:10720C002928FE0405EFEFFEFEFEFEFEFEFEFEFE4E
:10721C00FEFEFEFEFEFE2AFE2AFE1602CAFE25FE1B
:10722C00FEFEFEFE291A180308F2F2F4F3E5E4F36D
:10723C00E5EEEEE5E5CBCBE5741C1ACAF2191203A8
:10724C0016191C29FEFE2BFE094A0E7B7BE7E7E88C
:10725C00E9E9F9E8E8D6D6E7D5D6D5D6D6070308B6
:10726C007B7B0703D306071829FEFE1E08020806BF
:10727C0009E6E6E6E6E6E6E6E6D3D3D3D3D3D3D304
:10728C00D37B0A097B080A0D090B00152AFEFEFEAA
:10729C0002030A059CC4C4C4C4C4C4C4C4D5D5D593
:1072AC00D5D5D5D5D50309049C0403050201091BCA
:1072BC00FEFEFE29FE22651F20C1C1C1C1C1C1C194
:1072CC00C1CDCDCDCDCDCECE237A231F1F232120F2
:1072DC00221F22FEFEFEFEFE292AFEFEFE7D7D7D85
:1072EC007D7D7DFE7D7DD0D0D07DD02B2BFEFEFE16
:1072FC00FE2B2A2829FE2A2B2AFE00000000000063
:10730C00000054525545564953494F4E2D58464945
:10731C004C452E0000010100000001180000000087
:10732C0040004000080800000000000000000000C1
:10733C000000000000000000000000000000000041
:10734C0000000000000000FFFFFF0101010202022B
:10735C0003030304040405050506060607070708CE
:10736C0008080909090A0A0A0C0C0C0D0D0D0E0E61
:10737C000E0F0F0F111111121212131313141414E8
:10738C001515151818181C1C1C1E1E1E1F1F1F203F
:10739C0020202222222323232424242525252727A9
:1073AC00272828282A2A2A2B2B2B2C2C2C2D2D2D28
:1073BC002E2E2E2F2F2F30303031313132323233BE
:1073CC003333343434353535363636373737383859
:1073DC00383939393A3A3A3B3B3B3C3C3C3D3D3DF4
:1073EC003E3E3E3F3F3F404040414141424242438E
:1073FC004343444444454545464646474747484829
:10740C00484949494A4A4A4B4B4B4C4C4C4D4D4DC3
:10741C004E4E4E4F4F4F505050515151525252535D
:10742C0053535454545555555656565757575858F8
:10743C00585959595A5A5A5B5B5B5C5C5C5D5D5D93
:10744C005E5E5E5F5F5F606060616161626262632D
:10745C0063636464646565656666666767676868C8
:10746C00686969696A6A6A6B6B6B6C6C6C6D6D6D63
:10747C006E6E6E6F6F6F70707071717172727273FD
:10748C007373747474757575767676777777787898
:10749C00787979797A7A7A7B7B7B7C7C7C7D7D7D33
:1074AC007E7E7E7F7F7F80808081818182828283CD
:1074BC008383848484858585868686878787888868
:1074CC00888989898A8A8A8B8B8B8C8C8C8D8D8D03
:1074DC008E8E8E8F8F8F909090919191929292939D
:1074EC009393949494959595969696979797989838
:1074FC00989999999B9B9B9C9C9C9D9D9D9E9E9EC7
:10750C009F9F9FA0A0A0A1A1A1A2A2A2A3A3A3A45C
:10751C00A4A4A5A5A5A6A6A6A7A7A7A8A8A8A9A9F7
:10752C00A9AAAAAAABABABACACACADADADAEAEAE92
:10753C00AFAFAFB0B0B0B1B1B1B2B2B2B3B3B3B42C
:10754C00B4B4B5B5B5B6B6B6B7B7B7B8B8B8B9B9C7
:10755C00B9BABABABBBBBBBCBCBCBDBDBDBEBEBE62
:10756C00BFBFBFC0C0C0C1C1C1C2C2C2C3C3C3C4FC
:10757C00C4C4C5C5C5C6C6C6C7C7C7C8C8C8C9C997
:10758C00C9CACACACBCBCBCCCCCCCDCDCDCECECE32
:10759C00CFCFCFD0D0D0D1D1D1D2D2D2D3D3D3D4CC
:1075AC00D4D4D5D5D5D6D6D6D7D7D7D8D8D8D9D967
:1075BC00D9DADADADBDBDBDCDCDCDDDDDDDEDEDE02
:1075CC00DFDFDFE0E0E0E1E1E1E2E2E2E3E3E3E49C
:1075DC00E4E4E5E5E5E6E6E6E7E7E7E8E8E8E9E937
:1075EC00E9EAEAEAEBEBEBECECECEDEDEDEEEEEED2
:1075FC00EFEFEFF0F0F0F1F1F1F2F2F2F3F3F3F46C
:10760C00F4F4F5F5F5F6F6F6F7F7F7F8F8F8F9F906
:10761C00F9FAFAFAFBFBFBFCFCFCFDFDFDFEFEFEA1
:10762C00FFFFFF000000FFFFFFFFFFFFFFFFFFFF5B
:10763C00FFFFFFFFFFFFFFFFFFFFFFFFFFFFFFFF4E
:10764C00FFFFFFFFFFFFFFFFFFFFFFFFFFFFFFFF3E
:10765C00FFFFFFFFFFFFFFFFFFFFFFFFFFFFFFFF2E
:10766C00FFFFFFFFFFFFFFFFFFFFFFFFFFFFFFFF1E
:10767C00FFFFFFFFFFFFFFFFFFFFFFFFFFFFFFFF0E
:10768C00FFFFFFFFFFFFFFFFFFFFFFFFFFFFFFFFFE
:10769C00FFFFFFFFFFFFFFFFFFFFFFFFFFFFFFFFEE
:1076AC00FFFFFFFFFFFFFFFFFFFFFFFFFFFFFFFFDE
:1076BC00FFFFFFFFFFFFFFFFFFFFFFFFFFFFFFFFCE
:1076CC00FFFFFFFFFFFFFFFFFFFFFFFFFFFFFFFFBE
:1076DC00FFFFFFFFFFFFFFFFFFFFFFFFFFFFFFFFAE
:1076EC00FFFFFFFFFFFFFFFFFFFFFFFFFFFFFFFF9E
:1076FC00FFFFFFFFFFFFFFFFFFFFFFFFFFFFFFFF8E
:10770C00FFFFFFFFFFFFFFFFFFFFFFFFFFFFFFFF7D
:10771C00FFFFFFFFFFFFFFFFFFFFFFFFFFFFFFFF6D
:10772C00FFFFFFFFFFFFFFFFFFFFFFFFFFFFFFFF5D
:10773C00FFFFFFFFFFFFFFFFFFFFFFFFFFFFFFFF4D
:10774C00FFFFFFFFFFFFFFFFFFFFFFFFFFFFFFFF3D
:10775C00FFFFFFFFFFFFFFFFFFFFFFFFFFFFFFFF2D
:10776C00FFFFFFFFFFFFFFFFFFFFFFFFFFFFFFFF1D
:10777C00FFFFFFFFFFFFFFFFFFFFFFFFFFFFFFFF0D
:10778C00FFFFFF0F1219222921160CFFFFFFFFFF2D
:10779C00FFFFFFFFFFFFFFFFFFFFFFFFFFFFFFFFED
:1077AC00FFFFFFFFFFFFFFFFFFFFFFFFFFFFFFFFDD
:1077BC00FFFFFFFFFFFFFFFFFFFFFFFFFFFF101BA0
:1077CC0026303A737A94BDD5D4CBC3AE67290DFF5E
:1077DC00FFFFFFFFFFFFFFFFFFFFFFFFFFFFFFFFAD
:1077EC00FFFFFFFFFFFFFFFFFFFFFFFFFFFFFFFF9D
:1077FC00FFFFFFFFFFFFFFFFFFFFFF0D1C28357092
:10780C0075797E82879DC3DADDDBDAD9D9D7C5805D
:10781C0023FFFFFFFFFFFFFFFFFFFFFFFFFFFFFF48
:10782C00FFFFFFFFFFFFFFFFFFFFFFFFFFFFFFFF5C
:10783C00FFFFFFFFFFFFFFFFFF0F1D27686F778024
:10784C00878D93979BAFD2E6E8E7E6E3E0DDDADAE3
:10785C00D4B433FFFFFFFFFFFFFFFFFFFFFFFFFF6E
:10786C00FFFFFFFFFFFFFFFFFFFFFFFFFFFFFFFF1C
:10787C00FFFFFFFFFFFFFF0C1B235E6877848D96D5
:10788C009CA2A7AAAFC0DFF1F3F1F0EEECE9E5E0C2
:10789C00DBD7D6B121FFFFFFFFFFFFFFFFFFFFFF8D
:1078AC00FFFFFFFFFFFFFFFFFFFFFFFFFFFFFFFFDC
:1078BC00FFFFFFFFFFFF14205B66727E8997A0A776
:1078CC00ADB1B5B8BCCBE7F7F9F9F8F6F4F2EFECDB
:1078DC00E7E1DAD7D26FFFFFFFFFFFFFFFFFFFFFEC
:1078EC00FFFFFFFFFFFFFFFFFFFFFFFFFFFFFFFF9C
:1078FC00FFFFFFFFFF1A215E6C7A86929AA2ABB053
:10790C00B4B6BABBBECDEAFBFCFCFCFBFAF9F7F44F
:10791C00F0ECE6DFD8D7B518FFFFFFFFFFFFFFFF46
:10792C00FFFFFFFFFFFFFFFFFFFFFFFFFFFFFFFF5B
:10793C00FFFFFFFF1B2160707F8C969DA3A5A8AC59
:10794C00AFB1B2B3B6C9E8FBFDFDFDFDFCFCFAF826
:10795C00F6F2EEE8E2DAD6C723FFFFFFFFFFFFFFE8
:10796C00FFFFFFFFFFFFFFFFFFFFFFFFFFFFFFFF1B
:10797C00FFFF0C1B536272818D969A9D9F9F9E9E5A
:10798C009EA0A2A3A6BBE3FBFDFDFDFDFCFCFCFB46
:10799C00FAF7F4F0E9E3DBD5CC2AFFFFFFFFFFFF9A
:1079AC00FFFFFFFFFFFFFFFFFFFFFFFFFFFFFFFFDB
:1079BC00FFFF1B506171808B9395969695949392D3
:1079CC009292939396AEDEF9FDFCFCFDFCFCFCFC64
:1079DC00FBFAF8F6F1EAE3DBD4CC25FFFFFFFFFF5F
:1079EC00FFFFFFFFFFFFFFFFFFFFFFFFFFFFFFFF9B
:1079FC00FF164B5C6D7C868C8E8D8C8A8887888874
:107A0C008A8B8D8E91ABDBF9FDFCFCFCFCFCFCFC49
:107A1C00FBFBFAF8F6F2EBE3DAD3C71BFFFFFFFF31
:107A2C00FFFFFFFFFFFFFFFFFFFFFFFFFFFFFFFF5A
:107A3C00131952657580848684827F7E7F80828450
:107A4C0086888B8C90AADBF9FDFCFCFCFCFCFBFB18
:107A5C00FAF9F8F7F6F3EFEAE2D8D2B70CFFFFFF2A
:107A6C00FFFFFFFFFFFFFFFFFFFFFFFFFFFFFF0F0A
:107A7C00174B5B69747A7C7C797777787A7E808314
:107A8C0086898B8B8DA6D9F8FCFBFBFBFBFBFBFAE9
:107A9C00F9F9F8F7F5F3EFEAE4DCD4D17CFFFFFF5A
:107AAC00FFFFFFFFFFFFFFFFFFFFFFFFFFFFFF15C4
:107ABC004453616B6F6F6E6C6C6E7174787C7E80EE
:107ACC008284848587A3D8F8FCFBFBFBFBFBFBFBC8
:107ADC00F9F9F8F7F6F4F2EDE8DED4CDCD2AFFFF94
:107AEC00FFFFFFFFFFFFFFFFFFFFFFFFFFFF111671
:107AFC004A586368696764616264686C7074787B07
:107B0C007F8284868AA6D9F8FCFBFBFBFBFBFBFB84
:107B1C00FAF9F8F6F5F4F2EFECE4D9CCC8B6FFFFBD
:107B2C00FFFFFFFFFFFFFFFFFFFFFFFFFFFF134004
:107B3C004E596062615E5D5E6164686C7175797DE1
:107B4C00818487898DA7DAF8FCFBFBFBFBFBFBFB35
:107B5C00FBF9F8F6F5F4F3F1EDE8E0D3C5C648FF10
:107B6C00FFFFFFFFFFFFFFFFFFFFFFFFFF0F37448C
:107B7C004F585B5B5958595C6065696E72777B7FB7
:107B8C008285888B8EA9DAF8FCFBFBFBFBFBFBFBED
:107B9C00FBFAF8F7F5F4F2F1EEEAE4D9CCBFB1FF59
:107BAC00FFFFFFFFFFFFFFFFFFFFFFFFFF113A4447
:107BBC004E5356565455585C60656A6E73777B7F8E
:107BCC008386898B8FA9DAF8FCFBFBFBFBFBFBFBA9
:107BDC00FBFAF8F7F4F3F2F0EEEBE6DDD2C3BF30CC
:107BEC00FFFFFFFFFFFFFFFFFFFFFFFF0E113A43F9
:107BFC004B4F50515153575B60656A6E73777B7F67
:107C0C008386898B8FA9DAF8FCFBFBFBFBFBFBFB68
:107C1C00FBFAF8F7F4F3F1EFEEEBE7E0D6C9BD852C
:107C2C00FFFFFFFFFFFFFFFFFFFFFFFF0F323A4297
:107C3C00484C4C4D4F53575B60656A6E73777B7F36
:107C4C008386898B8FA9DAF8FCFBFBFBFBFBFBFB28
:107C5C00FBFAF8F7F5F3F1EEEEEBE8E2D9CDBFB4B1
:107C6C0015FFFFFFFFFFFFFFFFFFFFFF0F32394044
:107C7C004447494A4E52565B6064696E72767A7E0E
:107C8C008285888A8DA9DAF8FCFBFBFBFBFBFBFBEE
:107C9C00FBFAF8F7F5F3F0EEEDEBE8E2DBCFC2BC64
:107CAC0035FFFFFFFFFFFFFFFFFFFF0D0F32383DDA
:107CBC004144464A4D51565B5F63686D7175797DE1
:107CCC00808486898CA7DAF8FCFBFBFBFBFBFBFBB7
:107CDC00FBF9F8F6F5F2F0EEEBEAE7E3DCD2C5BA25
:107CEC0072FFFFFFFFFFFFFFFFFFFF0E2D32373B41
:107CFC003F4245484C5155595E63676B6F74787CB5
:107D0C007F82848689A4D8F8FCFBFBFBFBFBFBFB86
:107D1C00FAF9F8F6F4F2EFECEBE9E7E3DCD3C8BBE5
:107D2C0099FFFFFFFFFFFFFFFFFFFF0F2D31353ADC
:107D3C003E4044474B4F54585C60656A6E7276798E
:107D4C007C7F828387A3D8F8FCFBFBFBFBFBFBFB54
:107D5C00FAF8F7F5F3F1EFECEAE8E5E2DCD4C9BCAC
:107D6C00AE15FFFFFFFFFFFFFFFFFF0F2E31343873
:107D7C003C3F42464A4E52575B5F64686C6F737669
:107D8C007A7C7F8084A1D7F8FCFBFBFBFBFBFBFA26
:107D9C00F8F8F6F4F3F0EEECE8E7E5E2DCD4C9BD74
:107DAC00B820FFFFFFFFFFFFFFFFFF0F2E3134371F
:107DBC003B3E4145494D5155595D6165696D707446
:107DCC0077797C7D809ED6F8FCFBFBFBFBFBFBF9FB
:107DDC00F8F7F5F3F2EFEDEBE8E6E3E0DCD4CABE3E
:107DEC00B82FFFFFFFFFFFFFFFFFFF0F2E313337D1
:107DFC003A3D4044474B4F53575B5F62666A6E7126
:107E0C00737678797C9BD5F8FCFBFBFBFBFAF9F8D5
:107E1C00F7F5F4F2F0EEECE9E7E4E1DFDBD3CABE10
:107E2C00B73BFFFFFFFFFFFFFFFFFF0F2E31333686
:107E3C00393C3E4146494D5155585C6064676A6D0A
:107E4C00707274757899D4F7FCFBFBFBFAF9F8F7B0
:107E5C00F5F4F3F1EFEDEAE8E6E3E1DED9D3CABEDF
:107E6C00B642FFFFFFFFFFFFFFFFFF2D2E31323524
:107E7C00383A3D4044474B4E5256595D60646769F1
:107E8C006C6E70717496D3F6FBFBFAF9F9F8F7F592
:107E9C00F4F3F1EFEEEBE9E7E4E2DFDDD8D2C9BDB4
:107EAC00B545FFFFFFFFFFFFFFFFFF0F2E31323401
:107EBC0037393C3F4245484C4F5356595D606365DA
:107ECC00686A6C6D7092D1F5FAF9F8F8F7F6F5F37B
:107EDC00F3F1F0EEECEAE8E5E3E1DEDCD7D0C7BC89
:107EEC00B53FFFFFFFFFFFFFFFFFFF0F2E313233C8
:107EFC0035383A3D404346494D5053575A5C5F62C2
:107F0C00646668686B8ECEF4F9F7F7F6F5F5F4F263
:107F1C00F1EFEEECEBE8E6E3E2DFDDDAD6CFC6BA62
:107F2C00B335FFFFFFFFFFFFFFFFFF0F2E31323393
:107F3C003436383B3D4044464A4D505356585B5EB0
:107F4C0060626364678ACCF2F7F6F5F5F4F3F2F14C
:107F5C00EFEDECEBE9E7E5E2DFDEDBD8D4CDC4B83E
:107F6C00B326FFFFFFFFFFFFFFFFFF0F2E30313364
:107F7C003334373A3C3F4144474A4D4F5255575A98
:107F8C005C5D5F5F6286C9F0F5F4F3F3F1F1F0EF3D
:107F9C00EDECEAE9E7E5E3E1DEDBD9D7D1CBC1B61D
:107FAC00AF1CFFFFFFFFFFFFFFFFFF0F2D30313333
:107FBC00333335383A3C3E414446494C4E51535686
:107FCC0057595A5A5E82C6EEF2F1F1F0EFEFEEEC31
:107FDC00EAEAE7E6E5E2E0DFDDDAD8D5D0C9BFB3FF
:107FEC009510FFFFFFFFFFFFFFFFFF0E2D3031321B
:107FFC0033333436373B3E404245474A4C4F51525F
:10800C00545557575A7FC4EBF0EEEFEDEDEDEBE91D
:10801C00E9E7E6E4E2E1DFDCDAD9D6D2CDC5BBB0E4
:10802C0080FFFFFFFFFFFFFFFFFFFF0C0F2F313221
:10803C0033333334383F41434547494B4E4F52530A
:10804C00545556575A7EC1E9EEEDEDECEBEBE9E8F1
:10805C00E7E5E4E2E1DFDDDBD8D6D4D0CAC2B7AFC6
:10806C004EFFFFFFFFFFFFFFFFFFFFFF0F2D303223
:10807C003333323640434546484A4C4E50515354A4
:10808C00565758585B7EC1E8ECEBEAEAE9E8E8E6BB
:10809C00E5E4E3E1E0DEDDDBD8D4D1CEC7BEB3AEA0
:1080AC0020FFFFFFFFFFFFFFFFFFFFFF0F2D303112
:1080BC003233344348484A4C4D4E50525355565720
:1080CC00595A5B5B5E80C1E6EAE9E9E8E8E7E6E578
:1080DC00E4E3E1E0DFDDDBDAD9D3CFCBC3BAAF8D9C
:1080EC000CFFFFFFFFFFFFFFFFFFFFFF0C0F2E3109
:1080FC0032313D504F4F50525354555759595B5C88
:10810C005D5E5F5F6183C1E5E9E8E8E7E6E6E5E42B
:10811C00E3E2E0DFDEDDDBDAD9D4CCC6BEB3AD4EB4
:10812C00FFFFFFFFFFFFFFFFFFFFFFFFFF0F2D30E4
:10813C0031324E5A585858595A5B5C5D5E606161D9
:10814C00636363636686C1E4E8E7E6E6E5E4E4E3DB
:10815C00E2E1E0DFDEDCDBDAD8D6CBC1B9AE9D18CC
:10816C00FFFFFFFFFFFFFFFFFFFFFFFFFF0D0F2FC5
:10817C0030365E626262626262636464666667681D
:10818C0068696A696C8AC3E3E6E5E5E5E5E4E3E280
:10819C00E2E1E0DFDEDCDBDAD8D6CBBCB2AC61FFEF
:1081AC00FFFFFFFFFFFFFFFFFFFFFFFFFFFF0F2D95
:1081BC002D3D6B6C6C6C6C6C6C6C6C6D6E6F6F7055
:1081CC0070717171738FC4E3E6E5E5E4E4E3E3E217
:1081DC00E2E0E0DFDEDDDCDAD8D6CBB7AC9C19FF11
:1081EC00FFFFFFFFFFFFFFFFFFFFFFFFFFFF0C0F76
:1081FC002B3F75777677777777777776777777788A
:10820C00797979797B95C8E3E6E5E5E4E4E3E3E2A3
:10821C00E2E1E0E0DFDEDDDBD9D6C9AFAA50FFFF3B
:10822C00FFFFFFFFFFFFFFFFFFFFFFFFFFFFFF0F42
:10823C000E3A7D82818181818181818181818181DF
:10824C0082828282849BCAE3E6E5E5E5E5E4E4E428
:10825C00E3E3E1E1E0DFDEDCD9D6C5A8880DFFFF62
:10826C00FFFFFFFFFFFFFFFFFFFFFFFFFFFFFFFF12
:10827C000F2F7B8E8C8C8C8C8C8C8C8C8C8C8C8C1B
:10828C008C8C8C8C8DA2CCE4E6E6E6E5E5E5E5E4A9
:10829C00E4E3E3E2E1E0DFDCD8D6BA9821FFFFFFAC
:1082AC00FFFFFFFFFFFFFFFFFFFFFFFFFFFFFFFFD2
:1082BC00FF0D639B96969797979797979797979796
:1082CC009797979798AAD0E5E7E7E7E6E6E6E6E51D
:1082DC00E5E4E4E3E2E1DFDCD9D3AD40FFFFFFFFEF
:1082EC00FFFFFFFFFFFFFFFFFFFFFFFFFFFFFFFF92
:1082FC00FFFF1598A29FA0A1A1A1A1A1A1A1A1A13D
:10830C00A1A1A1A1A2B3D4E7E8E8E8E8E7E7E7E791
:10831C00E7E6E6E4E4E2DFDCDCC554FFFFFFFFFF49
:10832C00FFFFFFFFFFFFFFFFFFFFFFFFFFFFFFFF51
:10833C00FFFFFF2CB0ABAAABABABABABABABABAB00
:10834C00ABABABABACBBD8E8E9E9E9E9EAE9E9E905
:10835C00E8E8E7E6E4E2E0DFD86EFFFFFFFFFFFFAF
:10836C00FFFFFFFFFFFFFFFFFFFFFFFFFFFFFFFF11
:10837C00FFFFFF0C54BCB5B4B5B5B5B6B6B6B6B6C2
:10838C00B6B6B6B6B6C3DCEBECECECECEBEBEBEA6E
:10839C00E9E9E8E7E5E2E3E379FFFFFFFFFFFFFF31
:1083AC00FFFFFFFFFFFFFFFFFFFFFFFFFFFFFFFFD1
:1083BC00FFFFFFFF0C61C6C1BEBFBFBFC0C0C0C0C6
:1083CC00C0C0C0C0C0CBE0EDEEEEEDEDEDECECEBE3
:1083DC00EBEAE9E7E5E8E66AFFFFFFFFFFFFFFFFD7
:1083EC00FFFFFFFFFFFFFFFFFFFFFFFFFFFFFFFF91
:1083FC00FFFFFFFFFFFF48C8CFC8C8C8C8C8C8C820
:10840C00C9C9C9C9C9D3E4EFEFEFEFEFEEEEEDED5B
:10841C00ECEAE9E9F0DD38FFFFFFFFFFFFFFFFFFAC
:10842C00FFFFFFFFFFFFFFFFFFFFFFFFFFFFFFFF50
:10843C00FFFFFFFFFFFFFF1FADD9D7D2D1D1D1D1A5
:10844C00D1D1D1D1D2D9E8F0F0F0F0F0EFEFEEEDE0
:10845C00EDEDF2F0B316FFFFFFFFFFFFFFFFFFFF95
:10846C00FFFFFFFFFFFFFFFFFFFFFFFFFFFFFFFF10
:10847C00FFFFFFFFFFFFFFFFFF38BADEE2DCD9D8BA
:10848C00D8D9D9D9D9DFEBF1F2F1F1F0F0F0F0F263
:10849C00F6F3C933FFFFFFFFFFFFFFFFFFFFFFFFF7
:1084AC00FFFFFFFFFFFFFFFFFFFFFFFFFFFFFFFFD0
:1084BC00FFFFFFFFFFFFFFFFFFFFFF2A8DD0E4EB65
:1084CC00E8E5E3E2E2E6EFF3F3F3F4F5F8F8F6E7C8
:1084DC00B931FFFFFFFFFFFFFFFFFFFFFFFFFFFFB4
:1084EC00FFFFFFFFFFFFFFFFFFFFFFFFFFFFFFFF90
:1084FC00FFFFFFFFFFFFFFFFFFFFFFFFFF0F2A6BD9
:10850C00ADCBDDE2E5EBF2F6F5F5F3E9D4B75A1BAA
:10851C00FFFFFFFFFFFFFFFFFFFFFFFFFFFFFFFF5F
:10852C00FFFFFFFFFFFFFFFFFFFFFFFFFFFFFFFF4F
:10853C00FFFFFFFFFFFFFFFFFFFFFFFFFFFFFFFF3F
:10854C00FF0C131E24407D9D91683D2211FFFFFFFF
:10855C00FFFFFFFFFFFFFFFFFFFFFFFFFFFFFFFF1F
:10856C00FFFFFFFFFFFFFFFFFFFFFFFFFFFFFFFF0F
:10857C00FFFFFFFFFFFFFFFFFFFFFFFFFFFFFFFFFF
:10858C00FFFFFFFFFFFFFFFFFFFFFFFFFFFFFFFFEF
:10859C00FFFFFFFFFFFFFFFFFFFFFFFFFFFFFFFFDF
:1085AC00FFFFFFFFFFFFFFFFFFFFFFFFFFFFFFFFCF
:1085BC00FFFFFFFFFFFFFFFFFFFFFFFFFFFFFFFFBF
:1085CC00FFFFFFFFFFFFFFFFFFFFFFFFFFFFFFFFAF
:1085DC00FFFFFFFFFFFFFFFFFFFFFFFFFFFFFFFF9F
:1085EC00FFFFFFFFFFFFFFFFFFFFFFFFFFFFFFFF8F
:1085FC00FFFFFFFFFFFFFFFFFFFFFFFFFFFFFFFF7F
:10860C00FFFFFFFFFFFFFFFFFFFFFFFFFFFFFFFF6E
:10861C00FFFFFFFFFFFFFFFFFFFFFFFFFFFFFFFF5E
:10862C00FFFFFFFFFFFF000000000000000054529E
:10863C005545564953494F4E2D5846494C452E00E9
:10864C000001010000000118000000002C00400097
:10865C0008080000000000000000000000000000FE
:10866C0000000000000000000000000000000000FE
:10867C0000000000000000000000000000000000EE
:10868C0000000000000000000000000000000000DE
:10869C0000000000000000000000000000000000CE
:1086AC0000000000000000000000000000000000BE
:1086BC0000000000000000000000000000000000AE
:1086CC00000000000000000000000000000000009E
:1086DC00000000000000000000000000000000008E
:1086EC00000000000000000000000000000000007E
:1086FC00000000000000000000000000000000006E
:10870C00000000000000000000000000000000005D
:10871C00000000000000000000000000000000004D
:10872C00000000000000000000000000000000003D
:10873C00000000000000000000000000000000002D
:10874C00000000000000000000000000000000001D
:10875C00000000000000000000000000000000000D
:10876C0000000000000000000000000000000000FD
:10877C0000000000000000000000000000000000ED
:10878C0000000000000000000000000000000000DD
:10879C0000000000000000000000000000000000CD
:1087AC0000000000000000000000000000000000BD
:1087BC0000000000000000000000000000000000AD
:1087CC00000000000000000000000000000000009D
:1087DC00000000000000000000000000000000008D
:1087EC00000000000000000000000000000000007D
:1087FC00000000000000000000000000000000006D
:10880C00000000000000000000000000000000005C
:10881C00000000000000000000000000000000004C
:10882C00000000000000000000000000000000003C
:10883C000000000000E0E0E8E0E0F8D0D0F8000034
:10884C000800001000001800002000002800003074
:10885C000000380000400000480000500000680094
:10886C0000C00000C80810C00008B00008B800081C
:10887C00C00008C80008D00008D80008E06870E004
:10888C006068D85860D05058D84850C84048B8385C
:10889C0040B04048C83840C83840D02830C00008E4
:1088AC00800008880008900008980008A00008A81C
:1088BC000010E898A0F07880D07880D88088E8788C
:1088CC0080E06068C06870D86068D01828C8102034
:1088DC00C80818B80818C00818C80008580008605C
:1088EC000008700010B00010B80010C00010C800D4
:1088FC0010D00010D80010E0B0B8F8A0A8F048587C
:10890C00D83040C03040D02838C82030B82030C8CB
:10891C001828C01020B80008500010A00010A800A3
:10892C0018E00018E80018F00018F8B8C0F86878DB
:10893C00E06070D84858C84858D08090E87888E0F3
:10894C00C8D0F8D0D8F8F0F8F800F8F8FFFFFF001E
:10895C000000FFFFFFFFFFFFFFFFFFFFFFFFFFFF19
:10896C00FFA9D8FFFFFFFFFFFFFFFFFFFFFFFFFF88
:10897C00FFFFFFFFFFFFFFFFFFFFFFFFFFFFFFFFFB
:10898C00FFFFFFFFFFFFFFFFFFFFFFFFA6DCDFACDA
:10899C00FFFFFFFFFFFFFFFFFFFFFFFFFFFFFFFFDB
:1089AC00FFFFFFFFFFFFFFFFFFFFFFFFFFFFFFFFCB
:1089BC00FFFFFFFFFFFFFFA4C8DFDEDDA8FFFFFF07
:1089CC00FFFFFFFFFFFFFFFFFFFFFFFFFFFFFFFFAB
:1089DC00FFFFFFFFFFFFFFFFFFFFFFFFFFFFFFFF9B
:1089EC00FFFFFFC4E0DDDEDFEEA6FFFFFFFFFFFFB2
:1089FC00FFFFFFFFFFFFFFFFFFFFFFFFFFFFFFFF7B
:108A0C00FFFFFFFFFFFFFFFFFFFFFFFFFFFFD9E0AF
:108A1C00D6DEDEDFDFC5A4FFFFFFFFFFFFFFFFFF9A
:108A2C00FFFFFFFFFFFFFFFFFFFFFFFFFFFFFFFF4A
:108A3C00FFFFFFFFFFFFFFFFFFABDFD6D3DEDEDE66
:108A4C00DFDFDAFFFFFFFFFFFFFFFFFFFFFFFFFF8F
:108A5C00FFFFFFFFFFFFFFFFFFFFFFFFFFFFFFFF1A
:108A6C00FFFFFFFFA7DED7E7D3DDDEDEDFE0DEAD05
:108A7C00FFFFFFFFFFFFFFFFFFFFFFFFFFFFFFFFFA
:108A8C00FFFFFFFFFFFFFFFFFFFFFFFFFFFFFFA445
:108A9C00DBDEC1C2D3DDDEDEDFE0E0DCA9FFFFFF01
:108AAC00FFFFFFFFFFFFFFFFFFFFFFFFFFFFFFFFCA
:108ABC00FFFFFFFFFFFFFFFFFFFFFFC5E0E5BCE689
:108ACC00D3DDDEDEDFE0E1E1C8A5FFFFFFFFFFFF46
:108ADC00FFFFFFFFFFFFFFFFFFFFFFFFFFFFFFFF9A
:108AEC00FFFFFFFFFFFFD9B7C3D1E4E6D3DDDEDE26
:108AFC00DFE0E0E1E0C4A4FFFFFFFFFFFFFFFFFFAB
:108B0C00FFFFFFFFFFFFFFFFFFFFFFFFFFFFFFFF69
:108B1C00FFECE1EACFB9E4E6D3DDDEDEDFE0E0E155
:108B2C00F0DFDAFFFFFFFFFFFFFFFFFFFFFFFFFF9D
:108B3C00FFFFFFFFFFFFFFFFFFFFFFFFA9E0D5CD0A
:108B4C00F8F5E4E6D3DDDEDEDFE0E0E1F0F0DEAD0B
:108B5C00FFFFFFFFFFFFFFFFFFFFFFFFFFFFFFFF19
:108B6C00FFFFFFFFFFFFFFA5DEB1CDE3F9F5E4E664
:108B7C00D3DDDEDEDFE0E0E1EFF0F1DCAAFFFFFFAA
:108B8C00FFFFFFFFFFFFFFFFFFFFFFFFFFFFFFFFE9
:108B9C00FFFFFFEEB6CCF3CBF9F5E4E6D3DDDEDE7A
:108BAC00DFE0E0E1EFF0F1F1C9A7FFFFFFFFFFFF0E
:108BBC00FFFFFFFFFFFFFFFFFFFFFFFFFFFFC5B73B
:108BCC00D0A3E2CBF9F5E4E6D3DDDEDEDFE0E0E1D5
:108BDC00EFF0F1F2F0C5A5FFFFFFFFFFFFFFFFFF76
:108BEC00FFFFFFFFFFFFFFFFFFD8B8BEA2FAE2CBEB
:108BFC00F9F5E4E6D3DDDEDEDFE0E0E1EFF0F1F104
:108C0C00F2E1DAFFFFFFFFFFFFFFFFFFFFFFFFFFB8
:108C1C00FFFFFFFFA8E0E8A1FCFBF3E3CEF5E4E6E1
:108C2C00D3DDDEDEDFE0E0E1EFF0F1F1F2F2DEAC1D
:108C3C00FFFFFFFFFFFFFFFFFFFFFFFFFFFFFFA592
:108C4C00DEB5BFCCD2BBF7C0BAB9E4E6D3DDDEDE0D
:108C5C00DFE0E0E1EFF0F1F1F2F2F2B2AAFFFFFF98
:108C6C00FFFFFFFFFFFFFFFFFFFFFFECF1DFDFB0B8
:108C7C00B0B4B6AFBDF4E4E6D3DDDEDEDFE0E0E1B8
:108C8C00E1DBC7C7C6C6C6C5AEFFFFFFFFFFFFFFD0
:108C9C00FFFFFFFFFFFFFFFFA4A4A4A4A4FFD8DFE6
:108CAC00BDF4E4E6D3DDDEDEDFE0E0E1CAC6A4FF1E
:108CBC00FFFFFFFFFFFFFFFFFFFFFFFFFFFFFFFFB8
:108CCC00FFFFFFFFFFFFFFFFFFFFADDFBDF4E4E69B
:108CDC00D3DDDEDEDFE0E0E1CAC6FFFFFFFFFFFF12
:108CEC00FFFFFFFFFFFFFFFFFFFFFFFFFFFFFFFF88
:108CFC00FFFFFFFFFFFFADDFBDF4E4E6D3DDDEDEFB
:108D0C00DFE0E0E1CAC6FFFFFFFFFFFFFFFFFFFF51
:108D1C00FFFFFFFFFFFFFFFFFFFFFFFFFFFFFFFF57
:108D2C00FFFFADDFBDF4E4E6D3DDDEDEDFE0E0E146
:108D3C00CAC6FFFFFFFFFFFFFFFFFFFFFFFFFFFFA5
:108D4C00FFFFFFFFFFFFFFFFFFFFFFFFFFFFADDF99
:108D5C00BDF4E4E6D3DDDEDEDFE0E0E1CAC6FFFF12
:108D6C00FFFFFFFFFFFFFFFFFFFDFDFDFDFDFDFD15
:108D7C00FDFFFFFFFFFFFFFFFFFFADDFBDF4E4E6EC
:108D8C00D3DDDEDEDFE0E0E1CAC6FFFFFFFFFFFF61
:108D9C00FFFFFFFFFFFDFFFFFDFFFFFFFDFFFFFFDD
:108DAC00FFFFFFFFFFFFADDFBDF4E4E6D3DDDEDE4A
:108DBC00DFE0E0E1CAC6FFFFFFFFFFFFFFFFFFFFA1
:108DCC00FFFDFFFFFDFFFFFFFDFFFFFFFFFFFFFFAD
:108DDC00FFFFADDFBDF4E4E6D3DDDEDEDFE0E0E196
:108DEC00CAC6FFFFFFFFFFFFFFFFFFFFFFFDFFFFF7
:108DFC00FDFFFFFFFDFFFFFFFFFFFFFFFFFFADDFED
:108E0C00BDF4E4E6D3DDDEDEDFE0E0E1CAC6FFFF61
:108E1C00FFFFFFFFFFFFFFFFFFFDFFFFFDFFFFFF5A
:108E2C00FDFFFFFFFFFFFFFFFFFFADDFBDF4E4E63B
:108E3C00D3DDDEDEDFE0E0E1CAC6FFFFFFFFFFFFB0
:108E4C00FFFFFFFFFFFFFFFFFFFFFFFFFFFFFFFF26
:108E5C00FFFFFFFFFFFFADDFBDF4E4E6D3DDDEDE99
:108E6C00DFE0E0E1CAC6FFFFFFFFFFFFFFFFFFFFF0
:108E7C00FFFFFFFDFFFFFFFDFDFFFFFFFFFFFFFFFC
:108E8C00FFFFADDFBDF4E4E6D3DDDEDEDFE0E0E1E5
:108E9C00CAC6FFFFFFFFFFFFFFFFFFFFFFFFFFFF44
:108EAC00FDFFFDFFFFFFFFFFFFFFFFFFFFFFADDF3C
:108EBC00BDF4E4E6D3DDDEDEDFE0E0E1CAC6FFFFB1
:108ECC00FFFFFFFFFFFFFFFFFFFFFFFFFFFDFFFFA8
:108EDC00FFFFFFFFFFFFFFFFFFFFADDFBDF4E4E689
:108EEC00D3DDDEDEDFE0E0E1CAC6FFFFFFFFFFFF00
:108EFC00FFFFFFFFFFFFFFFFFDFFFDFFFFFFFFFF7A
:108F0C00FFFFFFFFFFFFADDFBDF4E4E6D3DDDEDEE8
:108F1C00DFE0E0E1CAC6FFFFFFFFFFFFFFFFFFFF3F
:108F2C00FFFFFFFDFFFFFFFDFDFFFFFFFFFFFFFF4B
:108F3C00FFFFADDFBDF4E4E6D3DDDEDEDFE0E0E134
:108F4C00CAC6FFFFFFFFFFFFFFFFFFFFFFFFFFFF93
:108F5C00FFFFFFFFFFFFFFFFFFFFFFFFFFFFADDF87
:108F6C00BDF4E4E6D3DDDEDEDFE0E0E1CAC6FFFF00
:108F7C00FFFFFFFFFFFFFFFFFFFDFFFDFDFDFDFD01
:108F8C00FDFFFFFFFFFFFFFFFFFFADDFBDF4E4E6DA
:108F9C00D3DDDEDEDFE0E0E1CAC6FFFFFFFFFFFF4F
:108FAC00FFFFFFFFFFFFFFFFFFFFFFFFFFFFFFFFC5
:108FBC00FFFFFFFFFFFFADDFBDF4E4E6D3DDDEDE38
:108FCC00DFE0E0E1CAC6FFFFFFFFFFFFFFFFFFFF8F
:108FDC00FFFFFFFDFFFFFFFFFFFFFFFFFFFFFFFF97
:108FEC00FFFFADDFBDF4E4E6D3DDDEDEDFE0E0E184
:108FFC00CAC6FFFFFFFFFFFFFFFFFFFFFFFDFDFDE9
:10900C00FDFDFDFDFDFFFFFFFFFFFFFFFFFFADDFE0
:10901C00BDF4E4E6D3DDDEDEDFE0E0E1CAC6FFFF4F
:10902C00FFFFFFFFFFFFFFFFFFFFFFFDFFFFFFFF46
:10903C00FDFFFFFFFFFFFFFFFFFFADDFBDF4E4E629
:10904C00D3DDDEDEDFE0E0E1CAC6FFFFFFFFFFFF9E
:10905C00FFFFFFFFFFFFFFFFFFFFFFFFFFFFFFFF14
:10906C00FFFFFFFFFFFFADDFBDF4E4E6D3DDDEDE87
:10907C00DFE0E0E1CAC6FFFFFFFFFFFFFFFFFFFFDE
:10908C00FFFFFFFFFFFFFFFFFFFFFFFFFFFFFFFFE4
:10909C00FFFFADDFBDF4E4E6D3DDDEDEDFE0E0E1D3
:1090AC00CAC6FFFFFFFFFFFFFFFFFFFFFFFFFFFF32
:1090BC00FFFFFFFFFFFFFFFFFFFFFFFFFFFFADDF26
:1090CC00BDF4E4E6D3DDDEDEDFE0E0E1CAC6FFFF9F
:1090DC00FFFFFFFFFFFFFFFFFFFFFFFFFFFFFFFF94
:1090EC00FFFFFFFFFFFFFFFFFFFFADDFBDF4E4E677
:1090FC00D3DDDEDEDFE0E0E1CAC6FFFFFFFFFFFFEE
:10910C00FFFFFFFFFFFFFFFFFFFFFFFFFFFFFFFF63
:10911C00FFFFFFFFFFFFADDFBDF4E4E6D3DDDEDED6
:10912C00DFE0E0E1CAC6FFFFFFFFFFFFFFFFFFFF2D
:10913C00FFFFFFFFFFFFFFFFFFFFFFFFFFFFFFFF33
:10914C00FFFFADDFBDF4E4E6D3DDDEDEDFE0E0E122
:10915C00CAC6FFFFFFFFFFFFFFFFFFFFFFFFFFFF81
:10916C00FFFFFFFFFFFFFFFFFFFFFFFFFFFFADDF75
:10917C00BDF4E4E6D3DDDEDEDFE0E0E1CAC6FFFFEE
:10918C00FFFFFFFFFFFFFFFFFFFFFFFFFFFFFFFFE3
:10919C00FFFFFFFFFFFFFFFFFFFFADDFBDF4E4E6C6
:1091AC00D3DDDEDEDFE0E0E1CAC6FFFFFFFFFFFF3D
:1091BC00FFFFFFFFFFFFFFFFFFFFFFFFFFFFFFFFB3
:1091CC00FFFFFFFFFFFFADDFBDF4E4E6D3DDDEDE26
:1091DC00DFE0E0E1CAC6FFFFFFFFFFFFFFFFFFFF7D
:1091EC00FFFFFFFFFFFFFFFFFFFFFFFFFFFFFFFF83
:1091FC00FFFFADDFBDF4E4E6D3DDDEDEDFE0E0E172
:10920C00CAC6FFFFFFFFFFFFFFFFFFFFFFFFFFFFD0
:10921C00FFFFFFFFFFFFFFFFFFFFFFFFFFFFADDFC4
:10922C00BDF4E4E6D3DDDEDEDFE0E0E1CAC6FFFF3D
:10923C00FFFFFFFFFFFFFFFFFFFFFFFFFFFFFFFF32
:10924C00FFFFFFFFFFFFFFFFFFFFADDFBDF4E4E615
:10925C00D3DDDEDEDFE0E0E1CAC6FFFFFFFFFFFF8C
:10926C00FFFFFFFFFFFFFFFFFFFFFFFFFFFFFFFF02
:10927C00FFFFFFFFFFFFADDFBDF4E4E6D3DDDEDE75
:10928C00DFE0E0E1CAC6FFFFFFFFFFFFFFFFFFFFCC
:10929C00FFFFFFFFFFFFFFFFFFFFFFFFFFFFFFFFD2
:1092AC00FFFFADDFBDF4E4E6D3DDDEDEDFE0E0E1C1
:1092BC00CAC6FFFFFFFFFFFFFFFFFFFFFFFFFFFF20
:1092CC00FFFFFFFFFFFFFFFFFFFFFFFFFFFFADDF14
:1092DC00BDF4E4E6D3DDDEDEDFE0E0E1CAC6FFFF8D
:1092EC00FFFFFFFFFFFFFFFFFFFFFFFFFFFFFFFF82
:1092FC00FFFFFFFFFFFFFFFFFFFFADDFBDF4E4E665
:10930C00D3DDDEDEDFE0E0E1CAC6FFFFFFFFFFFFDB
:10931C00FFFFFFFFFFFFFFFFFFFFFFFFFFFFFFFF51
:10932C00FFFFFFFFFFFFADDFBDF4E4E6D3DDDEDEC4
:10933C00DFE0E0E1CAC6FFFFFFFFFFFFFFFFFFFF1B
:10934C00FFFFFFFFFFFFFFFFFFFFFFFFFFFFFFFF21
:10935C00FFFFADDFBDF4E4E6D3DDDEDEDFE0E0E110
:10936C00CAC6FFFFFFFFFFFFFFFFFFFFFFFFFFFF6F
:10937C00FFFFFFFFFFFFFFFFFFFFFFFFFFFFADDF63
:10938C00BDF4E4E6D3DDDEDEDFE0E0E1CAC6FFFFDC
:10939C00FFFFFFFFFFFFFFFFFFFFFFFFFFFFFFFFD1
:1093AC00FFFFFFFFFFFFFFFFFFFFADDFF6F4E4E67B
:1093BC00D3DDDEDEDFE0E0E1CAC6FFFFFFFFFFFF2B
:1093CC00FFFFFFFFFFFFFFFFFFFFFFFFFFFFFFFFA1
:1093DC00FFFFFFFFFFFFADDFF6F4E4E6D3DDDEDEDB
:1093EC00DFE0E0E1CAC6FFFFFFFFFFFFFFFFFFFF6B
:1093FC00FFFFFFFFFFFFFFFFFFFFFFFFFFFFFFFF71
:10940C00FFFFECE0EBE9D4D4D7DEDEDFDFE0E0E118
:10941C00CAC6FFFFFFFFFFFFFFFFFFFFFFFFFFFFBE
:10942C00FFFFFFFFFFFFFFFFFFFFFFFFFFFFAADEB6
:10943C00DDB3DCDCDBDBEEEEEEEDC8C7C7DAFFFF3D
:10944C00FFFFFFFFFFFFFFFFFFFFFFFFFFFFFFFF20
:10945C00FFFF000000000000000054525545564923
:10946C0053494F4E2D5846494C452E0000010100E2
:10947C000000011800000000400040000808FFFF39
:10948C00FF0101010303030404040C0C0C1919194A
:10949C003737374242424F4F4F5858585D5D5D65E4
:1094AC0065656666666969696C6C6C6F6F6F717106
:1094BC00717777777A7A7A7B7B7B7C7C7C7E7E7EFD
:1094CC008181818585858787878888888A8A8A8B28
:1094DC008B8B8C8C8C8D8D8D8F8F8F90909092929E
:1094EC00929393939494949797979898989A9A9A0E
:1094FC009B9B9B9E9E9EA3A3A3A8A8A8AAAAAAAB2B
:10950C00ABABACACACADADADAEAEAEAFAFAFB4B46F
:10951C00B4B5B5B5BABABABBBBBBC6C6C6CECECE51
:10952C00CFCFCFD6D6D6D7D7D7D8D8D8E6E6E6EC95
:10953C00ECECF0F0F0F7F7F78B8B8C9F9FA0A1A1D0
:10954C00A2A4A4A5A5A5A6A7A7A8B5B5B6B9B9BA4E
:10955C00BBBBBCC1C1C2C3C3C4C5C5C6C7C7C8C8D1
:10956C00C8C9C9C9CACBCBCCCDCDCECFCFD0D1D128
:10957C00D2D2D2D3D3D3D4D5D5D6DCDCDDDDDDDE6F
:10958C00DEDEDFDFDFE0E0E0E1E1E1E2E2E2E3E3C7
:10959C00E3E4E4E4E5E5E5E6E7E7E8E8E8E9EBEB56
:1095AC00ECECECEDEDEDEEF2F2F3636364777778CF
:1095BC00B7B7B903122B75787CA9B8CBE7E8E9AC3F
:1095CC00B1B660656A5F7284377ABB99ABBB7DA616
:1095DC00CA59A9EE878F9584C5F7969B9E0C151AD0
:1095EC007F8080828383A3A4A4A6A7A7ABACACADD9
:1095FC00AEAEB2B3B3B5B6B6B7B8B8B8B9B9B9BA06
:10960C00BABBBCBCBDBEBEBEBFBFBFC0C0C1C2C268
:10961C00C3C4C4C4C5C5C5C6C6C7C8C8C9CACACAD6
:10962C00CBCBCBCCCCCCCDCDCFD0D0D0D1D1D1D24B
:10963C00D2D3D4D4D4D5D5D5D6D6DADBDBDBDCDCAF
:10964C00DFE0E0E1E2E2E3E4E4E5E6E6EAEBEBEEC0
:10965C00EFEF606161737474757676E0E2E1959674
:10966C00959FA09FA5A6A5A7A8A7ABACABB0B1B082
:10967C00B1B2B1B6B7B6B7B8B7B9BAB9BBBCBBBC67
:10968C00BDBCBDBEBDC0C1C0C1C2C1C2C3C2C3C4CA
:10969C00C3C7C8C7C9CAC9CBCCCBCDCECDCFD0CF11
:1096AC00D3D4D3D7D8D7DFE0DFE3E4E3E5E6E53086
:1096BC00313090908FA4A4A3A6A6A5ACACABBCBC37
:1096CC00BBBEBEBDC2C2C1C8C8C7CACAC9CECECD38
:1096DC00D4D4D34B4B4A5454532B2B2A242423C677
:1096EC00C4C0BAB8B5C0BFBEA1A09FC3C0BDB0AD09
:1096FC00AA5A565384817F5E59569A9694ADAAA95C
:10970C00898888A4A3A3AFAEAEBAB9B9C2C1C1C48B
:10971C00C3C3C6C5C5CAC9C9CCCBCBD0CFCFE2E178
:10972C00E1B2B0B0B7B5B5B9B7B7E0DEDEC8C4C406
:10973C00A09B9B9D98987A75757F7A7AAEA7A75651
:10974C0050506359596662638C8B8C908F90A6A590
:10975C00A6A8A7A8ACABACAEADAEB8B7B8C2C1C2E8
:10976C00C4C3C4CAC9CACCCBCCD8D7D8DAD9DAE0EE
:10977C00DFE0E4E3E47C7B7CFFFFFF000000FFFF05
:10978C00FFFFFFFFFFFFFFFFFFFFFFFFFFFFFFFFDD
:10979C00FFFFFFFFFFFFFFFFFFFFFFFFFFFFFFFFCD
:1097AC00FFFFFFFFFFFFFFFFFFFFFFFFFFFFFFFFBD
:1097BC00FFFFFFFFFFFFFFFFFFFFFFFFFFFFFFFFAD
:1097CC00FFFFFFFFFFFFFFFFFFFFFFFFFFFFFFFF9D
:1097DC00FFFFFFFFFFFFFFFFFFFFFFFFFFFFFFFF8D
:1097EC00FFFFFFFFFFFFFFFFFFFFFFFFFFFFFFFF7D
:1097FC00FFFFFFFFFFFFFFFFFFFFFFFFFFFFFFFF6D
:10980C00FFFFFFFFFFFFFFFFFFFFFFFFFFFFFFFF5C
:10981C00FFFFFFFFFFFFFFFFFFFFFFFFFFFFFFFF4C
:10982C00FFFFFFFFFFFFFFFF04C9079DC705FFFFF9
:10983C00FFFFFFFFFFFFFFFFFFFFFFFFFFFFFFFF2C
:10984C00FFFFFFFFFFFFFFFFFFFFFFFFFFFFFFFF1C
:10985C00FFFFFFFFFFFFFFFFFFFFFFFFFFFFFFFF0C
:10986C00FFFFFFFF04C90764151EA0A322769C0608
:10987C0004FFFFFFFFFFFFFFFFFFFFFFFFFFFFFFE7
:10988C00FFFFFFFFFFFFFFFFFFFFFFFFFFFFFFFFDC
:10989C00FFFFFFFFFFFFFFFFFFFFFFFFFFFFFFFFCC
:1098AC0004BB080F1922402A2A4240401D181D1CD7
:1098BC001509C904FFFFFFFFFFFFFFFFFFFFFFFFBD
:1098CC00FFFFFFFFFFFFFFFFFFFFFFFFFFFFFFFF9C
:1098DC00FFFFFFFFFFFFFFFFFFFFFFFF0406641BFF
:1098EC002A30A8A82FBE1D0C06C740281E1819190F
:1098FC001A1EEE1108CA02FFFFFFFFFFFFFFFFFF5A
:10990C00FFFFFFFFFFFFFFFFFFFFFFFFFFFFFFFF5B
:10991C00FFFFFFFFFFFFFFFF04060D25DCC6C6B4EB
:10992C00AC2C210D0705040404BBBDBD1F19D6D6F4
:10993C00D6D61A1D201DC8FFFFFFFFFFFFFFFFFF3C
:10994C00FFFFFFFFFFFFFFFFFFFFFFFFFFFFFFFF1B
:10995C00FFFFFFFF04BB0ABCADF9B894B17C230F29
:10996C0007CA0405060A772AC7C9BDA2201A1A1B02
:10997C001B1B1A1A1A200CFFFFFFFFFFFFFFFFFF34
:10998C00FFFFFFFFFFFFFFFFFFFFFFFFFFFFFFFFDB
:10999C0004C9081379F551938B7FA19E08C905CA98
:1099AC00070C1B79A6A7A6A8C7C9A279223E1D1C25
:1099BC001D1D1C1C1D210BFFFFFFFFFFFFFFFFFFE9
:1099CC00FFFFFFFFFFFFFFFFFFFFFFFF04C9C710F3
:1099DC00222DDA8C8A82A3760906CABBC710A02F67
:1099EC00C083A730A87CA47DC7C9792AA01D1E1EE0
:1099FC001B1C1E1E1E220CFFFFFFFFFFFFFFFFFFA5
:109A0C00FFFFFFFFFFFFFFFF04CA089D242E84B257
:109A1C008C86A61C0B07BB070914A130AC84A9A328
:109A2C00A0242D27121BA6A708C9A32F23EF1F24A0
:109A3C00C80E241F1F230DFFFFFFFFFFFFFFFFFFBB
:109A4C00FFFFFFFF04C9089E2630348E908B8023C5
:109A5C0010C807080D1E2D33B0F683337F7EF41427
:109A6C00070EA10CFFC833A808BB2A3024202026DF
:109A7C00C70B272020240DFFFFFFFFFFFFFFFFFF79
:109A8C00FF059C1AA6DC8E93B79085CE149C080A11
:109A9C009E25CDB184252CB0C1AB4680D97FA811B1
:109AAC000915341BFFC8AA7E08BB2CD925212227F7
:109ABC00C70CA12222250EFFFFFFFFFFFFFFFFFFB8
:109ACC00FF9E3D5F5B39B22A190F0A0E774188362B
:109ADC00B2A39D080607CEDCCDACABAA80A97F4013
:109AEC002A30BD15FF09AAA908BB2E8426A0233F46
:109AFC00C70C402323270EFFFFFFFFFFFFFFFFFFD5
:109B0C00FF13637D20FD0E131F2FB437517E1A0CEB
:109B1C00C7C70A772EAF87AD8483ACAB33A97FADB3
:109B2C0084A8A318FF09ACD9C8BBA5DC2723244003
:109B3C00080C282424CE0FFFFFFFFFFFFFFFFFFFC1
:109B4C00FF14631520459154FAB1BD170D0C651A1D
:109B5C00231B8C908A3486F5DA848382ABC0322244
:109B6C00141E7F11FF09C133C8BBA6DEA12526BD7B
:109B7C00080C4125254010FFFFFFFFFFFFFFFFFFF3
:109B8C00FF14631A38377F401C181F26A3A011C777
:109B9C00C906858BB134DC86AFDAAD83AC837C0827
:109BAC00070EBD9DFF0984AAC806303640272779C9
:109BBC00080CA32727BD10FFFFFFFFFFFFFFFFFFD0
:109BCC00FF13633E8F7C287B7D2B200FC8C7096554
:109BDC002683F8F74BB13487B0AFDA848383AB15A7
:109BEC001220F81EFF09ADAB09067D512827A129CB
:109BFC00C80C2ACE3F799DFFFFFFFFFFFFFFFFFF41
:109C0C00FF12631D9049431F1210651E2AF58AB47A
:109C1C00B48D8CB38A4B4A3487B0AFDA84838333E8
:109C2C00ACAC4076FF09AEAC0906A792A240402C22
:109C3C00C80CF240402A9EFFFFFFFFFFFFFFFFFF13
:109C4C00FF11631F524320F032B4395639AC271D33
:109C5C0021A3C0C38B8A4BB13487B0AFDAADC185B9
:109C6C00AB80321BFF09B1B10A067E37A3D7412E58
:109C7C00C80C2EBD417A9EFFFFFFFFFFFFFFFFFFC9
:109C8C00FF9E9B2052955459969594377F261B1214
:109C9C000DED1B7CB1DE8A4BB1348786AF858127F5
:109CAC001516AC9EFFC87811BB077F372AF0F0D889
:109CBC00C80CA5A3F02E65FFFFFFFFFFFFFFFFFF02
:109CCC00FF106222925AB855959539C04226252329
:109CDC0023E9EB17A7F7DEDD4BB13488888834769F
:109CEC00C89D2F14FF05BB07C9077F922DA340CE3B
:109CFC00C764A62A2AE112FFFFFFFFFFFFFFFFFF49
:109D0C00FF0F9A23385A575655548DDD84F0272669
:109D1C00A02AE8EB24DBB4F8B48E8E347FA548D6A9
:109D2C0016F08DEF01C7A7AE9C077FB62F2AA0684F
:109D3C00C9C7E6A32C7CFDFFFFFFFFFFFFFFFFFF62
:109D4C00FF0E5F2439B9FB575639905F9732BD40EF
:109D5C002627E1EC128350C3A723659C0710F684D9
:109D6C004C34BE77676C8B869C077F8EA6D5726E43
:109D7C006E6D9D22D0A715FFFFFFFFFFFFFFFFFFBA
:109D8C00FF0D3A26395C5958FB37375F3D3A2FA205
:109D9C004025B1EAE89E9E9C090C11202EAE88B09D
:109DAC0045A5DA696E6DCB869C077FB431D82571D9
:109DBC00737373706FE315FFFFFFFFFFFFFFFFFF70
:109DCC00FF0C5C27FA5D5A9F5939B48E3995B4DC77
:109DDC00C02EC63D279C202FDC36908F8D4BDE1776
:109DEC00C79DA476750AB2F664077FDDF4A6D82960
:109DFC006D6E71717169D2FFFFFFFFFFFFFFFFFFF7
:109E0C00FF0C5BA1955F5E5F5EFAF734DA33B19BB2
:109E1C0062925EFE903039B6B482358BB24BB40E82
:109E2C00BB657E18FF0A8BDC0CC77E88323031CDC7
:109E3C00D1D36B6F7CAB77FFFFFFFFFFFFFFFFFF03
:109E4C00FF0B5A40549F4DA6261D3436DDDCCD90B9
:109E5C009A5F633D2A2A532E0C118BB48B8ADE2712
:109E6C00257DB421FF0AF8B10DC77EAFABA7A8AF13
:109E7C000A0CCFCCE38317FFFFFFFFFFFFFFFFFFB1
:109E8C00FF0BFC27A01E21407CC3DB364FDE4AB102
:109E9C009262E4DF4340F415BB768D358C8B4B36E8
:109EAC008E8B2D19FF0AB4C30DC77EAD83D9D9870C
:109EBC009C0CC232D9F517FFFFFFFFFFFFFFFFFF1E
:109ECC00FF0B5CA1AD555E61618C40AD90928FC66D
:109EDC0097E5D5A7823638F041AD90354EF8DEB116
:109EEC00F6A73622FF0AB5DD0E08F4ACAD3346B149
:109EFC009C0CDBC0338618FFFFFFFFFFFFFFFFFF4B
:109F0C00FF0C5CA25B62301621F4568FF2E2CDE3BB
:109F1C00E6E724298F31959494928F8E35B48FA3D4
:109F2C00649D7B11CA148DF70E087FACDBACACDDE5
:109F3C000A6434C18288D6FFFFFFFFFFFFFFFFFFDB
:109F4C00FF0C5D79E06225C83E63C09FF1F4D92116
:109F5C00274BF9F281D92F3992B6908F8E35C612D4
:109F6C00BB14C183ADDCDB8B0FC880C14983CDDD55
:109F7C009D1034AD83C31AFFFFFFFFFFFFFFFFFFF0
:109F8C00FF0C3A2959602AA34B6256962F398951F6
:109F9C007C4B469916061551B792B6908F4F504090
:109FAC003F338D8B8B4BC3519EC8AA83B1DADADA5F
:109FBC0083C0DADADAF71BFFFFFFFFFFFFFFFFFFBB
:109FCC00FF0C5E2A59615F9B6334272893544758D2
:109FDC007F5AB79915071EFAB79392B6908F8E37A2
:109FEC0038915136B1832BA0C709ABAD4BDBF5F5DE
:109FFC00F6F6DBAFAFF81CFFFFFFFFFFFFFFFFFF25
:10A00C00FF0C5F2A5A623B9A3C1606165A5F377C45
:10A01C0018ABBA5887F738FA3939B7FA943950B2BD
:10A02C0033281B120D090A0D9E27C1ADF7F6DCF67D
:10A03C008787F6F687B41EFFFFFFFFFFFFFFFFFFCA
:10A04C00FF0C5FF25B9B619A63F222295F5E55768F
:10A05C000A445EFB5B5C5A5995924C30273E140EB9
:10A06C000E1177212981AF4934847CDC8E34DCDC01
:10A07C008834343434361EFFFFFFFFFFFFFFFFFF31
:10A08C00FF0D5F2C5C9B61609A5F5F9A6A5FE022B8
:10A09C00A2555E5693872E271E7612171F27A648A9
:10A0AC00DEB435DDDCC133C182C033F5C3B48EF808
:10A0BC00DEB1B1B1B18E1FFFFFFFFFFFFFFFFFFF4E
:10A0CC00FF0D9A2DBA3C6262629B9B3C625E5435DA
:10A0DC00342FA1201A2026F0A88A5237388FF83452
:10A0EC00DA48B0F5F5F68532A8312F2B2A2E3084BC
:10A0FC00B13636C5F85120FFFFFFFFFFFFFFFFFF12
:10A10C00FF0D9A2E5F3D639B5F558B337B4025275C
:10A11C00A3A5838F94FB993A9795928FB4F7DEF8A9
:10A12C00DEDBADC1F431307CA6E12F2E2C2B2AA323
:10A13C002AA5C08B369422FFFFFFFFFFFFFFFFFF16
:10A14C00FF0D612AB4C345F3F0A3A5338939595DDA
:10A15C005F9A9A619B3C9B9ABAE05639C68FDE3463
:10A16C00DBADAC33D9F43130303031A7E2A52A283D
:10A17C0023770EC80706CAFFFFFFFFFFFFFFFFFF95
:10A18C00FF0D9BAB7C47B4543A9A9A3AFB95FA561E
:10A19C00B95F9A3B9A3AB997B895FA3937B68E3572
:10A1AC00F8F7C3C3B1B1ADA7F3CE1A9D0AC7BB056F
:10A1BC000402FFFFFFFFFFFFFFFFFFFFFFFFFFFF9B
:10A1CC00FF0D9B639B605C96FAB7FA945458BABA2D
:10A1DC00FCB9E0FBFB96FBB8B8FBB8FBE05A985512
:10A1EC008EC3D927770C0806050402FFFFFFFFFF7B
:10A1FC00FFFFFFFFFFFFFFFFFFFFFFFFFFFFFFFF63
:10A20C00FF103D5F5CB997FC3A5D5BFC97B8565606
:10A21C005555B8B8E0FC5E9A3A9493C32C209D092E
:10A22C0007CA0403FFFFFFFFFFFFFFFFFFFFFFFF56
:10A23C00FFFFFFFFFFFFFFFFFFFFFFFFFFFFFFFF22
:10A24C00FFBB6520A58F975F3C3C9ABAE0E0B93A1A
:10A25C005F979490872A1F9D0907CA0403FFFFFF8D
:10A26C00FFFFFFFFFFFFFFFFFFFFFFFFFFFFFFFFF2
:10A27C00FFFFFFFFFFFFFFFFFFFFFFFFFFFFFFFFE2
:10A28C00FFFFFFFF0104CA076477CEC1C6DD2C1F98
:10A29C009D0906CA0402FFFFFFFFFFFFFFFFFFFF40
:10A2AC00FFFFFFFFFFFFFFFFFFFFFFFFFFFFFFFFB2
:10A2BC00FFFFFFFFFFFFFFFFFFFFFFFFFFFFFFFFA2
:10A2CC00FFFFFFFFFFFFFFFFFFFFFF04050402FF7F
:10A2DC00FFFFFFFFFFFFFFFFFFFFFFFFFFFFFFFF82
:10A2EC00FFFFFFFFFFFFFFFFFFFFFFFFFFFFFFFF72
:10A2FC00FFFFFFFFFFFFFFFFFFFFFFFFFFFFFFFF62
:10A30C00FFFFFFFFFFFFFFFFFFFFFFFFFFFFFFFF51
:10A31C00FFFFFFFFFFFFFFFFFFFFFFFFFFFFFFFF41
:10A32C00FFFFFFFFFFFFFFFFFFFFFFFFFFFFFFFF31
:10A33C00FFFFFFFFFFFFFFFFFFFFFFFFFFFFFFFF21
:10A34C00FFFFFFFFFFFFFFFFFFFFFFFFFFFFFFFF11
:10A35C00FFFFFFFFFFFFFFFFFFFFFFFFFFFFFFFF01
:10A36C00FFFFFFFFFFFFFFFFFFFFFFFFFFFFFFFFF1
:10A37C00FFFFFFFFFFFFFFFFFFFFFFFFFFFFFFFFE1
:10A38C00FFFFFFFFFFFFFFFFFFFFFFFFFFFFFFFFD1
:10A39C00FFFFFFFFFFFFFFFFFFFFFFFFFFFFFFFFC1
:10A3AC00FFFFFFFFFFFFFFFFFFFFFFFFFFFFFFFFB1
:10A3BC00FFFFFFFFFFFFFFFFFFFFFFFFFFFFFFFFA1
:10A3CC00FFFFFFFFFFFFFFFFFFFFFFFFFFFFFFFF91
:10A3DC00FFFFFFFFFFFFFFFFFFFFFFFFFFFFFFFF81
:10A3EC00FFFFFFFFFFFFFFFFFFFFFFFFFFFFFFFF71
:10A3FC00FFFFFFFFFFFFFFFFFFFFFFFFFFFFFFFF61
:10A40C00FFFFFFFFFFFFFFFFFFFFFFFFFFFFFFFF50
:10A41C00FFFFFFFFFFFFFFFFFFFFFFFFFFFFFFFF40
:10A42C00FFFFFFFFFFFFFFFFFFFFFFFFFFFFFFFF30
:10A43C00FFFFFFFFFFFFFFFFFFFFFFFFFFFFFFFF20
:10A44C00FFFFFFFFFFFFFFFFFFFFFFFFFFFFFFFF10
:10A45C00FFFFFFFFFFFFFFFFFFFFFFFFFFFFFFFF00
:10A46C00FFFFFFFFFFFFFFFFFFFFFFFFFFFFFFFFF0
:10A47C00FFFFFFFFFFFFFFFFFFFFFFFFFFFFFFFFE0
:10A48C00FFFFFFFFFFFFFFFFFFFFFFFFFFFFFFFFD0
:10A49C00FFFFFFFFFFFFFFFFFFFFFFFFFFFFFFFFC0
:10A4AC00FFFFFFFFFFFFFFFFFFFFFFFFFFFFFFFFB0
:10A4BC00FFFFFFFFFFFFFFFFFFFFFFFFFFFFFFFFA0
:10A4CC00FFFFFFFFFFFFFFFFFFFFFFFFFFFFFFFF90
:10A4DC00FFFFFFFFFFFFFFFFFFFFFFFFFFFFFFFF80
:10A4EC00FFFFFFFFFFFFFFFFFFFFFFFFFFFFFFFF70
:10A4FC00FFFFFFFFFFFFFFFFFFFFFFFFFFFFFFFF60
:10A50C00FFFFFFFFFFFFFFFFFFFFFFFFFFFFFFFF4F
:10A51C00FFFFFFFFFFFFFFFFFFFFFFFFFFFFFFFF3F
:10A52C00FFFFFFFFFFFFFFFFFFFFFFFFFFFFFFFF2F
:10A53C00FFFFFFFFFFFFFFFFFFFFFFFFFFFFFFFF1F
:10A54C00FFFFFFFFFFFFFFFFFFFFFFFFFFFFFFFF0F
:10A55C00FFFFFFFFFFFFFFFFFFFFFFFFFFFFFFFFFF
:10A56C00FFFFFFFFFFFFFFFFFFFFFFFFFFFFFFFFEF
:10A57C00FFFFFFFFFFFFFFFFFFFFFFFFFFFFFFFFDF
:10A58C00FFFFFFFFFFFFFFFFFFFFFFFFFFFFFFFFCF
:10A59C00FFFFFFFFFFFFFFFFFFFFFFFFFFFFFFFFBF
:10A5AC00FFFFFFFFFFFFFFFFFFFFFFFFFFFFFFFFAF
:10A5BC00FFFFFFFFFFFFFFFFFFFFFFFFFFFFFFFF9F
:10A5CC00FFFFFFFFFFFFFFFFFFFFFFFFFFFFFFFF8F
:10A5DC00FFFFFFFFFFFFFFFFFFFFFFFFFFFFFFFF7F
:10A5EC00FFFFFFFFFFFFFFFFFFFFFFFFFFFFFFFF6F
:10A5FC00FFFFFFFFFFFFFFFFFFFFFFFFFFFFFFFF5F
:10A60C00FFFFFFFFFFFFFFFFFFFFFFFFFFFFFFFF4E
:10A61C00FFFFFFFFFFFFFFFFFFFFFFFFFFFFFFFF3E
:10A62C00FFFFFFFFFFFFFFFFFFFFFFFFFFFFFFFF2E
:10A63C00FFFFFFFFFFFFFFFFFFFFFFFFFFFFFFFF1E
:10A64C00FFFFFFFFFFFFFFFFFFFFFFFFFFFFFFFF0E
:10A65C00FFFFFFFFFFFFFFFFFFFFFFFFFFFFFFFFFE
:10A66C00FFFFFFFFFFFFFFFFFFFFFFFFFFFFFFFFEE
:10A67C00FFFFFFFFFFFFFFFFFFFFFFFFFFFFFFFFDE
:10A68C00FFFFFFFFFFFFFFFFFFFFFFFFFFFFFFFFCE
:10A69C00FFFFFFFFFFFFFFFFFFFFFFFFFFFFFFFFBE
:10A6AC00FFFFFFFFFFFFFFFFFFFFFFFFFFFFFFFFAE
:10A6BC00FFFFFFFFFFFFFFFFFFFFFFFFFFFFFFFF9E
:10A6CC00FFFFFFFFFFFFFFFFFFFFFFFFFFFFFFFF8E
:10A6DC00FFFFFFFFFFFFFFFFFFFFFFFFFFFFFFFF7E
:10A6EC00FFFFFFFFFFFFFFFFFFFFFFFFFFFFFFFF6E
:10A6FC00FFFFFFFFFFFFFFFFFFFFFFFFFFFFFFFF5E
:10A70C00FFFFFFFFFFFFFFFFFFFFFFFFFFFFFFFF4D
:10A71C00FFFFFFFFFFFFFFFFFFFFFFFFFFFFFFFF3D
:10A72C00FFFFFFFFFFFFFFFFFFFFFFFFFFFFFFFF2D
:10A73C00FFFFFFFFFFFFFFFFFFFFFFFFFFFFFFFF1D
:10A74C00FFFFFFFFFFFFFFFFFFFFFFFFFFFFFFFF0D
:10A75C00FFFFFFFFFFFFFFFFFFFFFFFFFFFFFFFFFD
:10A76C00FFFFFFFFFFFFFFFFFFFFFFFFFFFFFFFFED
:10A77C00FFFFFFFFFFFFFFFFFFFFFFFFFFFF0000DB
:10A78C0000000000000054525545564953494F4EA5
:10A79C002D5846494C452E000001010000000118BF
:10A7AC0000000000400040000808FFFFFF0101010D
:10A7BC000404040606060A0A0A0B0B0B0D0D0D18F1
:10A7CC0018181919191A1A1A1C1C1C1E1E1E2020C6
:10A7DC002021212123232325252527272732323207
:10A7EC003838383F3F3F5F5F5F6868687F7F7F899D
:10A7FC0089899F9F9FA4A4A4A8A8A8AEAEAEB0B010
:10A80C00B0B2B2B2B6B6B6B8B8B8BABABABDBDBDC7
:10A81C00C1C1C1C3C3C3C4C4C4C5C5C5C7C7C7CAE6
:10A82C00CACAD0D0D0D3D3D3D9D9D9DBDBDBDFDFC5
:10A83C00DFE0E0E0E2E2E2E3E3E3E5E5E5E6E6E6DD
:10A84C00E7E7E7E8E8E8EAEAEAECECECEDEDEDEE58
:10A85C00EEEEEFEFEFF0F0F0F2F2F2F3F3F3F4F4DC
:10A86C00F4F5F5F5F8F8F8F9F9F9FAFAFAFEFEFE4E
:10A87C00FFFFFF959596ABABACE5E5E6E7E7E8E9BE
:10A88C00E9EAECECEDEDEDEEF1F1F2F9F9FA252552
:10A89C0026F2F3F4FCFDFEF2F4F6F4F7F9F6F9FB0C
:10A8AC00F8FBFDFAFCFDA9AAAAADAEAEE7E8E8E913
:10A8BC00EAEAEDEEEEEFF0F0F3F4F4F5F6F6F7F875
:10A8CC00F8FDFFFF0B0C0CADAEADE7E8E7EBECEBE6
:10A8DC00EDEEEDF5F6F5F9FAF95152512122210B75
:10A8EC000C0B8F8F8EADADACE6E6E5E8E8E7EAEA57
:10A8FC00E9EEEEEDF4F4F3F6F6F5FAFAF9FFFFFBF8
:10A90C002B2B2AACABAAEDECEBFEFDFCFEFAF60B06
:10A91C000A09BFBAB61C16120B08060906041F1545
:10A92C000FB68E78BC927CBA8F789B7561B1856DB1
:10A93C00AD7D63A9795FA47156A16E529D694D9C42
:10A94C006548986244342117945E40885335935976
:10A95C00398E5130844725F3F1F0F5F3F2FDFBFA13
:10A96C00F2ECE9F9F1ED242221D8C6BDDECBC2AF61
:10A97C009F97A1897DE8C2AFCAA694C7A28FC29D3A
:10A98C008AC09884B58A74B48770BA8B746F524439
:10A99C00BA8870AE8068B4836BA7755BAC71554E8A
:10A9AC003326A86D50664230A3694B9E6244995D74
:10A9BC003E050302E9E0DCE4D9D4B3AAA6887F7B88
:10A9CC00EAD5CCA8978FF7DDD2F2D5C8EACBBDD8A3
:10A9DC00BAADE1C1B3D7B8AACDAFA1D5B4A5342BCC
:10A9EC0027D3AF9FDEB8A7D0AB9ADBAE9BC89985B7
:10A9FC00C3968189685AB9866EBA846BBA8269BF6C
:10AA0C00856CBD8369BA7F65B67C62AC745BB176CC
:10AA1C005C23140DEFDED7FDEBE4CABBB5EEDAD246
:10AA2C00E7CEC4E4C7BBDEBBADDDB4A3D0A695DCDA
:10AA3C00B09EDAAC99D8A793D5A28ED29E89CD962A
:10AA4C0080C7917BC58C75C28870BD846CFBF5F397
:10AA5C00F5EAE6AFA39FF4E4DE6D615DA7A6A6ABB5
:10AA6C00AAAAB1B0B0B4B3B3CECDCDECEBEBF6F546
:10AA7C00F5F7F6F6FAF9F9FDFCFC767575494848D8
:10AA8C00161515121111090808030202020000AC78
:10AA9C00ABACD7D6D7E8E7E8EEEDEEFAF9FA1C1B2B
:10AAAC001C0C0B0CFFFFFF000000FFFFFFFFFFFF64
:10AABC00FFFFFFFFFFFFFFFFFFFFFFFFFFFFFFFF9A
:10AACC00FFFFFFFFFFFFFFFFFFFFFFFFFFFFFFFF8A
:10AADC00FFFFFFFFFFFFFFFFFFFFFFFFFFFFFFFF7A
:10AAEC00FFFFFFFFFFFFFFFFFFFFFFFFFFFFFFFF6A
:10AAFC00FFFFFFFFFFFFFFFFFFFFFFFFFFFFFFFF5A
:10AB0C00FFFFFFFFFFFFFFFFFFFFFFFFFFFFFFFF49
:10AB1C00FFFFFFFFFFFFFFFFFFFFFFFFFFFFFFFF39
:10AB2C00FFFFFFFFFFFFFFFFFFFFFFFFFFFFFFFF29
:10AB3C00FFFFFFFFFFFFFFFFFFFFFFFFFFFFFFFF19
:10AB4C00FFFFFFFFFFFFFFFFFFFFFFFFFFFFFFFF09
:10AB5C00FFFFFF061115F01203FFFFFFFFFFFFFFC2
:10AB6C00FFFFFFFFFFFFFFFFFFFFFFFFFFFFFFFFE9
:10AB7C00FFFFFFFFFFFFFFFFFFFFFFFFFFFFFFFFD9
:10AB8C00FFFFFFFFFFFFFFFFFFFFFFFFFFFFFFF4D4
:10AB9C00721468242E3A26E768F103FFFFFFFFFFCB
:10ABAC00FFFFFFFFFFFFFFFFFFFFFFFFFFFFFFFFA9
:10ABBC00FFFFFFFFFFFFFFFFFFFFFFFFFFFFFFFF99
:10ABCC00FFFFFFFFFFFFFFFFFFFFFF030C651720D9
:10ABDC002C3539473033211A1EE707030301FFFFD9
:10ABEC00FFFFFFFFFFFFFFFFFFFFFFFFFFFFFFFF69
:10ABFC00FFFFFFFFFFFFFFFFFFFFFFFFFFFFFFFF59
:10AC0C00FFFFFFFFFFFFFF0107F116E82BEB3AEB0D
:10AC1C0032302F2F2F32211AE8190767060403014F
:10AC2C00FFFFFFFFFFFFFFFFFFFFFFFFFFFFFFFF28
:10AC3C00FFFFFFFFFFFFFFFFFFFFFFFFFFFFFFFF18
:10AC4C00FFFFFFFFF313F01AF8473B374731303063
:10AC5C00303030302F32211A1D1907040606FDF44E
:10AC6C000301FFFFFFFFFFFFFFFFFFFFFFFFFFFFE2
:10AC7C00FFFFFFFFFFFFFFFFFFFFFFFFFFFFFFFFD8
:10AC8C000611151828F93B4A34F94530303030306C
:10AC9C0030303030305621541DE6F2F45EFD05059F
:10ACAC0005F40301FFFFFFFFFFFFFFFFFFFFFFFFA7
:10ACBC00FFFFFFFFFFFFFFFFFFFFFFFFF4721443D7
:10ACCC0026303B3B35473231313131316A3030300F
:10ACDC0030303030303222E7E9E6F2F40405040477
:10ACEC0004F4F4F40201FFFFFFFFFFFFFFFFFFFF7F
:10ACFC00FFFFFFFFFFFFFFFF030C6517212F3AED4E
:10AD0C003834336BF932323232313131313247FA35
:10AD1C003932303030332244E9E6F20304F4F4F4EF
:10AD2C00F4F4F40303F5FFFFFFFFFFFFFFFFFFFF4A
:10AD3C00FFFFFFFF0108F1161E2D4A3E4A4834471B
:10AD4C004733333333336B32323334373A332A1D90
:10AD5C0017236C30303323F71E1AF303F4F4F40387
:10AD6C000302F501FFFFFFFFFFFFFFFFFFFFFFFFE8
:10AD7C00FFF313F0442B393F3C3835EB3434344774
:10AD8C00474747333347EB593B342A1E1714126697
:10AD9C0008F73730304723551E54F3F503F5F5010A
:10ADAC00FFFFFFFFFFFFFFFFFFFFFFFFFFFF72151E
:10ADBC00182937405C4A3735EBEBEBEBEB34346C52
:10ADCC006C47358F3D612B1E1714120F090A0D0DA0
:10ADDC000F1C37303047241C1F5406FFFFFFFFFFAA
:10ADEC00FFFFFFFFFFFFFFFFFFFFFFFFFFFF1AFE4D
:10ADFC00403B3936363636353535EBEBEB35374DA2
:10AE0C003DEB2B1F1714120F090A0D0E0F0F660ABC
:10AE1C00076938453047261C1F5405FFFFFFFFFF0D
:10AE2C00FFFFFFFFFFFFFFFFFFFFFFFFFFFF4440A0
:10AE3C00383737376D3636364849383C3E382C1F54
:10AE4C006822650D09FC0D0E0F0F0E0B080C72F12C
:10AE5C00F0EA3431314726E820E705FFFFFFFFFF1A
:10AE6C00FFFFFFFFFFFFFFFFFFFFFFFFFFFF544050
:10AE7C003838383737384A6F3F392C206814126607
:10AE8C0008E815080F0F0F0F0E0C72F1F018273091
:10AE9C00593445313147261D20F705FFFFFFFFFFD1
:10AEAC00FFFFFFFFFFFFFFFFFFFFFFFFFFFF544010
:10AEBC0038383AED403A2E206814120F09FC0D0D6B
:10AECC000E21440A0F0F0F0D12E6296A4A3B484720
:10AEDC0033323232313427E9206905FFFFFFFFFF9F
:10AEEC00FFFFFFFFFFFFFFFFFFFFFFFFFFFFE7403D
:10AEFC0039382E216814120F08FC0D0E0F0F660A3C
:10AF0C00071C35130B0F0F0E1018ED4A4733333354
:10AF1C00603232323234EA1E211B05FFFFFFFFFF85
:10AF2C00FFFFFFFFFFFFFFFFFFFFFFFFFFFFE753E9
:10AF3C003B32F10D08FC0D0E0F0F0D0B080B72F1CF
:10AF4C00F028401A0B0E0F0F660C152A3C573333A2
:10AF5C00336B46323234EA1E211C05FFFFFFFFFF24
:10AF6C00FFFFFFFFFFFFFFFFFFFFFFFFFFFFE7EF0D
:10AF7C003A3A14080F0F0F0F660C7265F019284738
:10AF8C003D39363A1608660F0F0F09121939483336
:10AF9C00333333F93234281F211C05FFFFFFFFFF29
:10AFAC00FFFFFFFFFFFFFFFFFFFFFFFFFFFFE7EFCD
:10AFBC004AEF18FC0F0F0F0D12F7F8EBED3F3B3873
:10AFCC006D35353837160C0B0F0F0F0C0BF06B372C
:10AFDC003333333333342820221D05FFFFFFFFFFAB
:10AFEC00FFFFFFFFFFFFFFFFFFFFFFFFFFFFE7EF8D
:10AFFC004A3D30130B0F0F0E72E641ED37373736E3
:10B00C0036363635383C6912080F0F0F0E071533DC
:10B01C003633333333EB292022E9FDFFFFFFFFFFEB
:10B02C00FFFFFFFFFFFFFFFFFFFFFFFFFFFF44EFEF
:10B03C003A3AEF190A0E0F0F660CF02DFB59373701
:10B04C003736363635363EF8150A0D0F0F0F08F029
:10B05C004A34474733EB292123E9FDFFFFFFFFFF6C
:10B06C00FFFFFFFFFFFFFFFFFFFFFFFFFFFF44415D
:10B07C003B3A6E5CF007660F0F0E09131B5C3A37F8
:10B08C00373736363674353B4A43100B0F0F0E0CE0
:10B09C001B3B474747EBF821241EFDFFFFFFFFFF3B
:10B0AC00FFFFFFFFFFFFFFFFFFFFFFFFFFFF44411D
:10B0BC003B3B3AED3B160B0B0F0F0F0B0C164A3BA1
:10B0CC0037376D4936364835373E1F120B0F0FFC9C
:10B0DC0065EBEB4747EBF822251EFDFFFFFFFFFF5B
:10B0EC00FFFFFFFFFFFFFFFFFFFFFFFFFFFFF7FE6D
:10B0FC006E3B3B3AED404412090F0F0F0E08153909
:10B10C003A3737376D58363635483F24110D0F0E08
:10B11C007227393447352A22261FFDFFFFFFFFFF18
:10B12C00FFFFFFFFFFFFFFFFFFFFFFFFFFFFF7FE2C
:10B13C003C3C3B3B3A3B412A140A660F0F0F071667
:10B14C003E393737373737363636364017FC0F0F20
:10B15C000DE73C3434742B23261FFDFFFFFFFFFF4C
:10B16C00FFFFFFFFFFFFFFFFFFFFFFFFFFFFF7FEEC
:10B17C003C3C3C3B3B3B3AEE63434C0B0F0F66664F
:10B18C001F3F383837384A373636363D214C0E0F8C
:10B19C000CE63D3434362B232720FDFFFFFFFFFF49
:10B1AC00FFFFFFFFFFFFFFFFFFFFFFFFFFFFF7FEAC
:10B1BC003D3C3C3C3B3B3B3A5B411F110C0F0F08A9
:10B1CC00143B4A3A3F5B33373737363C23100E0E6D
:10B1DC000F203BEBEB362C252720FDFFFFFFFFFF5D
:10B1EC00FFFFFFFFFFFFFFFFFFFFFFFFFFFF69FEFA
:10B1FC003D3D3D3C3C5A6E3B3B3BFE2311660F668E
:10B20C007229EEEB1FF065324A3762EF180B0F0C08
:10B21C00122D38EBEB492C262721FDFFFFFFFFFFFA
:10B22C00FFFFFFFFFFFFFFFFFFFFFFFFFFFF69FEB9
:10B23C00EC3D3D3C3C3C3C5A3B3B3BFE17090F0F65
:10B24C000E21211366070C21FE3DEF2CF10B0F078D
:10B25C00163D3635EB492D26EA21FDFFFFFFFFFF9A
:10B26C00FFFFFFFFFFFFFFFFFFFFFFFFFFFF69FE79
:10B27C00EDED3D3D3D3DED3C3B3B3BEF200F0F0FDE
:10B28C006621F7070E0F0CF121EA18F10B4C0B128B
:10B29C002A3A3535EB372E27EA2205FFFFFFFFFF51
:10B2AC00FFFFFFFFFFFFFFFFFFFFFFFFFFFF69FE39
:10B2BC00EDED5B3EFEEF373C3C3C3BEF224C0E0E83
:10B2CC004C272D11660F0F0C0F720B0B0F0A7220EF
:10B2DC00ED36367435372F272822FDFFFFFFFFFF91
:10B2EC00FFFFFFFFFFFFFFFFFFFFFFFFFFFF69FEF9
:10B2FC00EDED403921F01439ED3C3C41180A0F0CAE
:10B30C001347EFF0F20F0F0F0E660F660712203E79
:10B31C0037363636363730EA2822FDFFFFFFFFFF7F
:10B32C00FFFFFFFFFFFFFFFFFFFFFFFFFFFF5FFEC2
:10B33C00EDEFE91366070D26FE40FE2EF10B0F070D
:10B34C0017EF5C2F65F2090AFC080972F0F83F3719
:10B35C003737FA36363831EA292306FFFFFFFFFF6D
:10B36C00FFFFFFFFFFFFFFFFFFFFFFFFFFFF1BFEC6
:10B37C00EDFE18F20E0F0C65242919F10B4C0A1373
:10B38C002E3E3A3E3168141414F04328ED6F3838D1
:10B39C003837373748383228292306FFFFFFFFFF9D
:10B3AC00FFFFFFFFFFFFFFFFFFFFFFFFFFFF1BFE86
:10B3BC003EEF2A72660F4C0C4C720B0B0F0A72226A
:10B3CC00413B3B3AEDEF3D3A3B3F4EED4A59393864
:10B3DC003838585858595628292406FFFFFFFFFFC4
:10B3EC00FFFFFFFFFFFFFFFFFFFFFFFFFFFF1BFE46
:10B3FC003E3FEFF0F20F0F0F0E660F66071323FEA2
:10B40C003C5A3B3B3B3B3C3C3B3A4A4A3939393949
:10B41C00594A594F504A482AF82606FFFFFFFFFFAA
:10B42C00FFFFFFFFFFFFFFFFFFFFFFFFFFFF1BFE05
:10B43C003F3EEF2EF1F2080A09070972F02CFE3D8F
:10B44C003C3C3C6E3B3B3B3A3A4A3A4A4D4F50509F
:10B45C004D74AE959A9D9B97EA2706FFFFFFFFFF61
:10B46C00FFFFFFFFFFFFFFFFFFFFFFFFFFFF1BFEC5
:10B47C003F3F3EFE3268151415F018F841EF3D3D84
:10B48C003D3D3C3C3B3B5A3D5B51515A6DAE95BAF0
:10B49C009D82AAAB8CABA58E8A8077FFFFFFFFFF46
:10B4AC00FFFFFFFFFFFFFFFFFFFFFFFFFFFF1CFE84
:10B4BC003F3F3F3EEFFE403E3FFEFEEFED6F6F3DE8
:10B4CC003D5B5B5051523D38AE96BB9CC4CCA8AB97
:10B4DC00ABABABACAC86828D8D8E7BFFFFFFFFFFE1
:10B4EC00FFFFFFFFFFFFFFFFFFFFFFFFFFFF1CFE44
:10B4FC0040643F3F3E3E4B40FB3EEDED5C505152B5
:10B50C00525B8FAED2B79ADDC6CAA6A6A6A8A8AAC9
:10B51C00AA87ABABAC87828D8C8B7BFFFFFFFFFFC9
:10B52C00FFFFFFFFFFFFFFFFFFFFFFFFFFFF1CFE03
:10B53C004040703F3F3F3F3F4B5253535C90E4B20F
:10B54C00B8D8C1DEC7C9C9C9CACACCCBA6A8A8AAD3
:10B55C00AAABABAC8C87828D8C8B7BFFFFFFFFFF84
:10B56C00FFFFFFFFFFFFFFFFFFFFFFFFFFFF1CFEC3
:10B57C0040404040534E533F90E4B2D3D7DBDCDE27
:10B58C00DFDFDFDFC7C8C6C9CACCCCCBA6A8AAAA46
:10B59C00ABABACAC8C88A38CAC8B7BFFFFFFFFFF01
:10B5AC00FFFFFFFFFFFFFFFFFFFFFFFFFFFF1C4140
:10B5BC005D4E70ECE2D1B6D4D8DADBDCDDDCDDDE5E
:10B5CC00DDDEDFDFE0E0C6C9C5A2CCA6A8A8AAAA2A
:10B5DC00AA8585838C88A3ACAB8C7BFFFFFFFFFF18
:10B5EC00FFFFFFFFFFFFFFFFFFFFFFFFFFFF739357
:10B5FC00CED2B8D5D8D9DADADADADBDBDCDDDDD2DB
:10B60C0093D1DDC8E0E0C6CAA07E82CB82CBA482F7
:10B61C0083A584868C8881ACAB8A7BFFFFFFFFFF00
:10B62C00FFFFFFFFFFFFFFFFFFFFFFFFFFFF9899EB
:10B63C00D7C0C0C0C0D8D8D9D9DADADBDCDEDCD1CF
:10B64C00CEFEB2C9E0C5C6CAC4C2A0A4A4A6838259
:10B65C008484A5A58C8A81ABAA8A7BFFFFFFFFFFA0
:10B66C00FFFFFFFFFFFFFFFFFFFFFFFFFFFF9899AB
:10B67C00BED5D5D7D7C0D8D9D9DADBDCDEDCDBDF59
:10B68C00DCEFEFC1E0C4C6CAA2A0A4A4A08382824E
:10B69C00838485848C8A9FAAAA877BFFFFFFFFFF88
:10B6AC00FFFFFFFFFFFFFFFFFFFFFFFFFFFF98996B
:10B6BC00BEBEBED5C0C0C0D5D7D7D1CED2E2D2C9BE
:10B6CC00D4FE5DD3C5A2C5C9A0A0A4A4A483A3A580
:10B6DC00A58485858C8A9FA8A8877BFFFFFFFFFF29
:10B6EC00FFFFFFFFFFFFFFFFFFFFFFFFFF0198B60C
:10B6FC00B8B8BED3CEB8B891B2E2E1D8B8FED3C7D1
:10B70C0093CEE290DDA2C4A4A0A0A49FA4A58283A2
:10B71C00A5A5A5828C8A9EA8A6867BFFFFFFFFFFAE
:10B72C00FFFFFFFFFFFFFFFFFFFFFFFFFFFF98B6CD
:10B73C00E2E2D4E2FED1D3FED1E193D5D4FEB8D669
:10B74C00FEBFB85DB7C5A2A4A0A29F9F9EA39F7E7B
:10B75C007D7D7D7D8C8AA0A6CC857BFFFFFFFFFFC6
:10B76C00FFFFFFFFFFFFFFFFFFFFFFFFFFFFB3B573
:10B77C00E193D391FE93D241B2D4D2D2B2FED3D1C3
:10B78C003EC1D675E47EA0A29D9B9D9D9C9D9C7DFB
:10B79C007D81A5858C887DCCCC847AFFFFFFFFFF53
:10B7AC00FFFFFFFFFFFFFFFFFFFFFFFFFFFFB3B533
:10B7BC00E193D141E191D1FED1D3D1D4B241D3E1C6
:10B7CC00D2C1C1BBBFC27E7F9B9B9A7F7EA383A548
:10B7DC00858687888A877ECCCACB7AFFFFFFFFFFDE
:10B7EC00FFFFFFFFFFFFFFFFFFFFFFFFFFFFB3B4F4
:10B7FC00E193E291B241E2FED1B8E2EEE2BBDEDDD2
:10B80C009B9B9BC1C2C2C27E7E7E9FA48282A5A549
:10B81C008485868688867ECAC9CB7AFFFFFFFFFFA8
:10B82C00FFFFFFFFFFFFFFFFFFFFFFFFFFFFB3B4B3
:10B83C00E1E19193D3E191FECEDCDEDDDEC8C9C23D
:10B84C00BFD69A9B9B9C9D9D7E7E7D9F81A3828370
:10B85C00A584868686839CCAC9CB7AFFFFFFFFFF2F
:10B86C00FFFFFFFFFFFFFFFFFFFFFFFFFFFF97E45F
:10B87C00E175FEE4D3E2FEFECEDDDEDFDFE0DEBD11
:10B88C00BDBFBF9A9A9B9C9C9D7E7F9E81819E9FF3
:10B89C00817D7E7D9F9F7FC1C2C67AFFFFFFFFFF28
:10B8AC00FFFFFFFFFFFFFFFFFFFFFFFFFFFF97E41F
:10B8BC00E1FEFED1D2D193E2B8DEDEDFC7C8D6B945
:10B8CC00BBBDBFBF9A9A9B9A9A9C9B9A9B9D9D7E4F
:10B8DC00A082A8A8AB8D8D8A80C37BFFFFFFFFFFE2
:10B8EC00FFFFFFFFFFFFFFFFFFFFFFFFFFFFE3CFA8
:10B8FC0093E1E2D1B2B2D2D2D6DFDFC7C9DDB7B99C
:10B90C00B7B7B9B9B7B7BBBDD6D6DCDFC5CAA8AB1C
:10B91C008A8BA9A7A789CD7AF6FFFFFFFFFFFFFF50
:10B92C00FFFFFFFFFFFFFFFFFFFFFFFFFFFFE3CF67
:10B93C00E4CED1D1D1B2B2D2DDDFDFDEC2D3B2D20E
:10B94C00D2D3B8D4D5D8DBDDC483C3A1A9A7897C55
:10B95C007AADFFFFFFFFFFFFFFFFFFFFFFFFFFFFC2
:10B96C00FFFFFFFFFFFFFFFFFFFFFFFFFFFFB09396
:10B97C00E4E4E4CECECEE4D1B8D2D1E4CFE4B4B694
:10B98C00B8BD9C98C3A113BC797AF5FFFFFFFFFFEC
:10B99C00FFFFFFFFFFFFFFFFFFFFFFFFFFFFFFFFAB
:10B9AC00FFFFFFFFFFFFFFFFFFFFFFFFFFFFB0FEEB
:10B9BC00769393E17671717693E2AFD0B3B1E5F102
:10B9CC00BCF2F401FFFFFFFFFFFFFFFFFFFFFFFFD4
:10B9DC00FFFFFFFFFFFFFFFFFFFFFFFFFFFFFFFF6B
:10B9EC00FFFFFFFFFFFFFFFFFFFFFFFFFFFF12F057
:10B9FC00789292AF7818B115F172F303FFFFFFFF45
:10BA0C00FFFFFFFFFFFFFFFFFFFFFFFFFFFFFFFF3A
:10BA1C00FFFFFFFFFFFFFFFFFFFFFFFFFFFFFFFF2A
:10BA2C00FFFFFFFFFFFFFFFFFFFFFFFFFFFFFFFF1A
:10BA3C00FF9494FDF5FFFFFFFFFFFFFFFFFFFFFFEC
:10BA4C00FFFFFFFFFFFFFFFFFFFFFFFFFFFFFFFFFA
:10BA5C00FFFFFFFFFFFFFFFFFFFFFFFFFFFFFFFFEA
:10BA6C00FFFFFFFFFFFFFFFFFFFFFFFFFFFFFFFFDA
:10BA7C00FFFFFFFFFFFFFFFFFFFFFFFFFFFFFFFFCA
:10BA8C00FFFFFFFFFFFFFFFFFFFFFFFFFFFFFFFFBA
:10BA9C00FFFFFFFFFFFFFFFFFFFFFFFFFFFFFFFFAA
:10BAAC00FFFFFFFFFFFFFFFFFFFF00000000000094
:10BABC00000054525545564953494F4E2D5846494E
:10BACC004C452E0000010100000001180000000090
:10BADC00400040000808FFFFFF010101000001ECDD
:10BAEC00EEEFF3F5F6F9FBFC0103040C161A2D4EE0
:10BAFC00590407085AC9EE0710134FC5ED4FC6EE8F
:10BB0C0050C8F14DC4ED4CC5EE4BC6F049C3EC4AE0
:10BB1C00C4ED4CCAF449C4ED49C4EECEECF5A0E238
:10BB2C00F692DEF5395A647CD8F37AD7F378D6F2EC
:10BB3C005498AD77D6F574D5F24D8FA372D4F270BC
:10BB4C00D3F16FD3F123434D5FB7D16DD2F0488B56
:10BB5C00A056A9C264C5E26AD1F064CAE966CFEF07
:10BB6C005AB8D462C9E862CCED63CEF040879D46EA
:10BB7C0093AC5CC2E25EC7E861CDEF5ECBEE5ECC0F
:10BB8C00EF52B5D45BC9EB59C6E85CCBEE5ACAEDA3
:10BB9C003F8FA8459BB74BA9C656C1E35ACAEF586D
:10BBAC00C9ED59CAEF52BCDE58C9EE57C9ED55C69E
:10BBBC00EA56C9EF56CAEF285F714BB2D454C8EE9F
:10BBCC0051C3E853C8EE4CBADE4EBFE451C6EC5339
:10BBDC00CBF250C7EE4DC3EA4DC4EA4DC6ED3FA3C0
:10BBEC00C44DC6EE4BC5ED4AC3EB4ED0FBCFF2FBBA
:10BBFC00C5EFFABEE8F3B7E1ECBCECF9AFE8F898A6
:10BC0C00CFDEA9E6F7A1DEEEA6E6F7A2E5F79DE208
:10BC1C00F699E2F696E1F590E0F581CCE089DBF15E
:10BC2C008ADEF47BC9DD88DCF464A4B56BB0C28613
:10BC3C00DDF46FB9CC84DAF376C5DA6CB5C983DC84
:10BC4C00F45C9BAC65AABD80D9F082DBF35895A659
:10BC5C007CD4EC80DAF37ED9F25492A473CBE278E4
:10BC6C00D6EE62AFC46ABDD475D1EA67B8CF5BA417
:10BC7C00B864B4CB75D3EE71D0E976D6F26CC8E06B
:10BC8C00559EB36DCCE671D2EE67C4DD4E95A967B7
:10BC9C00CAE56ACEEA60C0DA59B2CC5ABED93A7D4E
:10BCAC009055BCD7B6EBF8A7DBE8B3EAF8ABE8F7EE
:10BCBC0098D9E89FE5F699DEEF9AE5F68DD7E894EA
:10BCCC00E1F38EDAEB7DC0D189D4E593E2F576B65B
:10BCDC00C68EDEF28FE1F38CDFF47BC7DA81D1E51F
:10BCEC0087DBF089DDF274BDCF85D8ED83D6EB868A
:10BCFC00DDF182DBF07BD0E572C2D67CD8EF050992
:10BD0C000A74D5EC78DDF472D4EC75DCF374DBF3E7
:10BD1C0075DDF56ED2EB71DAF272DCF56DD9F215D8
:10BD2C002A2F67CEE86BD9F269D7F166D6F063D5C6
:10BD3C00EF64D8F461D4EF5ED3EF5FD9F55CD2EE4B
:10BD4C005BD1EE57CDEA58D0EDC8EDF5B6E9F3BDB1
:10BD5C00F3FDB0E6F1B7EFFB83B1BBB0EFFBA7E4AB
:10BD6C00F17BA9B290C7D3AAEDFAABEFFCA5EAF927
:10BD7C00659099A4EDFB2D41454F747C9EE8F89C91
:10BD8C00EBFA69A0AC96E4F595E9F990E7F88FE940
:10BD9C00FB8BE5F888E4F784E2F682E4F87FE0F5C3
:10BDAC007CDFF479DEF472DCF3D7F8FECFF7FEC952
:10BDBC00F6FEC4F5FEB5F2FD0A1011060C0DE4FCFE
:10BDCC00FFE1E3E3E6E8E8010202030606CFCDCD8E
:10BDDC00FFFFFF000000FFFFFFFFFFFFFFFFFFFF64
:10BDEC00FFFFFFFFFFFFFFC3080BFFFFFFFFFFFF7E
:10BDFC00FFFFFFFFFFFFFFFFFFFFFFFFFFFFFFFF47
:10BE0C00FFFFFFFFFFFFFFFFFFFFFFFFFFFFFFFF36
:10BE1C00FFFFFFFFFFFFFFFFFFFFFFFFFFFFFFFF26
:10BE2C00FFFFFFFFFFFF4BCFCC88FCFFFFFFFFFFA7
:10BE3C00FFFFFFFFFFFFFFFFFFFFFFFFFFFFFFFF06
:10BE4C00FFFFFFFFFFFFFFFFFFFFFFFFFFFFFFFFF6
:10BE5C00FFFFFFFFFFFFFFFFFFFFFFFFFFFFFFFFE6
:10BE6C00FFFFFFFF0698CFD0CC8907FFFFFFFFFF36
:10BE7C00FFFFFFFFFFFFFFFFFFFFFFFFFFFFFFFFC6
:10BE8C00FFFFFFFFFFFFFFFFFFFFFFFFFFFFFFFFB6
:10BE9C00FFFFFFFFFFFFFFFFFFFFFFFFFFFFFFFFA6
:10BEAC00FFFFFFB832D0D0D0CC8907FFFFFFFFFFD8
:10BEBC00FFFFFFFFFFFFFFFFFFFFFFFFFF02F70B7F
:10BECC00FBFFFFFFFFFFFFFFFFFFFFFFFFFFFFFF7A
:10BEDC00FFFFFFFFFFFFFFFFFFFFFFFFFFFFFFFF66
:10BEEC00FFFF0B3FD0D0D0D0CC8707FFFFFFFFFF69
:10BEFC00FFFFFFFFFFFFFFFB0202B8C34B3F120C1B
:10BF0C001AFFFFFFFFFFFFFFFFFFFFFFFFFFFFFF1A
:10BF1C00FFFFFFFFFFFFFFFFFFFFFFFFFFFFFF0222
:10BF2C00FFC340D0CECECED0CC8707FFFFFFFFFFA4
:10BF3C00FFFF020602FB0BC34B3F5B5C5C11110E57
:10BF4C0021FBFFFFFFFFFFFFFFFFFFFFFFFFFFFFD7
:10BF5C00FFFFFFFFFFFFFFFFFFFFFFFFFFFFFFFFE5
:10BF6C00C399CECECECECECECC8507FFFFFF02FF3F
:10BF7C00FF020BC34B58105C141411131313160E41
:10BF8C0021FBFFFFFFFFFFFFFFFFFFFFFFFFFFFF97
:10BF9C00FFFFFFFFFFFFFFFFFFFFFFFFFFFFFB2583
:10BFAC0041CDCDCDCDCDCDCEC98507FFFF060BC381
:10BFBC004B3F5059590F555B5B1313131313160E4C
:10BFCC0021FBFFFFFFFFFFFFFFFFFFFFFFFFFFFF57
:10BFDC00FFFFFFFFFFFFFFFFFFFFFFFFFFFC08C49A
:10BFEC00CDCDCDCDCDCDCDCDC985C3C308983F4CDE
:10BFFC00505050515155550F5A5A5A131313160E7F
:10C00C0021FBFFFFFFFFFFFFFFFFFFFFFFFFFFFF16
:10C01C00FFFFFFFFFFFFFFFFFFFFFFFF014B2CBFE9
:10C02C00CBCBCBCBCBCBCBCBC985983E3F3F584072
:10C03C004C50505151560F0F0F5A5A131313160ED2
:10C04C0081FBFFFFFFFFFFFFFFFFFFFFFFFFFFFF76
:10C05C00FFFFFFFFFFFFFFFFFFFFFFFC98C4C4BF04
:10C06C00CBCACACACACACACBC9B698323E3F3F402D
:10C07C004C505051550C0F0C57595A5A5A13160E06
:10C08C001EFBFFFFFFFFFFFFFFFFFFFFFFFFFFFF99
:10C09C00FFFFFFFFFFFFFFFFFFFFFF3E2AC4C4BFF0
:10C0AC00CACACACACACACACAC9B632323E3F3F4055
:10C0BC004C50454E4E0C0C0C0C59105A5A5A150E2D
:10C0CC001EFBFFFFFFFFFFFFFFFFFFFFFFFFFFFF59
:10C0DC00FFFFFFFFFFFFFFFFFFFFFF9993C494BF1C
:10C0EC00CAC8C8C8C8C8C8CAC57632323E3F3F4065
:10C0FC004C45514E525254540D0D5759105A160E60
:10C10C008EFBFFFFFFFFFFFFFFFFFFFFFFFFFFFFA8
:10C11C00FFFFFFFFFFFFFFFFFFFFFF9993C494BBDF
:10C12C00C8C7C7C7C8C8C7C8C5AC32323E3F3F40F6
:10C13C004C45514E52525254540D0D5959105A0EE1
:10C14C008EFBFFFFFFFFFFFFFFFFFFFFFFFFFFFF68
:10C15C00FFFFFFFFFFFFFFFFFFFFFF99939494BBCF
:10C16C00C7C7C7C7C7C7C7C7C56F3232333F3F4002
:10C17C003945414848524F4F545454595959100E4F
:10C18C0088FBFFFFFFFFFFFFFFFFFFFFFFFFFFFF2E
:10C19C00FFFFFFFFFFFFFFFFFFFFFF999394BFB966
:10C1AC00C7C6C6C6C6C6C6C7C26C2832333F3F40D8
:10C1BC0039454148484D4D4F4F5454540D59105327
:10C1CC0088FBFFFFFFFFFFFFFFFFFFFFFFFFFFFFEE
:10C1DC00FFFFFFFFFFFFFFFFFFFFFF9993BFBFB9FB
:10C1EC00C6C6C6C6C6C6C6C6C16C2832333F3F409B
:10C1FC003945414848474D4D4F4F54545459595364
:10C20C008802FFFFFFFFFFFFFFFFFFFFFFFFFFFFA6
:10C21C00FFFFFFFFFFFFFFFFFFFFFF998FBFBF83F4
:10C22C00C5C5C5C5C5C5C5C5C1AD2832333F3F4021
:10C23C003941413B4347494D4D4D4F54545459534B
:10C24C007A01FFFFFFFFFFFFFFFFFFFFFFFFFFFF75
:10C25C00FFFFFFFFFFFFFFFFFFFFFF978FBFBB83BA
:10C26C00C5C2C2C2C5C2C2C5BEA62132333F3F96AB
:10C27C0039413B3B43464649494D4D4F4F5454532E
:10C28C008401FFFFFFFFFFFFFFFFFFFFFFFFFFFF2B
:10C29C00FFFFFFFFFFFFFFFFFFFFFF978FBFBB837A
:10C2AC00C2C0C0C2C0C0C0C2BEA62132333F2939F1
:10C2BC0097413B3A3D42444647494D4D4F545453A8
:10C2CC008402FFFFFFFFFFFFFFFFFFFFFFFFFFFFEA
:10C2DC00FFFFFFFFFFFFFFFFFFFFFF978FBBB9B70C
:10C2EC00C0C0C0C0C0C0C0C0EFA49232923F402EAC
:10C2FC009734353C3C424244434949494D4F544A9A
:10C30C0085FCFFFFFFFFFFFFFFFFFFFFFFFFFFFFAE
:10C31C00FFFFFFFFFFFFFFFFFFFFFF978BB983B707
:10C32C00F0BDBDBDBDBDBDF0EFA492323329962E3C
:10C33C00343435373C3C3C420A444A49494D4F4918
:10C34C00B6F7FFFFFFFFFFFFFFFFFFFFFFFFFFFF42
:10C35C00FFFFFFFFFFFFFFFFFFFFFF978BB98380FE
:10C36C00BDBCBCBCBCBCBCBCEFA992328E292E9708
:10C37C003435353737383C3C4242444A4A494F44BD
:10C38C00B6F7FFFFFFFFFFFFFFFFFFFFFFFFFFFF02
:10C39C00FFFFFFFFFFFFFFFFFFFFFF978B8383B4C0
:10C3AC00BEBABABABABABABDE9A021288E962E95F1
:10C3BC00342F2F303636373C3C3C4244444A4D42B5
:10C3CC0076F7FFFFFFFFFFFFFFFFFFFFFFFFFFFF02
:10C3DC00FFFFFFFFFFFFFFFFFFFFFF958B83B7B44E
:10C3EC00EFEFEFEFEFEFEFED9D7A289288969595B2
:10C3FC002A2F303036363638373C42424444493C9A
:10C40C0076F7FFFFFFFFFFFFFFFFFFFFFFFFFFFFC1
:10C41C00FFFFFFFFFFFFFFFFFFFFFF958683B7B313
:10C42C00EEEEEEEEEEEEEFE3A898211E2996952A9D
:10C43C002A2C3031313136363838383C4244443687
:10C44C006FF7FFFFFFFFFFFFFFFFFFFFFFFFFFFF88
:10C45C00FFFFFFFFFFFFFFFFFFFFFF9586B77BB3DB
:10C46C00EEEDEDEDEDEDEEA37D32818E2926952AD4
:10C47C0093C4302D2D313136363838383C42423168
:10C48C006FF7FFFFFFFFFFFFFFFFFFFFFFFFFFFF48
:10C49C00FFFFFFFFFFFFFFFFFFFFFF9583B7B46EAA
:10C4AC00EDEDEDEDEDEDEDA481281E8E2926912A02
:10C4BC0093942D2D2D2D3131313638383838382D87
:10C4CC00ACF7FFFFFFFFFFFFFFFFFFFFFFFFFFFFCB
:10C4DC00FFFFFFFFFFFFFFFFFFFFFF957E7BB3AB6F
:10C4EC00EDEDEBEBEBEBECA281211E8E8426919310
:10C4FC0094942B2D2D2D2D2D313136363636362B61
:10C50C00ACF7FFFFFFFFFFFFFFFFFFFFFFFFFFFF8A
:10C51C00FFFFFFFFFFFFFFFFFFFFFF917EB4B3AAFA
:10C52C00EBEBEBEBEBEBECA281211E8884858D8F82
:10C53C0094942B2B2B2B2D2D2D313131313131244A
:10C54C00A5F7FFFFFFFFFFFFFFFFFFFFFFFFFFFF51
:10C55C00FFFFFFFFFFFFFFFFFFFFFF917EB3AFAABF
:10C56C00EBEBEBEBEBEBEAA27D218E8884858D8FD8
:10C57C0094BF27272B2B2B2D2D2D2D312D2D2B2201
:10C58C00A5B8FFFFFFFFFFFFFFFFFFFFFFFFFFFF50
:10C59C00FFFFFFFFFFFFFFFFFFFFFF917BB3ABA789
:10C5AC00EAEAEAEAEAEAEAA47D818E8889918D8F2B
:10C5BC00BF90272727272B2B2B2D2D2D2B2B278C73
:10C5CC00A8B8FFFFFFFFFFFFFFFFFFFFFFFFFFFF0D
:10C5DC00FFFFFFFFFFFFFFFFFFFFFF917BAFAAE510
:10C5EC00EAE9E9E9E9E9E9A47D81888889B68F8BD4
:10C5FC00BF9023242727272B2B2B2B2B2B27231FB9
:10C60C007707B8B8FFFFFFFFFFFFFFFFFFFFFFFF3C
:10C61C00FFFFFFFFFFFFFFFFFFFFFF91B1A96BA122
:10C62C00E9E9E9E9E9E9E8A47D7D887A878D8B8BD6
:10C63C0090902323232427272B2B27272423208C5C
:10C64C009089767AC3FFFFFFFFFFFFFFFFFFFFFF1D
:10C65C00FFFFFFFFFFFFFFFFFFFFFF91B1AAA7E264
:10C66C00E9E7E7E7E7E7E69E7D79887A8782868ABD
:10C67C008A8A22222223242427272423228C1D7BEE
:10C68C006519196C2501FFFFFFFFFFFFFFFFFFFF7F
:10C69C00FFFFFFFFFFFFFFFFFFFFFF8DAEAAA7E22B
:10C6AC00E7E7E7E7E7E6E6A0797D88848582868A76
:10C6BC008A20202022232323242322228C1D1B7535
:10C6CC00F9F9F96325FFFFFFFFFFFFFFFFFFFFFFF6
:10C6DC00FFFFFFFFFFFFFFFFFFFFFF8DAEA7E5E2B0
:10C6EC00E7E7E7E6E6E3E3A079798872858286835B
:10C6FC00838C8C8C202022222220208C1D80806D0B
:10C70C00F9FAFA6308FFFFFFFFFFFFFFFFFFFFFFD0
:10C71C00FFFFFFFFFFFFFFFFFFFFFF8DAFE5A1DD79
:10C72C00E7E6E6E6E3E3DF6579797A84858286835A
:10C73C00831D1D8C8C8C20208C8C1D1B807F75A9DF
:10C74C00FAFAFA6308FFFFFFFFFFFFFFFFFFFFFF8F
:10C75C00FFFFFFFFFFFFFFFFFFFFFF8DAFE5A1DD39
:10C76C00E6E6E3E3E3DFDF6579797A72B6827EB7DA
:10C77C001C1C1D1D8C8C8C8C8C1C1B80757070195A
:10C78C00FA03036308FFFFFFFFFFFFFFFFFFFFFF3D
:10C79C00FFFFFFFFFFFFFFFFFFFFFF8DA9E5E2DDBE
:10C7AC00E6E3E3E3DFDFDCD879797A77B6B57EB7F9
:10C7BC001B1B1C1C1D1D1D1D1C1B7F757070AB6A6B
:10C7CC000303039E0801FFFFFFFFFFFFFFFFFFFFB7
:10C7DC00FFFFFFFFFFFFFFFFFFFFFF8DA9A1E2DBC4
:10C7EC00E3E3E3DFDFDFD7D8E4717A77B6B57EB762
:10C7FC0080801B1B1C1B1B1B807F75706E1919689E
:10C80C000304049B08FFFFFFFFFFFFFFFFFFFFFF79
:10C81C00FFFFFFFFFFFFFFFFFFFFFF82A9A1E2DB8E
:10C82C00E3DFDFDFDCD7D7D471717277B6B5B780B1
:10C83C00808080801B1B807F7F7570AB6B196A18A2
:10C84C000404049B08FFFFFFFFFFFFFFFFFFFFFF38
:10C85C00FFFFFFFFFFFFFFFFFFFFFF82A9A1DDD757
:10C86C00DFDFDCDCD7D7F5D47171727476B57B7BE6
:10C87C0080807F8080807F7C7570AB1919696966B8
:10C88C000405059B0802FFFFFFFFFFFFFFFFFFFFF3
:10C89C00FFFFFFFFFFFFFFFFFFFFFF82AA9FDDD718
:10C8AC00DFDCDCD7D7F5D3D271717274767E7B7FE7
:10C8BC007F7F7F7F7F7C787370AB196A696818649F
:10C8CC0005FE05601AFFFFFFFFFFFFFFFFFFFFFFE5
:10C8DC00FFFFFFFFFFFFFFFFFFFFFF82A367DBF5FB
:10C8EC00DCD7D7F5F5D3D3D271717274767EB47C64
:10C8FC007C7C7C787878706EAB6B6A696818676240
:10C90C0004FD056008FFFFFFFFFFFFFFFFFFFFFFB8
:10C91C00FFFFFFFFFFFFFFFFFFFFFF82A3DDDBD564
:10C92C00DCF5F5F5D3D3F45F7A7172B06FB2B47CE9
:10C93C007878787873706EAB6B6A69686766649C9C
:10C94C0004FDFE601AFFFFFFFFFFFFFFFFFFFFFF6D
:10C95C00FFFFFFFFFFFFFFFFFFFFFFB5E5DDD7D5B3
:10C96C00D7F5F5D3D3F4F35F7A7177B6ADB47578A8
:10C97C0073737373706EA9196A69686766649DD561
:10C98C0003FD05601AFFFFFFFFFFFFFFFFFFFFFF27
:10C99C00FFFFFFFFFFFFFFFFFFFFFFB5A19DD7D3F9
:10C9AC00F5D3D3D3F4F4F3617272B06FB2AE737388
:10C9BC0073737370ABAB6B6A696867666462626150
:10C9CC0005F9055F1AFFFFFFFFFFFFFFFFFFFFFFEA
:10C9DC00FFFFFFFFFFFFFFFFFFFFFFB59F9DD5D3BD
:10C9EC00F5D3D3F4F4F3F2D17277ACADB1B3737079
:10C9FC0070706EAB6B6B6A699F67669D629C9C6185
:10CA0C0005F9055F1AFFFFFFFFFFFFFFFFFFFFFFA9
:10CA1C00FFFFFFFFFFFFFFFFFFFFFFAD9FD7D5F429
:10CA2C00D3D3F4F4F3F2F1D1A8B06CB2AEAF706E14
:10CA3C006E6EAB6B6B6A699F67669D629C9A9A5E21
:10CA4C0004FDFED11AFFFFFFFFFFFFFFFFFFFFFFFB
:10CA5C00FFFFFFFFFFFFFFFFFFFFFFAD66D7D5F422
:10CA6C00D3F4F4F3F2F2F15EB0B6ADB26DAF6EABDF
:10CA7C00ABAB6BA76A699F67669D629C9A61615EAE
:10CA8C0004FD05D11AFFFFFFFFFFFFFFFFFFFFFFB4
:10CA9C00FFFFFFFFFFFFFFFFFFFFFFA6669AD3F329
:10CAAC00F4F3F3F2F2F1F15DA576ADB1AFAFABAB50
:10CABC006B6BA76A699F67669D629C9A6161615EF8
:10CACC0004FDFE171AFBFFFFFFFFFFFFFFFFFFFF39
:10CADC00FFFFFFFFFFFFFFFFFFFFFFA69DD5D3F377
:10CAEC00F4F3F2F2F1F1F85DA56FB2AEAF6EAB6B91
:10CAFC006BA7E5699F67669D629C9A6161615E5D4B
:10CB0C0005FD05171A02FFFFFFFFFFFFFFFFFFFFE9
:10CB1C00FFFFFFFFFFFFFFFFFFFFFFA69D615EF220
:10CB2C00F3F2F2F2F1F8F89BB0ADB1AF6E6E6B6B45
:10CB3C00A76A699F67669D629C9A61615E5E5E5D95
:10CB4C00050405171AFFFFFFFFFFFFFFFFFFFFFFA5
:10CB5C00FFFFFFFFFFFFFFFFFFFFFFA26261F4F289
:10CB6C00F2F2F1F8F8D163746FB1AE6EAB6B6B6B24
:10CB7C006A699F67669D629C9A61615E5E5E5D5D9F
:10CB8C00F8F8F8D11AFFFFFFFFFFFFFFFFFFFFFFD1
:10CB9C00FFFFFFFFFFFFFFFFFFFFFF9E62D3F4F2DB
:10CBAC00F2F1F8D1DA77746CB1AF6EABAB6B6B6A38
:10CBBC0069689F669D629C9A61615E5D5D5DF1F145
:10CBCC005DD15FA8C3FFFFFFFFFFFFFFFFFFFFFF6C
:10CBDC00FFFFFFFFFFFFFFFFFFFFFF9E9A5EF4F1D9
:10CBEC00F8D1DA72776FB26D6E6E6EABAB6BA76A03
:10CBFC0069679D9C9A615E5E5ED15F6063D6DEE183
:10CC0C001A08C3B8FFFFFFFFFFFFFFFFFFFFFFFF87
:10CC1C00FFFFFFFFFFFFFFFFFFFFFF9E9AF3F8D11F
:10CC2C00DA72776FB2B3737373ABA76A69679D9C43
:10CC3C009A9AD29BDAD9DEE11A08C307B8FBFFFF38
:10CC4C00FFFFFFFFFFFFFFFFFFFFFFFFFFFFFFFFE8
:10CC5C00FFFFFFFFFFFFFFFFFFFFFF9E5D5E6372A5
:10CC6C00896FB1A4A96A18D89DD8D89BDAD9DEE10E
:10CC7C001AE0C3F60901FFFFFFFFFFFFFFFFFFFFF5
:10CC8C00FFFFFFFFFFFFFFFFFFFFFFFFFFFFFFFFA8
:10CC9C00FFFFFFFFFFFFFFFFFFFFFF6060A5DA63F1
:10CCAC00D8D8D89BDAD9DEE11AE0C3F6FC01FFFF35
:10CCBC00FFFFFFFFFFFFFFFFFFFFFFFFFFFFFFFF78
:10CCCC00FFFFFFFFFFFFFFFFFFFFFFFFFFFFFFFF68
:10CCDC00FFFFFFFFFFFFFFFFFFFF01E0DA63E4E16F
:10CCEC001AE0C3F6FCFFFFFFFFFFFFFFFFFFFFFF94
:10CCFC00FFFFFFFFFFFFFFFFFFFFFFFFFFFFFFFF38
:10CD0C00FFFFFFFFFFFFFFFFFFFFFFFFFFFFFFFF27
:10CD1C00FFFFFFFFFFFFFFFFFFFFFFFFFFFFFFFF17
:10CD2C00FFFFFFFFFFFFFFFFFFFFFFFFFFFFFFFF07
:10CD3C00FFFFFFFFFFFFFFFFFFFFFFFFFFFFFFFFF7
:10CD4C00FFFFFFFFFFFFFFFFFFFFFFFFFFFFFFFFE7
:10CD5C00FFFFFFFFFFFFFFFFFFFFFFFFFFFFFFFFD7
:10CD6C00FFFFFFFFFFFFFFFFFFFFFFFFFFFFFFFFC7
:10CD7C00FFFFFFFFFFFFFFFFFFFFFFFFFFFFFFFFB7
:10CD8C00FFFFFFFFFFFFFFFFFFFFFFFFFFFFFFFFA7
:10CD9C00FFFFFFFFFFFFFFFFFFFFFFFFFFFFFFFF97
:10CDAC00FFFFFFFFFFFFFFFFFFFFFFFFFFFFFFFF87
:10CDBC00FFFFFFFFFFFFFFFFFFFFFFFFFFFFFFFF77
:10CDCC00FFFFFFFFFFFFFFFFFFFFFFFFFFFFFFFF67
:10CDDC00FFFFFFFFFFFF00000000000000005452A7
:10CDEC005545564953494F4E2D5846494C452E00F2
:10CDFC0000010100000001180000000020002000CC
:10CE0C000808000000000000000000000000000006
:10CE1C000000000000000000000000000000000006
:10CE2C0000000000000000000000000000000000F6
:10CE3C0000000000000000000000000000000000E6
:10CE4C0000000000000000000000000000000000D6
:10CE5C0000000000000000000000000000000000C6
:10CE6C0000000000000000000000000000000000B6
:10CE7C0000000000000000000000000000000000A6
:10CE8C000000000000000000000000000000000096
:10CE9C000000000000000000000000000000000086
:10CEAC000000000000000000000000000000000076
:10CEBC000000000000000000000000000000000066
:10CECC000000000000000000000000000000000056
:10CEDC000000000000000000000000000000000046
:10CEEC000000000000000000000000000000000036
:10CEFC000000000000000000000000000000000026
:10CF0C000000000000000000000000000000000015
:10CF1C000000000000000000000000000000000005
:10CF2C0000000000000000000000000000000000F5
:10CF3C0000000000000000000000000000000000E5
:10CF4C0000000000000000000000000000000000D5
:10CF5C0000000000000000000000000000000000C5
:10CF6C0000000000000000000000000000000000B5
:10CF7C0000000000000000000000000000000000A5
:10CF8C000000000000000000000000000000000095
:10CF9C000000000000000000000000000000000085
:10CFAC000000000000000000000000000000000075
:10CFBC000000000000000000000000000000000065
:10CFCC000000000000000000000000000000000055
:10CFDC000000000000000000000000000000000045
:10CFEC000000000000000000000000000000000035
:10CFFC000000000000000000000000000000000025
:10D00C000000000000000000000000000000000014
:10D01C000000000000000000000000000000000004
:10D02C0000000000000000000000000000000000F4
:10D03C0000000000000000000000000000000000E4
:10D04C0000000000000000000000000000000000D4
:10D05C0000000000000000000000000000000000C4
:10D06C0000000000000000000000000000000000B4
:10D07C0000000000000000000000000000000000A4
:10D08C000000000000000000000000000000000094
:10D09C000000000000000000000000000000000084
:10D0AC000000000000000000000000000000000074
:10D0BC000000000000000000000000000000000064
:10D0CC000000000000000000000000000000000054
:10D0DC000000000000000000000000000000000044
:10D0EC000000000000000000000000000000000034
:10D0FC000000008080800101730000FFFFFFFF0033
:10D10C000000FFFFFFFFFFFFFFFFFFFFFFFFFFFF21
:10D11C00FFFFFFFFFFFFFFFFFFFFFFFFFFFFFFFF13
:10D12C00FFFFFFFFFFFFFFFFFFFFFFFFFFFFFFFF03
:10D13C00FFFFFFFFFFFFFFFFFFFFFFFFFFFFFFFFF3
:10D14C00FFFFFFFFFFFFFFFFFFFFFFFFFFFFFFFFE3
:10D15C00FFFFFFFFFFFFFFFFFFFFFFFFFFFFFFFFD3
:10D16C00FFFFFFFFFFFFFFFBFBFBFBFBFBFBFBFBE7
:10D17C00FBFBFBFBFBFBFBFBFBFBFBFBFBFBFBFFEF
:10D18C00FFFFFFFFFFFFFDFDFDFDFDFDFDFDFDFDB7
:10D19C00FDFDFDFDFDFDFDFDFDFDFDFDFDFDFBFFB3
:10D1AC00FFFFFFFFFFFFFDFDFDFDFDFDFDFDFDFD97
:10D1BC00FDFDFDFDFDFDFDFDFDFDFDFDFDFDFBFF93
:10D1CC00FFFFFFFFFFFFFDFDFDFDFDFDFDFDFDFD77
:10D1DC00FDFDFDFDFDFDFDFDFDFDFDFDFDFDFBFF73
:10D1EC00FFFFFFFFFFFFFDFDFDFCFCFDFDFDFDFD59
:10D1FC00FDFDFDFDFDFDFDFDFDFCFCFDFDFDFBFF55
:10D20C00FFFFFFFFFFFFFDFDFDFCFCFCFDFDFDFD39
:10D21C00FDFDFDFDFDFDFDFDFCFCFCFDFDFDFBFF35
:10D22C00FFFFFFFFFFFFFDFDFDFDFCFCFCFDFDFD19
:10D23C00FDFDFDFDFDFDFDFCFCFCFDFDFDFDFBFF15
:10D24C00FFFFFFFFFFFFFDFDFDFDFDFCFCFCFDFDF9
:10D25C00FDFDFDFDFDFDFCFCFCFDFDFDFDFDFBFFF5
:10D26C00FFFFFFFFFFFFFDFDFDFDFDFDFCFCFCFDD9
:10D27C00FDFDFDFDFDFCFCFCFDFDFDFDFDFDFBFFD5
:10D28C00FFFFFFFFFFFFFDFDFDFDFDFDFDFCFCFCB9
:10D29C00FDFDFDFDFCFCFCFDFDFDFDFDFDFDFBFFB5
:10D2AC00FFFFFFFFFFFFFDFDFDFDFDFDFDFDFCFC98
:10D2BC00FCFDFDFCFCFCFDFDFDFDFDFDFDFDFBFF96
:10D2CC00FFFFFFFFFFFFFDFDFDFDFDFDFDFDFDFC77
:10D2DC00FCFCFCFCFCFDFDFDFDFDFDFDFDFDFBFF77
:10D2EC00FFFFFFFFFFFFFDFDFDFDFDFDFDFDFDFD56
:10D2FC00FCFCFCFCFDFDFDFDFDFDFDFDFDFDFBFF56
:10D30C00FFFFFFFFFFFFFDFDFDFDFDFDFDFDFDFD35
:10D31C00FCFCFCFCFDFDFDFDFDFDFDFDFDFDFBFF35
:10D32C00FFFFFFFFFFFFFDFDFDFDFDFDFDFDFDFC16
:10D33C00FCFCFCFCFCFDFDFDFDFDFDFDFDFDFBFF16
:10D34C00FFFFFFFFFFFFFDFDFDFDFDFDFDFDFCFCF7
:10D35C00FCFDFDFCFCFCFDFDFDFDFDFDFDFDFBFFF5
:10D36C00FFFFFFFFFFFFFDFDFDFDFDFDFDFCFCFCD8
:10D37C00FDFDFDFDFCFCFCFDFDFDFDFDFDFDFBFFD4
:10D38C00FFFFFFFFFFFFFDFDFDFDFDFDFCFCFCFDB8
:10D39C00FDFDFDFDFDFCFCFCFDFDFDFDFDFDFBFFB4
:10D3AC00FFFFFFFFFFFFFDFDFDFDFDFCFCFCFDFD98
:10D3BC00FDFDFDFDFDFDFCFCFCFDFDFDFDFDFBFF94
:10D3CC00FFFFFFFFFFFFFDFDFDFDFCFCFCFDFDFD78
:10D3DC00FDFDFDFDFDFDFDFCFCFCFDFDFDFDFBFF74
:10D3EC00FFFFFFFFFFFFFDFDFDFCFCFCFDFDFDFD58
:10D3FC00FDFDFDFDFDFDFDFDFCFCFCFDFDFDFBFF54
:10D40C00FFFFFFFFFFFFFDFDFDFCFCFDFDFDFDFD36
:10D41C00FDFDFDFDFDFDFDFDFDFCFCFDFDFDFBFF32
:10D42C00FFFFFFFFFFFFFDFDFDFDFDFDFDFDFDFD14
:10D43C00FDFDFDFDFDFDFDFDFDFDFDFDFDFDFBFF10
:10D44C00FFFFFFFFFFFFFDFDFDFDFDFDFDFDFDFDF4
:10D45C00FDFDFDFDFDFDFDFDFDFDFDFDFDFDFBFFF0
:10D46C00FFFFFFFFFFFFFDFDFDFDFDFDFDFDFDFDD4
:10D47C00FDFDFDFDFDFDFDFDFDFDFDFDFDFDFFFFCC
:10D48C00FFFFFFFFFFFFFFFFFFFFFFFFFFFFFFFFA0
:10D49C00FFFFFFFFFFFFFFFFFFFFFFFFFFFFFFFF90
:10D4AC00FFFFFFFFFFFFFFFFFFFFFFFFFFFFFFFF80
:10D4BC00FFFFFFFFFFFFFFFFFFFFFFFFFFFFFFFF70
:10D4CC00FFFFFFFFFFFFFFFFFFFFFFFFFFFFFFFF60
:10D4DC00FFFFFFFFFFFFFFFFFFFFFFFFFFFFFFFF50
:10D4EC00FFFFFFFFFFFFFFFFFFFFFFFFFFFFFFFF40
:10D4FC00FFFFFFFFFFFFFFFFFFFFFFFFFFFFFFFF30
:10D50C00FFFF000000000000000054525545564932
:10D51C0053494F4E2D5846494C452E0000010100F1
:10D52C000000011800000000200020000808000086
:10D53C0000000000000000000000000000000000DF
:10D54C0000000000000000000000000000000000CF
:10D55C0000000000000000000000000000000000BF
:10D56C0000000000000000000000000000000000AF
:10D57C00000000000000000000000000000000009F
:10D58C00000000000000000000000000000000008F
:10D59C00000000000000000000000000000000007F
:10D5AC00000000000000000000000000000000006F
:10D5BC00000000000000000000000000000000005F
:10D5CC00000000000000000000000000000000004F
:10D5DC00000000000000000000000000000000003F
:10D5EC00000000000000000000000000000000002F
:10D5FC00000000000000000000000000000000001F
:10D60C00000000000000000000000000000000000E
:10D61C0000000000000000000000000000000000FE
:10D62C0000000000000000000000000000000000EE
:10D63C0000000000000000000000000000000000DE
:10D64C0000000000000000000000000000000000CE
:10D65C0000000000000000000000000000000000BE
:10D66C0000000000000000000000000000000000AE
:10D67C00000000000000000000000000000000009E
:10D68C00000000000000000000000000000000008E
:10D69C00000000000000000000000000000000007E
:10D6AC00000000000000000000000000000000006E
:10D6BC00000000000000000000000000000000005E
:10D6CC00000000000000000000000000000000004E
:10D6DC00000000000000000000000000000000003E
:10D6EC00000000000000000000000000000000002E
:10D6FC00000000000000000000000000000000001E
:10D70C00000000000000000000000000000000000D
:10D71C0000000000000000000000000000000000FD
:10D72C0000000000000000000000000000000000ED
:10D73C0000000000000000000000000000000000DD
:10D74C0000000000000000000000000000000000CD
:10D75C0000000000000000000000000000000000BD
:10D76C0000000000000000000000000000000000AD
:10D77C00000000000000000000000000000000009D
:10D78C00000000000000000000000000000000008D
:10D79C00000000000000000000000000000000007D
:10D7AC00000000000000000000000000000000006D
:10D7BC00000000000000000000000000000000005D
:10D7CC00000000000000000000000000000000004D
:10D7DC00000000000000000000000000000000003D
:10D7EC00000000000000000000000000000000002D
:10D7FC00000000000000000000000000000000001D
:10D80C00000000000000000000000000000000000C
:10D81C0000000000000000000000000000000000FC
:10D82C000000808080FF0000FFFFFF000000FFFF72
:10D83C00FFFFFFFFFFFFFFFFFFFFFFFFFFFFFFFFEC
:10D84C00FFFFFFFFFFFFFFFFFFFFFFFFFFFFFFFFDC
:10D85C00FFFFFFFFFFFFFFFFFFFFFFFFFFFFFFFFCC
:10D86C00FFFFFFFFFFFFFFFFFFFFFFFFFFFFFFFFBC
:10D87C00FFFFFFFFFFFFFFFFFFFFFFFFFFFFFFFFAC
:10D88C00FFFFFFFFFFFFFFFFFFFFFFFFFFFFFFFF9C
:10D89C00FFFFFFFFFFFFFFFFFFFFFFFFFFFFFCFC92
:10D8AC00FCFFFFFFFFFFFCFCFCFCFCFFFFFFFFFF8E
:10D8BC00FFFFFFFFFFFFFFFFFFFFFFFFFFFDFDFD72
:10D8CC00FCFFFFFFFFFDFDFDFDFDFCFFFFFFFFFF6C
:10D8DC00FFFFFFFFFFFFFFFFFFFFFFFFFDFDFDFD54
:10D8EC00FCFFFFFFFFFDFDFDFDFDFCFFFFFFFFFF4C
:10D8FC00FFFFFFFFFFFFFFFFFFFFFFFDFDFDFDFD36
:10D90C00FCFFFFFFFFFDFDFDFDFDFCFFFFFFFFFF2B
:10D91C00FFFFFFFFFFFFFFFFFFFFFDFDFDFDFDFD17
:10D92C00FCFFFFFFFFFDFDFDFDFDFCFFFFFFFFFF0B
:10D93C00FFFFFFFFFFFFFFFFFFFDFDFDFDFDFDFDF9
:10D94C00FCFFFFFFFFFDFDFDFDFDFCFFFFFFFFFFEB
:10D95C00FFFFFFFFFFFFFFFFFDFDFDFDFDFDFDFDDB
:10D96C00FCFFFFFFFFFDFDFDFDFDFCFFFFFFFFFFCB
:10D97C00FFFFFFFFFFFFFFFDFDFDFDFDFDFDFDFDBD
:10D98C00FCFFFFFFFFFDFDFDFDFDFCFFFFFFFFFFAB
:10D99C00FFFFFFFFFFFFFDFDFDFDFDFDFDFDFDFD9F
:10D9AC00FCFFFFFFFFFDFDFDFDFDFCFFFFFFFFFF8B
:10D9BC00FFFFFFFFFFFDFDFDFDFDFDFDFDFDFDFD81
:10D9CC00FCFFFFFFFFFDFDFDFDFDFCFFFFFFFFFF6B
:10D9DC00FFFFFFFFFDFDFDFDFDFDFDFDFDFDFDFD63
:10D9EC00FCFFFFFFFFFDFDFDFDFDFCFFFFFFFFFF4B
:10D9FC00FFFFFFFDFDFDFDFDFDFDFDFDFDFDFDFD45
:10DA0C00FCFFFFFFFFFDFDFDFDFDFCFFFFFFFFFF2A
:10DA1C00FFFFFDFDFDFDFDFDFDFDFDFDFDFDFDFD26
:10DA2C00FCFFFFFFFFFDFDFDFDFDFCFFFFFFFFFF0A
:10DA3C00FFFFFDFDFDFDFDFDFDFDFDFDFDFDFDFD06
:10DA4C00FCFFFFFFFFFDFDFDFDFDFCFFFFFFFFFFEA
:10DA5C00FFFFFFFDFDFDFDFDFDFDFDFDFDFDFDFDE4
:10DA6C00FCFFFFFFFFFDFDFDFDFDFCFFFFFFFFFFCA
:10DA7C00FFFFFFFFFDFDFDFDFDFDFDFDFDFDFDFDC2
:10DA8C00FCFFFFFFFFFDFDFDFDFDFCFFFFFFFFFFAA
:10DA9C00FFFFFFFFFFFDFDFDFDFDFDFDFDFDFDFDA0
:10DAAC00FCFFFFFFFFFDFDFDFDFDFCFFFFFFFFFF8A
:10DABC00FFFFFFFFFFFFFDFDFDFDFDFDFDFDFDFD7E
:10DACC00FCFFFFFFFFFDFDFDFDFDFCFFFFFFFFFF6A
:10DADC00FFFFFFFFFFFFFFFDFDFDFDFDFDFDFDFD5C
:10DAEC00FCFFFFFFFFFDFDFDFDFDFCFFFFFFFFFF4A
:10DAFC00FFFFFFFFFFFFFFFFFDFDFDFDFDFDFDFD3A
:10DB0C00FCFFFFFFFFFDFDFDFDFDFCFFFFFFFFFF29
:10DB1C00FFFFFFFFFFFFFFFFFFFDFDFDFDFDFDFD17
:10DB2C00FCFFFFFFFFFDFDFDFDFDFCFFFFFFFFFF09
:10DB3C00FFFFFFFFFFFFFFFFFFFFFDFDFDFDFDFDF5
:10DB4C00FCFFFFFFFFFDFDFDFDFDFCFFFFFFFFFFE9
:10DB5C00FFFFFFFFFFFFFFFFFFFFFFFDFDFDFDFDD3
:10DB6C00FCFFFFFFFFFDFDFDFDFDFCFFFFFFFFFFC9
:10DB7C00FFFFFFFFFFFFFFFFFFFFFFFFFDFDFDFDB1
:10DB8C00FCFFFFFFFFFDFDFDFDFDFCFFFFFFFFFFA9
:10DB9C00FFFFFFFFFFFFFFFFFFFFFFFFFFFDFDFD8F
:10DBAC00FFFFFFFFFFFDFDFDFDFDFFFFFFFFFFFF83
:10DBBC00FFFFFFFFFFFFFFFFFFFFFFFFFFFFFFFF69
:10DBCC00FFFFFFFFFFFFFFFFFFFFFFFFFFFFFFFF59
:10DBDC00FFFFFFFFFFFFFFFFFFFFFFFFFFFFFFFF49
:10DBEC00FFFFFFFFFFFFFFFFFFFFFFFFFFFFFFFF39
:10DBFC00FFFFFFFFFFFFFFFFFFFFFFFFFFFFFFFF29
:10DC0C00FFFFFFFFFFFFFFFFFFFFFFFFFFFFFFFF18
:10DC1C00FFFFFFFFFFFFFFFFFFFFFFFFFFFFFFFF08
:10DC2C00FFFFFFFFFFFFFFFFFFFFFFFFFFFF0000F6
:10DC3C0000000000000054525545564953494F4EC0
:10DC4C002D5846494C452E000001010000000118DA
:10DC5C000000000020002000080800000000000068
:10DC6C0000000000000000000000000000000000A8
:10DC7C000000000000000000000000000000000098
:10DC8C000000000000000000000000000000000088
:10DC9C000000000000000000000000000000000078
:10DCAC000000000000000000000000000000000068
:10DCBC000000000000000000000000000000000058
:10DCCC000000000000000000000000000000000048
:10DCDC000000000000000000000000000000000038
:10DCEC000000000000000000000000000000000028
:10DCFC000000000000000000000000000000000018
:10DD0C000000000000000000000000000000000007
:10DD1C0000000000000000000000000000000000F7
:10DD2C0000000000000000000000000000000000E7
:10DD3C0000000000000000000000000000000000D7
:10DD4C0000000000000000000000000000000000C7
:10DD5C0000000000000000000000000000000000B7
:10DD6C0000000000000000000000000000000000A7
:10DD7C000000000000000000000000000000000097
:10DD8C000000000000000000000000000000000087
:10DD9C000000000000000000000000000000000077
:10DDAC000000000000000000000000000000000067
:10DDBC000000000000000000000000000000000057
:10DDCC000000000000000000000000000000000047
:10DDDC000000000000000000000000000000000037
:10DDEC000000000000000000000000000000000027
:10DDFC000000000000000000000000000000000017
:10DE0C000000000000000000000000000000000006
:10DE1C0000000000000000000000000000000000F6
:10DE2C0000000000000000000000000000000000E6
:10DE3C0000000000000000000000000000000000D6
:10DE4C0000000000000000000000000000000000C6
:10DE5C0000000000000000000000000000000000B6
:10DE6C0000000000000000000000000000000000A6
:10DE7C000000000000000000000000000000000096
:10DE8C000000000000000000000000000000000086
:10DE9C000000000000000000000000000000000076
:10DEAC000000000000000000000000000000000066
:10DEBC000000000000000000000000000000000056
:10DECC000000000000000000000000000000000046
:10DEDC000000000000000000000000000000000036
:10DEEC000000000000000000000000000000000026
:10DEFC000000000000000000000000000000000016
:10DF0C000000000000000000000000000000000005
:10DF1C0000000000000000000000000000000000F5
:10DF2C0000000000000000000000000000000000E5
:10DF3C0000000000000000000000000000000000D5
:10DF4C0000000000000000000000000000008080C5
:10DF5C008000FF00FFFFFF000000FFFFFFFFFFFF3F
:10DF6C00FFFFFFFFFFFFFFFFFFFFFFFFFFFFFFFFB5
:10DF7C00FFFFFFFFFFFFFFFFFFFFFFFFFFFFFFFFA5
:10DF8C00FFFFFFFFFFFFFFFFFFFFFFFFFFFFFFFF95
:10DF9C00FFFFFFFFFFFFFFFFFFFFFFFFFFFFFFFF85
:10DFAC00FFFFFFFFFFFFFFFFFFFFFFFFFFFFFFFF75
:10DFBC00FFFFFFFFFFFFFFFFFFFFFFFFFFFFFFFF65
:10DFCC00FFFFFFFFFFFCFCFCFFFFFFFFFFFFFFFF5E
:10DFDC00FFFFFFFFFFFFFFFFFFFFFFFFFFFFFFFF45
:10DFEC00FFFFFFFFFDFDFDFCFCFFFFFFFFFFFFFF41
:10DFFC00FFFFFFFFFFFFFFFFFFFFFFFFFFFFFFFF25
:10E00C00FFFFFFFFFDFDFDFDFCFCFFFFFFFFFFFF22
:10E01C00FFFFFFFFFFFFFFFFFFFFFFFFFFFFFFFF04
:10E02C00FFFFFFFFFDFDFDFDFDFCFCFFFFFFFFFF04
:10E03C00FFFFFFFFFFFFFFFFFFFFFFFFFFFFFFFFE4
:10E04C00FFFFFFFFFDFDFDFDFDFDFCFCFFFFFFFFE6
:10E05C00FFFFFFFFFFFFFFFFFFFFFFFFFFFFFFFFC4
:10E06C00FFFFFFFFFDFDFDFDFDFDFDFCFCFFFFFFC8
:10E07C00FFFFFFFFFFFFFFFFFFFFFFFFFFFFFFFFA4
:10E08C00FFFFFFFFFDFDFDFDFDFDFDFDFCFCFFFFAA
:10E09C00FFFFFFFFFFFFFFFFFFFFFFFFFFFFFFFF84
:10E0AC00FFFFFFFFFDFDFDFDFDFDFDFDFDFCFCFF8C
:10E0BC00FFFFFFFFFFFFFFFFFFFFFFFFFFFFFFFF64
:10E0CC00FFFFFFFFFDFDFDFDFDFDFDFDFDFDFCFC6E
:10E0DC00FFFFFFFFFFFFFFFFFFFFFFFFFFFFFFFF44
:10E0EC00FFFFFFFFFDFDFDFDFDFDFDFDFDFDFDFC4D
:10E0FC00FCFFFFFFFFFFFFFFFFFFFFFFFFFFFFFF27
:10E10C00FFFFFFFFFDFDFDFDFDFDFDFDFDFDFDFD2B
:10E11C00FCFCFFFFFFFFFFFFFFFFFFFFFFFFFFFF09
:10E12C00FFFFFFFFFDFDFDFDFDFDFDFDFDFDFDFD0B
:10E13C00FDFCFCFFFFFFFFFFFFFFFFFFFFFFFFFFEB
:10E14C00FFFFFFFFFDFDFDFDFDFDFDFDFDFDFDFDEB
:10E15C00FDFDFCFFFFFFFFFFFFFFFFFFFFFFFFFFCA
:10E16C00FFFFFFFFFDFDFDFDFDFDFDFDFDFDFDFDCB
:10E17C00FDFDFFFFFFFFFFFFFFFFFFFFFFFFFFFFA7
:10E18C00FFFFFFFFFDFDFDFDFDFDFDFDFDFDFDFDAB
:10E19C00FDFFFFFFFFFFFFFFFFFFFFFFFFFFFFFF85
:10E1AC00FFFFFFFFFDFDFDFDFDFDFDFDFDFDFDFD8B
:10E1BC00FFFFFFFFFFFFFFFFFFFFFFFFFFFFFFFF63
:10E1CC00FFFFFFFFFDFDFDFDFDFDFDFDFDFDFDFF69
:10E1DC00FFFFFFFFFFFFFFFFFFFFFFFFFFFFFFFF43
:10E1EC00FFFFFFFFFDFDFDFDFDFDFDFDFDFDFFFF47
:10E1FC00FFFFFFFFFFFFFFFFFFFFFFFFFFFFFFFF23
:10E20C00FFFFFFFFFDFDFDFDFDFDFDFDFDFFFFFF24
:10E21C00FFFFFFFFFFFFFFFFFFFFFFFFFFFFFFFF02
:10E22C00FFFFFFFFFDFDFDFDFDFDFDFDFFFFFFFF02
:10E23C00FFFFFFFFFFFFFFFFFFFFFFFFFFFFFFFFE2
:10E24C00FFFFFFFFFDFDFDFDFDFDFDFFFFFFFFFFE0
:10E25C00FFFFFFFFFFFFFFFFFFFFFFFFFFFFFFFFC2
:10E26C00FFFFFFFFFDFDFDFDFDFDFFFFFFFFFFFFBE
:10E27C00FFFFFFFFFFFFFFFFFFFFFFFFFFFFFFFFA2
:10E28C00FFFFFFFFFDFDFDFDFDFFFFFFFFFFFFFF9C
:10E29C00FFFFFFFFFFFFFFFFFFFFFFFFFFFFFFFF82
:10E2AC00FFFFFFFFFDFDFDFDFFFFFFFFFFFFFFFF7A
:10E2BC00FFFFFFFFFFFFFFFFFFFFFFFFFFFFFFFF62
:10E2CC00FFFFFFFFFDFDFDFFFFFFFFFFFFFFFFFF58
:10E2DC00FFFFFFFFFFFFFFFFFFFFFFFFFFFFFFFF42
:10E2EC00FFFFFFFFFFFFFFFFFFFFFFFFFFFFFFFF32
:10E2FC00FFFFFFFFFFFFFFFFFFFFFFFFFFFFFFFF22
:10E30C00FFFFFFFFFFFFFFFFFFFFFFFFFFFFFFFF11
:10E31C00FFFFFFFFFFFFFFFFFFFFFFFFFFFFFFFF01
:10E32C00FFFFFFFFFFFFFFFFFFFFFFFFFFFFFFFFF1
:10E33C00FFFFFFFFFFFFFFFFFFFFFFFFFFFFFFFFE1
:10E34C00FFFFFFFFFFFFFFFFFFFFFFFFFFFFFFFFD1
:10E35C00FFFFFFFFFFFFFFFFFFFF000000000000BB
:10E36C00000054525545564953494F4E2D58464975
:10E37C004C452E00000101000000011800000000B7
:10E38C002000200008080000000000000000000031
:10E39C000000000000000000000000000000000071
:10E3AC000000000000000000000000000000000061
:10E3BC000000000000000000000000000000000051
:10E3CC000000000000000000000000000000000041
:10E3DC000000000000000000000000000000000031
:10E3EC000000000000000000000000000000000021
:10E3FC000000000000000000000000000000000011
:10E40C000000000000000000000000000000000000
:10E41C0000000000000000000000000000000000F0
:10E42C0000000000000000000000000000000000E0
:10E43C0000000000000000000000000000000000D0
:10E44C0000000000000000000000000000000000C0
:10E45C0000000000000000000000000000000000B0
:10E46C0000000000000000000000000000000000A0
:10E47C000000000000000000000000000000000090
:10E48C000000000000000000000000000000000080
:10E49C000000000000000000000000000000000070
:10E4AC000000000000000000000000000000000060
:10E4BC000000000000000000000000000000000050
:10E4CC000000000000000000000000000000000040
:10E4DC000000000000000000000000000000000030
:10E4EC000000000000000000000000000000000020
:10E4FC000000000000000000000000000000000010
:10E50C0000000000000000000000000000000000FF
:10E51C0000000000000000000000000000000000EF
:10E52C0000000000000000000000000000000000DF
:10E53C0000000000000000000000000000000000CF
:10E54C0000000000000000000000000000000000BF
:10E55C0000000000000000000000000000000000AF
:10E56C00000000000000000000000000000000009F
:10E57C00000000000000000000000000000000008F
:10E58C00000000000000000000000000000000007F
:10E59C00000000000000000000000000000000006F
:10E5AC00000000000000000000000000000000005F
:10E5BC00000000000000000000000000000000004F
:10E5CC00000000000000000000000000000000003F
:10E5DC00000000000000000000000000000000002F
:10E5EC00000000000000000000000000000000001F
:10E5FC00000000000000000000000000000000000F
:10E60C0000000000000000000000000000000000FE
:10E61C0000000000000000000000000000000000EE
:10E62C0000000000000000000000000000000000DE
:10E63C0000000000000000000000000000000000CE
:10E64C0000000000000000000000000000000000BE
:10E65C0000000000000000000000000000000000AE
:10E66C00000000000000000000000000000000009E
:10E67C000000000000000000000080808000F6FF19
:10E68C00FFFFFF000000FFFFFFFFFFFFFFFFFFFF8B
:10E69C00FFFFFFFFFFFFFFFFFFFFFFFFFFFFFFFF7E
:10E6AC00FFFFFFFFFFFFFFFFFFFFFFFFFFFFFFFF6E
:10E6BC00FFFFFFFFFFFFFFFFFFFFFFFFFFFFFFFF5E
:10E6CC00FFFFFFFFFFFFFFFFFFFFFFFFFFFFFFFF4E
:10E6DC00FFFFFFFFFFFFFFFFFFFFFFFFFFFFFFFF3E
:10E6EC00FFFFFFFFFFFFFFFFFFFFFFFFFFFFFFFC31
:10E6FC00FCFCFCFCFFFFFFFFFFFFFCFCFCFCFCFF39
:10E70C00FFFFFFFFFFFFFFFFFFFFFFFFFFFFFDFD11
:10E71C00FDFDFDFCFFFFFFFFFFFDFDFDFDFDFCFF13
:10E72C00FFFFFFFFFFFFFFFFFFFFFFFFFFFFFDFDF1
:10E73C00FDFDFDFCFFFFFFFFFFFDFDFDFDFDFCFFF3
:10E74C00FFFFFFFFFFFFFFFFFFFFFFFFFFFFFDFDD1
:10E75C00FDFDFDFCFFFFFFFFFFFDFDFDFDFDFCFFD3
:10E76C00FFFFFFFFFFFFFFFFFFFFFFFFFFFFFDFDB1
:10E77C00FDFDFDFCFFFFFFFFFFFDFDFDFDFDFCFFB3
:10E78C00FFFFFFFFFFFFFFFFFFFFFFFFFFFFFDFD91
:10E79C00FDFDFDFCFFFFFFFFFFFDFDFDFDFDFCFF93
:10E7AC00FFFFFFFFFFFFFFFFFFFFFFFFFFFFFDFD71
:10E7BC00FDFDFDFCFFFFFFFFFFFDFDFDFDFDFCFF73
:10E7CC00FFFFFFFFFFFFFFFFFFFFFFFFFFFFFDFD51
:10E7DC00FDFDFDFCFFFFFFFFFFFDFDFDFDFDFCFF53
:10E7EC00FFFFFFFFFFFFFFFFFFFFFFFFFFFFFDFD31
:10E7FC00FDFDFDFCFFFFFFFFFFFDFDFDFDFDFCFF33
:10E80C00FFFFFFFFFFFFFFFFFFFFFFFFFFFFFDFD10
:10E81C00FDFDFDFCFFFFFFFFFFFDFDFDFDFDFCFF12
:10E82C00FFFFFFFFFFFFFFFFFFFFFFFFFFFFFDFDF0
:10E83C00FDFDFDFCFFFFFFFFFFFDFDFDFDFDFCFFF2
:10E84C00FFFFFFFFFFFFFFFFFFFFFFFFFFFFFDFDD0
:10E85C00FDFDFDFCFFFFFFFFFFFDFDFDFDFDFCFFD2
:10E86C00FFFFFFFFFFFFFFFFFFFFFFFFFFFFFDFDB0
:10E87C00FDFDFDFCFFFFFFFFFFFDFDFDFDFDFCFFB2
:10E88C00FFFFFFFFFFFFFFFFFFFFFFFFFFFFFDFD90
:10E89C00FDFDFDFCFFFFFFFFFFFDFDFDFDFDFCFF92
:10E8AC00FFFFFFFFFFFFFFFFFFFFFFFFFFFFFDFD70
:10E8BC00FDFDFDFCFFFFFFFFFFFDFDFDFDFDFCFF72
:10E8CC00FFFFFFFFFFFFFFFFFFFFFFFFFFFFFDFD50
:10E8DC00FDFDFDFCFFFFFFFFFFFDFDFDFDFDFCFF52
:10E8EC00FFFFFFFFFFFFFFFFFFFFFFFFFFFFFDFD30
:10E8FC00FDFDFDFCFFFFFFFFFFFDFDFDFDFDFCFF32
:10E90C00FFFFFFFFFFFFFFFFFFFFFFFFFFFFFDFD0F
:10E91C00FDFDFDFCFFFFFFFFFFFDFDFDFDFDFCFF11
:10E92C00FFFFFFFFFFFFFFFFFFFFFFFFFFFFFDFDEF
:10E93C00FDFDFDFCFFFFFFFFFFFDFDFDFDFDFCFFF1
:10E94C00FFFFFFFFFFFFFFFFFFFFFFFFFFFFFDFDCF
:10E95C00FDFDFDFCFFFFFFFFFFFDFDFDFDFDFCFFD1
:10E96C00FFFFFFFFFFFFFFFFFFFFFFFFFFFFFDFDAF
:10E97C00FDFDFDFCFFFFFFFFFFFDFDFDFDFDFCFFB1
:10E98C00FFFFFFFFFFFFFFFFFFFFFFFFFFFFFDFD8F
:10E99C00FDFDFDFCFFFFFFFFFFFDFDFDFDFDFCFF91
:10E9AC00FFFFFFFFFFFFFFFFFFFFFFFFFFFFFDFD6F
:10E9BC00FDFDFDFCFFFFFFFFFFFDFDFDFDFDFCFF71
:10E9CC00FFFFFFFFFFFFFFFFFFFFFFFFFFFFFDFD4F
:10E9DC00FDFDFDFCFFFFFFFFFFFDFDFDFDFDFCFF51
:10E9EC00FFFFFFFFFFFFFFFFFFFFFFFFFFFFFDFD2F
:10E9FC00FDFDFDFFFFFFFFFFFFFDFDFDFDFDFFFF2B
:10EA0C00FFFFFFFFFFFFFFFFFFFFFFFFFFFFFFFF0A
:10EA1C00FFFFFFFFFFFFFFFFFFFFFFFFFFFFFFFFFA
:10EA2C00FFFFFFFFFFFFFFFFFFFFFFFFFFFFFFFFEA
:10EA3C00FFFFFFFFFFFFFFFFFFFFFFFFFFFFFFFFDA
:10EA4C00FFFFFFFFFFFFFFFFFFFFFFFFFFFFFFFFCA
:10EA5C00FFFFFFFFFFFFFFFFFFFFFFFFFFFFFFFFBA
:10EA6C00FFFFFFFFFFFFFFFFFFFFFFFFFFFFFFFFAA
:10EA7C00FFFFFFFFFFFFFFFFFFFFFFFFFFFFFFFF9A
:10EA8C00FFFFFFFFFFFF00000000000000005452DA
:10EA9C005545564953494F4E2D5846494C452E0025
:10EAAC0000010100000001180000000020002000FF
:10EABC00080800000000000000000000000000003A
:10EACC00000000000000000000000000000000003A
:10EADC00000000000000000000000000000000002A
:10EAEC00000000000000000000000000000000001A
:10EAFC00000000000000000000000000000000000A
:10EB0C0000000000000000000000000000000000F9
:10EB1C0000000000000000000000000000000000E9
:10EB2C0000000000000000000000000000000000D9
:10EB3C0000000000000000000000000000000000C9
:10EB4C0000000000000000000000000000000000B9
:10EB5C0000000000000000000000000000000000A9
:10EB6C000000000000000000000000000000000099
:10EB7C000000000000000000000000000000000089
:10EB8C000000000000000000000000000000000079
:10EB9C000000000000000000000000000000000069
:10EBAC000000000000000000000000000000000059
:10EBBC000000000000000000000000000000000049
:10EBCC000000000000000000000000000000000039
:10EBDC000000000000000000000000000000000029
:10EBEC000000000000000000000000000000000019
:10EBFC000000000000000000000000000000000009
:10EC0C0000000000000000000000000000000000F8
:10EC1C0000000000000000000000000000000000E8
:10EC2C0000000000000000000000000000000000D8
:10EC3C0000000000000000000000000000000000C8
:10EC4C0000000000000000000000000000000000B8
:10EC5C0000000000000000000000000000000000A8
:10EC6C000000000000000000000000000000000098
:10EC7C000000000000000000000000000000000088
:10EC8C000000000000000000000000000000000078
:10EC9C000000000000000000000000000000000068
:10ECAC000000000000000000000000000000000058
:10ECBC000000000000000000000000000000000048
:10ECCC000000000000000000000000000000000038
:10ECDC000000000000000000000000000000000028
:10ECEC000000000000000000000000000000000018
:10ECFC000000000000000000000000000000000008
:10ED0C0000000000000000000000000000000000F7
:10ED1C0000000000000000000000000000000000E7
:10ED2C0000000000000000000000000000000000D7
:10ED3C0000000000000000000000000000000000C7
:10ED4C0000000000000000000000000000000000B7
:10ED5C0000000000000000000000000000000000A7
:10ED6C000000000000000000000000000000000097
:10ED7C000000000000000000000000000000000087
:10ED8C000000000000000000000000000000000077
:10ED9C000000000000000000000000000000000067
:10EDAC00000000000000808080FF0000FFFFFF00DB
:10EDBC000000FFFFFFFFFFFFFFFFFFFFFFFFFFFF55
:10EDCC00FFFFFFFFFFFFFFFFFFFFFFFFFFFFFFFF47
:10EDDC00FFFFFFFFFFFFFFFFFFFFFFFFFFFFFFFF37
:10EDEC00FFFFFFFFFFFFFFFFFFFFFFFFFFFFFFFF27
:10EDFC00FFFFFFFFFFFFFFFFFFFFFFFFFFFFFFFF17
:10EE0C00FFFFFFFFFFFFFFFFFFFFFFFFFFFFFFFF06
:10EE1C00FFFFFFFFFFFFFFFCFCFCFCFCFFFFFFFF05
:10EE2C00FFFCFCFCFFFFFFFFFFFFFFFFFFFFFFFFEF
:10EE3C00FFFFFFFFFFFFFDFDFDFDFDFCFFFFFFFFE3
:10EE4C00FDFDFDFCFCFFFFFFFFFFFFFFFFFFFFFFD2
:10EE5C00FFFFFFFFFFFFFDFDFDFDFDFCFFFFFFFFC3
:10EE6C00FDFDFDFDFCFCFFFFFFFFFFFFFFFFFFFFB4
:10EE7C00FFFFFFFFFFFFFDFDFDFDFDFCFFFFFFFFA3
:10EE8C00FDFDFDFDFDFCFCFFFFFFFFFFFFFFFFFF96
:10EE9C00FFFFFFFFFFFFFDFDFDFDFDFCFFFFFFFF83
:10EEAC00FDFDFDFDFDFDFCFCFFFFFFFFFFFFFFFF78
:10EEBC00FFFFFFFFFFFFFDFDFDFDFDFCFFFFFFFF63
:10EECC00FDFDFDFDFDFDFDFCFCFFFFFFFFFFFFFF5A
:10EEDC00FFFFFFFFFFFFFDFDFDFDFDFCFFFFFFFF43
:10EEEC00FDFDFDFDFDFDFDFDFCFCFFFFFFFFFFFF3C
:10EEFC00FFFFFFFFFFFFFDFDFDFDFDFCFFFFFFFF23
:10EF0C00FDFDFDFDFDFDFDFDFDFCFCFFFFFFFFFF1D
:10EF1C00FFFFFFFFFFFFFDFDFDFDFDFCFFFFFFFF02
:10EF2C00FDFDFDFDFDFDFDFDFDFDFCFCFFFFFFFFFF
:10EF3C00FFFFFFFFFFFFFDFDFDFDFDFCFFFFFFFFE2
:10EF4C00FDFDFDFDFDFDFDFDFDFDFDFCFCFFFFFFE1
:10EF5C00FFFFFFFFFFFFFDFDFDFDFDFCFFFFFFFFC2
:10EF6C00FDFDFDFDFDFDFDFDFDFDFDFDFCFCFFFFC3
:10EF7C00FFFFFFFFFFFFFDFDFDFDFDFCFFFFFFFFA2
:10EF8C00FDFDFDFDFDFDFDFDFDFDFDFDFDFCFCFFA5
:10EF9C00FFFFFFFFFFFFFDFDFDFDFDFCFFFFFFFF82
:10EFAC00FDFDFDFDFDFDFDFDFDFDFDFDFDFDFCFF84
:10EFBC00FFFFFFFFFFFFFDFDFDFDFDFCFFFFFFFF62
:10EFCC00FDFDFDFDFDFDFDFDFDFDFDFDFDFDFFFF61
:10EFDC00FFFFFFFFFFFFFDFDFDFDFDFCFFFFFFFF42
:10EFEC00FDFDFDFDFDFDFDFDFDFDFDFDFDFFFFFF3F
:10EFFC00FFFFFFFFFFFFFDFDFDFDFDFCFFFFFFFF22
:10F00C00FDFDFDFDFDFDFDFDFDFDFDFDFFFFFFFF1C
:10F01C00FFFFFFFFFFFFFDFDFDFDFDFCFFFFFFFF01
:10F02C00FDFDFDFDFDFDFDFDFDFDFDFFFFFFFFFFFA
:10F03C00FFFFFFFFFFFFFDFDFDFDFDFCFFFFFFFFE1
:10F04C00FDFDFDFDFDFDFDFDFDFDFFFFFFFFFFFFD8
:10F05C00FFFFFFFFFFFFFDFDFDFDFDFCFFFFFFFFC1
:10F06C00FDFDFDFDFDFDFDFDFDFFFFFFFFFFFFFFB6
:10F07C00FFFFFFFFFFFFFDFDFDFDFDFCFFFFFFFFA1
:10F08C00FDFDFDFDFDFDFDFDFFFFFFFFFFFFFFFF94
:10F09C00FFFFFFFFFFFFFDFDFDFDFDFCFFFFFFFF81
:10F0AC00FDFDFDFDFDFDFDFFFFFFFFFFFFFFFFFF72
:10F0BC00FFFFFFFFFFFFFDFDFDFDFDFCFFFFFFFF61
:10F0CC00FDFDFDFDFDFDFFFFFFFFFFFFFFFFFFFF50
:10F0DC00FFFFFFFFFFFFFDFDFDFDFDFCFFFFFFFF41
:10F0EC00FDFDFDFDFDFFFFFFFFFFFFFFFFFFFFFF2E
:10F0FC00FFFFFFFFFFFFFDFDFDFDFDFCFFFFFFFF21
:10F10C00FDFDFDFDFFFFFFFFFFFFFFFFFFFFFFFF0B
:10F11C00FFFFFFFFFFFFFDFDFDFDFDFFFFFFFFFFFD
:10F12C00FDFDFDFFFFFFFFFFFFFFFFFFFFFFFFFFE9
:10F13C00FFFFFFFFFFFFFFFFFFFFFFFFFFFFFFFFD3
:10F14C00FFFFFFFFFFFFFFFFFFFFFFFFFFFFFFFFC3
:10F15C00FFFFFFFFFFFFFFFFFFFFFFFFFFFFFFFFB3
:10F16C00FFFFFFFFFFFFFFFFFFFFFFFFFFFFFFFFA3
:10F17C00FFFFFFFFFFFFFFFFFFFFFFFFFFFFFFFF93
:10F18C00FFFFFFFFFFFFFFFFFFFFFFFFFFFFFFFF83
:10F19C00FFFFFFFFFFFFFFFFFFFFFFFFFFFFFFFF73
:10F1AC00FFFFFFFFFFFFFFFFFFFFFFFFFFFFFFFF63
:10F1BC00FFFF000000000000000054525545564966
:10F1CC0053494F4E2D5846494C452E000001010025
:10F1DC0000000118000000002000200008080505B0
:10F1EC0005090909161616020203010102000001A5
:10F1FC00010202080807CFCECB100F0C76736B2ED2
:10F20C00291C1E190C1B160996938C1816114039C3
:10F21C0029292418211D13251F11221C0E201A0B1D
:10F22C00817D74504B40423C2F3E382B3A3427376B
:10F23C0031242C2619241F142923162D2617251F9B
:10F24C0012241D0E1D170ADDDCDAB9B7B352514F6B
:10F25C00A5A39FAAA8A4807E7A6B69659C99938CC0
:10F26C00898358554F716D655F5A505A554B8D8532
:10F27C0075555046A89E8A635C4F665E4F4C463A65
:10F28C005F5748494337534C3E403A2E554C3B4D03
:10F29C0045353D3629231F17332D21362F21312A91
:10F2AC001D2620142A231619150D2922152A23157B
:10F2BC00261F122821131511091A1306A29F9A89C9
:10F2CC00857E5B5853524F4A817C73635E5558520E
:10F2DC00485D574C7A7264A29784AB9F8B8A806E80
:10F2EC00AA9D87524C419A8E7A847A684F493E7C0B
:10F2FC007261564F43645C4E6E65557B715F7268EC
:10F30C0056453F34574E3E52493A494133453D2FBD
:10F31C00312B203E3525120F0A211B10241D1122E2
:10F32C001B0F261E10746F678780757E776C8B821F
:10F33C0074877E70766E617D74669C917FB6A9949D
:10F34C009186759F9380A99C88AC9F8AA699849579
:10F35C008976B0A28B887D6B9286736A61537A6FC3
:10F36C005E635A4C61584A584F413A3123C0BEBB78
:10F37C00C5C3C0CAC8C543413E3C3A378580797E77
:10F38C00797232302D7670676D675E23211E877F10
:10F39C007382796C93897AAEA18E9589789A8E7CDA
:10F3AC00A79A87B1A38F9C8F7DAB9D89BFAF99A97D
:10F3BC009B87B3A48FB4A590AC9E89AFA08BB5A648
:10F3CC0090B1A28C8E8270AF9F897B7060766B5BE4
:10F3DC008175637166565B5142554B3C695C4A1EA4
:10F3EC001A14685A453A32265A4D3A1C1710B6B3BD
:10F3FC00AFB0ADA9807A7269635B8B8072A99B8870
:10F40C00AB9D8AB5A692988B7AB2A38FB6A691A41F
:10F41C009582B0A08BB1A18CAF9F8AA797826055C3
:10F42C00468C7A6316130F6658457C6A5373624C8C
:10F43C00918C86847E77B7A692B6A591B9A893BB1A
:10F44C00AA95B5A48FB3A28DB5A38EB7A58FB9A677
:10F45C0090BBA891998976BCA891BDA992C0AB9399
:10F46C00C1AC94C3AD94C4AE95C2AC938C775F8899
:10F47C00735B816D55B9A793B3A18DBEAA95C6B127
:10F48C009ABBA791C3AE97BCA791BFAA93BEA992F2
:10F49C00C1AB94C3AD96C4AD95BBA48CA58E759D24
:10F4AC00856AE5E4E3ECEBEA403E3C5E5A5612100A
:10F4BC000EC4AD960B0907C3AB95C6AD97C4AB95FF
:10F4CC00C7AE97C3AA96C4AB96C2A996C4A995C455
:10F4DC00A9960E0D0D0C0B0BFFFFFF000000FFFF9C
:10F4EC00FFFFFFFFFF0307FCC2C243AFAFAF48688B
:10F4FC00F206FFFFFFFFFFFFFFFFFFFFFFFFFFFF16
:10F50C00FF0500F00F126920423C185A502F2E575D
:10F51C00610B68FFFFFFFFFFFFFFFFFFFFFF03FD16
:10F52C00C2AF4115ADADB3B34B2A2627274A2A2AC1
:10F53C000EC64E89FFFFFFFFFFFFFFFFFFFF3D6B76
:10F54C0046393F4B8E084B852B0A6D513733347F30
:10F55C007F8E8D4B25FFFFFFFFFFFFFFFFFF6C2D05
:10F56C005AB0B1272A6D8D575D605B763B6379B5D8
:10F57C00567A7E349002FFFFFFFFFFFFFFFFC72B81
:10F58C00EC2E4E5C73A4A27779CDBD9FB53A809CCE
:10F59C00BECDCC55A6A2F0FFFFFFFFFFFFFF231847
:10F5AC00351E6577969F7CA1DECDCDBDCE58ADB80E
:10F5BC00CFCFE3CEA5BFC006FFFFFFFFFFFF835FEA
:10F5CC00591041559356A3CDCFE1D1E1CFDDA5180C
:10F5DC00BEE1E4E6BBA5DA1BFFFFFFFFFFFF53789C
:10F5EC00B6953F1B777CBCCEE1E6D9D9E4E3CEA936
:10F5FC00C0D4E5F8F7A2ACDBF0FFFFFFFFFF569B92
:10F60C009B9F7B116599CCCED4D7F1E7F5D9D4BFAC
:10F61C0039A6E0F5F4D5AEDAA8FFFFFFFFFFBEBCBC
:10F62C00BCBE9D596A3B9BCAD3D7F1F8F7F8F3D40B
:10F63C00A23BD2E2F6E9C4C3EB3DFFFFFFFFCFCF05
:10F64C00CFCECECB7D0C64BCD4E4F1F8F7F7F3E667
:10F65C00C87D19BFE0EADBC5C4DB07FFFFFFD4E5BB
:10F66C00E5D4E3D0CBA40D62D0E5D9D8F8F8F8E70F
:10F67C00E4CAA7819AC1DBEBC5EBA9FFFFFFD9D781
:10F68C00F5D7D9D4E1CB5E49A79AD3E6D7E7F8E70B
:10F69C00E5D0CCA95BC4C4EBDAACEB8FFFFFF9F37C
:10F6AC00F8F8E8D7E4D1CAC06A7EDFD0D4DFD6E45C
:10F6BC00D4CFBA7B3FAADBDBEAC5C5C300FFF7FAA0
:10F6CC00FBF9F8E8D7D4E19D3B1C95CAC9D0D1E130
:10F6DC00D0CEA1B96267DCC4AEAE65A88CFFF8FAD7
:10F6EC00F7F9F7F8D7D5E1DD9B194098A09FA1A1B8
:10F6FC00CD9CCB593B3E64367F7F3419400FF5F3DC
:10F70C00F7F7F8F1D7E4E1CEBA74193F95939EA1BF
:10F71C00B99860196681727F833F6B3E31ABD8E834
:10F72C00F5E7F1D8D9E5E1CCA197761E1953B67D52
:10F73C00825C2C392E5D6240223C572B8800D5E828
:10F74C00D7D7E8D6E5D1CFCDA19E937D44108217B3
:10F75C004B2AEF2F64420D1B5EB32B88FFFFE1D4C5
:10F76C00E5E5E4D1D0CFCE97A197537D1F504F083C
:10F77C000E2D3E1E0C3C59526F2889FFFFFFCECE3A
:10F78C00CFCFD0CFCECD9DB7955B823526C6248EFC
:10F79C006D491E657DB4306E298CFFFFFFFFBCBC2C
:10F7AC00BDBDA1BDB97577A53561EC6FB12A3C2102
:10F7BC002218769571950A298FFFFFFFFFFF799923
:10F7CC009E9E9EB996A4380B87C68A241C0B6B612F
:10F7DC0072929177302D2902FFFFFFFFFFFF7654C5
:10F7EC009B545459370B23272D8666474543EEB25D
:10F7FC0073B8966F8B4CFDFFFFFFFFFFFFFF84304C
:10F80C003255385A23C78E2317141C12F202297151
:10F81C007AB86F8B8805FFFFFFFFFFFFFFFF4640A5
:10F82C006551854F4AED391F421DF0FF074C9294EC
:10F83C00B470B28CFFFFFFFFFFFFFFFFFFFF144E02
:10F84C00B137B0861C1A1C120906FFFD4C76BB940E
:10F85C00902C02FFFFFFFFFFFFFFFFFFFFFF611672
:10F86C00FEB0421A4512F003FFFF07EF92B8764E36
:10F87C00EE04FFFFFFFFFFFFFFFFFFFFFFFFED3574
:10F88C004F2F451D0F00FFFFFF004C9258952D8FF9
:10F89C00FFFFFFFFFFFFFFFFFFFFFFFFFFFF875093
:10F8AC0049463D01FFFFFFFF044D927774B3FCFF07
:10F8BC00FFFFFFFFFFFFFFFFFFFFFFFFFFFF4113F6
:10F8CC00110904FFFFFFFFFF8C3098924D01FFFFE1
:10F8DC00FFFFFFFFFFFFFFFFFFFFFFFFFFFF00002A
:10F8EC0000000000000054525545564953494F4EF4
:10F8FC002D5846494C452E0000010100000001180E
:10F90C0000000000400020000808EBEBEBEEEEEEF0
:10F91C00DBDDE2E1E4E9EBF3FAE9EEF2EFF4F7F226
:10F92C00FBFEFEFFFF0001010003010006010008C1
:10F93C0001001C03F5FFF6000B010014020022036A
:10F94C00002D04003104003F05005907CFFFD2B74A
:10F95C00FFBB94FF9B8CFF947DFF8650FF5C29F4CA
:10F96C003723EE3121EC2F1EE92C1CE72A1BE6294C
:10F97C0018E32616E12415E02311DC1F08D3160327
:10F98C00CE1102CD1001CC0F000D01003704004840
:10F99C0005005006005306005506005D070062077F
:10F9AC00006507006708006A08006D080070080011
:10F9BC007409007709007909007A09007C09007F35
:10F9CC000900810900820A00860A00890A008B0A54
:10F9DC00008D0A00900A00930B00960B00980B0008
:10F9EC00A30C00A80C00AF0D00B70D00C20E00C692
:10F9FC000EFFD89DFFCE92FFCA8BFFC583FFC07C44
:10FA0C00FFBB74F5AD62FFFEFDFFB36BFFA956EDB6
:10FA1C009B4BFFAB5DFFA450FFA149FF9E46FF9897
:10FA2C003EFF9639EEE8E3FDC18EFBBF8CFABB8935
:10FA3C00FBBD8AFFBE87FFBC83FFBA80FFB67BFD90
:10FA4C00B273F3A669FDAC6DFEAA63FAA159F89FD7
:10FA5C0057EF954FFF9642FF943EFF933EFF913A2E
:10FA6C00FF9337FF8E36FF8B30FF892CF5F1EEE9D3
:10FA7C00E2DDCE8957FAA767EF914BFE9C50F18ED1
:10FA8C0044F68B3FFD8B36FF8C33FFFCFAF0EAE635
:10FA9C00F2ECE8F4EEEAE8DED7D19C7AFCB586FC11
:10FAAC008A3BFC8738EBE6E3FFFAF7EDE5E0CE9313
:10FABC0070F29A65EC8446B8612CF9782DFFF6F15A
:10FACC00D4B2A0F3A477F5925BFFFDFCFFFBF9D455
:10FADC008A65EC7A3FF66520FFF8F5FFF6F2FFF445
:10FAEC00EFE59673E38E6AE58C64E3885FE1835BF4
:10FAFC00E38155E27B4CE1774AE07344DE6E3DEBEB
:10FB0C006C35E5E0DEFFF3EEFFF2EDFFF0EAFFEE21
:10FB1C00E7FFEDE6F6D1C3F3CDBEF5CFC0F4CDBE15
:10FB2C00F0C8B8EABFADE1B3A0DF8762E17D53F165
:10FB3C005013FFF9F7FFF4F0FFF1ECFFEFE9FFEEE4
:10FB4C00E8E6D6D0E2D0CAD5BBB2E7A28ADD8E7386
:10FB5C00EA5E2CFFF5F2DECAC4D6BFB8DC6843D728
:10FB6C004F26CD3200D9C4BED3B3AAD97C62F2EEF3
:10FB7C00EDFFFBFAFFF7F5FEF2EFFFF3F0CCB4AEBE
:10FB8C00A72A10FFF9F8E8DCDAD2ABA5831A0DCB63
:10FB9C00B6B4861E13841A0D83190CD9BCBA962AD6
:10FBAC0025DABEBD730B07F5F4F4EAE7E7E1DDDD1A
:10FBBC00E5DFDFE0D9D9D3CACADCD2D2D0C1C1D1FA
:10FBCC00C2C2D2C3C3701C1B711A197216161A004A
:10FBDC00002A00003500003900003C00003F000006
:10FBEC004100004400007117185C0103D3B6B7D074
:10FBFC00C5C6DDD7D8CCC1C4C8BDC2E4E2E3D6D4F7
:10FC0C00D9007509FFFFFF000000FFFFFFFFFFFF9A
:10FC1C00FFFFFFFFFFFFFFFFFFFFFFFFFFFFFFFFE8
:10FC2C00FFFFFFFFFFFFFFFFFFFFFFFFFFFFFFFFD8
:10FC3C00FFFFFFFFFFFFFFFFFFFFFFFFFFFFFFFFC8
:10FC4C00FFFFFFFFFFFFFFFFFFFFFFFFFFFFFFFFB8
:10FC5C00FFFFFFFFFFFFFFFFFFFFFFFFFFFFFFFFA8
:10FC6C00FFFFFFFFFFFFFF0C0D122B112AFFFFFF01
:10FC7C00FFFFFFFFFFFFFFFFFFFFFFFFFFFFFFFF88
:10FC8C00FFFFFFFFFFFFFFFFFFFFFFFFFFFFFFFF78
:10FC9C00FFFFFFFFFFFFFFFFFFFFFFFFFFFFFFFF68
:10FCAC00FFFFFFFFFFFF0B12153B3F352C0D0CFF29
:10FCBC00FFFFFFFFFFFFFFFFFFFFFFFFFFFFFFFF48
:10FCCC00FFFFFFFFFFFFFFFFFFFFFFFFFFFFFFFF38
:10FCDC00FFFFFFFFFFFFFFFFFFFFFFFFFFFFFFFF28
:10FCEC00FFFFFFFFFF0D2C353A3C3A393A15120C49
:10FCFC00FFFFFFFFFFFFFFFFFFFFFFFFFFFFFFFF08
:10FD0C00FFFFFFFFFFFFFFFFFFFFFFFFFFFFFFFFF7
:10FD1C00FFFFFFFFFFFFFFFFFFFFFFFFFFFFFFFFE7
:10FD2C00FFFFFF102B31383E393737393B3A372D2F
:10FD3C0011FFFFFFFFFFFFFFFFFFFFFFFFFFFFFFB5
:10FD4C00FFFFFFFFFFFFFFFFFFFFFFFFFFFFFFFFB7
:10FD5C00FFFFFFFFFFFFFFFFFFFFFFFFFFFFFFFFA7
:10FD6C00FF0F112D363F3C3A39FDFDFD393B3DFD72
:10FD7C00321410FFFFFFFFFFFFFFFFFFFFFFFFFF2E
:10FD8C00FFFFFFFFFFFFFFFFFFFFFFFFFFFFFFFF77
:10FD9C00FFFFFFFFFFFFFFFFFFFFFFFFFFFFFF0B5B
:10FDAC00102B333E3D3F42423B3737FD393A3A3C0C
:10FDBC003E362E122AFFFFFFFFFFFFFFFFFFFFFF64
:10FDCC00FFFFFFFFFFFFFFFFFFFFFFFFFFFFFFFF37
:10FDDC00FFFFFFFFFFFFFFFFFFFFFFFFFFFF0B1208
:10FDEC00303C3A4047484641393737FD393A3A3C7E
:10FDFC003E3E3E33140D0CFFFFFFFFFFFFFFFFFFE6
:10FE0C00FFFFFFFFFFFFFFFFFFFFFFFFFFFFFFFFF6
:10FE1C00FFFFFFFFFFFFFFFFFFFFFFFFFF0D2D3772
:10FE2C003740474A4A4846403A3737FD393A3A3B19
:10FE3C003C3E3F3E3A15132A0AFFFFFFFFFFFFFF30
:10FE4C00FFFFFFFFFFFFFFFFFFFFFFFFFFFFFFFFB6
:10FE5C00FFFFFFFFFFFFFFFFFFFFFF102B313540C0
:10FE6C00464A29284A48463F3A3637FD393A3A3B02
:10FE7C003C3D3E3F3F3B34140DFFFFFFFFFFFFFFB8
:10FE8C00FFFFFFFFFFFFFFFFFFFFFFFFFFFFFFFF76
:10FE9C00FFFFFFFFFFFFFFFFFF0F112C343F424816
:10FEAC002523264C4A48463F3A3737FD393A3A3BE8
:10FEBC003C3D3E3E3F3F40FD301310FFFFFFFFFF38
:10FECC00FFFFFFFFFFFFFFFFFFFFFFFFFFFFFFFF36
:10FEDC00FFFFFFFFFFFFFF0C0D2C353F3C47231DA1
:10FEEC001F25264C4A48463F3A3737FD393A3A3BAC
:10FEFC003C3D3E3E3F4042413F352E122AFFFFFF24
:10FF0C00FFFFFFFFFFFFFFFFFFFFFFFFFFFFFFFFF5
:10FF1C00FFFFFFFFFF0A2A2B333D3644241C1C1C19
:10FF2C002025264C4A48463F3A3737FD393A3A3B6A
:10FF3C003C3D3E3E3F3F404142413E332C0D0FFF86
:10FF4C00FFFFFFFFFFFFFFFFFFFFFFFFFFFFFFFFB5
:10FF5C00FFFFFFFFFF1115393544251B1A1A1B2112
:10FF6C002225264C4A48463F3A3637FD393A3A3B29
:10FF7C003C3D3E3E3F3F4041424244423C15132AE9
:10FF8C000AFFFFFFFFFFFFFFFFFFFFFFFFFFFFFF6A
:10FF9C00FFFFFF102C353242261C1A191A1C1C1D8F
:10FFAC002225264C4A48463F3A3737FD393A3A3BE8
:10FFBC003C3D3E3E3F3F4041414242434440FD2D8B
:10FFCC00110C0AFFFFFFFFFFFFFFFFFFFFFFFFFF0B
:10FFDC00FF102B3033414A1D1816181A1B1B1C1FFF
:10FFEC002225264C4A48463F3A3737FD393A3A3BA8
:04FFFC003C3D3E3E0C
:020000023000CC
:100000003F3F4041414242424444443D321410FF8C
:10001000FFFFFFFFFFFFFFFFFFFFFF0F112C344229
:10002000462018001618191A1B1B1C1D2125274CC9
:100030004A48463F3A3737FD393A3A3B3C3D3E3E27
:100040003F3F4041414242424244464644FD2F1216
:100050002AFFFFFFFFFFFFFFFFFF0B1232413D4969
:1000600017CCD30E0017181A1B1B1C1D2125264C5C
:100070004A48463F3A3637FD393A3A3B3C3D3E3EE8
:100080003F3F404141424242444444464747413257
:10009000140D0CFFFFFFFFFFFF11303D36394449BF
:1000A000251E24252626274C4A4B26242225264C6D
:1000B0004A48463F3A3737FD393A3A3B3C3D3E3EA7
:1000C0003F3F404141424242424344444646464209
:1000D0003A2E13100BFFFF0F112E3D463F3B3937D1
:1000E000343334343435363430FD48262221264C1E
:1000F0004A48463F3A3737FD393A3A3B3C3D3E3E67
:100100003F3F413E3731152F15152F2F2F2E2E2D06
:100110002E2D14122AFFFFFFFF0A0B0C0C0C0C0CE7
:100120000C0C0F0BFF0F112C31424A262222264CB9
:100130004A48463F3A3737FD393A3A3B3C3D3E3E26
:100140003F41423D332B10FFFF0909090909090905
:1001500009090A0AFFFFFFFFFFFFFFFFFFFFFFFF85
:10016000FFFFFFFFFF0C0D1430424A262222264CCF
:100170004A48463F3A3637FD393A3A3B3C3D3E3EE7
:100180003F41423D332B10FFFFFFFFFFFFFFFFFF0B
:10019000FFFFFFFFFFFFFFFFFFFFFFFFFFFFFFFF6F
:1001A000FFFFFFFFFF0C0D1430424A262221264C90
:1001B0004A48463F3A3737FD393A3A3B3C3D3E3EA6
:1001C0003F41423D342B10FFFFFFFFFFFFFFFFFFCA
:1001D000FFFFFFFFFFFFFFFFFFFFFFFFFFFFFFFF2F
:1001E000FFFFFFFFFF0C0D1430424A262221264C50
:1001F0004A48463F3A3737FD393A3A3B3C3D3E3E66
:100200003F41423D332B10FFFFFFFFFFFFFFFFFF8A
:10021000FFFFFFFFFFFFFFFFFFFFFFFFFFFFFFFFEE
:10022000FFFFFFFFFF0C0D14304249262222264C0F
:100230004A48463F3A3737FD393A3A3B3C3D3E3E25
:100240003F41423D332B10FFFFFFFFFFFFFFFFFF4A
:10025000FFFFFFFFFFFFFFFFFFFFFFFFFFFFFFFFAE
:10026000FFFFFFFFFF0C0D1430424A262221264CCF
:100270004A48463F3A3637FD393A3A3B3C3D3E3EE6
:100280003F41423D332B10FFFFFFFFFFFFFFFFFF0A
:10029000FFFFFFFFFFFFFFFFFFFFFFFFFFFFFFFF6E
:1002A000FFFFFFFFFF0C0D1430424A262221264C8F
:1002B0004A48463F3A3737FD393A3A3B3C3D3E3EA5
:1002C0003F41423D342B10FFFFFFFFFFFFFFFFFFC9
:1002D000FFFFFFFFFFFFFFFFFFFFFFFFFFFFFFFF2E
:1002E000FFFFFFFFFF0C0D2C35403F4245454341CA
:1002F000403E3D3A39FD39393A3A3A3B3D3E3E3E81
:100300003F40423C331410FFFFFFFFFFFFFFFFFFA2
:10031000FFFFFFFFFFFFFFFFFFFFFFFFFFFFFFFFED
:10032000FFFFFFFFFF0B102B333DFD353434353518
:10033000343434333333323231313131313130309E
:100340003015302F2C122AFFFFFFFFFFFFFFFFFFAA
:10035000FFFFFFFFFFFFFFFFFFFFFFFFFFFFFFFFAD
:10036000FFFFFFFFFFFFFFFFFFFFFFFFFFFFFFFF9D
:10037000FFFFFFFFFFFFFFFFFFFFFFFFFFFFFFFF8D
:10038000FFFFFFFFFFFFFFFFFFFFFFFFFFFFFFFF7D
:10039000FFFFFFFFFFFFFFFFFFFFFFFFFFFFFFFF6D
:1003A000FFFFFFFFFFFFFFFFFFFFFFFFFFFFFFFF5D
:1003B000FFFFFFFFFFFFFFFFFFFFFFFFFFFFFFFF4D
:1003C000FFFFFFFFFFFFFFFFFFFFFFFFFFFFFFFF3D
:1003D000FFFFFFFFFFFFFFFFFFFFFFFFFFFFFFFF2D
:1003E000FFFFFFFFFFFFFFFFFFFFFFFFFFFFFFFF1D
:1003F000FFFFFFFFFFFFFFFFFFFFFFFFFFFFFFFF0D
:10040000FFFFFFFFFFFFFFFFFFFFFFFFFFFFFFFFFC
:10041000FFFFFFFFFFFF000000000000000054523C
:100420005545564953494F4E2D5846494C452E0087
:100430000001010000000118000000004000200041
:10044000080800000000000000000000000000009C
:10045000000000000000000000000000000000009C
:10046000000000000000000000000000000000008C
:10047000000000000000000000000000000000007C
:10048000000000000000000000000000000000006C
:10049000000000000000000000000000000000005C
:1004A000000000000000000000000000000000004C
:1004B000000000000000000000000000000000003C
:1004C000000000000000000000000000000000002C
:1004D0000000000000000000000101000301000511
:1004E00001000A02000D02F8FFF9EFFFF100070119
:1004F000000801000E02001102001202001B03F3AB
:10050000FFF4000A01000C01001402001702001998
:1005100002001E03002303002503002B04002C040B
:10052000002E0400310400330400340500390500B6
:100530003D05003F0500420600450600470600480D
:1005400006004B06004C06005907006508007209BA
:10055000007B0A007E0AE1FFE3CAFFCDBEFFC2A313
:10056000EFA89CE6A1A9FFAEA0FFA794F79A95FF7C
:100570009C93FF9A8EFF9681FE8979FF8274FF7E9D
:1005800072FF7C6EFF7868FF725FFF6A5DFF682E06
:10059000AB3643FD5041F94E42FD4E41FD4E3DF913
:1005A0004930C73B3CFD492EE23A32F94032F93F2F
:1005B0002DF33B2BF93929FC3726F13423F5322171
:1005C000EF2F1FEE2D1EEB2C1AD3271CE72A1AD76C
:1005D000281CEA2A19DC261CEF2B1AE62819E62724
:1005E00018E52616E22415E22313D42014E0221481
:1005F000E52212DE2010D01D0FDB1D0ED91C0CD2FF
:100600001A08931208A1130AD51809CB1709D7178E
:1006100007B91408D81706AC1207D51607D7160461
:10062000920F06D11406D41404BD11028F0D03CA13
:100630001003CC1102CF1001B70E01BB0E00110147
:10064000001C02002102002703002803002A0300E7
:100650003B04004105004305004605004805004BEA
:1006600005004F05005106005306005406005606CB
:10067000005B07005C07005E07006107006207007F
:100680006507006607006708006807006908006BD7
:1006900008006C07006D08006E08007008007409FF
:1006A000007609007809007807007A09007D0900C2
:1006B0007E0900800900810A00820900830A008502
:1006C0000A00850900870900870A00880A0088094E
:1006D000008A0A008C0A008C08008E0A009008002C
:1006E000910A00930B00940B00970B00990B009A52
:1006F0000B009C0C009D0B009E0C00A10B00A40C99
:1007000000A60C00A90C00B30A00B40D00B80D003F
:10071000B80B00B90E00C50D00C60E006705006DD0
:1007200005007005007F06008B0500A909008A03FB
:10073000008C04008400009D0000B600FFFFFF0055
:100740000000FFFFFFFFFFFFFFFFFFFFFFFFFFFFB7
:10075000FFFFFFFFFFFFFFFFFFFFFFFFFFFFFFFFA9
:10076000FFFFFFFFFFFFFFFFFFFFFFFFFFFFFFFF99
:10077000FFFFFFFFFFFFFFFFFFFFFFFFFFFFFFFF89
:10078000FFFFFFFFFFFFFFFFFFFFFFFFFFFFFFFF79
:10079000FFFFFFFFFFFFFFFFFFFFFFFFFFFFFFFF69
:1007A000FFFFFFFFFFFFFFFFFFFFFFFFFFFFFFFF59
:1007B000FFFFFFFFFFFFFFFFFFFFFFFFFFFFFFFF49
:1007C000FFFFFFFFFFFFFFFFFFFFFFFFFFFFFFFF39
:1007D000FFFFFFFFFFFFFFFFFFFFFFFFFFFFFFFF29
:1007E000FFFFFFFFFFFFFFFFFFFFFFFFFFFFFFFF19
:1007F000FFFFFFFFFFFFFFFFFFFFFFFFFFFFFFFF09
:10080000FFFFFFFFFFFFFFFFFFFFFFFFFFFFFFFFF8
:10081000FF343C4EC1D0CAC7C4C4C6C6C4C3C3C1DA
:10082000C1C1C0BFBEBEBEBEBEBDBCBBBA57BBB958
:10083000554A3BFFFFFFFFFFFFFFFFFFFFFFFFFFEB
:10084000FFFFFFFFFFFFFFFFFFFFFFFFFFFFFFFFB8
:10085000FF3A4554C7D8D4DBE1E1DDDAD8D3D0CDB7
:10086000CBCACBCBCDCDCDCED0D2D3D3D4D8DBCF8A
:10087000C34F3DFFFFFFFFFFFFFFFFFFFFFFFFFF36
:10088000FFFFFFFFFFFFFFFFFFFFFFFFFFFFFFFF78
:10089000FF3A3E50BCDDEC9E8A8999F1EEEAE3D640
:1008A000CD59C9CACBCDCDCECFD0D1D3D4DADDD0BE
:1008B000C2AF3DFFFFFFFFFFFFFFFFFFFFFFFFFF97
:1008C000FFFFFFFFFFFFFFFFFFFFFFFFFFFFFFFF38
:1008D000FF3A3E50BCDDEC9E8A8999F1EEEAE3D600
:1008E000CD59C9CACBCDCDCECFD0D1D3D4DADDD07E
:1008F000C2AF3DFFFFFFFFFFFFFFFFFFFFFFFFFF57
:10090000FFFFFFFFFFFFFFFFFFFFFFFFFFFFFFFFF7
:10091000FF3A3E50BCDDEC9E8A8A99F1EEEAE3D6BE
:10092000CD59C9CACBCDCDCECFD0D1D3D4DADDD03D
:10093000C2AF3DFFFFFFFFFFFFFFFFFFFFFFFFFF16
:10094000FFFFFFFFFFFFFFFFFFFFFFFFFFFFFFFFB7
:10095000FF3A3E50BCDDEC9E8A8A99F1EEEAE3D67E
:10096000CD59C9CACBCDCDCECFD0D1D3D4DADDD0FD
:10097000C2AF3DFFFFFFFFFFFFFFFFFFFFFFFFFFD6
:10098000FFFFFFFFFFFFFFFFFFFFFFFFFFFFFFFF77
:10099000FF3A3E50BCDDEC9E8A8A99F1EEEAE3D63E
:1009A000CD59C9CACBCDCDCECFD0D1D3D4DADDD0BD
:1009B000C2AF3DFFFFFFFFFFFFFFFFFFFFFFFFFF96
:1009C000FFFFFFFFFFFFFFFFFFFFFFFFFFFFFFFF37
:1009D000FF3A3E50BCDDEC9E8A8A99F1EEEAE3D6FE
:1009E000CD59C9CACBCDCDCECFD0D1D3D4DADDD07D
:1009F000C2AF3DFFFFFFFFFFFFFFFFFFFFFFFFFF56
:100A0000FFFFFFFFFF3334393A3A3A3A3A3A40347B
:100A1000FF3547B3BEDDEC9E8A8A99F1EEEAE3D654
:100A2000CD59C9CACBCDCDCECFD0D1D3D4DADDD03C
:100A3000C2AF42FFFF3232323232323232333333DC
:100A4000FFFFFF40ABB7D0E2D6CECDC9C6C3C4C40A
:100A5000C3C6C8C4BCCCF89D8A8999F1EEEAE3D636
:100A6000CD59C9CACBCDCDCECFD0D1D3D4D7DAD101
:100A7000C9BE57B85757B9B8B8B7B6B6B756B1AD7B
:100A800041FFFFFFFF46BCD0C8CCDE9A86808B9327
:100A900097A0A6F1EFA2948C898E9DF1EEEAE3D6A1
:100AA000CD59C9CACBCDCDCECFD0D1D3D4D7D8DABA
:100AB000DADBDBDDDDDFE0E1E2E4E6DDCDB74C42B1
:100AC00034FFFFFFFFFF344AC0F9FB6F6038373F48
:100AD0005C5E62686D72787F8892A1F1EEEAE3D67F
:100AE000CD59C9CACBCDCDCECFD0D1D3D4D7D8DA7A
:100AF000DADBDBDDE0E0E0E3E9E7DB58B03E3AFFDC
:100B0000FFFFFFFFFFFFFF4046B4C3FAFC755F5CC9
:100B10005D61666B6E70787F8892A1F1EEEAE3D634
:100B2000CD59C9CACBCDCDCECFD0D1D3D4D7D8DA39
:100B3000DADBDBDDDDE0E3E2E0CAB9AE3BFFFFFF7D
:100B4000FFFFFFFFFFFFFFFFFFA9AFBCC1F7FD776E
:100B5000635E646B6E727A858992A1F1EEEAE3D6E8
:100B6000CD59C9CACBCDCDCECFD0D1D3D4D7D8DAF9
:100B7000DADBDBDDE0E1E0D0BFAF43FFFFFFFFFFEB
:100B8000FFFFFFFFFFFFFFFFFFFFFF43B4C5F3A31E
:100B9000987467656C73797F8892A1F1EEEAE3D669
:100BA000CD59C9CACBCDCDCECFD0D1D3D4D7D8DAB9
:100BB000DADBDDDFE1D9CA56AC3933FFFFFFFFFFD7
:100BC000FFFFFFFFFFFFFFFFFFFFFFFFFF4757CCC8
:100BD000F49F91766A6971878992A1F1EEEAE3D672
:100BE000CD59C9CACBCDCDCECFD0D1D3D4D7D8DA79
:100BF000DBDDE0DBCF574B3633FFFFFFFFFFFFFFAF
:100C0000FFFFFFFFFFFFFFFFFFFFFFFFFF33414D30
:100C1000C1D0F595827C7B7D8392A1F1EEEAE3D68B
:100C2000CD59C9CACBCDCDCECFD0D1D3D4D7D8DA38
:100C3000DDDAD3C1524540FFFFFFFFFFFFFFFFFF9B
:100C4000FFFFFFFFFFFFFFFFFFFFFFFFFFFFFF3A79
:100C50004553C7D6F696847E81909DF1EEEAE3D6A1
:100C6000CD59C9CACBCDCDCECFD0D1D3D4D8DBDAF4
:100C7000D4C6B74836FFFFFFFFFFFFFFFFFFFFFFB0
:100C8000FFFFFFFFFFFFFFFFFFFFFFFFFFFFFFFF74
:100C9000FF4046B4C4D5DC9C8D8F9BF2F0EAE3D6CE
:100CA000CD59C9CACBCDCDCECFD0D1D3D7D7D8CAC5
:100CB000BB4C3CFFFFFFFFFFFFFFFFFFFFFFFFFFFE
:100CC000FFFFFFFFFFFFFFFFFFFFFFFFFFFFFFFF34
:100CD000FFFFFFA94EBDC7D8E4A7A4A5A8EAE3D6A5
:100CE000CD59C9CACBCDCDCECFD0D1D4D75AC4B12E
:100CF000AAFFFFFFFFFFFFFFFFFFFFFFFFFFFFFF59
:100D0000FFFFFFFFFFFFFFFFFFFFFFFFFFFFFFFFF3
:100D1000FFFFFFFFFF45B6C9C9D8E9A7EDEBE4D651
:100D2000CD59C9CACBCDCDCECFD2D4D1CD574B36EC
:100D300033FFFFFFFFFFFFFFFFFFFFFFFFFFFFFF8F
:100D4000FFFFFFFFFFFFFFFFFFFFFFFFFFFFFFFFB3
:100D5000FFFFFFFFFFFF3449BC5BCDD8E8EBE5DACE
:100D6000CD59C9CACBCDCDCFD2D2D1C1513E3AFF98
:100D7000FFFFFFFFFFFFFFFFFFFFFFFFFFFFFFFF83
:100D8000FFFFFFFFFFFFFFFFFFFFFFFFFFFFFFFF73
:100D9000FFFFFFFFFFFFFF343C4EC1D3D0D5DDDBAB
:100DA000CEC9C9CACBCDCDCFD3C8B7AE41FFFFFFA7
:100DB000FFFFFFFFFFFFFFFFFFFFFFFFFFFFFFFF43
:100DC000FFFFFFFFFFFFFFFFFFFFFFFFFFFFFFFF33
:100DD000FFFFFFFFFFFFFFFFFF404656C8D7CFCD05
:100DE000CBCACACACBCED0CABF4F42FFFFFFFFFF5C
:100DF000FFFFFFFFFFFFFFFFFFFFFFFFFFFFFFFF03
:100E0000FFFFFFFFFFFFFFFFFFFFFFFFFFFFFFFFF2
:100E1000FFFFFFFFFFFFFFFFFFFFFFA94EBECBD28B
:100E2000CBC9C9CBCECDC9B5ABFFFFFFFFFFFFFFDD
:100E3000FFFFFFFFFFFFFFFFFFFFFFFFFFFFFFFFC2
:100E4000FFFFFFFFFFFFFFFFFFFFFFFFFFFFFFFFB2
:100E5000FFFFFFFFFFFFFFFFFFFFFFFFFF44B2C6E3
:100E6000CDCFCDCBCDBA4839FFFFFFFFFFFFFFFF4E
:100E7000FFFFFFFFFFFFFFFFFFFFFFFFFFFFFFFF82
:100E8000FFFFFFFFFFFFFFFFFFFFFFFFFFFFFFFF72
:100E9000FFFFFFFFFFFFFFFFFFFFFFFFFFFF39AE79
:100EA00057CED4C6523E39FFFFFFFFFFFFFFFFFFC3
:100EB000FFFFFFFFFFFFFFFFFFFFFFFFFFFFFFFF42
:100EC000FFFFFFFFFFFFFFFFFFFFFFFFFFFFFFFF32
:100ED000FFFFFFFFFFFFFFFFFFFFFFFFFFFFFF39E8
:100EE00044484DAC41FFFFFFFFFFFFFFFFFFFFFF47
:100EF000FFFFFFFFFFFFFFFFFFFFFFFFFFFFFFFF02
:100F0000FFFFFFFFFFFFFFFFFFFFFFFFFFFFFFFFF1
:100F1000FFFFFFFFFFFFFFFFFFFFFFFFFFFFFFFFE1
:100F2000FFFFFFFFFFFFFFFFFFFFFFFFFFFFFFFFD1
:100F3000FFFFFFFFFFFFFFFFFFFFFFFFFFFFFFFFC1
:100F4000FFFF0000000000000000545255455649C4
:100F500053494F4E2D5846494C452E000001010083
:100F600000000118000000000A000A000808000044
:100F70000000000000000000000000000000000071
:100F80000000000000000000000000000000000061
:100F90000000000000000000000000000000000051
:100FA0000000000000000000000000000000000041
:100FB0000000000000000000000000000000000031
:100FC0000000000000000000000000000000000021
:100FD0000000000000000000000000000000000011
:100FE0000000000000000000000000000000000001
:100FF00000000000000000000000000000000000F1
:1010000000000000000000000000000000000000E0
:1010100000000000000000000000000000000000D0
:1010200000000000000000000000000000000000C0
:1010300000000000000000000000000000000000B0
:1010400000000000000000000000000000000000A0
:101050000000000000000000000000000000000090
:101060000000000000000000000000000000000080
:101070000000000000000000000000000000000070
:101080000000000000000000000000000000000060
:101090000000000000000000000000000000000050
:1010A0000000000000000000000000000000000040
:1010B0000000000000000000000000000000000030
:1010C0000000000000000000000000000000000020
:1010D0000000000000000000000000000000000010
:1010E0000000000000000000000000000000000000
:1010F00000000000000000000000000000000000F0
:1011000000000000000000000000000000000000DF
:1011100000000000000000000000000000000000CF
:1011200000000000000000000000000000000000BF
:1011300000000000000000000000000000000000AF
:10114000000000000000000000000000000000009F
:10115000000000000000000000000000000000008F
:101160000000000000000000000202020404042F3E
:101170002E2D3B352F302A245A534E655F5B544E3B
:101180004A4B45418A85825C5551FDFBFA948E8B12
:101190008C8683817B785D57548D88867A777695A7
:1011A0008F8D98918FE6E1E0F1ECEB777271A6A05C
:1011B0009FFFFDFD4B4A4A817F7FFDFAFA302F2FBA
:1011C000918E8EDBD6D6555353A29E9EC1BCBCC712
:1011D000C2C2EAE4E44947476764648985853937D0
:1011E000373D3B3BBFB9B9070606F5EFF0F7F1F223
:1011F000FBF5F6DBD5D6A39D9EAAA4A5FBF6F7FDCD
:10120000F8F9FFFAFBBAB5B6C8C3C49B9697B1AD5F
:10121000AEC6C2C3C8C4C5A9A5A6A7A4A5AFACAD98
:10122000B1AEAFB7B4B58683848E8B8C7E7B7CC128
:10123000BBBDCEC8CA524F50FFFDFE918F90CDC9A5
:10124000CBD1CDCFC1BDBFC3C0C2C5C2C4C7C4C648
:10125000AFACAEB2AFB1BAB7B9D7D3D6C7C5C7CAAC
:10126000C7CA2F2E2FC1C0C2FFFFFF000000FFFF23
:10127000D1C3E3E5EFC2AAFFFFCEE1FAFDF3FBF134
:10128000E8D3C5E2F5E7E0F7F8F5F9EDE9F2B9B52D
:10129000D8D9E6F6F4E4ECBFADB3B8B0AFC6E0F031
:1012A000EBB1ACB7B6BBC0CADDDEEAAEBCD4DCFE87
:1012B000EED6D7DFFCB2D2D5DAC4B4C1CCCDFFC8EC
:1012C000CBD5DBB4FEBEBAA9FFFFABCFC7BDC9D03B
:1012D000FFFF000000000000000054525545564931
:1012E00053494F4E2D5846494C452E0000010100F0
:1012F0000000011800000000400040000808FFFF47
:10130000FF7B7CF17171F06B6BF05656C46061EC41
:101310004345BB5151ED3133BF373BE62728B42756
:1013200029CA1A1C92292AE51D1DBD02020F12139B
:101330008A10107F0A0B5113169E1B1CE501010930
:1013400003031B0607361111C91313E00F11BC0D5F
:101350000DDE0D0EE30A0DD20608940909E9040614
:10136000850506A6070CE10505DE0303DE0202B5CE
:101370000101C40101E30000010000040001D300E9
:1013800001DA0000DE0000E80000F135376C5C6136
:10139000DD5258D5464AC94E53DE454AD62B2F8AD0
:1013A000383EB8393EC44248E81A1C5E2C31A93494
:1013B00039D31F249A2229D9171CD506096D040B8D
:1013C000CD555CE12C35DD0B18DE4A58EA0914993D
:1013D0000716AA6874E75A6BF35262F04454D04976
:1013E0005CF82A37B36274F63548D02238C76C816E
:1013F000FB1329AE112BC3011DBB0224CCFAEAD684
:10140000E8DDD0F8EBDCF3E5D6FCF8F45A544EF006
:10141000E0D0EDDCCC030201020100E9DFD69D72D1
:101420004CC2B9B26F665FE6D2C2AC815EA16A3FC0
:1014300085817EF5E9E0986947A3704B885836921C
:101440005426271609AFA6A0968C85F0D3C05A441F
:10145000359358310704028D5027794320DDD0C8D9
:10146000DAC2B4B69D8ED4B7A5AB8B780E09068AC6
:101470005637915A3A150D087B482A8A512F8F53B7
:101480002E472916382011844926F8F1EDF1E4DDC4
:10149000E6D8D0EFE0D8F0DDD3827771DFCCC2D1CF
:1014A000BEB4C9B5AA564D48BFAA9EE2C9BBC7AFD4
:1014B000A2D5BAABBDA293C3A797D0B09FCAA89636
:1014C000B19382C7A491C4A08DA0806E9676644526
:1014D000342B946D58A6765C2B1E17A2715591641F
:1014E0004B9C6B4F9A664987583E9864469561437A
:1014F000975F3F945C3D8651358953358F573766EA
:101500003E279156368E55348C53328F53328D523E
:101510003158331E8D51308C502F894E2CF5EBE60F
:10152000E6DCD7E2D6D0D5C7C0E9D9D1F2E0D7EA18
:10153000D4C9CEB3A5AE978BCBAA9969564DC19CA1
:1015400089BD97841B1512BA917CB68B75B0846ED9
:10155000AB7D65895D48A06A4E0A0604945839E956
:10156000DED9A59A95EAD5CCECD7CEE8D1C7E7CF9E
:10157000C479554569493AEEDDD6EDDBD4EDDAD2D2
:10158000ECD8D0E9D2C9E6CCC28B64557E4B363458
:101590002D2B7B5C54776E6CA189844A41400504F5
:1015A00004040303E7DDE35E595CB6ADB3EAE6E9A4
:1015B000030203705A7A2219275337670C0B0DC1A7
:1015C000B8D3382C514843599088B2D5D2E7524D00
:1015D0007F0D0C1A4039919F9CDC514F9D6562C96B
:1015E0006564A28382DF7271C65755B03938A8216D
:1015F00020732C2B9D0908E0FFFFFF000000FFFF78
:10160000FFFFFFFFFFFFFFFFFFFFFFFFFFFFFFFFEA
:10161000FFFFFFFFFFFFFFFFFFFFFFFFFFFFFFFFDA
:10162000FFFFFFFFFFFFFFFFFFFF2929FFFFFFFF76
:10163000FFFFFFFFFFFFFFFFFFFFFFFFFFFFFFFFBA
:10164000FFFFFFFFFFFFFFFFFFFFFFFFFFFFFFFFAA
:10165000FFFFFFFFFFFFFFFFFFFFFFFFFFFFFFFF9A
:10166000FFFFFFFFFF28FFFF0F17123F1E1E1E2068
:101670003F172929FFFFFFFFFFFFFFFFFFFFFFFFCE
:10168000FFFFFFFFFFFFFFFFFFFFFFFFFFFFFFFF6A
:10169000FFFFFFFFFFFFFFFFFFFFFFFFFFFFFFFF5A
:1016A000FFFFFFFFFFFF163F1E21212121212525DE
:1016B00025261E16FFFFFFFFFFFFFFFFFFFFFFFFB7
:1016C000FFFFFFFFFFFFFFFFFFFFFFFFFFFFFFFF2A
:1016D000FFFFFFFFFFFFFFFFFFFFFFFFFFFFFFFF1A
:1016E000FFFFFFFF153F21212121211E1E1E130A8E
:1016F000083B0B1A17FFFFFFFFFFFFFFFFFFFFFF76
:10170000FFFFFFFFFFFFFFFFFFFFFFFFFFFFFFFFE9
:10171000FFFFFFFFFFFFFFFFFFFFFFFFFFFFFFFFD9
:10172000FFFFFF161E2525212113130C1011110C8C
:1017300036344A371329FFFFFFFFFFFFFFFFFFFF8C
:10174000FFFFFFFFFFFFFFFFFFFFFFFFFFFFFFFFA9
:10175000FFFFFFFFFFFFFFFFFFFFFFFFFFFFFFFF99
:10176000FF2817262625250E0A3AFC3C13101010D8
:101770003C3734323617FFFFFFFFFFFFFFFFFFFF4D
:10178000FFFFFFFFFFFFFFFFFFFFFFFFFFFFFFFF69
:10179000FFFFFFFFFFFFFF28FFFFFF28E1E1E6E17A
:1017A000E1122B26261A373232360C12F116161693
:1017B000170C323434125EFFFFFFFFFFFFFFFFFF05
:1017C000FFFFFFFFFFFFFFFFFFFFFFFFFFFFFFFF29
:1017D000FFFFFFFFFFFFFFC96C9BD2C79C9AC6C6E5
:1017E000FA2C2A2A0B33330639F129FFFFFFFFFFBA
:1017F000FF2939343439FFFFFFFFFFFFFFFFFFFFF1
:10180000FFFFFFFFFFFFFFFFFFFFFFFFFFFFFFFFE8
:10181000FFFFFFFF729EABA09DC6C6C5C4C3C30633
:101820002C2B403B3341F6DF7A5EFFFFFFFFFFFFCB
:10183000FFFF29353339FFFFFFFFFFFFFFFFFFFFEA
:10184000FFFFFFFFFFFFFFFFFFFFFFFFFFFFFFFFA8
:10185000FF28C981A8C89F9F9DC6C5C5C396082CEF
:101860002B404E4A04E7BFBFBF9BC25EFFFFFFFF96
:10187000FFFF5D173439FFFFFFFFFFFFFFFFFFFF93
:10188000FFFFFFFFFFFFFF29285DE6E6FFFFFF5E8A
:10189000C982A9A6A6A4A19D9DC6C6C5C4FA2C2B23
:1018A0001D4F4EF462BFBFBF62DCDC8DC25DFFFF27
:1018B000FFFFFF0F3A39FFFFFFFFFFFFFFFFFFFFB3
:1018C000FFFFFFFFFFFF2812FB111111113F12E86C
:1018D0007ECAA7A7A5A5A2A19F9D9D64F42B2C401D
:1018E000524CF0BFBF6289DEBD77779679BF7AFF31
:1018F000FFFFFF150C175EFFFFFFFFFFFFFFFFFF5E
:10190000FFFFFFFFFFFF3F083C0C0C0C10FBD2ACAD
:10191000ACAA7CA7A7A7A7A4A19F69E72B2C40513D
:1019200051EDD2DC9A79779390BCBC90939292DB84
:10193000FFFFFF0F1016FFFFFFFFFFFFFFFFFFFF7F
:10194000FFFFFFFFFF173BFC3C0C3C3FF1AB71AED0
:10195000ADADAAAAAA7C7CA7A7A2C89CF22A455131
:10196000E3D1D99AC6C5C5C3C177979392B8B5CE0E
:10197000DBFFFF161115FFFFFFFFFFFFFFFFFFFF5C
:10198000FFFFFFFF151A37FCFC3C39158180B0AE14
:10199000AEAEAEADADAA7171D989D9A469E70CF02C
:1019A00068A0A1A19F9F9F9FC6C3C0778C85858794
:1019B000929E28171128FFFFFFFFFFFFFFFFFFFF89
:1019C000FFFFFF28200DFA3A3AFBE6827E7F7F7FF9
:1019D0007FB3AEB28071D9F6015047F2C765A0A2BD
:1019E000A2A2A1A1A2A079929699C696B785D4D3B6
:1019F0008F9AE01212FFFFFFFFFFFFFFFFFFFFFFC5
:101A0000FFFF29122D3B063A3A176CB17EB37F7F58
:101A1000B4B373B2DCF64D5050505037E9A6A4A4CD
:101A2000A2A2A5A09C92CED6CD76BC76D4D4D5D693
:101A3000B992BF1016FFFFFFFFFFFFFFFFFFFFFF81
:101A4000FF29162D2D3B36363AE882B183B4B4B463
:101A50007373DCF64D4D4D5050505031FCC7A7A765
:101A60007CADA390D0CFD8D8D8D0D7CFD8D0CED631
:101A7000D58C96F0EAFFFFFFFFFFFFFFFFFFFFFFA0
:101A8000FF28172E273B0637FC8282B183B4B4B4FB
:101A9000DCF94948484D4D4D5050504736BF73B45E
:101AA000B4749DCED0D8D8D8D8D8D88F8F8FD8D767
:101AB000CED693C4D15EFFFFFFFFFFFFFFFFFFFF06
:101AC000FFFF172E2D423206FA8282B183B473D102
:101AD000334B494948484D4D4D4D505034F083B437
:101AE000B48377CED8D0D0D0D0D0D8D88F8F8FD065
:101AF000BBD58CC4C39BFFFFFFFFFFFFFFFFFFFFB2
:101B0000FFFF172E2D0D3237368282B183B4B4B465
:101B1000D1044B44494848484D4D4D5041067E74D0
:101B2000747E91CDD0D0D0D0D0D0D0D0D88FD8D0D6
:101B3000BBD5B899C5C67DFFFFFFFFFFFFFFFFFFC5
:101B4000FFFF162E2D19313206DB82817EB4B4835D
:101B5000747EF94B44494948484D4D503032CC973A
:101B600079C1D8CFCFCFCFCFCFCFCFCFCFD0D0D0DD
:101B7000D7CED4969FC6D1FFFFFFFFFFFFFFFFFF29
:101B8000FFFF292B2D1F333232EC8281ABB47EC78D
:101B9000C0C5F9384444494948484D4D4737E79650
:101BA000D0D0D8D7CDD7D7D7D7D7D7D7D7D7CFCFEC
:101BB000D7CDD4779FA19F9EFFFFFFFFFFFFFFFFC1
:101BC000FFFFFF1E2E2D093134F08282B174A38BEA
:101BD00078EE3838384444494948484D474CE96A1A
:101BE0009F91D6D6D5D6CECDCDCDBBBBD7D7CFD76F
:101BF000CDCDD68C9FA1A4ABFFFFFFFFFFFFFFFF62
:101C0000FFFF29172E2D14313406828281AB94D820
:101C100076F5423838384444494949484D3AFBDA68
:101C2000A28C85D5D5D4D4D5CECDCDCDD7D0D0D757
:101C3000CDCDCDD7C59FA47B7DFFFFFFFFFFFFFF6D
:101C4000FFFFFF15272D2D383131EC6C82898A6F0B
:101C5000E442420909383841064449494D3611D217
:101C6000A4C18C7585D3D3D3D4D5CECDCFD8D8D776
:101C7000CECECDD677A1A27C82FFFFFFFFFFFFFF74
:101C8000FFFFFF5E1E2E2D0D4133F282DF898CD7C0
:101C9000F53D4242090938043FFC414B4DFA39D227
:101CA000A09F9FC186858787D3D3D5CDCFD7D0CFEF
:101CB000CED6CDD592A1A17CB1FFFFFFFFFFFFFFE4
:101CC000FFFFFFFF172E2D1F333132ED8DE3CCE4E4
:101CD0003D3D3D42424241FC11ECDF04470C9B700C
:101CE000A09F9FC8C676CBD38585D4CE8A8ED8D701
:101CF000CED5CECDC5A1A1A77E72FFFFFFFFFFFF0E
:101D0000FFFFFF5E81182E2D0D4133F48D5ADDF952
:101D10003E3D3D3D42093210118D628DDFDF70D2B4
:101D20009C9D9D9D9FC6C4C5C37667BAB89C8CD543
:101D3000D5D4D48BA4A1A1A5AE7DFFFFFFFFFFFFEB
:101D4000FFFFFF5E74E92E2D1F333131E38D5A0EF4
:101D50003E3E3D3D3D38FC10F089BF707070D2C7EB
:101D60009DC6C6C69D9D9F9FA29F9176C3AE968538
:101D700087D5BA93AAA2A1A5AD82FFFFFFFFFFFFFF
:101D8000FFFFFFC983730E2E2D143033F45A2F1A20
:101D90003E3E3E3E42060C35DDBFD1D9D9D99CC668
:101DA000C6C6C6C6C6C69D9D9DC8A2A5ACAFACC6DC
:101DB0007685BA8EA9A5A2A5AA81FFFFFFFFFFFF26
:101DC000FFFFFF7DB473E9272D2D094131E3FB218E
:101DD00046183E3E3BFA0CF089BF9AC5C5C5C5C53D
:101DE000C5C5C5C5C5C5C6C69D9DC8A4A6CAAF8381
:101DF000A1D7B58E7FA7A4A5AAB1FFFFFFFFFFFF64
:101E0000FFFFFF6CB4B473FC2E2D1F3341F9111E7C
:101E10001E46183E32FCFCDD6699C5C4C4C4C4C469
:101E2000C4C4C4C4C4C5C5C6C69D9FC8A6A7ACB01B
:101E3000B4A2C1C5B47CA5A5ACB1FFFFFFFFFFFFF5
:101E4000FFFFFF6CB4B473DA182E2714414113203E
:101E50001E1E2108363AF4896D8EC4C3C3C3C3C3A2
:101E6000C3C3C3C3C3C4C4C4C5C69D9FA2A6CAADD1
:101E7000B0B483B4B2AAA6A7ADABFFFFFFFFFFFFCC
:101E8000FFFFFF6CB4B4B46BE9242D270941322065
:101E900020201EFAFAFADD6E6198C3C1C1C1C1C12A
:101EA000C1C1C1C1C1C3C3C4C4C5C69DC8A4CAAC55
:101EB000AFB2B3B3B2AAA7A7ACABFFFFFFFFFFFF60
:101EC000FFFFFF6CAE7CA4A26004272C2434414C9D
:101ED0003F201035FC2FDD6DB8C1C0C0C098989868
:101EE000989898C0C0C1C1C3C3C4C59D9FA2A6ACE9
:101EF000AFB2B2B3B2AD7C7CADB15EFFFFFFFFFF0E
:101F0000FFFFFFC2A5A4A1A47784342B2B1B334170
:101F1000FC3F353535DB5A61E590C097979595952F
:101F2000959595979798C0C0C1C3C4C69DC8A6CAC9
:101F3000AFB0B2B2B2AFAA7CAEB1FFFFFFFFFFFFFE
:101F4000FFFFFF7A9C9AA4688BFEEF3D2A2A3E4150
:101F5000313C35F239DBDF66B88B97BEBE94949482
:101F600094949494BE959798C0C1C3C5C69FA4CAC3
:101F7000ACAFB2B2B2ADAAAAAE81FFFFFFFFFFFFC6
:101F8000FFFFFFE1A0B899A0755959EB1D2A263D26
:101F90003031F235DBDBDFE3666EBD947878789123
:101FA000919178789494BE9798C0C3C4C69FA2A715
:101FB000ACAFB0B2B2ADACAD7F82FFFFFFFFFFFFB1
:101FC000FFFFFFFFD2969099845959E50E262626E9
:101FD0000B41062FDFDF8DE3E3896E77917676760E
:101FE00076767691787894BE9798C1C3C59DC8A738
:101FF000ACAFB0B2B2AFADADB36CFFFFFFFFFFFF50
:10200000FFFFFF28B199B88B5984FEEB21252626C6
:10201000260B41F462DDE3E3E3E3DD899376638F2E
:102020008F8F8F8F76917894BE97C0C3C5C6C8A690
:10203000CAAFAFB2B2AEAFAE837AFFFFFFFFFFFF12
:10204000FFFFFFFF9E998459595959F725212526ED
:1020500026250B31EE61CCE35A8D5A5ADD77766333
:10206000BBBB638F8F769178949598C3C69CA0A6CE
:10207000CAACAFB2B2B0B0B3AB5EFFFFFFFFFFFFC1
:10208000FFFFFFFFC99C75595959FEF525252521EC
:102090002525250B30EFE26D628D8D8D5A626E8C99
:1020A000635C5C63638F7691BC93969AD170ABA3AB
:1020B000CAACAFB2B0B0B27F81FFFFFFFFFFFFFF3E
:1020C000FFFFFFFFFFAB79598475B6082625250E63
:1020D000082525250E30E5846166625A8D5AE3890C
:1020E0008C5B5B5CBB638FBC7799DC709B9B70DA0D
:1020F000B0B2AFAFB0B0B3B47DFFFFFFFFFFFFFFE3
:10210000FFFFFFFFFF9E9675B7C6770B2626253784
:10211000414C2525250E30E259B8CC89625A5A899E
:102120006158585BBB76926EDC8DDF9BDB9BABC747
:102130009CA3A8B2B2B273ABFFFFFFFFFFFFFFFF8C
:10214000FFFFFFFFFF5D6E8C999DDE1D2626263466
:102150004AF6F025251A0E30EB5B758B6D66666DC1
:102160005657588A8E6E625ADFDF9B9B9B81BF8BCE
:10217000D58A777FB2B2DA9EFFFFFFFFFFFFFFFF36
:10218000FFFFFFFFFFFFDF85999D892A2A26184A56
:102190004EE76EEE0A1A0E0B30EB88BA5675B85F32
:1021A0005757566DDD5A8DDF70DF2F3C2FDFCC6720
:1021B000B567BBA573DAFBE6FFFFFFFFFFFFFFFF7D
:1021C000FFFFFFFFFFFFEAE48E9FE72A2A2A3D4E2A
:1021D000066666B8EB060B0B3B31EBBA576767B583
:1021E00067585C8E628D70DF2F3C545454F06E75CE
:1021F0008567CDC783E9200FFFFFFFFFFFFFFFFFCC
:10220000FFFFFFFFFFFF299B7564E72C2B2A3D4E44
:10221000F462898E87E5F83B343430F35F576767A3
:1022200067585B8ABD622F0C53535354434C626E04
:10223000E46177D1DC124517FFFFFFFFFFFFFFFFCF
:10224000FFFFFFFFFFFFFFFF8991F02C2C243B4F86
:10225000F6DD6EB7595959F331334105F3B655855B
:102260008557558AEE3545464653401914F25AE3D0
:102270006262BF5A9E174517FFFFFFFFFFFFFFFF78
:10228000FFFFFFFFFFFFFFFFEA8EEE2727234F4CE4
:1022900066666D845984595BEB47050303F7EF5875
:1022A0005588EEF2201E45462A231B140DF05A5A7B
:1022B0005A8D5ADBFF3F4512FFFFFFFFFFFFFFFF75
:1022C000FFFFFFFFFFFFFFFFFFDBEE2C27FD4E3A76
:1022D0008966E4848459B58A63B8F703020301EB85
:1022E000EBF420201145262C2CFD19143BE35A5AFF
:1022F0008D5ADF72164513125EFFFFFFFFFFFFFFCF
:10230000FFFFFFFFFFFFFFFFFFFFEC22271C4F3502
:102310006266E4B58484CBB88A638AF3020303015E
:102320000611111E252B272C231B140D372FE3E339
:10233000E362DB1745465117FFFFFFFFFFFFFFFF7B
:10234000FFFFFFFFFFFFFFFFFFFF163E43144F3568
:102350008D62BD91B78A8A8AB5758F63EBF703F3F7
:10236000FA13262C272C2C241B19140952545452CE
:102370004E37515353513B0FFFFFFFFFFFFFFFFF4E
:10238000FFFFFFFFFFFFFFFFFFFF0F0B140D512F9C
:1023900070BF9990BC789176868A76B85FB6EFB6B2
:1023A000F82A272C2C2C2C2319140D090B4F5254CE
:1023B000545454520B090C5EFFFFFFFFFFFFFFFF59
:1023C000FFFFFFFFFFFFFFFFFFFF293C3D4251F4EE
:1023D000895A9A98BE908B8CBC918B8BD0568584F1
:1023E000E2382C2C2C2C231B140D0938070505056D
:1023F00005304107380917FFFFFFFFFFFFFFFFFF11
:10240000FFFFFFFFFFFFFFFFFFFFFFFB4E4E51F6F9
:102410008CDD66BDC1B867868ACB85B8908B5F6757
:1024200057E2332C2C24FD19140D0907070503026C
:102430000203050709FCFFFFFFFFFFFFFFFFFFFF90
:10244000FFFFFFFFFFFFFFFFFFFF28174A4A3A3950
:102450009EBFDD6D928B67858587B9B88BB8678520
:102460008755CB3324231B140D09380705030303B9
:10247000030507093716FFFFFFFFFFFFFFFFFFFF01
:10248000FFFFFFFFFFFFFFFFFFFFFF0F364A4C3F3D
:102490005E5EC2BF8B588887BAD3B986867585BA07
:1024A000BABA58753327190D09380707050503030C
:1024B00005073804E8FFFFFFFFFFFFFFFFFFFFFFF7
:1024C000FFFFFFFFFFFFFFFFFFFFFFFF3931363F39
:1024D0005EFF2916FBE790D8BB87BABABABA8888DC
:1024E000CDD4B9639004190D093831F8F7F7F7F72F
:1024F000F8F6EDEAFFFFFFFFFFFFFFFFFFFFFFFF23
:10250000FFFFFFFFFFFFFFFFFFFFFFFF0FFB4A0C77
:10251000121617113F0FC9DBBF9A77918FD8CF954D
:1025200096919399D29BF90D3807FBE6EAEAEAEA1D
:10253000E6FFFFFFFFFFFFFFFFFFFFFFFFFFFFFFC4
:10254000FFFFFFFFFFFFFFFFFFFFFFFFFFE117FBA5
:102550001111111215FFFFFFFFFFE07DC29E9E9E2D
:102560009EC2C95DFFFFEAF9380517FFFFFFFFFFB5
:10257000FFFFFFFFFFFFFFFFFFFFFFFFFFFFFFFF6B
:10258000FFFFFFFFFFFFFFFFFFFFFFFFFFFFFF1545
:10259000171716FFFFFFFFFFFFFFFFFFFFFFFFFF04
:1025A000FFFFFFFFFFFFFFEAF54116FFFFFFFFFF01
:1025B000FFFFFFFFFFFFFFFFFFFFFFFFFFFFFFFF2B
:1025C000FFFFFFFFFFFFFFFFFFFFFFFFFFFFFFFF1B
:1025D000FFFFFFFFFFFFFFFFFFFFFFFFFFFFFFFF0B
:1025E000FFFFFFFFFFFFFFFFC2F615FFFFFFFFFF2B
:1025F000FFFFFFFFFFFFFFFFFFFFFFFFFFFF0000E9
:1026000000000000000054525545564953494F4EB2
:102610002D5846494C452E000001010000000118CC
:1026200000000000400040000808FFFFFF0101011A
:102630000606060303040000010407091112120B29
:102640000C0C030505000101BCE3CDB0DCC1081290
:102650000C0E1912C8EED5010402020B05A7D4B561
:10266000ABE8BD26412E9ECBAB85C39694C09F7729
:10267000B48660A57041885187B5911523184FA77E
:10268000615C98672681374199506CA7743A8545FB
:1026900032543654985B318739627C634F93504093
:1026A00051405270525A8C5A609E60478746367A23
:1026B000352A712A26692626792341833E297B25DE
:1026C000347A2C2F78282B752353884C456040751D
:1026D00085722330204470353C692B383A36030329
:1026E00002030301A7A58C17161328251F0605034F
:1026F000999187D9C6B2504C48E4D6C8E5D7C9E409
:10270000D5C6E1D0BFDFCCB9DCC9B6090807E7D927
:10271000CCEBDDD0D3C6BA79716AE2D2C4E7D7C9AF
:10272000B7AA9EDDCDBED9C8B9D4C3B4D5C0AD5FFC
:10273000554C3F352CC6BAB0E6D7CBC3B5AAB3A427
:1027400098D1BFB1AB9C90DECABAB9A89AC5B3A460
:10275000A69689AA998BB2A092B5A394BCA898A575
:102760009283C4AD9BCFB7A3D3BAA6B9A391CCB380
:102770009EB29A87C8AC96C5A890896345E4D7CD28
:10278000CFC1B7DDCEC3CCBDB2322E2BBFAFA3CAF3
:10279000B9ACBBAA9DDAC5B6463F3AD8C3B3CDB8EB
:1027A000A9D7C1B0AE9B8DD3BCABCBB4A394837679
:1027B000AE9888A58F7F8C796BCAAE9AC4A995AE66
:1027C00095837B695CA78D7AAD927EB49883BC9E1D
:1027D00088C2A38CBFA089A08470BB9B83B9987F5B
:1027E000B59177221B1695765F9B7B638E6F57950D
:1027F0007258835F449B6E4EA37351825A3C7C5542
:10280000387B5132774E306B4020F9F0EAEADED661
:10281000ABA19AD8C9BFEAD9CEEEDDD2F3E1D5C7D4
:10282000B0A09E8B7EDABFACB39C8C6F6056C2A505
:1028300092A78975B8967EB5937BB18E76B08B7171
:10284000B1876CAC8367A67E628C674E976F53A589
:10285000785A9E72546347349E6F4F9367484C3545
:10286000259A6B4B9C6D4C976848996A49986848C3
:102870009A6A499C6B4A9767469E6C499465449C4A
:10288000694673482AE0D5CEE4D9D2EFE2DAF4E71C
:10289000DFEDDED5E9DAD1ECDBD1E2D1C7E6D2C695
:1028A000DCC9BDE5CFC1E8D1C3E3CBBCE5CCBDE914
:1028B000CEBEE3C6B5C9A690C29A8115100D3727C2
:1028C0001D1E130CE7D5CBEED9CDDDC5B8E1C7B9D8
:1028D000E0C5B6DDC1B1DFC3B3DDBFAEE7C7B6DA71
:1028E000BCABD9BAA9DCBCABDAB9A6D6B4A2D8B60F
:1028F000A3D4B19DD3AC97D6AD97D1A892CDA38CDC
:10290000CA9E86C8997FC6957AC29176C38E72BFD9
:10291000896CEBD4C8E0C0B0E2BFAD0503020A0683
:1029200006030002FFFFFF000000FFFFFFFFFFFFA5
:10293000FFFFFFFFFDFC41FFFFFFFFFF09FFFFFF60
:10294000FFFFFFFFFFFFFFFFFFFFFFFFFFFFFFFF97
:10295000FFFFFFFFFFFFFFFFFFFFFFFFFFFFFFFF87
:10296000FFFFFFFFFFFFFFFFFFFFFFFFFFFFFFFF77
:10297000FFFFFF38223A22220CFFFF0909FFFF0167
:10298000FFFFFFFFFFFFFFFFFFFFFFFFFFFFFFFF57
:10299000FFFFFFFFFFFFFFFFFFFFFFFFFFFFFFFF47
:1029A000FFFFFFFFFFFFFFFFFFFFFFFFFFFFFFFF37
:1029B000FFFF3F29312F2B181309DB403F10FFFF8A
:1029C000FFFFFFFFFFFFFFFFFFFFFFFFFFFFFFFF17
:1029D000FFFF01FFFFFFFFFFFFFFFFFFFFFFFFFF05
:1029E000FFFFFFFFFFFFFFFFFFFFFFFFFFFFFF01F5
:1029F000FFFF38262F2F392922403A323A220DFF85
:102A0000FFFFFFFFFFFFFFFFFFFFFFFFFFFFFFFFD6
:102A1000FFFF01FFFFFFFFFFFFFFFFFFFFFFFFFFC4
:102A2000FFFFFFFFFFFFFFFFFFFFFFFFFFFF063876
:102A30001B1B222D2D2D2E2E3A3934343439220DE4
:102A4000FFFFFFFFFFFFFFFFFFFFFFFFFFFFFFFF96
:102A5000FFFFFFFFFFFFFFFFFFFFFFFFFFFFFFFF86
:102A6000FFFFFFFFFFFFFFFFFFFFFFFFFF05362117
:102A700030392C192B2B302C2E2E34342F35271B8C
:102A8000FFFFFFFFFFFFFFFFFFFFFFFFFFFFFFFF56
:102A9000FFFFFFFFFFFFFFFFFFFFFFFFFFFFFFFF46
:102AA000FFFFFFFFFFFFFFFFFFFFFFFF04361F24B5
:102AB0001E21232B333434332C2E2E342B25130C90
:102AC000FFFFFFFFFFFFFFFFFFFFFFFFFFFFFFFF16
:102AD000FFFFFFFFFFFFFFFFFFFFFFFFFFFFFFFF06
:102AE000FFFFFFFFFFFFFFFFFFFFFFFFFF281C1E91
:102AF000191826302C333434332C2E2D39221B0454
:102B0000FFFFFFFFFFFFFFFFFFFFFFFFFFFFFFFFD5
:102B1000FFFFFFFFFFFFFFFFFFFFFFFFFFFFFFFFC5
:102B2000FFFFFFFFFFFFFFFFFFFFFFFFFF40182139
:102B300018202A2B302C34343432242E39221BFF17
:102B4000FFFFFFFFFFFFFFFFFFFF040FFDFDFFFF84
:102B5000FFFFFFFFFF04FFFFFFFFFFFFFFFFFFFF80
:102B6000FFFFFFFFFFFFFFFFFFFFFFFFFF1B291816
:102B700015171817202330333434302C2C363841B5
:102B8000FFFFFFFFFFFFFFFFDB40BCB9DCDDDBFF2A
:102B900004FFFF93BCDDFFFFFFFFFFFFFFFFFFFF11
:102BA000FFFFFFFFFFFFFFFFFFFFFFFFFF271C17D8
:102BB0001615161720171C3234342C2B2C2C3936B2
:102BC0003810FFFFFFFFFFDCB0DAF2F2B29B9FBCD0
:102BD000FFFBB9B3F79AB993FFFFFFFFFFFFFFFFBA
:102BE000FFFFFFFFFFFFFFFFFFFFFF072228181473
:102BF0001414171820282021333432262124212AA6
:102C0000280D10FFFFFF4B95EFF1F2F2F0899FC8FE
:102C1000DC58F6F6F7F7F7B0BCDDFFFFFFFFFFFF6C
:102C2000FFFFFFFFFFFFFFFFFFFF04361718180B22
:102C30001111181D1904271C32343423192323239E
:102C4000280D08FFFFFF938EEEF1F1F2F0AD9F9F8C
:102C5000B996F4F6F7F7F7DA709FBC08FFFFFFFFAD
:102C6000FFFFFFFFFFFFFFFFFFFF042515181711F0
:102C70000B11291D22FF3B1C3032342A1818262A3A
:102C8000280C3D4102FFDB90EFF0F1F1F1B2B6B557
:102C9000B6F5F4F5F6F7F7EDB59F9B93FFFFFFFF51
:102CA000FFFFFFFFFFFFFFFFFFFFFF251217170BBF
:102CB0000B0B1D29220F361F2B303517172017201D
:102CC000428488C8B9B940AFEDEEF0F0F0F0F0F111
:102CD000F2F3F4F4F5F6F3A79F9F9E7AFFFFFFFF50
:102CE000FFFFFFFFFFFFFFFFFFFFFF933714160BF0
:102CF0000B0B172928362318202A201A1720253EC7
:102D0000E9E6A9949F9B8F85ECECF0F292B2B3B206
:102D1000F5DAF2F3F4F5F2949F9FB53BFD3CFFFF2B
:102D2000FFFFFFFFFFFFFFFFFFFFFFFFFF37110B5D
:102D30000A0A0B151717151A172016171A3688E4E2
:102D4000E1E4D8AC978DF9EA90B69B9EC89E9EC8E8
:102D5000C89DC6B3F3F3F5B8C89F987AB9BCDCFB3D
:102D6000FFFFFFFFFFFFFFFFFFFFFFFFFF3B14140D
:102D70000A0A0A0A0B1114161A1A16172057E4D752
:102D8000E1E2E4E3E4D890709D709795B4B7B7B7EB
:102D9000B6709D9F9BB2F3F3B49E9BB2F6F6B4B9A6
:102DA000DCFBFFFFFFFFFFFFFFFFFFFFFF27111609
:102DB0000B0A0A0A0A0B1114161117152857D4D634
:102DC000D5E1E2D6E8979C94B1B3B7BABDC2C0C210
:102DD000C3BAB8B69D9FBEF3F3B2F7F6F7F7F7B6EE
:102DE000C8DCFFFFFFFFFFFFFFFFFFFF4B140B14CB
:102DF0001A0B0E0A0A0A0B0B0B171A17208879D424
:102E0000D6D5D4859896AFB2B7B89496B6BEBDBDA8
:102E1000BDBDBDC3BA709F70F4F3F4F5F6F7F7F7D4
:102E200097C83F04FFFFFFFFFFFFFFFFFC140E0BDF
:102E3000111A140A0E0A0A1617151517172581F804
:102E4000D3F8869B8F90B3B3B494AD9596BABEBDBC
:102E5000BDBDBDBDBDBABB9F70F3F4F4F5F6F7F38D
:102E60006D9F9F41FFFFFFFFFFFFFFFFFF270E0E3C
:102E7000140B161A1A1A1A160B1115171525407F5E
:102E8000A5A7988A90B1B2B3B494B0B394B8BEBEBB
:102E9000BDBDBDBDBDBDBEBB9F99F2F4F4F5F7F05D
:102EA000959F9D7AFFFFFFFFFFFFFFFFFFFF442875
:102EB0002227160A1111111628371114170D7AD36B
:102EC0007970878D9292B1B2B396949597BEBDBD3D
:102ED000BDBDBDBDBDBDBDBA709FB2F2F3F5F17908
:102EE000B5C89B57FFFFFFFFFFFFFFFFFFFFFFFF7F
:102EF000FFFF370E0B0B3738103C373E575876A57F
:102F000097896E90AEAFB0B1B3B4958A8E8CB0B7DE
:102F1000C0C1BDBDBDBDBDBDBA9D9CF2F3F079B4CD
:102F2000C4C3AF44FFFFFFFFFFFFFFFFFFFFFFFF33
:102F3000FFFD280E0E0E371B3F845D7CB08BA66D07
:102F400094698D8E90AE92B2907DD4D5E3A9E3E3DF
:102F50008DB7C4BDBDBDBDBDBEBF9FB3F16EB3C611
:102F6000BEAD44FFFFFFFFFFFFFFFFFFFFFFFFFFBF
:102F7000FFFF4B25421A220C57A6A6CDA5A5D29637
:102F8000A76E6F8D8E91AF7FA47F8B89ADADAD9015
:102F90006AE7B2C4BDBDBDBDBDBA9C98F1F1B0C475
:102FA0009AABFFFFFFFFFFFFFFFFFFFFFFFFFFFFEA
:102FB000FFFFFFFFFFFF0F417EA6A4A4CFA68A8AD2
:102FC0006A6E6E6F8E9053D16D8982878B8A898FDE
:102FD0008FD9E5B2C4BDBDBDBDBEBBC891F1ACBA11
:102FE000C79402FFFFFFFFFFFFFFFFFFFFFFFFFF91
:102FF000FFFFFFFFFFFFFF58D3A5A4A4A5D2957C38
:10300000696C856F8D48D0877E6B9192B1918C628F
:10301000A88FACE8B7C1BDBDBDBDBE9DB4EE8DB639
:10302000BD94DCDCDDFFFFFFFFFFFFFFFFFFFFFFC5
:10303000FFFFFFFFFFFF0157A6A4A4A4A66B8743D1
:10304000696C856F7BCE82658D91AEDA664F7507B0
:103050009384896AD9C1BDBDBDBDBE9B96EEF2AE5B
:10306000DAF2AFB59CDCFFFFFFFFFFFFFFFFFFFFC2
:10307000FFFFFFFFFFFFFF75D4A6A4CFA4897C56F6
:103080006A696C6CCD6665AC8E908D5C3BFFFFFF12
:10309000FF938FAAE3B4C1C2C1C2BEC698EDF0F0DF
:1030A000F0ECE980B8BD75FFFFFFFFFFFFFFFFFFFA
:1030B000FFFFFFFFFFFFFF4B4F55A5A554834A5667
:1030C0007F6A6C50A364688D8D8D784004FFFFFF8C
:1030D000FFFF57877DDAC49995B8C2BF986EEEEDB1
:1030E000E8E8E86999B75701FFFFFFFFFFFFFFFF1F
:1030F000FFFFFFFFFFFFFFFFFF404FDFA76B497D93
:10310000566A6ACD76666E6F8D697A04FFFFFFFF9F
:10311000FFFF93AD61EDB67E898FB8BF9886E5E37A
:10312000E5E7E87FB8B757FDFFFFFFFFFFFFFFFFB1
:10313000FFFFFFFFFFFFFFFFFFFF58DF666149430F
:103140007D7F794C5CA76E6F6C4204FFFFFFFFFF31
:10315000FFFFFD8461E78F6B9A9595C4977CD5E45A
:10316000E3E5E87BB89AAB04FFFFFFFFFFFFFFFF3B
:10317000FFFFFFFFFFFFFFFFFFFFABDF6B5D49437B
:10318000435647A3786E856E6A7AFFFFFFFFFFFF05
:10319000FFFFFF8861E28F8AB789B4B4AD5DD6E2E4
:1031A000E4E3E3D0B8C58805FFFFFFFFFFFFFFFFA3
:1031B000FFFFFFFFFFFFFFFF01DB81D16454494A9E
:1031C000437DA472606C6C856106FFFFFFFFFFFF0B
:1031D000FFFFFFAB61D5B8848387B1B08955D6E2D4
:1031E000E2E1CD8CC69A4F03FFFFFFFFFFFFFFFF19
:1031F000FFFFFFFFFFFFFBAB8768E1D564534A5B2E
:1032000052614D7460696C6C5E05FFFFFFFFFFFF4C
:10321000FFFFFF88745FB4B4B0B0B0B18AA3D3DE4F
:10322000D0D2ACB7B7AF3BFFFFFFFFFFFFFFFFFF01
:10323000FFFFFFFFFF0157E6D7D7D6E0644861776D
:103240005664A474606969EC4208FFFFFFFFFFFF4A
:10325000FFFFFB814E5FAFAEAF92B0B16D73A47F45
:10326000B8BAB788573BFFFFFFFFFFFFFFFFFFFF25
:10327000FFFFFFFFFF4B8CD8E4E2E1E065485277A7
:1032800043785A72786C6A6A6302FFFFFFFFFFFFA0
:10329000FFFF4076CA79AEAEAFAF92B065A4A4ACE2
:1032A000C6C7AD07FFFFFFFFFFFFFFFFFFFFFFFFE9
:1032B000FFFFFFFFFF418BF9E5E3E4E3605F7F5E23
:1032C000527C51A378686A6AA706FFFFFFFFFFFFE1
:1032D000FFFF4F73CB6C9191AEAF92B061CECDAF8B
:1032E000BE9A8407FFFFFFFFFFFFFFFFFFFFFFFF07
:1032F000FFFFFFFFFFFB87F9E9E9E3E5605549556B
:10330000564A48D15266696A7F7AFFFFFFFFFFFF86
:10331000FF405BC9CF8D909091AEAF8A4EA573B63A
:10332000C6B7AB09FFFFFFFFFFFFFFFFFFFFFFFF78
:10333000FFFFFFFFFF3C7ED7E2E2E1D5614E484848
:10334000485348CF7476A76AA9A809FFFFFFFFFF7B
:103350000742A3CB7D8E8C8C9091AFAAC9A5D28752
:1033600070989CDC41FFFFFFFFFFFFFFFFFFFFFFA7
:10337000FFFFFFFFFFFFABD6D3D1D2D65D4E4C454A
:103380004545454DCE5977806AA957FFFFFFFF3F5E
:10339000814ECAA4868D8D8C9091AF76CBA4A4CF9C
:1033A00073AAB594AB4BFFFFFFFFFFFFFFFFFFFFCB
:1033B000FFFFFFFFFFFF3C4FA156907FE0594C45B8
:1033C00045454546A5735B5B80696957FB07445CCF
:1033D00072C9CB69866F8D8E8C906DA3CBA4A4A48B
:1033E000A577C89F9B75FFFFFFFFFFFFFFFFFFFF54
:1033F000FFFFFFFFFFFFFFFF3B848464D55B735A31
:103400004545454546A5735B5B617C7C625C747297
:10341000CACB56856886AC8D8E9060A1CDCFCFA4E7
:10342000A4CD959E9D5702FFFFFFFFFFFFFFFFFF0B
:10343000FFFFFFFFFFFFFFFFFFFFFFABD777744CDE
:103440004545454545464DDE4E595B5B747273CB31
:10345000CD7D6C6C856E86AC8E6D4ECCCDCDCFCFD8
:10346000CDCEB4BAB25701FFFFFFFFFFFFFFFFFF52
:10347000FFFFFFFFFFFFFFFFFFFF40AAD8E37673C8
:103480005A4545454545454CCFCECACAA1CBCD503E
:10349000566A6A696C8586868C78CBCBCDCDCDCFCC
:1034A000CC80BAB76706FFFFFFFFFFFFFFFFFFFFFC
:1034B000FFFFFFFFFFFFFFFFFF58ACE4E5E4615BA8
:1034C0005146454545454545454551467353547B11
:1034D0007D567F69806C85AC7EC9CCCBCBCDCDCD04
:1034E000CBB19A924409FFFFFFFFFFFFFFFFFFFFF1
:1034F000FFFFFFFFFFFFFFFFDB6BFAE8E7E5A95CDB
:10350000724C454545454545454750725952554AC7
:10351000437D7F6A6969858272CCCCA353CDCCA0F0
:1035200055B7B28305FFFFFFFFFFFFFFFFFFFFFF60
:10353000FFFFFFFFFFFFFFFF58EDECECEAE7E57C44
:10354000644E4C4545454545454653594368765F6D
:10355000797B567F7FA7825BCCA07192AF5DCA80DA
:10356000928BA83BFFFFFFFFFFFFFFFFFFFFFFFF67
:10357000FFFFFFFFFFFFFFFF7AECEDEBECEAEAF95C
:10358000A75E4E4C464545454546735256615953D4
:103590004A797B7D808776CCCCC9B0B2904F3F759D
:1035A000447505FFFFFFFFFFFFFFFFFFFFFFFFFF6A
:1035B000FFFFFFFFFFFFFFFFDB8AECEDEDEBE169B3
:1035C000E5A76377464C464545465A5B5C5B5353DB
:1035D000535F79686759CCCCCB8F9F9E9CDDFDFFF4
:1035E000FFFFFFFFFFFFFFFFFFFFFFFFFFFFFFFFEB
:1035F000FFFFFFFFFFFFFFFFFF7AEEEEEDD168B4A4
:1036000085FA80636555514C5A4646517350475070
:10361000537C8263A3CCCBCBCC779D9FC8BCFDFFF2
:10362000FFFFFFFFFFFFFFFFFFFFFFFFFFFFFFFFAA
:10363000FFFFFFFFFFFFFFFFFFFBA8E6CC5FB4B378
:10364000826CE5E8606264615450474747535568AF
:1036500082625BA1CBCDCDCBCBCB6596B598DCFFA1
:10366000FFFFFFFFFFFFFFFFFFFFFFFFFFFFFFFF6A
:10367000FFFFFFFFFFFFFFFFFF043F57376276A802
:103680005785EAE8E57F787E62637E7E7E63625CD2
:103690007471CDA5CFA5CDCDCDCC73989B70BCFF5B
:1036A000FFFFFFFFFFFFFFFFFFFFFFFFFFFFFFFF2A
:1036B000FFFFFFFFFFFFFFFFFFFFFFFFFF04060FFE
:1036C00088EAEBECEAE9F9E47B5D7777744ED0DECB
:1036D000DFCDCD73CFCFA5CDCDCC77C89F9D58047E
:1036E000FFFFFFFFFFFFFFFFFFFFFFFFFFFFFFFFEA
:1036F000FFFFFFFFFFFFFFFFFFFFFFFFFFFFFF9346
:103700008DEDEDEBECEAE0E3E1E2E1D5D6D6D6D102
:10371000A1715D66D1A4CFCFCDA04EADB1877504A8
:10372000FFFFFFFFFFFFFFFFFFFFFFFFFFFFFFFFA9
:10373000FFFFFFFFFFFFFFFFFFFFFFFFFFFFFF7A1E
:10374000EEEEEDEDEDE355AEAC86E3E4E2E1D5D18E
:103750008A9EC8945BA5CFCDCC736E69767AFFFF45
:10376000FFFFFFFFFFFFFFFFFFFFFFFFFFFFFFFF69
:10377000FFFFFFFFFFFFFFFFFFFFFFFFFFFFFF4018
:10378000F1EEEEEEEE48AFBEB768E8E3E4E2E1D377
:10379000AD9FC8B5AB4EA1A0486C7C621BFFFFFF7C
:1037A000FFFFFFFFFFFFFFFFFFFFFFFFFFFFFFFF29
:1037B000FFFFFFFFFFFFFFFFFFFFFFFFFFFFFF4BCD
:1037C00083EDEFF0EDD2B3B7ACA2EBE5E5E3E4D3E4
:1037D00087C89EB53B063BAB57447A05FFFFFFFF0A
:1037E000FFFFFFFFFFFFFFFFFFFFFFFFFFFFFFFFE9
:1037F000FFFFFFFFFFFFFFFFFFFFFFFFFFFFFFFFD9
:10380000065782E2CCCB49534244EAE8E7E5E5F8C3
:1038100078B5988F7504FFFFFFFFFFFFFFFFFFFFE5
:10382000FFFFFFFFFFFFFFFFFFFFFFFFFFFFFFFFA8
:10383000FFFFFFFFFFFFFFFFFFFFFFFFFFFFFFFF98
:10384000FFFF074F424F4F3BFF4086D6E6D8D75A7F
:10385000B59DB64F08FFFFFFFFFFFFFFFFFFFFFF14
:10386000FFFFFFFFFFFFFFFFFFFFFFFFFFFFFFFF68
:10387000FFFFFFFFFFFFFFFFFFFFFFFFFFFFFFFF58
:10388000FFFFFFFFFFFFFFFFFF04404F4242A28800
:10389000BCBC5706FFFFFFFFFFFFFFFFFFFFFFFF5F
:1038A000FFFFFFFFFFFFFFFFFFFFFFFFFFFFFFFF28
:1038B000FFFFFFFFFFFFFFFFFFFFFFFFFFFFFFFF18
:1038C000FFFFFFFFFFFFFFFFFFFFFFFFFFFFFFFF08
:1038D00004FFFFFFFFFFFFFFFFFFFFFFFFFFFFFFF3
:1038E000FFFFFFFFFFFFFFFFFFFFFFFFFFFFFFFFE8
:1038F000FFFFFFFFFFFFFFFFFFFFFFFFFFFFFFFFD8
:10390000FFFFFFFFFFFFFFFFFFFFFFFFFFFFFFFFC7
:10391000FFFFFFFFFFFFFFFFFFFFFFFFFFFFFFFFB7
:10392000FFFFFFFFFFFFFFFFFFFF000000000000A1
:10393000000054525545564953494F4E2D5846495B
:103940004C452E000001010000000118000000009D
:10395000400020000808EBEBEBEEEEEEDBDDE2E1F1
:10396000E4E9EBF3FAE9EEF2EFF4F7F2FBFEFEFF27
:10397000FF000101000301000601000801001C0313
:10398000F5FFF6000B01001402002203002D0400D5
:103990003104003F05005907CFFFD2B7FFBB94FFAA
:1039A0009B8CFF947DFF8650FF5C29F43723EE311A
:1039B00021EC2F1EE92C1CE72A1BE62918E326160A
:1039C000E12415E02311DC1F08D31603CE1102CD2C
:1039D0001001CC0F000D010037040048050050060F
:1039E000005306005506005D0700620700650700EA
:1039F0006708006A08006D08007008007409007705
:103A000009007909007A09007C09007F0900810911
:103A100000820A00860A00890A008B0A008D0A00CB
:103A2000900A00930B00960B00980B00A30C00A8C3
:103A30000C00AF0D00B70D00C20E00C60EFFD89DE2
:103A4000FFCE92FFCA8BFFC583FFC07CFFBB74F51E
:103A5000AD62FFFEFDFFB36BFFA956ED9B4BFFABC5
:103A60005DFFA450FFA149FF9E46FF983EFF963997
:103A7000EEE8E3FDC18EFBBF8CFABB89FBBD8AFF7C
:103A8000BE87FFBC83FFBA80FFB67BFDB273F3A68F
:103A900069FDAC6DFEAA63FAA159F89F57EF954FE7
:103AA000FF9642FF943EFF933EFF913AFF9337FF0C
:103AB0008E36FF8B30FF892CF5F1EEE9E2DDCE8901
:103AC00057FAA767EF914BFE9C50F18E44F68B3F5F
:103AD000FD8B36FF8C33FFFCFAF0EAE6F2ECE8F4FB
:103AE000EEEAE8DED7D19C7AFCB586FC8A3BFC87FF
:103AF00038EBE6E3FFFAF7EDE5E0CE9370F29A6576
:103B0000EC8446B8612CF9782DFFF6F1D4B2A0F31D
:103B1000A477F5925BFFFDFCFFFBF9D48A65EC7A94
:103B20003FF66520FFF8F5FFF6F2FFF4EFE5967338
:103B3000E38E6AE58C64E3885FE1835BE38155E2B1
:103B40007B4CE1774AE07344DE6E3DEB6C35E5E09B
:103B5000DEFFF3EEFFF2EDFFF0EAFFEEE7FFEDE64A
:103B6000F6D1C3F3CDBEF5CFC0F4CDBEF0C8B8EAF0
:103B7000BFADE1B3A0DF8762E17D53F15013FFF9E0
:103B8000F7FFF4F0FFF1ECFFEFE9FFEEE8E6D6D047
:103B9000E2D0CAD5BBB2E7A28ADD8E73EA5E2CFF03
:103BA000F5F2DECAC4D6BFB8DC6843D74F26CD32A3
:103BB00000D9C4BED3B3AAD97C62F2EEEDFFFBFA02
:103BC000FFF7F5FEF2EFFFF3F0CCB4AEA72A10FF3B
:103BD000F9F8E8DCDAD2ABA5831A0DCBB6B4861EB1
:103BE00013841A0D83190CD9BCBA962A25DABEBDE6
:103BF000730B07F5F4F4EAE7E7E1DDDDE5DFDFE08D
:103C0000D9D9D3CACADCD2D2D0C1C1D1C2C2D2C3DF
:103C1000C3701C1B711A197216161A00002A0000B4
:103C20003500003900003C00003F00004100004426
:103C300000007117185C0103D3B6B7D0C5C6DDD735
:103C4000D8CCC1C4C8BDC2E4E2E3D6D4D90075095A
:103C5000FFFFFF000000FFFFFFFFFFFFFFFFFFFF71
:103C6000FFFFFFFFFFFFFFFFFFFFFFFFFFFFFFFF64
:103C7000FFFFFFFFFFFFFFFFFFFFFFFFFFFFFFFF54
:103C8000FFFFFFFFFFFFFFFF09FFFFFFFFFFFFFF3A
:103C9000FFFFFFFFFFFFFFFFFFFFFFFFFFFFFFFF34
:103CA000FFFFFFFFFFFFFFFFFFFFFFFFFFFFFFFF24
:103CB000FFFFFFFFFFFFFFFFFFFFFFFFFFFFFFFF14
:103CC000FFFFFFFFFFFFFF112B0AFFFFFFFFFFFFBB
:103CD000FFFFFFFFFFFFFFFFFFFFFFFFFFFFFFFFF4
:103CE000FFFFFFFFFFFFFFFFFFFFFFFFFFFFFFFFE4
:103CF000FFFFFFFFFFFFFFFFFFFFFFFFFFFFFFFFD4
:103D0000FFFFFFFFFF0A12332D09FFFFFFFFFFFF39
:103D1000FFFFFFFFFFFFFFFFFFFFECF5EBF4EBE919
:103D2000E9E9E9E9E9E9E9E9E9E9EAEBEBF4F4EBE6
:103D3000F5ECFFFFFFFFFFFFFFFFFFFFFFFFFFFFB0
:103D4000FFFFFFFF0C1439462D09FFFFFFFFFFFFA8
:103D5000FFFFFFFFFFFFFFFFFFEC8F9DC09385F686
:103D6000DDDBDBDBDBDBDBDBDBDDD59F8D8D8D8D19
:103D70009FDCECFFFFFFFFFFFFFFFFFFFFFFFFFFE9
:103D8000FFFFFF102D3F47462E09FFFFFFFFFFFFFC
:103D9000FFFFFFFFFFFFFFFFFFF09E515859B5FAED
:103DA000E8F7F7E7F9E6E6E6F9F7D17A6F727475A6
:103DB0005BCBEEFFFFFFFFFFFFFFFFFFFFFFFFFFFC
:103DC000FFFF0D31414644442F09FFFFFFFFFFFF76
:103DD000FFFFFFFFFFFFFFFFFFF39D556A7B97F992
:103DE000E6D1D7E6E8E7E7E7E7F7D18E887E747596
:103DF000729EF0FFFFFFFFFFFFFFFFFFFFFFFFFFD0
:103E000009133543444344431509FFFFFFFFFFFFF8
:103E1000FFFFFFFFFFFFFFFFFFF39E55587B97FC5F
:103E2000D5C7C6E4E5E5E5E5E5F8F698907E7F754B
:103E30005DB5F0FFFFFFFFFFFFFFFFFFFFFFFF0A82
:103E400014384343424242422F0A09090909090929
:103E50000909FFFFFFFFFFFFFFF39D556A7B8C02FF
:103E6000CAC8C7E5E1E3E3E3E3E1C998907E737470
:103E70005CB5F0FFFFFFFFFFFFFFFFFFFFFF0F2C11
:103E80003A41424141414141342E2E2E2E2E2E2EBA
:103E90002F14FFFFFFFFFFFFFFF39E526A6C8C039E
:103EA000CAC8C7F8E2E2E2E2E2FBC4A7997E737FE8
:103EB0005CB5F0FFFFFFFFFFFFFFFFFFFF0D153DAC
:103EC00041404040404040403F3F404040404040F3
:103ED0003F15FFFFFFFFFFFFFFF39E52556C850567
:103EE000C5D28F0200E0E0E0E000BEA799887073C1
:103EF0005BA1F0FFFFFFFFFFFFFFFFFF12353E3F1B
:103F00003F3F3F3F3F3F3F3F3F3F3F3F3F3F3F3FC1
:103F10003F15FFFFFFFFFFFFFFF3B552696B8C05F5
:103F2000A8BFC500010101010106BDC2B7886F72BB
:103F30005CA1F0FFFFFFFFFFFFFF0A14383E3E3E8B
:103F40003E3E3E3E3E3E3E3E3E3E3E3E3E3E3E3E91
:103F50003E30FFFFFFFFFFFFFFF39E52676B9204AF
:103F600007070706060607060407D4C2B7885C7170
:103F70005BA1F0FFFFFFFFFFFF2A2E3B3D3C3C3CD7
:103F80003C3C3C3C3C3C3C3C3C3C3C3C3C3C3C3C71
:103F90003D30FFFFFFFFFFFFFFF3B551555878920B
:103FA00092929292929292B4B4B4C0C7B7886E7053
:103FB0005BA1F0FFFFFFFFFF10313B3B3B3B3B3B77
:103FC0003B3B3B3B3B3B3B3B3B3B3B3B3B3B3B3B41
:103FD0003B31FFFFFFFFFFFFFFF39F5167558D6DE3
:103FE0006D6D7A7C7A7C7C7D7D87888887706F6F29
:103FF0005AB6F0FFFFFFFF12363B393939393939EC
:104000003939393939393939393939393939393920
:104010003A31FFFFFFFFFFFFFFF3A05166636363C9
:104020006464656566666766676793676967697BE9
:104030007BB6F0FFFFFF133B38FDFDFDFDFDFDFDF1
:10404000FDFDFDFDFDFDFDFDFDFDFDFDFDFDFDFDA0
:104050003832FFFFFFFFFFFFFFF3A0515F82CF76F3
:104060007683CC8282828281815E5E5E5E89847983
:104070005AB6F0FFFFFF11353B373838FDFDFDFD27
:10408000FDFDFDFDFDFDFDFDFDFDFDFDFDFDFDFD60
:104090003833FFFFFFFFFFFFFFF3A25060DF080888
:1040A000080808089595CDD3CEC3D0CFBBCF89796A
:1040B0005AB6F0FFFFFFFF10303C3A4344434343FE
:1040C00043434343434343434343434343434343C0
:1040D0003B33FFFFFFFFFFFFFFF3A1516076FEFEC2
:1040E000FEFEFE95CDB89A9BB9AAABBCADBA8B7952
:1040F00059A4F0FFFFFFFFFF0B2D3C3C484A494904
:10410000494949494949494949494949494949491F
:104110003F34FFFFFFFFFFFFFFF3A2506276FEFE7A
:10412000FEFE95CDB8CE9BB9AABABCADACAA777944
:1041300059A4F0FFFFFFFFFFFFFF2B393B49272763
:1041400028282828282828282828282828282828EF
:104150004135FFFFFFFFFFFFFFF3A25060CCFEFEE3
:10416000FE9596B89AC39CAAABBCADBCABB9897995
:1041700056A4F0FFFFFFFFFFFFFFFF11373A482370
:10418000222424242424242220212121212120200E
:104190004534FFFFFFFFFFFFFFF3A34F62CCFEFE9E
:1041A00095CDB8CEC3D0AABABCADBCABBAC37779F3
:1041B00059A5F0FFFFFFFFFFFFFFFFFF10333A4657
:1041C0001E1C1C1C1D1C1C254B4C4C4C4C4C4C4CA4
:1041D0003F36FFFFFFFFFFFFFFF3A24F62CCFE95CC
:1041E00096B89AC3A9BAABBCADBCABBAA9CE777925
:1041F00058A5F0FFFFFFFFFFFFFFFFFFFF0C2D3A69
:10420000401D1A1B1B1B1B4A3238FDFDFDFDFDFD29
:104210003C38FFFFFFFFFFFFFFF3A34F6182FECD9E
:10422000B8CEC3D0BABBBCADACABBAA9D0B8D47908
:1042300056A5F0FFFFFFFFFFFFFFFFFFFFFFFF2B74
:104240003C391E181A1A1929362B12121212121280
:104250001311FFFFFFFFFFFFFFF3A34E6181548A9D
:104260009A9B9CAAABBCADADBBABAAB99BD3779DC7
:1042700057A6F0FFFFFFFFFFFFFFFFFFFFFFFFFF5E
:10428000133A3820171716263409FFFFFFFFFFFFE8
:10429000FFFFFFFFFFFFFFFFFFF3A34E6181CD9AFA
:1042A0009BB9AAABBCADADBBBAAAB99B9BCD8B7871
:1042B0008FA6F1FFFFFFFFFFFFFFFFFFFFFFFFFFE5
:1042C000FF0D363727160E25340CFFFFFFFFFFFFCB
:1042D000FFFFFFFFFFFFFFFFFFF2A44D5F01FE9511
:1042E000808A9A9B91919A9A96809554FEFEE068F6
:1042F00053C6EFFFFFFFFFFFFFFFFFFFFFFFFFFFC3
:10430000FFFF2A31FD49161F340CFFFFFFFFFFFF9F
:10431000FFFFFFFFFFFFFFFFFFECD28D86B2AEB0C5
:10432000B0B1B1B1B1B1B2AFAFAFB2AFAFB0B393A3
:1043300094D2FFFFFFFFFFFFFFFFFFFFFFFFFFFF25
:10434000FFFFFF092D3B4347380CFFFFFFFFFFFF37
:10435000FFFFFFFFFFFFFFFFFFFFEEDED8D9DADA36
:10436000D6DAD6D6D6D6D6DADADADADADADAD9D8C8
:10437000DEEDFFFFFFFFFFFFFFFFFFFFFFFFFFFF80
:10438000FFFFFFFFFF2B3C363C0CFFFFFFFFFFFF53
:10439000FFFFFFFFFFFFFFFFFFFFFFFFFFFFFFFF2D
:1043A000FFFFFFFFFFFFFFFFFFFFFFFFFFFFFFFF1D
:1043B000FFFFFFFFFFFFFFFFFFFFFFFFFFFFFFFF0D
:1043C000FFFFFFFFFFFF1038430BFFFFFFFFFFFF63
:1043D000FFFFFFFFFFFFFFFFFFFFFFFFFFFFFFFFED
:1043E000FFFFFFFFFFFFFFFFFFFFFFFFFFFFFFFFDD
:1043F000FFFFFFFFFFFFFFFFFFFFFFFFFFFFFFFFCD
:10440000FFFFFFFFFFFFFF0C2B09FFFFFFFFFFFF79
:10441000FFFFFFFFFFFFFFFFFFFFFFFFFFFFFFFFAC
:10442000FFFFFFFFFFFFFFFFFFFFFFFFFFFFFFFF9C
:10443000FFFFFFFFFFFFFFFFFFFFFFFFFFFFFFFF8C
:10444000FFFFFFFFFFFFFFFFFFFFFFFFFFFFFFFF7C
:10445000FFFFFFFFFFFF00000000000000005452BC
:104460005545564953494F4E2D5846494C452E0007
:1044700000010100000001180000000040002000C1
:104480000808EBEBEBEEEEEEDBDDE2E1E4E9EBF36B
:10449000FAE9EEF2EFF4F7F2FBFEFEFFFF00010196
:1044A000000301000601000801001C03F5FFF600EF
:1044B0000B01001402002203002D04003104003F10
:1044C00005005907CFFFD2B7FFBB94FF9B8CFF9429
:1044D0007DFF8650FF5C29F43723EE3121EC2F1E3F
:1044E000E92C1CE72A1BE62918E32616E12415E02F
:1044F0002311DC1F08D31603CE1102CD1001CC0FFF
:10450000000D010037040048050050060053060066
:104510005506005D07006207006507006708006A2E
:1045200008006D0800700800740900770900790917
:10453000007A09007C09007F0900810900820A00D5
:10454000860A00890A008B0A008D0A00900A0093EF
:104550000B00960B00980B00A30C00A80C00AF0DED
:1045600000B70D00C20E00C60EFFD89DFFCE92FF11
:10457000CA8BFFC583FFC07CFFBB74F5AD62FFFE35
:10458000FDFFB36BFFA956ED9B4BFFAB5DFFA45046
:10459000FFA149FF9E46FF983EFF9639EEE8E3FDF6
:1045A000C18EFBBF8CFABB89FBBD8AFFBE87FFBCF7
:1045B00083FFBA80FFB67BFDB273F3A669FDAC6DD5
:1045C000FEAA63FAA159F89F57EF954FFF9642FF55
:1045D000943EFF933EFF913AFF9337FF8E36FF8B59
:1045E00030FF892CF5F1EEE9E2DDCE8957FAA767B5
:1045F000EF914BFE9C50F18E44F68B3FFD8B36FFC6
:104600008C33FFFCFAF0EAE6F2ECE8F4EEEAE8DEDE
:10461000D7D19C7AFCB586FC8A3BFC8738EBE6E375
:10462000FFFAF7EDE5E0CE9370F29A65EC8446B8B8
:10463000612CF9782DFFF6F1D4B2A0F3A477F592AE
:104640005BFFFDFCFFFBF9D48A65EC7A3FF6652041
:10465000FFF8F5FFF6F2FFF4EFE59673E38E6AE5F7
:104660008C64E3885FE1835BE38155E27B4CE17717
:104670004AE07344DE6E3DEB6C35E5E0DEFFF3EEC1
:10468000FFF2EDFFF0EAFFEEE7FFEDE6F6D1C3F350
:10469000CDBEF5CFC0F4CDBEF0C8B8EABFADE1B332
:1046A000A0DF8762E17D53F15013FFF9F7FFF4F0CB
:1046B000FFF1ECFFEFE9FFEEE8E6D6D0E2D0CAD595
:1046C000BBB2E7A28ADD8E73EA5E2CFFF5F2DECA8A
:1046D000C4D6BFB8DC6843D74F26CD3200D9C4BE9C
:1046E000D3B3AAD97C62F2EEEDFFFBFAFFF7F5FE39
:1046F000F2EFFFF3F0CCB4AEA72A10FFF9F8E8DC34
:10470000DAD2ABA5831A0DCBB6B4861E13841A0D6C
:1047100083190CD9BCBA962A25DABEBD730B07F5EE
:10472000F4F4EAE7E7E1DDDDE5DFDFE0D9D9D3CA7C
:10473000CADCD2D2D0C1C1D1C2C2D2C3C3701C1B89
:10474000711A197216161A00002A00003500003975
:1047500000003C00003F00004100004400007117D1
:10476000185C0103D3B6B7D0C5C6DDD7D8CCC1C459
:10477000C8BDC2E4E2E3D6D4D9007509FFFFFF004B
:104780000000FFFFFFFFFFFFFFFFFFFFFFFFFFFF37
:1047900009FFFFFFFFFFFFFFFFFFFFFFFFFFFFFF1F
:1047A000FFFFFFFFFFFFFFFFFFFFFFFFFFFFFFFF19
:1047B000FFFFFFFFFFFFFFFFFFFFFFFFFFFFFFFF09
:1047C000FFFFFFFFFFFFFFFFFFFFFFFFFFFFFF0AEE
:1047D0002B11FFFFFFFFFFFFFFFFFFFFFFFFFFFFAB
:1047E000FFFFFFFFFFFFFFFFFFFFFFFFFFFFFFFFD9
:1047F000FFFFFFFFFFFFFFFFFFFFFFFFFFFFFFFFC9
:10480000FFFFFFFFFFFFFFFFFFFFFFFFFFFFFF09AE
:104810002D33120AFFFFFFFFFFFFFFFFFFFFFFFF28
:10482000FFFFFFFFFFFFFFFFFFFFFFFFFFFFFFFF98
:10483000FFFFFFFFFFFFFFFFFFFFFFFFFFFFFFFF88
:10484000FFFFFFFFFFFFFFFFFFFFFFFFFFFFFF096E
:104850002D4639140CFFFFFFFFFFFFFFFFFFFFFF97
:10486000FFFFFFFFFFFFECF5EBF4EBE9E9E9E9E916
:10487000E9E9E9E9E9E9EAEBEBF4F4EBF5ECFFFF50
:10488000FFFFFFFFFFFFFFFFFFFFFFFFFFFFFF092E
:104890002E46473F2D10FFFFFFFFFFFFFFFFFFFFEB
:1048A000FFFFFFFFFFEC8F9DC09385F6DDDBDBDBB9
:1048B000DBDBDBDBDBDDD59F8D8D8D8D9FDCECFFC6
:1048C000FFFFFFFFFFFFFFFFFFFFFFFFFFFFFF09EE
:1048D0002F44444641310DFFFFFFFFFFFFFFFFFF65
:1048E000FFFFFFFFFFF09E515859B5FAE8F7F7E7D1
:1048F000F9E6E6E6F9F7D17A6F7274755BCBEEFFF5
:10490000FFFFFFFFFFFFFFFFFFFFFFFFFFFFFF09AD
:10491000154344434443351309FFFFFFFFFFFFFFE7
:10492000FFFFFFFFFFF39D556A7B97F9E6D1D7E6BE
:10493000E8E7E7E7E7F7D18E887E7475729EF0FFAF
:10494000FFFFFFFFFFFFFF09090909090909090A1C
:104950002F42424242434338140AFFFFFFFFFFFF4A
:10496000FFFFFFFFFFF39E55587B97FCD5C7C6E4BA
:10497000E5E5E5E5E5F8F698907E7F755DB5F0FF35
:10498000FFFFFFFFFFFFFF142F2E2E2E2E2E2E2EA9
:1049900034414141414142413A2C0FFFFFFFFFFFAB
:1049A000FFFFFFFFFFF39D556A7B8C02CAC8C7E576
:1049B000E1E3E3E3E3E1C998907E73745CB5F0FF53
:1049C000FFFFFFFFFFFFFF153F40404040404040DA
:1049D0003F40404040404040413D150DFFFFFFFF3C
:1049E000FFFFFFFFFFF39E526A6C8C03CAC8C7F833
:1049F000E2E2E2E2E2FBC4A7997E737F5CB5F0FFDE
:104A0000FFFFFFFFFFFFFF153F3F3F3F3F3F3F3FA0
:104A10003F3F3F3F3F3F3F3F3F3F3E3512FFFFFF9E
:104A2000FFFFFFFFFFF39E52556C8505C5D28F0235
:104A300000E0E0E0E000BEA7998870735BA1F0FFA2
:104A4000FFFFFFFFFFFFFF303E3E3E3E3E3E3E3E4D
:104A50003E3E3E3E3E3E3E3E3E3E3E3E38140AFF19
:104A6000FFFFFFFFFFF3B552696B8C05A8BFC500C0
:104A7000010101010106BDC2B7886F725CA1F0FFA0
:104A8000FFFFFFFFFFFFFF313D3C3C3C3C3C3C3C1B
:104A90003C3C3C3C3C3C3C3C3C3C3C3C3D3B2E2A76
:104AA000FFFFFFFFFFF39E52676B920407070706A5
:104AB000060607060407D4C2B7885C715BA1F0FF45
:104AC000FFFFFFFFFFFFFF313B3B3B3B3B3B3B3BE4
:104AD0003B3B3B3B3B3B3B3B3B3B3B3B3B3B3B322F
:104AE00010FFFFFFFFF3B5515558789292929292C2
:104AF000929292B4B4B4C0C7B7886E705BA1F0FF55
:104B0000FFFFFFFFFFFFFF313A39393939393939B2
:104B10003939393939393939393939393939393B03
:104B20003612FFFFFFF39F5167558D6D6D6D7A7CD7
:104B30007A7C7C7D7D87888887706F6F5AB6F0FF9E
:104B4000FFFFFFFFFFFFFF3238FDFDFDFDFDFDFD17
:104B5000FDFDFDFDFDFDFDFDFDFDFDFDFDFDFDFD85
:104B6000383B13FFFFF3A0516663636364646565BC
:104B700066666766676793676967697B7BB6F0FF00
:104B8000FFFFFFFFFFFFFF3338FDFDFDFDFDFDFDD6
:104B9000FDFDFDFDFDFDFDFDFDFDFDFDFD38383795
:104BA0003B3511FFFFF3A0515F82CF767683CC8235
:104BB00082828281815E5E5E5E8984795AB6F0FF70
:104BC000FFFFFFFFFFFFFF333B43434343434343A9
:104BD00043434343434343434343434344433A3CB4
:104BE0003010FFFFFFF3A25060DF08080808080834
:104BF0009595CDD3CEC3D0CFBBCF89795AB6F0FF30
:104C0000FFFFFFFFFFFFFF343F4949494949494939
:104C1000494949494949494949494949483C3C2D3B
:104C20000BFFFFFFFFF3A1516076FEFEFEFEFE9537
:104C3000CDB89A9BB9AAABBCADBA8B7959A4F0FF99
:104C4000FFFFFFFFFFFFFF354128282828282828DD
:104C50002828282828282828282727493B392BFFB7
:104C6000FFFFFFFFFFF3A2506276FEFEFEFE95CD32
:104C7000B8CE9BB9AABABCADACAA777959A4F0FF5B
:104C8000FFFFFFFFFFFFFF344520202121212121CD
:104C900020222424242424242223483A3711FFFFED
:104CA000FFFFFFFFFFF3A25060CCFEFEFE9596B81B
:104CB0009AC39CAAABBCADBCABB9897956A4F0FF32
:104CC000FFFFFFFFFFFFFF363F4C4C4C4C4C4C4C62
:104CD0004B251C1C1D1C1C1C1E463A3310FFFFFFDD
:104CE000FFFFFFFFFFF3A34F62CCFEFE95CDB8CED2
:104CF000C3D0AABABCADBCABBAC3777959A5F0FF93
:104D0000FFFFFFFFFFFFFF383CFDFDFDFDFDFD3810
:104D1000324A1B1B1B1B1A1D403A2D0CFFFFFFFFC5
:104D2000FFFFFFFFFFF3A24F62CCFE9596B89AC338
:104D3000A9BAABBCADBCABBAA9CE777958A5F0FF88
:104D4000FFFFFFFFFFFFFF11131212121212122BAF
:104D50003629191A1A181E393C2BFFFFFFFFFFFFD7
:104D6000FFFFFFFFFFF3A34F6182FECDB8CEC3D09C
:104D7000BABBBCADACABBAA9D0B8D47956A5F0FFDC
:104D8000FFFFFFFFFFFFFFFFFFFFFFFFFFFFFF0929
:104D9000342616171720383A13FFFFFFFFFFFFFFD7
:104DA000FFFFFFFFFFF3A34E6181548A9A9B9CAAE9
:104DB000ABBCADADBBABAAB99BD3779D57A6F0FFFB
:104DC000FFFFFFFFFFFFFFFFFFFFFFFFFFFFFF0CE6
:104DD00034250E162737360DFFFFFFFFFFFFFFFFBD
:104DE000FFFFFFFFFFF3A34E6181CD9A9BB9AAABF2
:104DF000BCADADBBBAAAB99B9BCD8B788FA6F1FF9A
:104E0000FFFFFFFFFFFFFFFFFFFFFFFFFFFFFF0CA5
:104E1000341F1649FD312AFFFFFFFFFFFFFFFFFF91
:104E2000FFFFFFFFFFF2A44D5F01FE95808A9A9B72
:104E300091919A9A96809554FEFEE06853C6EFFFD2
:104E4000FFFFFFFFFFFFFFFFFFFFFFFFFFFFFF0C65
:104E50003847433B2D09FFFFFFFFFFFFFFFFFFFF29
:104E6000FFFFFFFFFFECD28D86B2AEB0B0B1B1B1A3
:104E7000B1B1B2AFAFAFB2AFAFB0B39394D2FFFFA7
:104E8000FFFFFFFFFFFFFFFFFFFFFFFFFFFFFF0C25
:104E90003C363C2BFFFFFFFFFFFFFFFFFFFFFFFF45
:104EA000FFFFFFFFFFFFEEDED8D9DADAD6DAD6D67B
:104EB000D6D6D6DADADADADADADAD9D8DEEDFFFF00
:104EC000FFFFFFFFFFFFFFFFFFFFFFFFFFFFFF0BE6
:104ED000433810FFFFFFFFFFFFFFFFFFFFFFFFFF54
:104EE000FFFFFFFFFFFFFFFFFFFFFFFFFFFFFFFFD2
:104EF000FFFFFFFFFFFFFFFFFFFFFFFFFFFFFFFFC2
:104F0000FFFFFFFFFFFFFFFFFFFFFFFFFFFFFF09A7
:104F10002B0CFFFFFFFFFFFFFFFFFFFFFFFFFFFF68
:104F2000FFFFFFFFFFFFFFFFFFFFFFFFFFFFFFFF91
:104F3000FFFFFFFFFFFFFFFFFFFFFFFFFFFFFFFF81
:104F4000FFFFFFFFFFFFFFFFFFFFFFFFFFFFFFFF71
:104F5000FFFFFFFFFFFFFFFFFFFFFFFFFFFFFFFF61
:104F6000FFFFFFFFFFFFFFFFFFFFFFFFFFFFFFFF51
:104F7000FFFFFFFFFFFFFFFFFFFFFFFFFFFFFFFF41
:104F8000FFFF000000000000000054525545564944
:104F900053494F4E2D5846494C452E000001010003
:104FA0000000011800000000400020000808000078
:104FB00000000000000000000000000000000000F1
:104FC00000000000000000000000000000000000E1
:104FD00000000000000000000000000000000000D1
:104FE00000000000000000000002000003000004B8
:104FF000000005000006000007000008000009008E
:1050000006C30008C70007CB0006CD000ADD6168B3
:10501000C54B54CC444BBA0E1ABF0915C600011338
:1050200000011500022400033800043B00054F0076
:10503000076D000872000DC8000ED0000AD2000FE4
:10504000DC000CE5E0E1EEBFC4FFBBC1FCB4BAFA82
:10505000B2B8F9A3AAF4A2A9F39AA1F099A1F07B9E
:1050600082D68790EB7D85DB7880D57D85DF788162
:10507000E1656FD26A75E16873DF6671DF535FDAED
:105080004F5AD24C58CE4C57CE4F5BD94E5AD84D72
:1050900059D8424EC93842B13845CC3846D233404F
:1050A000C73442D13341D12C3BCC2835C22430BA4D
:1050B0002130C91C28C01C2CCC1A29CB1929CA198B
:1050C00029CB1726BF1727C81021C90C1CC70A1ADD
:1050D000C90819C6081ACA010425010429010531A5
:1050E0000209560416C80105370106390415CF0414
:1050F00018EE041AF00419F50419F6041AF9041943
:10510000F9041AFB041BFE041BFF010742010750B0
:105110000108510108530315C70315C90317E2031A
:1051200017E30317E40317E50318E70318E8031769
:10513000E80317E90318EA0317EA0318EC0318ED6C
:105140000318EE0319F00319F10319F20319F3011F
:105150000859010A620213CD0213CF0214D30215BB
:10516000DC0216DE0216DF0216E0010D85010B8E51
:10517000010FA1010EA90110AC0110AF0110B20185
:1051800010B30110B4010FB50111BB0111BD011124
:10519000BF0112C20110C30113CC0114CF0113CF00
:1051A0000114D00114D20110D20114D40114D5017C
:1051B00014D60115D70114D700010D00010E00020D
:1051C0001600021800042F00043400074B0006519B
:1051D000000757000963000A700009700009730096
:1051E0000A80000A8D000D8F000D90000D91000BBC
:1051F00092000B93000D94000C96000D99000D9BEE
:10520000000D9D000D9E000FA0000EA00010AB0031
:1052100010B40010B80010BB000EBD0011C8001083
:10522000C80013CB0012CB0013CF0010D20010D354
:105230000012D40014D80013DA0010DA0012DF00D4
:1052400010E3D3D8FFD2D7FFCED3FF828CE87F897B
:10525000E76F7AE26E79E26E79E3626EDA5965D5CC
:105260003342D1041CFE041DFF0316C80317D501E9
:105270000A5D010E88010E890114CB0116D90116B1
:10528000DA0116DB0116DF00010A00031E0010A47C
:105290000010A80013C60014D500020F0002110070
:1052A000020EE1E6FBF7FAFFFFFFFF000000FFFF41
:1052B000FFFFFFFFFFFFFFFFFFFFFFFFFFFFFFFFFE
:1052C00016FFFFFFFFFFFFFFFFFFFFFFFFFFFFFFD7
:1052D000FFFFFFFFFFFFFFFFFFFFFFFFFFFFFFFFDE
:1052E000FFFFFFFFFFFFFFFFFFFFFFFFFFFFFFFFCE
:1052F000FFFFFFFFFFFFFFFFFFFFFFFFFFFFFF2895
:105300002B17FFFFFFFFFFFFFFFFFFFFFFFFFFFF69
:10531000FFFFFFFFFFFFFFFFFFFFFFFFFFFFFFFF9D
:10532000FFFFFFFFFFFFFFFFFFFFFFFFFFFFFFFF8D
:10533000FFFFFFFFFFFFFFFFFFFFFFFFFF182A9D9B
:10534000BC16FFFFFFFFFFFFFFFFFFFFFFFFFFFF99
:10535000FFFFFFFFFFFFFFFFFFFFFFFFFFFFFFFF5D
:10536000FFFFFFFFFFFFFFFFFFFFFFFFFFFFFFFF4D
:10537000FFFFFFFFFFFFFFFFFFFFFFFF252C8EE773
:10538000C015FFFFFFFFFFFFFFFFFFFFFFFFFFFF56
:10539000FFFFFFFFFFFFFFFFFFFFFFFFFFFFFFFF1D
:1053A000FFFFFFFFFFFFFFFFFFFFFFFFFFFFFFFF0D
:1053B000FFFFFFFFFFFFFFFFFFFFFF27957CE87266
:1053C000C115FFFFFFFFFFFFFFFFFFFFFFFFFFFF15
:1053D000FFFFFFFFFFFFFFFFFFFFFFFFFFFFFFFFDD
:1053E000FFFFFFFFFFFFFFFFFFFFFFFFFFFFFFFFCD
:1053F000FFFFFFFFFFFFFFFFFFFF29976B73716F39
:10540000C316FFFFFFFFFFFFFFFFFFFFFFFFFFFFD1
:10541000FFFFFFFFFFFFFFFFFFFFFFFFFFFFFFFF9C
:10542000FFFFFFFFFFFFFFFFFFFFFFFFFFFFFFFF8C
:10543000FFFFFFFFFFFFFFFF14B6A089706D6E6DC9
:10544000C414FFFFFFFFFFFFFFFFFFFFFFFFFFFF92
:10545000FFFFFFFFFFFFFFFFFFFFFFFFFFFFFFFF5C
:10546000FFFFFFFFFFFFFFFFFFFFFFFFFFFFFFFF4C
:10547000FFFFFFFFFFFFFF19B98D8A8A87878888A2
:10548000C51A141414141414141414141414141425
:1054900014141414141414141414141414141414CC
:1054A0001414141414141414141414141513FFFFE6
:1054B000FFFFFFFFFFFF26BB8F86858484848482E5
:1054C0009CBEBFBFBFBFBFBFBFBFBFBFBFBFBFBF10
:1054D000BFBFBFBFBFBFBFBFBFBFBFBFBFBFBFBFDC
:1054E000BFBFBFBFBFBFBFBFBFBFBFBFC2BAFFFF4E
:1054F000FFFFFFFFFFB3C990827F7E7E7E7E7E7EB0
:105500007D80818181818181818181818181818190
:10551000818181818181818181818181818181817B
:1055200081818181818181818181818380C7FFFF28
:10553000FFFFFFFFB59F937D7A7A7A7A7A7A7A7A3B
:105540007B7B7B7B7B7B7B7B7B7B7B7B7B7B7B7BAB
:105550007B7B7B7B7B7B7B7B7B7B7B7B7B7B7B7B9B
:105560007B7B7B7B7B7B7B7B7B7B7B7C7BC6FFFF37
:10557000FFFF19B8A3F2939191919191919191911B
:10558000919191919191919191919191919191910B
:1055900091919191919191919191919191919191FB
:1055A00091919191919191919191919291C8FFFFD7
:1055B000FFB1BDA9F1F0EFEFEFEFEFEFEFEFEFEF9E
:1055C000EFEFEFEFEFEFEFEFEFEFEFEFEFEFEFEFEB
:1055D000EFEFEFEFEFEFEFEFEFEFEFEFEFEFEFEFDB
:1055E000EFEFEFEFEFEFEFEFEFEFEFF0F1F5FFFFA2
:1055F000B2CAACABA9A9A9A9A9A9A9A9A9A9A9A9EC
:10560000A9A9A9A9A9A9A9A9A9A9A9A9A9A9A9A90A
:10561000A9A9A9A9A9A9A9A9A9A9A9A9A9A9A9A9FA
:10562000A9A9A9A9A9A9A9A9A9A9A9A9ABF6FFB43A
:10563000A1AAA6A4A4A4A4A4A4A4A4A4A4A4A4A425
:10564000A4A4A4A4A4A4A4A4A4A4A4A4A4A4A4A41A
:10565000A4A4A4A4A4A4A4A4A4A4A4A4A4A4A4A40A
:10566000A4A4A4A4A4A4A4A4A4A4A4A4A7CA8BADE1
:10567000A5D1D1D2D2D2D2D2D2D2D2D2D2D2D2D239
:10568000D2D2D2D2D2D2D2D2D2D2D2D2D2D2D2D2FA
:10569000D2D2D2D2D2D2D2D2D2D2D2D2D2D2D2D2EA
:1056A000D2D2D2D2D2D2D2D2D2D2D2D2D399689EB0
:1056B000F8F767E97878787878787878787878780B
:1056C000787878787878787878787878787878785A
:1056D000787878787878787878787878787878784A
:1056E000787878787878787878787878EE9AFFF49F
:1056F00096D7615A58595959595959595959595957
:105700005959595959595959595959595959595909
:1057100059595959595959595959595959595959F9
:1057200059595959595959595959595B62CBFFFF20
:10573000F394D75F534FE652525252525252525242
:105740005252525252525252525252525252525239
:105750005252525252525252525252525252525229
:1057600052525252525252525252E6515ECCFFFFA6
:10577000FFFFB7D6604E45494B4B4B4B4B4B4B4B0A
:105780004B4B4B4B4B4B4B4B4B4B4B4B4B4B4B4B69
:105790004B4B4B4B4B4B4B4B4B4B4B4B4B4B4B4B59
:1057A0004B4B4B4B4B4B4B4B4B4B4A4A5DCDFFFF4F
:1057B000FFFFFF74CF6A5043424444444444444290
:1057C000E3E2E2E2E2E2E2E2E2E2E2E2E2E2E2E2B8
:1057D000E2E2E2E2E2E2E2E2E2E2E2E2E2E2E2E2A9
:1057E000E2E2E2E2E2E2E2E2E2E2E1E156CEFFFF01
:1057F000FFFFFFFF639BD954403CE0E0E0E0DFE4C3
:10580000214848484848484848484848484848483F
:105810004848484848484848484848484848484808
:105820004848484848484848484847475CA2FFFF1E
:10583000FFFFFFFFFFFBED30573F37393A3A384C57
:105840001BD5D4D4D4D4D4D4D4D4D4D4D4D4D4D4D0
:10585000D4D4D4D4D4D4D4D4D4D4D4D4D4D4D4D408
:10586000D4D4D4D4D4D4D4D4D4D4D4D4D879FFFFF9
:10587000FFFFFFFFFFFFFF8CDB233D333536344650
:105880002F8B7575757575757575757575757575F8
:1058900075757575757575757575757575757575B8
:1058A0007575757575757575757575757769FFFF9E
:1058B000FFFFFFFFFFFFFFFF76D9243EDDDEDCE5C3
:1058C0001C13FFFFFFFFFFFFFFFFFFFFFFFFFFFFB7
:1058D000FFFFFFFFFFFFFFFFFFFFFFFFFFFFFFFFD8
:1058E000FFFFFFFFFFFFFFFFFFFFFFFFFFFFFFFFC8
:1058F000FFFFFFFFFFFFFFFFFF65D02E20FCFD41F4
:105900001DAFFFFFFFFFFFFFFFFFFFFFFFFFFFFFD9
:10591000FFFFFFFFFFFFFFFFFFFFFFFFFFFFFFFF97
:10592000FFFFFFFFFFFFFFFFFFFFFFFFFFFFFFFF87
:10593000FFFFFFFFFFFFFFFFFFFFB0981F22323B7B
:105940001EAFFFFFFFFFFFFFFFFFFFFFFFFFFFFF98
:10595000FFFFFFFFFFFFFFFFFFFFFFFFFFFFFFFF57
:10596000FFFFFFFFFFFFFFFFFFFFFFFFFFFFFFFF47
:10597000FFFFFFFFFFFFFFFFFFFFFF14EC31554D5F
:10598000A8F9FFFFFFFFFFFFFFFFFFFFFFFFFFFF84
:10599000FFFFFFFFFFFFFFFFFFFFFFFFFFFFFFFF17
:1059A000FFFFFFFFFFFFFFFFFFFFFFFFFFFFFFFF07
:1059B000FFFFFFFFFFFFFFFFFFFFFFFFFFEBDA2D02
:1059C000EAFBFFFFFFFFFFFFFFFFFFFFFFFFFFFF00
:1059D000FFFFFFFFFFFFFFFFFFFFFFFFFFFFFFFFD7
:1059E000FFFFFFFFFFFFFFFFFFFFFFFFFFFFFFFFC7
:1059F000FFFFFFFFFFFFFFFFFFFFFFFFFFFF64E968
:105A00006CAEFFFFFFFFFFFFFFFFFFFFFFFFFFFF8A
:105A1000FFFFFFFFFFFFFFFFFFFFFFFFFFFFFFFF96
:105A2000FFFFFFFFFFFFFFFFFFFFFFFFFFFFFFFF86
:105A3000FFFFFFFFFFFFFFFFFFFFFFFFFFFFFFFA7B
:105A40006616FFFFFFFFFFFFFFFFFFFFFFFFFFFFE8
:105A5000FFFFFFFFFFFFFFFFFFFFFFFFFFFFFFFF56
:105A6000FFFFFFFFFFFFFFFFFFFFFFFFFFFFFFFF46
:105A7000FFFFFFFFFFFFFFFFFFFFFFFFFFFFFFFF36
:105A8000FFFFFFFFFFFFFFFFFFFFFFFFFFFFFFFF26
:105A9000FFFFFFFFFFFFFFFFFFFFFFFFFFFFFFFF16
:105AA000FFFFFFFFFFFFFFFFFFFFFFFFFFFF000004
:105AB00000000000000054525545564953494F4ECE
:105AC0002D5846494C452E000001010000000118E8
:105AD0000000000040004000080800000000000036
:105AE00000000000000000000000000000000000B6
:105AF00000000000000000000000000000000000A6
:105B00000000000000000000000000000000000095
:105B10000000000000000000000000000000000085
:105B20000000000000000000000000000000000075
:105B300000000000000000FFFFFF0101010303035C
:105B40000707070909090B0B0B0C0C0C0F0F0F10A3
:105B500010101212121414141717171919191A1AEF
:105B60001A1D1D1D1F1F1F2121212222222525252F
:105B70002626262828282A2A2A2C2C2C2E2E2E317E
:105B800031313232323535353636363838383B3BBE
:105B90003B3D3D3D3F3F3F414141434343444444FE
:105BA0004646464848484A4A4A4B4B4B4D4D4D4F56
:105BB0004F4F5151515252525555555656565959AB
:105BC000595A5A5A5B5B5B5C5C5C5E5E5E6161610C
:105BD0006363636464646767676969696B6B6B6D52
:105BE0006D6D6E6E6E7070707272727575757676A0
:105BF000767979797A7A7A7D7D7D7E7E7E818181E2
:105C0000828282848484858585878787888888893D
:105C100089898A8A8A8D8D8D8E8E8E9090909393AD
:105C2000939595959797979999999B9B9B9D9D9DEA
:105C30009E9E9EA2A2A2A4A4A4A6A6A6A9A9A9AA21
:105C4000AAAAADADADAFAFAFB0B0B0B1B1B1B2B265
:105C5000B2B6B6B6B7B7B7B8B8B8B9B9B9BABABACA
:105C6000BBBBBBBCBCBCC0C0C0C2C2C2C5C5C5C733
:105C7000C7C7C8C8C8CBCBCBCDCDCDCECECECFCF6E
:105C8000CFD1D1D1D2D2D2D4D4D4D6D6D6D9D9D9D3
:105C9000DADADADCDCDCDFDFDFE3E3E3E5E5E5E706
:105CA000E7E7E9E9E9EBEBEBECECECEFEFEFF0F039
:105CB000F0F3F3F3F5F5F5F7F7F7F8F8F8FBFBFB7E
:105CC000FDFDFDFEFEFEA0A0A1E5E5E67D7D7E8753
:105CD00088888F9090A9AAAAABACACB9BABABDBE5D
:105CE000BEBFC0C0E0E1E1E3E4E4F9FAFA6566664C
:105CF0006D6E6E757676797A7A7D7E7E45464653F0
:105D00005454393A3A2F3030999A998A8A89B2B2E2
:105D1000B1B8B8B7BFBFBEE4E4E3050504D7D6D534
:105D2000DAD9D8DBDAD9DEDDDCE3E2E1EDECEBFB5E
:105D3000FAF98281809D9C9BD4D2D1E0DEDDE2E045
:105D4000DFE4E2E1E7E5E4E9E7E6EBE9E8ECEAE9EC
:105D5000F1EFEEFFFDFCEBE8E7EFECEBF0EDECF242
:105D6000EFEEF4F1F0FCF9F8FBF7F6FFFBFA9A9985
:105D7000999C9B9BAAA9A9B2B1B1B5B4B4B8B7B765
:105D8000BCBBBBC0BFBFC6C5C5C8C7C7CAC9C9CED3
:105D9000CDCDD0CFCFD2D1D1E0DFDFE4E3E3ECEB68
:105DA000EBEEEDEDFFFEFECDCBCBD5D3D3D7D5D5E6
:105DB000DCDADAE2E0E0F4F2F2F7F5F5504F4FE822
:105DC000E5E5EAE7E7DFDBDB535151DCD9DAD0CF99
:105DD000D0FAF9FAFFFFFF000000FFFFFFFFFFFF0F
:105DE000FFFFFFFFFFFFFFFFFFFFFFFFFFFFFFFFC3
:105DF000FFFFFFFFFFFFFFFFFFFFFFFFFFFFFFFFB3
:105E0000FFFFFFFFFFFFFFFFFFFFFFFFFFFFFFFFA2
:105E1000FFFFFFFFFFFFFFFFFFFFFFFFFFFFFFFF92
:105E2000FFFFFFFFFFFFFFFFFFFFFFFFFFFFFFFF82
:105E3000FFFFFFFFFFFFFFFFFFFFFFFFFFFFFFFF72
:105E4000FFFFFFFFFFFFFFFFFFFFFFFFFFFFC02B75
:105E50003022FFFFFFFFFFFFFFFFFFFFFFFFFFFFFE
:105E6000FFFFFFFFFFFFFFFFFFFFFFFFFFFFFFFF42
:105E7000FFFFFFFFFFFFFFFFFFFFFFFFFFFFFFFF32
:105E8000FFFFFFFFFFFFFFFFFFFFFFFFFF36547421
:105E9000857037FFFFFFFFFFFFFFFFFFFFFFFFFFE3
:105EA000FFFFFFFFFFFFFFFFFFFFFFFFFFFFFFFF02
:105EB000FFFFFFFFFFFFFFFFFFFFFFFFFFFFFFFFF2
:105EC000FFFFFFFFFFFFFFFFFFFFFF2541B184ED55
:105ED00096C4AC5529FFFFFFFFFFFFFFFFFFFFFF49
:105EE000FFFFFFFFFFFFFFFFFFFFFFFFFFFFFFFFC2
:105EF000C02BB93E474D4F4DB7B6392CC0FFFFFF01
:105F0000FFFFFFFFFFFFFFFFFFFF2742697660777C
:105F1000949286E0663CC0FFFFFFFFFFFFFFFFFF9C
:105F2000FFFFFFFFFFFFFFFFFFFFFFFFFF223346E3
:105F3000B2606163656566696B6C6C6C5FB730FFFE
:105F4000FFFFFFFFFFFFFFFFFF254165A59C906B53
:105F50005DAA8679DC69523121FFFFFFFFFFFFFF59
:105F6000FFFFFFFFFFFFFFFFFFFFFF253D566060C4
:105F7000B35B5F6365676867666666686D73725C6E
:105F800038FFFFFFFFFFFFFF224765C595EABF9778
:105F9000855F5D726552B73D22FFFFFFFFFFFFFF88
:105FA000FFFFFFFFFFFFFFFFFF223B59615B5A63CB
:105FB00071AA797C7978767574DD70DD6F6DBA774A
:105FC000AAB534FFFFFFFFFF43DDF2EA9291919102
:105FD000929168B92B21FFFFFFFFFFFFFFFFFFFF3B
:105FE000FFFFFFFFFFFFFFFF2FB1625A5B6E7D8453
:105FF000AC7FE07C79AA77747582847C736F6F6F55
:10600000747D785023FF21396D8CF2908F8D8CEF49
:106010008A7C38FFFFFFFFFFFFFFFFFFFFFFFFFF4F
:10602000FFFFFFFFFFFF203EA65D596F85E685E37A
:10603000AC817FE07C7A76AC97988560483F465B80
:106040006DDD7BE36133385561AA87FC8C898684DA
:10605000ACF6FFFFFFFFFFFFFFFFFFFFFFFFFFFFAC
:10606000FFFFFFFFFF2349635863848DE687868522
:1060700084AC82807E7AE4A2FE793B2421FFFF2358
:10608000476E6D79866F414454596274AC8684E3DF
:106090006D28FFFFFFFFFFFFFFFFFFFFFFFFFFFF79
:1060A000FFFFFFFF2451635671908E8A89E688E4D2
:1060B0008585AC837F85F5FE6A29272A2B2A27212F
:1060C000FF56706C7AE66F3B374752586172E07E3C
:1060D00046FFFFFFFFFFFFFFFFFFFFFFFFFFFFFF89
:1060E000FFFFFF24536356E0948F90908B89E6E680
:1060F000878685E383C49F6AFF2122222325292CDA
:10610000283A706E6DE08C69342F3A4550586450CF
:10611000C0FFFFFFFFFFFFFFFFFFFFFFFFFFFFFFCE
:10612000FFFF2250635785938374707B8F8E8A891B
:10613000E688E485E6927C28C024232222C021C080
:1061400024316D726E6EAC8D5B2C2B30363E36205A
:10615000FFFFFFFFFFFFFFFFFFFFFFFFFFFFFFFF4F
:10616000FFFF486559FCA0E65D3E333857878F8BAB
:1061700089E688868AAC472025242423232222C04E
:1061800020236874716E728A86F6283B4929FFFFC6
:10619000FFFFFFFFFFFFFFFFFFFFFFFFFFFFFFFF0F
:1061A000FF3B6659FCFE8B3F21FF232A274E8E8E34
:1061B0008B8AE6EFE36C2D24252524242323222239
:1061C00021246B76A4726F7992A435315E5B28FF2F
:1061D000FFFFFFFFFFFFFFFFFFFFFFFFFFFFFFFFCF
:1061E0002B625A77FE8C2DFFFF252F2E2D2DDC9252
:1061F0008D8C8A8D7CB127262625252524242323D2
:10620000212CA477757372DD878F562735635A2545
:10621000FFFFFFFFFFFFFFFFFFFFFFFFFFFFFF216C
:10622000B16261989435FFFF222F2F3031294F91B1
:106230008F8E8D8F794928282726262525242423EB
:10624000FF407CAA767574727894773E21B66B54C1
:10625000C0FFFFFFFFFFFFFFFFFFFFFFFFFFFF3953
:106260006A5886915AFFFF212E3231312F2B3D8BF8
:10627000918F8F8F81472828282827262625252398
:106280002263807978777574A48B90572D25B16F30
:1062900043FFFFFFFFFFFFFFFFFFFFFFFFFF23B4F1
:1062A0005E6F90772EFFFF2934323231302D39EF77
:1062B000929090908A55292929282827262625FF5B
:1062C00043827E7C7B79AA76738097713F24B9657F
:1062D0006C2FFFFFFFFFFFFFFFFFFFFFFFFF3D6B87
:1062E0005A90845B21FF223334333231312D3F8D7C
:1062F00092909090917431272929292828262137B6
:106300007984807EE07C797876AAC58652302851DF
:10631000725AC0FFFFFFFFFFFFFFFFFFFFC05D5F7F
:106320007297E04BFFFF2CB935333433332C51C413
:106330009291909090906029252828272324B67C5C
:1063400088E383817F7D7C7B79768EC5623D2A3AA6
:10635000697539FFFFFFFFFFFFFFFFFFFF386D5B30
:106360008BEA8146FF2236B934353534332E6EC57B
:1063700091919191909191DD46322D3143688889B8
:10638000868584AC83807EE07CAAE4EC754A332E5B
:106390005A775FC0FFFFFFFFFFFFFFFFFF5467A8B3
:1063A000EA938C4CFF2B39B935B9363530448E938E
:1063B00091919191909294EA908582858C908AE651
:1063C00086E487868585E37FE07BACEDE35A382F52
:1063D00049727635FFFFFFFFFFFFFFFF28A85EE150
:1063E0009492946C24343A36B937B933B9AA949359
:1063F000C4929191958C798A929191908E8C8AE633
:1064000090F2FC80716EAAE383E080C6FC6A3D35A1
:106410003B6B8052FFFFFFFFFFFFFFFFB86F65C4BC
:106420009191938F5335383538B933B8A4AEAE88CF
:10643000859291AEFEC45257909190908FFC8D99A9
:10644000A296DD4E3B34B856E0AC8096EA754739EB
:106450003663E06E28FFFFFFFFFFFFFF506C719D6A
:10646000C49091938F613E383A3E5883EA98FE86F5
:106470005276948FEA5D2C35E69390908F8F9CFE38
:10648000944D2923242523223E7CE3F39783B735BB
:10649000345B7B7D38FFFFFFFFFFFF216266809D3D
:1064A000989190919394E6E07A87C4949290BF5922
:1064B0002E56BF7E60312B418F9391908F96FE8B2D
:1064C0003823292929282826215186CBD5FC552A6D
:1064D0002BB179864FFFFFFFFFFFFF2770628EED24
:1064E000999791909191939494C49292F27A5D339A
:1064F0002F5FBF87512F36739594929193968FB8E3
:10650000262B2B2A2A292928252F7CF3EDEA653E04
:10651000374D76896521FFFFFFFFFF34A465EA99B7
:10652000989997929091919191919191C4E047316E
:10653000458694F2856E8398E4AC9292928C5727AC
:106540002D2C2C2B2A2A292928266BCED2ED6D44FE
:10655000424A768C7526FFFFFFFFFFB8736B969952
:1065600098989A98918F9193919191919191E06ED1
:1065700087949191C4AE9CFE854EA4958871352D6B
:106580002E2D2D2C2B2A2A2A292561D0F4B07248D1
:10659000F6B7778D832FFFFFFFFFFFF6766E989893
:1065A000989B96E46F60677E939191919390EFC56D
:1065B000C491919192918F8DB72C52EA7F562E2FD4
:1065C0002F2E2E2D2C2C2B2A2926A7D5F5FE734DE8
:1065D0004C4A788D8C38FFFFFFFFFF4B77DC999793
:1065E0009EFE9369B1B64047719290F2A0C466A432
:1065F000F29291919290A4512F2D5B9576472E3077
:10660000302F2F2D2D2D2C2B292A74D6F5FEA45298
:10661000504D7C8F943FFFFFFFFFFF4C7870999C9B
:10662000FE94B830443A3F3F4079C4929C8542453D
:106630008B93919192C4733E2F41E3BF75412F31EB
:106640003130302F2E2E2D2C2937E6D5C7FE6F5630
:1066500051527E919A43FFFFFFFFFF4D7B70ED9DEE
:10666000C5B9FF36483B41443D59988A7549B947F9
:10667000FC93919193C490756BE494C47F4531333E
:10668000323131302F2F2D2D265CF3D5FDA1685AE4
:106690005159AC949F43FFFFFFFFFF4DE0DC96C4D0
:1066A00051FFFF36B7B8414542458FAE5E39B86DF0
:1066B000949299FC75E69394C5C491F28F56323446
:1066C0003333323130302F29408FD1D29E985E5FE4
:1066D00050608696A23DFFFFFFFFFF467F708C73E0
:1066E00024FFFF344B3D41464442E09D8C6DE09ACF
:1066F0009898FE93525990F291919191C47B3B30BE
:1067000034343332313029B8EF9DD5ED9B84475076
:106710004B6DEF9BFD33FFFFFFFFFF3A816E7C5116
:10672000FFFFFF304B3F40474543799B9A9D9C9923
:10673000ED908B5A3643C49996BF959595987A3EBD
:106740002E2F302F2C2F508D9E99D6EB9479574EAB
:1067500049788EFD9826FFFFFFFFFF2EE36EDC3D9C
:10676000FFFFFF2B4A423F484645819A97979898EA
:10677000EDE45B3CB959EDEDEDEDEDEDEDED9E9009
:10678000A851484A5B7CED9C99D1D5E7E66E645FE1
:10679000578491FE8421FFFFFFFFFF227A76663740
:1067A000FFFFFF2449473C49464C8F9796A5979792
:1067B00099BF6942538C9B99999999999999999CF8
:1067C0009E9996979D9D9A9999D4CC7B7C68685A9E
:1067D00064FC95A269FFFFFFFFFFFFFF658561393C
:1067E000FFFFFF21424BB8F6446395AEC59596A5D1
:1067F000A598A590989EED9A9999999999999999A2
:10680000999A9A9A9999999998F8AC6F71696A5777
:106810007592A59749FFFFFFFFFFFFFF4BFC6C49F7
:10682000FFFFFFFF37503F414E85AE9494AE9595E4
:10683000959598988F8689959B9998989898989807
:106840009898989898989898C5C469686E6D685D8E
:1068500088C594842BFFFFFFFFFFFFFF2E8975691A
:1068600029FFFFFF2B4E443DAAC492F293949494C7
:10687000AE9BED8E755E545AE099989798989898CB
:1068800098989797979798BFF379B16772DD617081
:1068900093978662FFFFFFFFFFFFFFFFFF6F887583
:1068A0006929FFFFFF4056749090909091F293C435
:1068B0009EFE95684943423F416D9897A5A597A5CF
:1068C000A5A5A5A5A5A597C3F055506C757162E463
:1068D000988FA43DFFFFFFFFFFFFFFFFFF44C4723F
:1068E000867B5C4E506C878FFC8D8E8F909090983D
:1068F000FE94B13F434343423F3D759995BFBF96D8
:10690000969696BFBFA5F2C26D415A6B6A6674C572
:10691000ED735A23FFFFFFFFFFFFFFFFFF227C877E
:1069200072EF8C8E8F8C8989EF8B8C8D8E8F9299E4
:10693000C555B64646454444433E509295C5C5C5E7
:10694000C59595C5AF94FCBE4649747ADC698E9DA9
:1069500089593BFFFFFFFFFFFFFFFFFFFFFF46A53A
:1069600075E0868686E48788E689EF8B8CFC9190BB
:106970006A43F647464646454442B67DBF949494E2
:10698000EAEAEAAEAE89E95E436680E070819A9CED
:10699000604623FFFFFFFFFFFFFFFFFFFFFF2176A2
:1069A000EA728485858686E48788E689898D88AA47
:1069B0004F484948F647474645444071959393C42C
:1069C000C49494EAE6E776525C7B7D757595FD7814
:1069D0004530FFFFFFFFFFFFFFFFFFFFFFFFFF351A
:1069E000AE8975858585858586878788E68C7E63F3
:1069F0004A4AB7B749F647464645406EAE9292F2CC
:106A0000F29394E6E48669617279757191A093506E
:106A10003B21FFFFFFFFFFFFFFFFFFFFFFFFFFFF28
:106A2000509EE3AA8584858585868687888B7757DF
:106A30004A4B4BB7B74948F6474643A4C491919196
:106A400092F2E4BE8EDF726CDD6E6BFC9E9D694837
:106A500028FFFFFFFFFFFFFFFFFFFFFFFFFFFFFF1D
:106A6000FFBBC7BE7A84848585858586868975B196
:106A70004C4C4B4B4AB7B7494846F68191909091A0
:106A800090E3E292EF7D68666360889EFD815E36EA
:106A9000FFFFFFFFFFFFFFFFFFFFFFFFFFFFFFFF06
:106AA000FFC0C9EEE67BAC84848585858687E0538C
:106AB000B74E4E4C4B4B4AB7B7455A8E8F8F908D81
:106AC0007FBEA5978F5F474C5A879EFD90754B20E0
:106AD000FFFFFFFFFFFFFFFFFFFFFFFFFFFFFFFFC6
:106AE000FFFF23DCFEC280ABAC8484858586865F95
:106AF0003B3E43494B4B4AB747487B908E8EE4BCA4
:106B0000E59EA3AE6550B7578B9E9F95E45F22FF2D
:106B1000FFFFFFFFFFFFFFFFFFFFFFFFFFFFFFFF85
:106B2000FFFFFF20C8D9D6EFE282ACE38485E47C86
:106B30005444403D3C3C3C3A3A698FFCE6BDE09110
:106B4000EEFE935640436594F59F9C956C25FFFFA0
:106B5000FFFFFFFFFFFFFFFFFFFFFFFFFFFFFFFF45
:106B6000FFFFFFFFFFFAF9D3F7E8AD82ACAD8586F2
:106B7000795B4F4BB7F6F651A4FC8781E0889AFE0B
:106B8000FE793F33B778ED9EA0A2A16F25FFFFFFEE
:106B9000FFFFFFFFFFFFFFFFFFFFFFFFFFFFFFFF05
:106BA000FFFFFFFFFFFF2FDDD8DBD5FBEF8584E381
:106BB000858371646064DDAC87E281E6AEA0FE90FF
:106BC000502AB86A93F5F5A1FEFE62C0FFFFFFFFF1
:106BD000FFFFFFFFFFFFFFFFFFFFFFFFFFFFFFFFC5
:106BE000FFFFFFFFFFFFFFFF41DEF7DADAD7CEF24C
:106BF000F1CAF0FCEFEFEF87E58C92BF97865A342D
:106C0000406C919FA09FA2FE93B7FFFFFFFFFFFF85
:106C1000FFFFFFFFFFFFFFFFFFFFFFFFFFFFFFFF84
:106C2000FFFFFFFFFFFFFFFFFFC03D6481C2CFD129
:106C3000CFCDCBF2C1E8E6E688E68B856E5862855B
:106C400099A1FD9E9EA39C6D2CFFFFFFFFFFFFFF00
:106C5000FFFFFFFFFFFFFFFFFFFFFFFFFFFFFFFF44
:106C6000FFFFFFFFFFFFFFFFFFFFFFFF2B4155BBB4
:106C700071A979797C7D7EAC89909290919BFD9EE3
:106C80009C989799F2DC38FFFFFFFFFFFFFFFFFFA3
:106C9000FFFFFFFFFFFFFFFFFFFFFFFFFFFFFFFF04
:106CA000FFFFFFFFFFFFFFFFFFFFFFFFFFFFFF22D1
:106CB000293035B9425B72838C9091939491908D79
:106CC0008884745731FFFFFFFFFFFFFFFFFFFFFFC7
:106CD000FFFFFFFFFFFFFFFFFFFFFFFFFFFFFFFFC4
:106CE000FFFFFFFFFFFFFFFFFFFFFFFFFFFFFFFFB4
:106CF000FFFFFFFFFF202A3BB7565D6365605A52D6
:106D0000433021FFFFFFFFFFFFFFFFFFFFFFFFFFFC
:106D1000FFFFFFFFFFFFFFFFFFFFFFFFFFFFFFFF83
:106D2000FFFFFFFFFFFFFFFFFFFFFFFFFFFFFFFF73
:106D3000FFFFFFFFFFFFFFFFFFFF20212120FFFFDD
:106D4000FFFFFFFFFFFFFFFFFFFFFFFFFFFFFFFF53
:106D5000FFFFFFFFFFFFFFFFFFFFFFFFFFFFFFFF43
:106D6000FFFFFFFFFFFFFFFFFFFFFFFFFFFFFFFF33
:106D7000FFFFFFFFFFFFFFFFFFFFFFFFFFFFFFFF23
:106D8000FFFFFFFFFFFFFFFFFFFFFFFFFFFFFFFF13
:106D9000FFFFFFFFFFFFFFFFFFFFFFFFFFFFFFFF03
:106DA000FFFFFFFFFFFFFFFFFFFFFFFFFFFFFFFFF3
:106DB000FFFFFFFFFFFFFFFFFFFFFFFFFFFFFFFFE3
:106DC000FFFFFFFFFFFFFFFFFFFFFFFFFFFFFFFFD3
:106DD000FFFFFFFFFFFFFFFFFFFF000000000000BD
:106DE000000054525545564953494F4E2D58464977
:106DF0004C452E00000101000000011800000000B9
:106E0000400040000808FFFFFF0202023D3D3D5EDA
:106E10005E5E73737389898C0505069999FA010181
:106E2000020202047A7AFA3434C10D10A200000181
:106E300056588B4D5B89263D8A4156921617190389
:106E400004062842716897E15D8FDC04060931650C
:106E5000AD2B71D12438520C131CA3C4EB95BAE4AA
:106E60001C2B3D38587E3A6AA2D1E7FE707C892FF0
:106E700038426986A45B86B645678C5681B1101B83
:106E8000271E69BDB7B8B99C9D9EDAEAFA42484E02
:106E90000A0B0C1E2124C1D8EE8797A7ACC2D7B825
:106EA000D3ED93A9BF9FBAD4B0CFEDADCCEB5F7556
:106EB0008A50647788AACA7693B082A5C680AAD27F
:106EC000698EB15E80A06387AA75A1CB56799B4F6E
:106ED00071934F769B496E915079A05480AA4D785A
:106EE000A147709749739B6DADEA05080B2D496466
:106EF000436C94080D123A6188DBEAF7D6E8F8CBC8
:106F0000E1F4C6DDF1BFDBF55D6B78B2CEE7ACCA6C
:106F1000E592AFCAA6CAE94655639CBEDC8AA8C4FE
:106F20009DC2E383A2BE96BADA90B5D57D9CB98C9A
:106F3000B2D490B6D988AFD282AACD7399BC7AA3C5
:106F4000C87CA5CB77A0C46B94B849657F719DC4FC
:106F50006C9AC35B84A86594BE6392BB5D8AB16181
:106F600090B96393BD5D8BB45E8DB65F8EB93C5AAC
:106F7000764D74975986AF5A89B23D5D7A5684AC86
:106F8000527DA5334E6740638235526D3756733D4F
:106F9000607F4B769D4C779F4E7BA32B445B487262
:106FA000994275A3DFF0FED1E5F6D8EDFE99B5CB99
:106FB000A8C8E3A3C4E0728FA685ADCF7FA8CB6637
:106FC00096BF6195BF5280A5456C8D416787C5C945
:106FD000CCAAB9C49DC2DE5E92B9588AB04B789AE9
:106FE0004787B52F99EA0F8FEB4B728B477392450A
:106FF00082AD3C89BC7788912C2E2F3B576545B4D8
:10700000ED2C9DD507A9F8E7F8FF40B0DE0F96CE2E
:107010008DABB62BB7E065DFEF24CCE208DDFD8A4F
:10702000EEFA77A3A6477E7F010202699A975B8FEB
:10703000865389779AE4C5A5E6C68DD8B380D6ABCA
:107040008CC2A697DAB79AE1BB70AC8C73CB99A1CE
:10705000E6BD54B57946AC6B61B37D4EB0714BADB6
:107060006D49B16D419E5F42AD6456AE714AA767EE
:107070004AA162456A4E38A1532D93463C99523538
:10708000974B2F7F3F3289414E975863A4685A9F90
:107090005E388B3673A870265E228AB58551844887
:1070A00081AE786E9C63193E106094523F782F0435
:1070B0000F005D8D4A0D2205020700A9ABA5FCEC6F
:1070C0002BFDED9CF8DE5FE1BA25B9B092C0AA7441
:1070D000DDB34B050302E0DFE0D0A5D0AE69AE938F
:1070E0004597722777CA86FA9F51E17825CA583E9C
:1070F0007B5017A0413E8F201E625352EA1C1BE6B4
:10710000FFFFFF000000FFFFFFFFFFFFFFFFFFFF8C
:10711000FFFFFFFFFFFFFFFFFFFFFFFFFFFFFFFF7F
:10712000FFFFFFFFFFFFFFFFFFFFFFFFFFFFFFFF6F
:10713000FFFFFFFFFFFFFFFFFFFFFFFFFFFFFFFF5F
:10714000FFFFFFFFFFFFFFFFFFFFFFFFFFFFFFFF4F
:10715000FFFFFFFFFFFFFFFFFFFFFFFFFFFFFFFF3F
:10716000FFFFFFFFFFFFFFFFFFFFFFFFFFFFFFFF2F
:10717000FFFFFFFFFFFFFFFFFFFFFFFFFFFFFFFF1F
:10718000FFFFFFFFFFFFFFFFFFFFFFFFFFFFFFFF0F
:10719000FFFFFFFFFFFFFFFFFFFFFFFFFFFFFFFFFF
:1071A000FFFFFFFFFFFFFFFFFFFFFFFFFFFFFFFFEF
:1071B000FFFFFFFFFFFFFFFFFFFFFFFFFFFFFFEFEF
:1071C000EFFFFFFFFFFFFFFFFFFFFFFFFFFFFFFFDF
:1071D000FFFFFFFFFFFFFFFFFFFFFFFFFFFFFFFFBF
:1071E000FFFFFFFFFFFFFFFFFFFFFFFFFFFFFFFFAF
:1071F000FFFFFFFFFFFFFFFFFFFFFFFFFFEF2FA6D8
:107200002EFFFFFFFFFFFFFFFFFFFFFFFFFFFFFF5F
:10721000FFFFFFFFFFFFFFFFFFFFFFFFFFFFFFFF7E
:10722000FFFFFFFFFFFFFFFFFFFFFFFFFFFFFFFF6E
:10723000FFFFFFFFFFFFFFFFFFFFFFFF1203042F12
:10724000FFFFFFFFFFFFFFFFFFFFFFFFFFFFFFFF4E
:10725000FFFFFFFFFFFFFFFFFFFFFFFFFFFFFFFF3E
:10726000FFFFFFFFFFFFFFFFFFFFFFFFFFFFFFFF2E
:10727000FFFF08FFFFFFFFFFFFFFFF2E03E704FFF5
:10728000FFFFFFFFFFFFFFFFFFFFFFFFFFFFFFFF0E
:10729000FFFFFFFFFFFFFFFFFFFFFFFF0D080808D5
:1072A000080D0D08FFFFFFFFFFFFFFFFFFFFFFFFC0
:1072B000FFFFFFFFFFFFFFFFFFFFEFA604052FFF0C
:1072C000FFFFFFFFFFFFFFFFFFFFFFFFFFFFFFFFCE
:1072D000FFFFFFFFFFFFFFFFFFFF171B281E1E1A08
:1072E0001A1A1A1E1E284F01EFFFFFFFFFFFFFFFB4
:1072F000FFFFFFFFFFFFFFFFFFEF12020404EFFF9E
:10730000FFFFFFFFFFFFFFFFFFFFFFFFFFFFFFFF8D
:10731000FFFFFFFFFFFFFF091B1E87828380972669
:1073200045434242444326788712FFFFFFFFFFFF99
:10733000FFFFFFFFFFFFFF012EA62D030402FFFF4B
:10734000FFFFFFFFFFFFFFFFFFFFFFFFFFFFFFFF4D
:10735000FFFFFFFFFF081B1A82974E2650508097B1
:107360009796A144403B625F5D5F22230D08FFFFBB
:10737000FFFFFFFFFFFF062E020404050512FFFFBB
:10738000FFFFFFFFFFFFFFFFFFFFFFFFFFFFFFFF0D
:10739000FFFFFFFF171E7C4E4E975010101010106D
:1073A0001014107C8350963F6234323231A6FFFFB6
:1073B000FFFFFFFFFF2EA6120305E72A0308FFFFCA
:1073C000FFFFFFFFFFFFFFFFFFFFFFFFFFFFFFFFCD
:1073D000FFFFFF4F4D4E4E4E96500C0CFDFDFCFC3A
:1073E000FCFC0B0C10505050827F39313232381B6C
:1073F000FFFFFFFFFFA6042F04E7982B12FFFFFFFC
:10740000FFFFFFFFFFFFFFFFFFFFFFFFFFFFFFFF8C
:10741000FFFF1B1F884E4E4E96100CFDFDFCFC0A14
:10742000070AFCFD0C10971F4D871A8756AE353B97
:1074300023FFFFFF2FE798042D05042FFFFFFFFF19
:10744000FFFFFFFFFFFFFFFFFFFFFFFFFFFFFFFF4C
:10745000FF1B834A494E4E4EA10CFDFDFDFC0A0A5E
:1074600007FCFCFDFD0C144D878787871A7F31359B
:10747000678117A62A2AE7F02B0213FFFFFFFFFF01
:10748000FFFFFFFFFFFFFFFFFFFFFFFFFFFFFFFF0C
:107490004C1F854949494949A2100C0A0A0A0707A5
:1074A000070AFCFDFD0CFB8787878787874D5062A5
:1074B000356E39E798E7F0980208FFFFFFFFFFFFFE
:1074C000FFFFFFFFFFFFFFFFFFFFFFFFFFFFFFFFCC
:1074D0004D868849964E45A24945100CFC07070782
:1074E00007070AFC0BFBFB8787871A1A8750505047
:1074F00024052A2A2BF09802FFFFFFFFFFFFFFFF62
:10750000FFFFFFFFFFFFFFFFFFFFFFFFFFFFFF1E6C
:107510008684452029292920884A491F0C0B0B0BFA
:107520000B0B0B100CFB874D871AFBF9F9FA502651
:10753000052A2A2BF098A6FFFFFFFFFFFFFFFFFFA2
:10754000FFFFFFFFFFFFFFFFFFFFFFFFFFFF17260C
:107550007E4929A0AAAAAA294E4A4A9DA2501010E3
:10756000101014FB1A874D4D4DFBF9F7F7F7F8D4BF
:10757000E72A2BF0983F28FFFFFFFFFFFFFFFFFFE9
:10758000FFFFFFFFFFFFFFFFFFFFFFFFFFFF1A47A8
:107590004418A0AAAAAAAAA0209D848484849D9DA0
:1075A000A283817F4D7F4D4D4DFBF6F5F6F3B9DAA1
:1075B000DAE7F0982B634728FFFFFFFFFFFFFFFF8D
:1075C000FFFFFFFFFFFFFFFFFFFFFFFFFF179647D4
:1075D00020199FA0AAAAAAA020468585858484494F
:1075E00083817F7F7F4D4D7F8110F6F505DFDCCCF9
:1075F000C5C1DCA5435964851BFFFFFFFFFFFFFFEB
:10760000FFFFFFFFFFFFFFFFFFFFFFFFFF1E7D9557
:1076100018164B9FA0A0AA294A8686484848888009
:10762000828181817F7F7F829711F705DFDCCDC763
:10763000BFC2A7504E4E8D659717FFFFFFFFFFFF9C
:10764000FFFFFFFFFFFFFFFFFFFFFFFFFF817B95B6
:1076500018151D4BA8A019207E86868686849782E1
:1076600081818181818182968526CFDADCCEC8BF77
:10767000C022F94E494E4435694DFFFFFFFFFFFF21
:10768000FFFFFFFFFFFFFFFFFFFFFFFF17797A6F8D
:107690001816371C4B191895957E7E7E85267882A4
:1076A00082828281817C4E4896DDDEDCCAC8BFC3FF
:1076B000A5F7FA8888884E6F8F731EFFFFFFFFFFC4
:1076C000FFFFFFFFFFFFFFFFFFFFFFFF287D7A7A2D
:1076D00089191D5715188647474747869683787836
:1076E00078828282834986A1DDDEDCD2C5BFC3C138
:1076F000F7F94E844A4A4A4E6260884FFFFFFFFF07
:10770000FFFFFFFFFFFFFFFFFFFFFFB61E767B7B44
:107710007D18191619186F7D7D7D7E45807C7C7CD7
:107720007C7878808847A1DDDCDED2C5BFBBB8F9A4
:10773000F9119D858484844A4959694DFFFFFFFFF3
:10774000FFFFFFFFFFFFFFFFFFFFFFFF87947B7B34
:10775000727D182929867A7A7A4779978080808382
:107760007C83978447A1DDDCDED2C5BFBBC61FFA90
:107770004946484885858585886F357D28FFFFFF08
:10778000FFFFFFFFFFFFFFFFFFFFFFFF8194757506
:1077900075726F4747727B7B7D469697979780807F
:1077A00080964627A1E4DCDAD3C5BFBBC6B5869573
:1077B00086868686868686864888673A8108FFFFA1
:1077C000FFFFFFFFFFFFFFFFFFFFFFFF78937676CE
:1077D000729EA9ADA472727A7E45969626979726D8
:1077E000457E25B5E4DCDAD3C5BFBBC6B5474795B2
:1077F0007E95958588450F0F7986483A7228FFFF58
:10780000FFFFFFFFFFFFFFFFFFFFFFFF6C6D936BAD
:1078100072AAB2B2AAA440477945454545969679E1
:107820004725B5E1DCD7D3CBBFBBC6B52747474714
:107830004749F8F8F4F4F4F4F885483E3C82FFFF39
:10784000FFFFFFFFFFFFFFFFFFFFFFFF6C416767C9
:10785000A9B2B2B2B2AAA342424479434545447A9E
:1078600076B5E4DCD7D1C5BFBBC6B5277D7D7D7DB0
:1078700086F8F4F3F3F2F2F3F40F957E3C4028FF20
:10788000FFFFFFFFFFFFFFFFFFFFFFFF783D6A7075
:10789000AFB0B0B2B2B2AD4E3F424242427E72771A
:1078A000B5E4DCD8D1C5BFBBC6B5257A7A7A7A7A79
:1078B00086F4F2F1F2F2F2F2F3F8957E6B3A7FFF82
:1078C000FFFFFFFFFFFFFFFFFFFFFFFF5B3D689331
:1078D000A8B3B3B0B1B1AFAD443F3F3F6F6B6EB52E
:1078E000E4DCD8D1C5BFBBC6B525757B7B9C7B9C32
:1078F00046F4F1F1F1F2F2F2F3F88647473A244CFC
:10790000FFFFFFFFFFFFFFFFFFFFFFFF873D696AEC
:10791000ACB3B3B3B0B0AFAD3F40403E6741B9E4A4
:10792000DED8D1C5BFBBC6B577767575757B757565
:1079300048F4F1F0F1F2F2F2F3F8477D476759238A
:10794000FFFFFFFFFFFFFFFFFFFFFF0DA666669231
:1079500094A8B3B39AB0ADA3243E6B6D41B9E4DEF5
:10796000D8D1C5BFBACCB577777676767676757688
:1079700085F4F2F1F1F1F2F2F40E9C7A7D72353970
:10798000FFFFFFFFFFFFFFFFFFFFFFFF1B3C91918A
:107990003A94A9ACAFADA3906B676869B8E4DED642
:1079A000D1C5BFBACCB89371737373737777777798
:1079B0007DF4F3F1F1F1F2F4F87D7B7B7A7A3A31E0
:1079C00017FFFFFFFFFFFFFFFFFFFFFF093E64659B
:1079D00066623E9EA4723B676A693DB8E4DED6D11A
:1079E000C5BFC0C7B8416D6E937173717373737304
:1079F0009B0EF4F4F3F3F40E9C757572727A6A348C
:107A0000120DFFFFFFFFFFFFFFFFFFFF0D561D657C
:107A10003C67626262626A926665B8E4DED6D1C58E
:107A2000BFC0C7B869686A6A6A6E93747171717110
:107A3000717A0EF8F80E7D9B77767675757B6B59AB
:107A400023FFFFFFFFFFFFFFFFFFFFFF0823603A59
:107A50005F5F625F3B90626563B7E4DED6D1C8BF0B
:107A6000C0CDB83D6969686868686A6E9370707067
:107A70007474949B94947474747473777676733A74
:107A80002DFFFFFFFFFFFFFFFFFFFFFFFF4F5F5DCA
:107A90005F5F3C90CACBCEB4B7E4DED8D1C5BFBFE0
:107AA000CDB7656692929292696969686A6E93939E
:107AB0009393937070947742A1A17A9473777368CB
:107AC0005BFFFFFFFFFFFFFFFFFFFFFFFFFF5659B9
:107AD0005D5D5FB9C4BDBDD6DDDED8D1C8BFBCCA4F
:107AE000B764919191916666669292929269686E7E
:107AF0009393939393722D022D2D026C7071736A80
:107B0000A7FFFFFFFFFFFFFFFFFFFFFFFFFF23595F
:107B10005959B4C8BDBAC2DDDED8D1C5BFBDCAB4DB
:107B20006463636565659191919166666666669228
:107B3000686D6E936EA1020404040302A193716D3B
:107B40007FFFFFFFFFFFFFFFFFFFFFFFFFFF06902D
:107B5000355CB4C4BABEE4DED8D1C8C0BDCAB45C1A
:107B60006464616161636363656565919191916628
:107B7000666669416D432D03040404022371936D0D
:107B800087FFFFFFFFFFFFFFFFFFFFFFFFFFFF2D4F
:107B90005858B4C2BFE4DAD7D1C8BFC2CAAE5E601B
:107BA0006060606460616161616164646463659187
:107BB000919191916543030403032D022F6F6E6D24
:107BC0001AFFFFFFFFFFFFFFFFFFFFFFFFFFFF2E7B
:107BD00059338DD7E1DAD7D1C8BFC2CAAE1C9A9A41
:107BE0005C5C5C5C606060605E635F3B62656064BF
:107BF000636565656439032B0302A6A62F6F6E6E5D
:107C00001EFFFFFFFFFFFFFFFFFFFFFFFFFFFFFF65
:107C10005B5535DDDFD7D1C8C0C2D2AE378F8F8F6D
:107C20008F8F9A9A9A5C9A6038A64C134C2F393AE7
:107C3000606163636439A62B0502A602236E413E90
:107C40001BFFFFFFFFFFFFFFFFFFFFFFFFFFFFFF28
:107C50000631DADFD7D1C7BFC6D5AE36588E8E8E85
:107C60008E8F8F8F8F8F9A2DFFFFFFFFFFFF0D2FBE
:107C7000625C616460902E032B05052D3963633FC0
:107C800013FFFFFFFFFFFFFFFFFFFFFFFFFFFFFFF0
:107C9000B6DBDFD7D3C7BFC4D6AE3636365A365872
:107CA000588E8E8E8E3790FFFFFFFFFFFFFFFFFF86
:107CB0002F615C6060605BEF0203035B65636039AA
:107CC000FFFFFFFFFFFFFFFFFFFFFFFFFFFFFFFFC4
:107CD000E0DFD7D3C7BCC7C657303799E7EC999ACE
:107CE0005A37585858576CFFFFFFFFFFFFFFFFFF41
:107CF000FF385A5C5C5C6038232D38646064641E15
:107D0000FFFFFFFFFFFFFFFFFFFFFFFFFFFFFFE0A2
:107D1000E1D7D3CCBDCDC1305557ECEBEBEBEBEE5F
:107D2000EC8E57575733264C0DFFFFFFFFFFFFFF29
:107D3000FF5B378F9A9A9A8F9A5C5E60605E9009BB
:107D4000FFFFFFFFFFFFFFFFFFFFFFFFFFFFE0E180
:107D5000D7D3CCBDC8BE54545599EBE8E8E8E8E861
:107D6000EBED32333330401EFFFFFFFFFFFFFFFF1D
:107D7000FF5B368E8F8F8F8F8F9A9A5C5C8F23FF7D
:107D8000FFFFFFFFFFFFFFFFFFFFFFFFFFE5E4D760
:107D9000D3C4BDD4CF215354542AEEE8E8E8E8E830
:107DA000E8EBEC333354351F1AEF08FFFFFFFFFFFA
:107DB0004F6236588E8E8E8E8F8F8F8F379001FF49
:107DC000FFFFFFFFFFFFFFFFFFFFFFFFE5DDD8D253
:107DD000C4C2D4E30D228C535333EEEAEAE8E8E858
:107DE000EAEAED333033535F3E902D1206134F1EF7
:107DF00024335757585858588E8E8E36592FFFFFB8
:107E0000FFFFFFFFFFFFFFFFFFFFFFE5E2D8D2C448
:107E1000C2DBE6FFFFEF318C8B53ECEEE9E9EAEAD7
:107E2000E9EAED55543030535755551D75867A653E
:107E300033335757575757575857338DA6FFFFFFC0
:107E4000FFFFFFFFFFFFFFFFFFEFE3E2D8D2C4C653
:107E5000DBFFFFFFFFFF2E318A8B30EDEEE9E9E912
:107E6000E9EEEC5554545454535353553637335468
:107E700055543055555555555558A512FFFFFFFF20
:107E8000FFFFFFFFFFFFFFFFFFE6DBD6D2C4CCE022
:107E90000DFFFFFFFFFFFF2E318A2130EDEEEEEAEE
:107EA000EEEE985353545454545454545453213074
:107EB000328D34AE3131A5562D2FFFFFFFFFFFFF6E
:107EC000FFFFFFFFFFFFFFFFE6DBD2D2C7CEE0FFE1
:107ED000FFFFFFFFFFFFFFFF06A58A8C5398ECED25
:107EE000EC2A8B8B5353535353535354533022A682
:107EF0002E061301FFFFFFFFFFFFFFFFFFFFFFFF46
:107F0000FFFFFFFFFFFFFFE6E0D9D2C8D2E5FFFF8A
:107F1000FFFFFFFFFFFFFFFFFFFF56528A212121D6
:107F200021218B8B8B8B8B53535353538B5BFFFFD5
:107F3000FFFFFFFFFFFFFFFFFFFFFFFFFFFFFFFF51
:107F4000FFFFFFFFFFFFB6E5D9D0CBD4E3FFFFFF74
:107F5000FFFFFFFFFFFFFFFFFFFF080298AB2C5260
:107F600052525252528B8B8B8B8B8B52354FFFFF61
:107F7000FFFFFFFFFFFFFFFFFFFFFFFFFFFFFFFF11
:107F8000FFFFFFFFFFFFFFE0D1D0DBE3FFFFFFFFBD
:107F9000FFFFFFFFFFFFFFFFFFFFFFFF12318AAB75
:107FA0005152525252525252528B8B8A62FFFFFFF1
:107FB000FFFFFFFFFFFFFFFFFFFFFFFFFFFFFFFFD1
:107FC000FFFFFFFFFFFFFFE5DBE0FFFFFFFFFFFF1E
:107FD000FFFFFFFFFFFFFFFFFFFFFFFFFFFF2D3250
:107FE000AB8A2C2C525252525252528C3808FFFFFC
:107FF000FFFFFFFFFFFFFFFFFFFFFFFFFFFFFFFF91
:10800000FFFFFFFFFFFFFFFFFFFFFFFFFFFFFFFF80
:10801000FFFFFFFFFFFFFFFFFFFFFFFFFFFFFF2E41
:108020005698ABAB8A2C2C2C2C2C2C8A5BFFFFFF98
:10803000FFFFFFFFFFFFFFFFFFFFFFFFFFFFFFFF50
:10804000FFFFFFFFFFFFFFFFFFFFFFFFFFFFFFFF40
:10805000FFFFFFFFFFFFFFFFFFFFFFFFFFFFFFFF30
:10806000FF4F03992CABAB8A8A8CAB3012FFFFFF1A
:10807000FFFFFFFFFFFFFFFFFFFFFFFFFFFFFFFF10
:10808000FFFFFFFFFFFFFFFFFFFFFFFFFFFFFFFF00
:10809000FFFFFFFFFFFFFFFFFFFFFFFFFFFFFFFFF0
:1080A000FFFFFFB6A62299535151982DFFFFFFFF06
:1080B000FFFFFFFFFFFFFFFFFFFFFFFFFFFFFFFFD0
:1080C000FFFFFFFFFFFFFFFFFFFFFFFFFFFFFFFFC0
:1080D000FFFFFFFFFFFFFFFFFFFFFFFFFFFFFFFFB0
:1080E000FFFFFFFFFFFF0112A6A617FFFFFFFFFF25
:1080F000FFFFFFFFFFFFFFFFFFFFFFFFFFFFFFFF90
:10810000FFFFFFFFFFFF00000000000000005452CF
:108110005545564953494F4E2D5846494C452E001A
:1081200000010100000001180000000040004000B4
:108130000808FFFFFF0101010202020505050A0A06
:108140000A1D1D1D2525252E2E2E3737373F3F3F73
:108150004444444949495050505757575F5F5F6303
:1081600063636868686C6C6C6F6F6F747474777736
:10817000777C7C7C8282828585858787878B8B8BC9
:108180008C8C8C8F8F8F90909093939394949498E1
:1081900098989999999B9B9B9D9D9D9E9E9EA0A022
:1081A000A0A2A2A2A3A3A3A5A5A5AAAAAAAFAFAF66
:1081B000B3B3B3B6B6B6BCBCBCC7C7C7C9C9C9CED2
:1081C000CECED1D1D1D4D4D4D6D6D6D7D7D7DADA69
:1081D000DADBDBDBDCDCDCDEDEDEE2E2E2E3E3E3B7
:1081E000E4E4E4E5E5E5E8E8E8EBEBEBF1F1F1F4F4
:1081F000F4F4FCFCFCC1C1C2C4C4C5D2D2D3E0E0DB
:10820000E1ECECEDABACADCACBCCCBCCCDE3E4E553
:10821000D3D6D9D6D9DBD8DBDDDADDDFC5C8CACC09
:10822000CFD1CED1D3D0D3D59FA2A4A5A8AA9699B9
:108230009B989B9D9A9D9FD2D4D5B0B2B38B8D8EC7
:108240009CA0A2E0E3E48F9293A2A5A6BCC0C1913A
:108250009292959696E9EAEA7172721415157F80EA
:108260007F898A898D8E8DBABAB9D6D5D3D5D3D127
:10827000F0ECE996908CA99F98CBC6C3E0D8D3A226
:108280009A95B0A6A0C4B5ACD4BEB19C8B819483A2
:10829000798B7A70BCA496C6AB9BD4B6A47763578F
:1082A0003D312ACEA38ABD957CAB856ECA9C819652
:1082B000715B513D315E4638B2856AC09072C3929F
:1082C00074C59375B8886C7F5E4A85624DA4785EEC
:1082D000BD8A6C7656437B5A46C18D6EC38E6FA0A5
:1082E000745A966C53BA8666C08969BE8766BD8526
:1082F00064BC84639F6F5395684DAE7A5AC187649E
:10830000B9805E92654A9C6B4EB87E5CB67C599192
:1083100062468C5E43996749B47956956447B27753
:1083200054AF7451B97A55AC714EAE734FA96F4CBE
:108330008B5B3E88583CA66C499862429A63439D89
:1083400065448F5C3D956040875639A86B46A065B3
:10835000418C5738C6BBB5DCCEC6D1C3BBBAADA6BF
:10836000EBD8CDE8D1C4C2ACA0D0B9ACE4CABBAFA5
:10837000998DE0C3B3A79083DDBDABDBB8A5DAB5BB
:10838000A1BA9A88D8B29ED5B09BD5AD98D3AC96F9
:10839000D3AB94D4AB94A48472D2A992D4AA93B14F
:1083A0008E7AD2A78FD0A58DCEA087CC9F85271E91
:1083B00019CC9D83C9997ECA9A7FC8977BCE9C7F32
:1083C000C7967ABB8C71A77C64C69477C994768B68
:1083D0006651B28267C38F71C59072C18B6CBC87C6
:1083E00069A57356BC8362BB82618F60458B5C411B
:1083F000A36948925E409F6645A167468653369AB8
:108400009694FBF5F2F6ECE7BFB3ADF3E6E0F0DFF0
:10841000D7CEC9C7E8DEDAEBE5E3F8F0EDA8A7A709
:10842000C0BFBFCCCBCBEFEEEEF0EFEFFFFFFF0016
:108430000000FFFFFFFFFFFFFFFFFFFFFFFFFFFF4A
:10844000FFFFFFFFFFFFFFFFFFFFFFFFFFFFFFFF3C
:10845000FFFFFFFFFFFFFFFFFFFFFFFFFFFFFFFF2C
:10846000FFFFFFFFFFFFFFFFFFFFFFFFFFFFFFFF1C
:10847000FFFFFFFFFFFFFFFFFFFFFFFFFFFFFFFF0C
:10848000FFFFFFFFFFFFFFFFFFFFFFFFFFFFFFFFFC
:10849000FFFFFFFFFFFFFFFFFFFFFFFFFFFFFF04E7
:1084A000060B0D0D07FFFFFFFFFFFFFFFFFFFFFFA5
:1084B000FFFFFFFFFFFFFFFFFFFFFFFFFFFFFFFFCC
:1084C000FFFFFFFFFFFFFFFFFFFFFFFFFFFFFFFFBC
:1084D000FFFFFFFFFFFFFFFFFFFFFF04060B10641E
:1084E000651A65185F0C63FFFFFFFFFFFFFFFFFFCB
:1084F000FFFFFFFFFFFFFFFFFFFFFFFFFFFFFFFF8C
:10850000FFFFFFFFFFFFFFFFFFFFFFFFFFFFFFFF7B
:10851000FFFFFFFFFFFFFF04060B10171C1D1C656C
:10852000171716641E180F0603FFFFFFFFFFFFFF5C
:10853000FFFFFFFFFFFFFFFFFFFFFFFFFFFFFFFF4B
:10854000FFFFFFFFFFFFFFFFFFFFFFFFFFFFFFFF3B
:10855000FFFFFF04060B11651F22201C6666151D18
:1085600066171716601711090863FFFFFFFFFFFF6B
:10857000FFFFFFFFFFFFFFFFFFFFFFFFFFFFFFFF0B
:10858000FFFFFFFFFFFFFFFFFFFFFFFFFFFFFF04F6
:10859000060B121C2327241F1F5F19261C1C141CEA
:1085A000661818161F1811090906FFFFFFFFFFFFC5
:1085B000FFFFFFFFFFFFFFFFFFFFFFFFFFFFFFFFCB
:1085C000FFFFFFFFFFFFFFFFFFFFFF03060A0E1B7A
:1085D000F946F926242025F9605F16265F1B1B1C2F
:1085E0001B6518172165120A0907FFFFFFFFFFFF30
:1085F000FFFFFFFFFFFFFFFFFFFFFFFFFFFFFFFF8B
:10860000FFFFFFFFFFFFFF03050A111A262B1D26A0
:1086100028256727255F20461F1F605454216F734C
:108620006C5F65182366620A0A07FFFFFFFFFFFF02
:10863000FFFFFFFFFFFFFFFFFFFFFFFFFFFFFFFF4A
:10864000FFFFFF03630A101A262967FA2B29652604
:10865000461E67282524215252266CC1CC7F9BB22E
:10866000C1541965241C130B0B07FFFFFFFFFFFF0D
:10867000FFFFFFFFFFFFFFFFFFFFFFFFFFFFFF0108
:10868000050A622420282CFA2C2B261A161560467F
:1086900046F95D46462870C1CC7F9FAAABAAE9B2D5
:1086A000C1556619261D140C0C07FFFFFFFFFFFFC5
:1086B000FFFFFFFFFFFFFFFFFFFFFF01630A122223
:1086C000FAFB2FFB272A2B261F5F21F92A672B2B6A
:1086D000582A70C1CC90E9B2EEABAAAAE9E9E9B296
:1086E000C1561C66271F140C0C08FFFFFFFFFFFF7D
:1086F000FFFFFFFFFFFFFFFF63091222413033300E
:10870000FB2D422D4626292B2C41FA5E2C67B9BF42
:10871000CC90E9B2EEEEB2ABE9E9E9E9E9E9E9B218
:10872000C15A5F1BF920150D0D08FFFFFFFFFFFF6A
:10873000FFFFFFFFFF07112142323734432F2FFB8A
:108740002E2E2D422D2E4E4E42FAF2BF7D90EBB5CD
:10875000EEB2ABABABABABABE9E9E9E9E9E9E9B266
:10876000C1521E1C2822640D0E09FFFFFFFFFFFFF0
:10877000FFFFFF0418353B443432314330302F2F94
:1087800048FB484F472E71C5CF96ADB0B5B0B0B0DD
:10879000AAAAAAAAABABABAAE9E9E9E9E9E9E9B275
:1087A000C15D605F2925160E0F09FFFFFFFFFFFF68
:1087B000FFFFFF0F45373434333232314343514AE0
:1087C000502FB676CFE5ECB1B0B1B1B1B1EBEBB0B3
:1087D000B0B0AAB0AAABABE9E9E9E9E9E9A0A0B277
:1087E000C15222205827170F110AFFFFFFFFFFFF7A
:1087F000FFFFFF213C353534344B4C4D3369B8779E
:108800007C98A9B4B4AFAFAFAEAEADADB1B1EBEB48
:10881000EBB0B0AAAAAAE9A0E9A0E9E9A0A0A0ABA0
:10882000BF5527232AF91810620BFFFFFFFFFFFF38
:10883000FFFFFF213C37445B4D6EB8777C9AA5B3B0
:10884000B3ACACACACEAEDECAFAFAEAEADADB1B18C
:10885000EBEBEBB0B0AAE8E8A0A0A0A0A0A0A0AA73
:10886000BF5A28252B461912140BFFFFFFFFFFFFED
:10887000FFFFFF223D36B8787E919EA8A8A8A8A841
:10888000A7A7A9A9ACEAEAEDEDECAFAEAEADADB1EC
:10889000B1B1EBEBB0EB9FE8E8E8E8E8E8E8E8AA7C
:1088A000BF5229F967296662150CFFFFFFFFFFFF22
:1088B000FFFFFF2245318FA6A29E9EA2A2A4A4A5DF
:1088C000A5A8A7A7A9ACACEAEAEDECECAFAEAEADBB
:1088D000ADB1B1EBEBB1A39F9F9F9F9F9F9F9BA0CB
:1088E000BF5D2B28672A5F13640CFFFFFFFFFFFFAC
:1088F000FFFFFF23FC318F9A9A9D9D9E9EA2A2A40A
:10890000A4A5A5A8A7A9ACACEAEAEAEDECECAFAE49
:10891000AEADB1B1B1A3A3A3A39BA39B9B9B97E8CF
:10892000BF532C292C2B6014170DFFFFFFFFFFFFF7
:10893000FFFFFF23FD328FE6E79A9A9D9D9E9EA240
:10894000A2A4A5A5A8A9A9A9ACACEAEAEDECECAF54
:10895000AEAEADADADA1A1A1A1A197979797909B08
:10896000BF53412AFA2C2014650DFFFFFFFFFFFFC4
:10897000FFFFFF233E33899995E7E79A9A9D9D9ED5
:108980009EA2A4A4A5A8A7A9A9ACACACEAEAEDED67
:10899000ECAFAEAEA1EAA1A19C9C9C979C90909755
:1089A00076462D2B41FA2215660DFFFFFFFFFFFFD4
:1089B000FFFFFF243E33DC929394E6E7E79A9D9D08
:1089C0009E9E9EA2A4A5A8A8A7A9A9ACACEAEAED80
:1089D000EDECAFAFEA9C9C9C9C9C9C9696968F90ED
:1089E0007646FB67424124641C0EFFFFFFFFFFFF3A
:1089F000FFFFFF243F34DCE392929394E6E7E79A8B
:108A00009D9D9E9EA2A4A5A5A8A7A9A9A9ACACEAD4
:108A1000EAEDECEA96969C9696969696968F8F96A9
:108A200076294F2C2D4226165F0EFFFFFFFFFFFF1A
:108A3000FFFFFF2444697DE28DE39292939495E7D2
:108A4000E79A9A9DA2A2A4A4A5A8A8A7A9A9ACAC9C
:108A5000EAEAEDE5E5E5E5E5E5E5E5E5E58F898FBC
:108A6000BC5831FA2E2EF917600EFFFFFFFFFFFFF3
:108A7000FFFFFF2148307DDEE28E8DE3E392939489
:108A800095E6E69A9E9EA2A2A4A4A5A8A7A7A9A936
:108A9000ACA998868289E5E5E5E5E5898989DC89DF
:108AA000BC583241FBFB28181F0EFFFFFFFFFFFFE2
:108AB000FFFFFF2230317DD8DD85E2E18EE3E392D6
:108AC000939394E79D9E9EA2A2A4A4A4A5A8A7A95F
:108AD000A798DBC5CF7F909B9B90968F8F89DC8971
:108AE000BC2B32422F2F2965200FFFFFFFFFFFFF16
:108AF000FFFFFF233133CFD9D6D8DD85E2E2E18D08
:108B0000E39292E69A9D9D9E9EA2A2A4A4A5A8A7E8
:108B1000A5E4CC0B75CC888C8C8CE8DF907F7F8FA4
:108B2000B958314230435865200FFFFFFFFFFFFF68
:108B3000FFFFFF233333CFD2D5D7D6D8DADD85E296
:108B4000E18E8D93E79A9A9D9D9E9EA2A2A4A5A5D3
:108B5000A4E47C0D0B7FDC888B8B8B8C8788DFDF1C
:108B6000C152422C30322B19200FFFFFFFFFFFFFB5
:108B7000FFFFFF233434C5D07BD2D57ED7D8DADDD2
:108B80008584E193E6E7E79A9A9D9E9EA2A2A4A41B
:108B9000A491D8790F09DF918FDF8C8B8B8C87871D
:108BA000745928F94333671A200FFFFFFFFFFFFFB7
:108BB000FFFFFF233737C5CBD0D17BD2D3D57ED6AD
:108BC000D8DADD929394E6E69A9A9D9D9E9EA2A2A3
:108BD000A291E27F0B620688E3E0DC7F888C8B8BBE
:108BE0007516202031362C1B200FFFFFFFFFFFFFE3
:108BF000FFFFFF23444476C7C8CACDD1D17BD2D36F
:108C00007ED7DAE392939394E6E79A9A9D9D9EA28B
:108C10009DE48AE47A100E05908A868682DC7F873E
:108C20007514661C3237FA1B200FFFFFFFFFFFFF92
:108C3000FFFFFF22383877C3C6C6C8CBCED0D17B62
:108C40007BD2D8E3E39292939395E6E79A9D9D9E1B
:108C5000918A8AE28C066409D4E08A8686DBDBE0AE
:108C6000BF5C1C193238411C200FFFFFFFFFFFFFC4
:108C7000FFFFFF223A39BCC2C3C3C4C6C7C8CACDAE
:108C8000D0D1D68E8E8DE39293939495E79A9A9A4B
:108C90008D8D8A8D8AD40A640680E28ADBDBDB86CE
:108CA000BD5E29273439421C200FFFFFFFFFFFFF65
:108CB000FFFFFF223A3ABDC0C0C2C2C3C4C6C7C884
:108CC000C8CAD7E2E2E18EE3E392939394E69A93E3
:108CD00083838E8DDE9004101163DF85DBDBDB8602
:108CE000BD484141443B2D5F200FFFFFFFFFFFFFC9
:108CF000FFFFFF223A3B72BEBEC0C0C2C2C3C4C4A3
:108D0000C6C7D7DD85E2E2E18DE39292939495E1C7
:108D10008584838383DE8163640B05E084DBDB86EB
:108D2000BD502E42443C2E5F1F0FFFFFFFFFFFFF91
:108D3000FFFFFF23393BB8BBBEBEBEC0C0C2C2C32B
:108D4000C3C6D7D8DADD85E2E18EE3E3929392D809
:108D5000DADD84848485DBD408160780DD83838A8A
:108D6000BD512E42383C2F5F1F0FFFFFFFFFFFFF5B
:108D7000FFFFFF24383BB7BABBBBBEBEBEC0C0C2FC
:108D8000C2C6D7D6D6D8DDDD85E2E18EE392857EF8
:108D9000D6DADADD8584D87F040E626388D8838AC8
:108DA000BD57FB2D39612F5F1F0FFFFFFFFFFFFF37
:108DB000FFFFFF23443BB7F4BABABBBBBEBEBEC085
:108DC000C0C6D57ED7D6D8DADDDDE2E28E8E7ED380
:108DD0007ED7D6D8DADD85D98163620AD482DD8A6E
:108DE000BD4A2F2E3A3D305F1F0FFFFFFFFFFFFFF1
:108DF000FFFFFF2237396EF4F4BABABABBBBBEBE6E
:108E0000BEC6D3D2D5D5D7D6D8DADD85E1DA7B7B1D
:108E1000D3D57ED6D8DADDDADDD4072D5875858D29
:108E2000BD4B2FFB3A45311C1F0FFFFFFFFFFFFF1C
:108E3000FFFFFF223438F6F3F4F4F4BABABBBBBB3D
:108E4000BEC7D27BD2D3D57ED7D6D8DD85D2CDD101
:108E50007BD2D3D5D7D6D8DAD97F0FFDFEF9CC8E09
:108E6000724B302F3BFC321B600FFFFFFFFFFFFFF9
:108E7000FFFFFF223137F6F3F3F3F4F4BABABABBCB
:108E8000BBC8D1D17BD2D2D5D5D7D6D8D8C9C9CD38
:108E9000D1D17BD3D57ED6D6D8D8C1293F3C6B86DD
:108EA000724C432F3BFC331A600FFFFFFFFFFFFFA5
:108EB000FFFFFF243334F7F1F3F3F3F4F4F4BABA19
:108EC000BBCBCDD0D1D17BD2D2D57ED67BC6C7C8C5
:108ED000CACDD17BD2D3D57ED6D6DA734EFE4874B6
:108EE000724D31303A453465600FFFFFFFFFFFFFE1
:108EF000FFFFFF243C36F7F8F1F1F3F3F4F4F4F458
:108F0000BBC8CBCED0D0D17BD2D2D37EC7C3C6C74D
:108F1000C8C9CDD0D17BD2D3D57ED97CEF4440F91E
:108F2000B9443243384535181E0FFFFFFFFFFFFFDE
:108F3000FFFFFF233B356AF8F8F1F1F3F3F3F4F4A4
:108F4000BEC8C8C8CECDD0D0D17BD27BC2C3C3C42B
:108F5000C6C7C9CDCDD17B7BD2D3D5D9C1283F459A
:108F6000222E3532443D35171D0FFFFFFFFFFFFF57
:108F7000FFFFFF2239346AF8F8F8F1F1F1F3F3F367
:108F8000BEC8C7C7C8C9CECDD0D17BC7C0C2C2C3B7
:108F9000C4C6C7C8C9CDCDD17B7BD2D2D87441FE5F
:108FA0002F243433373B34641B0FFFFFFFFFFFFFD9
:108FB000FFFFFF2344346AF0F8F8F8F1F1F1F3F31E
:108FC000C0C6C6C6C7C8C8CBCED0D0C2C0C0C2C239
:108FD000C2C3C4C6C7CE7B7B7BC5C576BCB92034B3
:108FE000FE292A3737363115180EFFFFFFFFFFFF26
:108FF000FFFFFF2337336AF0F0F8F8F8F8F1F1F3E8
:10900000C2C4C4C6C6C7C8C8C8CEC7BEBEC0C0C218
:109010007878C777BC71B6B66D68364D5B616726E8
:10902000FDFD232E3834FB14150DFFFFFFFFFFFF5E
:10903000FFFFFF223732FCF0F0F0F8F8F8F8F8F311
:10904000C2C3C3C4C4C4C6C6CD7BC2BE7272B8B8E4
:109050006DF56937445B61613C3B3A3A38393A27F0
:10906000674031243B3F300F620CFFFFFFFFFFFFE3
:10907000FFFFFF223568FDF0F0F0F0F0F8F8F8F4AB
:10908000C2C3C7C7C9767676B9F26D2F3744443B61
:10909000613C3C3B3B3B3B3C3C3D453D3C3B3B2EF4
:1090A0006032FE2B2A611A66260DFFFFFFFFFFFFCD
:1090B000FFFFFF213431FDF0F0F0F0F0F8F8F8B7E1
:1090C00076B9F2B6FA69344D493F1F17FD3B3B3B79
:1090D0003C6145FD3E3E3E453A373148422C2B2906
:1090E0001D243D3F240F10303810FFFFFFFFFFFF0E
:1090F000FFFFFF213343FCF86AF73837343332334C
:1091000057343949493938393A3C3744FD3E3E3FB6
:109110003EFC3C393631FB422B46251E1814100EFE
:109120000C12FA4044120B121163FFFFFFFFFFFF06
:10913000FFFFFF20332F6930304343433233333452
:10914000363744383C3DFC3E3F3F3F3E453C3A3796
:10915000332E2C2927601613120F0D0C0C0B0A0A44
:1091600008081532FE2D08FFFFFFFFFFFFFFFFFF7E
:10917000FFFFFF21312F482F2F43313334373A3C43
:1091800045FC3E3F3F3E3EFDFC3B3348412A2566C1
:109190001664141010100F0E0C0B0908060563045A
:1091A00003FF06243C402104FFFFFFFFFFFFFFFFFA
:1091B000FFFFFF1737433336443B3C3DFCFCFD3E8D
:1091C0003E3E6137322FFA28601C196413141413C1
:1091D000110E0D0C090605630402FFFFFFFFFFFFE0
:1091E000FFFFFF0B2C3F451102FFFFFFFFFFFFFFBB
:1091F000FFFFFF062DFCFD6161613D493443472CB3
:10920000F9201E1B171516166413110F0D090705FB
:10921000630402FFFFFFFFFFFFFFFFFFFFFFFFFFF2
:10922000FFFFFF031343FE2F07FFFFFFFFFFFFFFBB
:10923000FFFFFFFF630C642829221E191614131563
:1092400016641412100D0A0706630302FFFFFFFFE6
:10925000FFFFFFFFFFFFFFFFFFFFFFFFFFFFFFFF1E
:10926000FFFFFFFF0524301606FFFFFFFFFFFFFF94
:10927000FFFFFFFFFFFFFF030405080C0F0E0C09A3
:109280000705630301FFFFFFFFFFFFFFFFFFFFFF76
:10929000FFFFFFFFFFFFFFFFFFFFFFFFFFFFFFFFDE
:1092A000FFFFFFFFFF0A080D0F63FFFFFFFFFFFF38
:1092B000FFFFFFFFFFFFFFFFFFFFFFFF03FFFFFFBA
:1092C000FFFFFFFFFFFFFFFFFFFFFFFFFFFFFFFFAE
:1092D000FFFFFFFFFFFFFFFFFFFFFFFFFFFFFFFF9E
:1092E000FFFFFFFFFF02FF07640B04FFFFFFFFFF0D
:1092F000FFFFFFFFFFFFFFFFFFFFFFFFFFFFFFFF7E
:10930000FFFFFFFFFFFFFFFFFFFFFFFFFFFFFFFF6D
:10931000FFFFFFFFFFFFFFFFFFFFFFFFFFFFFFFF5D
:10932000FFFFFFFFFFFF02FF0B1363FFFFFFFFFFC6
:10933000FFFFFFFFFFFFFFFFFFFFFFFFFFFFFFFF3D
:10934000FFFFFFFFFFFFFFFFFFFFFFFFFFFFFFFF2D
:10935000FFFFFFFFFFFFFFFFFFFFFFFFFFFFFFFF1D
:10936000FFFFFFFFFFFF0102040704FFFFFFFFFFF6
:10937000FFFFFFFFFFFFFFFFFFFFFFFFFFFFFFFFFD
:10938000FFFFFFFFFFFFFFFFFFFFFFFFFFFFFFFFED
:10939000FFFFFFFFFFFFFFFFFFFFFFFFFFFFFFFFDD
:1093A000FFFFFFFFFFFFFF01FFFFFFFFFFFFFFFFCB
:1093B000FFFFFFFFFFFFFFFFFFFFFFFFFFFFFFFFBD
:1093C000FFFFFFFFFFFFFFFFFFFFFFFFFFFFFFFFAD
:1093D000FFFFFFFFFFFFFFFFFFFFFFFFFFFFFFFF9D
:1093E000FFFFFFFFFFFFFFFFFFFFFFFFFFFFFFFF8D
:1093F000FFFFFFFFFFFFFFFFFFFFFFFFFFFFFFFF7D
:10940000FFFFFFFFFFFFFFFFFFFFFFFFFFFFFFFF6C
:10941000FFFFFFFFFFFFFFFFFFFFFFFFFFFFFFFF5C
:10942000FFFFFFFFFFFFFFFFFFFFFFFFFFFFFFFF4C
:10943000FFFF00000000000000005452554556494F
:1094400053494F4E2D5846494C452E00F4230200F7
:109450005C94030000000000000000000C240200E7
:10946000B5400000C85A030000000000802402003C
:10947000710D0000D0BA02000C95030038240200E0
:10948000710D000018260300BC940300182402008C
:10949000A91F0000F46D030000000000D8220200A4
:1094A000718C0000884802000000000000000000ED
:1094B0000000000000000000000000002024020066
:1094C000CC940300FFFFFFFF0000000044240200D3
:1094D000F90E00002073020000000000502402007A
:1094E000B119000020810300000000005C2402008C
:1094F000A98E00004C860200000000000000000061
:1095000000000000000000000000000068240200CD
:109510001C950300FFFFFFFF0000000088240200ED
:10952000A5060000EC1203000000000098240200D1
:10953000F57C0000A4A7020000000000A4240200A3
:109540000D530000789402000000000000000000AD
:10955000000000000000000000000000FFFFFFFF0F
:10956000FFFFFFFFFFFFFFFFFFFFFFFFFFFFFFFF0B
:10957000FFFFFFFF000000A00000800002020000CB
:10958000008793034000000000100000020000006C
:1095900003000000050000000200000004000000BD
:1095A00002000000040000000400000005000000AC
:1095B0000100000002000000000000800000000127
:1095C0000100000000000000010000000700000092
:1095D0000200000001000000060000000100000081
:1095E000001BB700000E2707006CDC02010102011E
:1095F0000202010001000000FFFFFFFF84250200BE
:1096000000010000B80B000000000000B80B0000D3
:10961000FFFF0000000000008C2502000200010294
:109620000000000001000000900100001000000098
:109630000A0000001D001E00FFFFFFFFFFFFFFFFED
:10964000FFFFFFFFFFFFFFFFFFFFFFFFFFFFFFFF2A
:10965000FFFF1301FFFFFFFFFFFF00001F00FFFFE1
:109660000E000D00FFFFFFFFFFFFFFFFFFFFFFFFEB
:10967000FFFFFFFFFFFFFFFFFFFFFFFFFFFFFFFFFA
:10968000FFFF0000160007010B010C01130014007E
:10969000FFFFFFFF1E011F00FFFF0E000D00000077
:1096A0000401FFFFFFFF01010001FFFFFFFFFFFFBC
:1096B000FFFFFFFF0A0109010E010F01FFFF080173
:1096C00010011101FFFF02020402FFFFFFFFFFFF75
:1096D000FFFFFFFF1C041D04060207020802090227
:1096E000FFFFFFFF140115011601170118011901F1
:1096F000FFFFFFFF0C020D021A011B011C011D01DF
:10970000FFFFFFFF0000000000000000C025020076
:1097100000010000C59C00001C000000B59C00007A
:10972000DD9C0000B99C0000188019001601100093
:10973000110012001300140015001C001D001E0073
:1097400000000000E425020000010000439F00002B
:10975000240000003F9F00001DA00000599F000052
:10976000002602000001000045A1000010000000DA
:1097700075A100006BA1000014260200000100008A
:1097800001A400002000000071A30000E5A3000078
:10979000E5A200007DA20000E9A10000EDA100000B
:1097A0002C260200000100006FA400003000000021
:1097B00085A40000D1A4000019A5000044260200E1
:1097C000000100005FA700000C00000065A600007B
:1097D00069A600006DA6000093A60000B9A60000CF
:1097E000DFA600002BA7000005A7000050260200FE
:1097F000060100008DA700000C000000E3A7000098
:1098000009A8000097A70000BDA700002FA800002E
:1098100055A80000642602000001000035AA0000DF
:1098200064000000D5A80000ADA9000059AA0000FE
:109830007C26020000010000B3AB000048000000DD
:10984000F5AB000011AC00002DAC000033AF000000
:10985000A5AE0000B9AC000013AD000059AE000089
:1098600085AE0000000000000000000000000000C5
:10987000A026020000010000A9B000001C000000AA
:10988000D9B0000019B100005DB0000055B1000072
:109890008DB1000079B0000085B0000091B00000EB
:1098A0009DB00000EDB1000001B2000019B200004F
:1098B0002FB2000063B40000B026020000010000D7
:1098C0006DB400003800000045B200001DB3000078
:1098D000F1B3000065B3000087B30000A9B3000036
:1098E000CFB30000C826020000010000F1B500005F
:1098F00030000000ADB6000011B500001BB500003F
:1099000025B5000045B5000059B500002DB6000092
:10991000F7B40000C9B4000079B5000091B50000AB
:1099200039B70000EC26020000010000CDB50000B0
:1099300030000000ADB6000011B500001BB50000FE
:1099400025B5000045B5000059B500002DB6000052
:10995000F7B40000C9B4000079B5000091B500006B
:1099600039B700001427020000010000A9B500006B
:1099700030000000ADB6000011B500001BB50000BE
:1099800025B5000045B5000059B500002DB6000012
:10999000F7B40000C9B4000079B5000091B500002B
:1099A00039B7000001030A0078001E0020030700F9
:1099B00023000300E00100000000000000000000A0
:1099C0000000000000000000000000000000000097
:1099D0000000000000000000000000000100000086
:1099E00000000000E081FB0101051900190096004C
:1099F0002003020002000600E00100000000000059
:109A0000FFFFFFFF0000000000000000000000005A
:109A10000000000000000000000000000000000046
:109A20000100000000000000E081FB0101060A00C7
:109A300078001E002003070023000300E00100005F
:109A40000000000000000000000000000000000016
:109A50000000000000000000000000000000000006
:109A6000000000000100000000000000E081FB0198
:109A700038270200000100002DBC00008802000011
:109A80006DBC0000A9B7000059BA00005DB8000025
:109A900035B8000059C0000077B700007BB7000060
:109AA00087B700007FB7000083B7000038270200A7
:109AB00000010000B9C700003000000099C000009C
:109AC000F9C00000CDC30000D3C60000ABC0000049
:109AD00037C30000AFC00000B3C00000DDC000000D
:109AE000B7C00000BBC0000025C40000BFC000001C
:109AF0004027020000010000C3C800000C00000065
:109B00009DC800003DC8000063C8000039C80000BF
:109B10004C27020000010000F5C8000020000000F2
:109B20006FC900009FC90000EBCA000011CA000005
:109B300051CA0000CDC900005C27020000010000EE
:109B4000C1CB000010000000CBCB00007427020046
:109B5000000100007BCC00001400000089CC000054
:109B6000A9CC0000C9CC0000E9CC00000FCD00005A
:109B700035CD000069CD000095CD0000842702009E
:109B800000010000FDCD000020000000F5CD000028
:109B9000F9CD000011CE0000A42702000001000052
:109BA00015D00000C00000001DCF000027CF00002E
:109BB0004FD0000031CF0000CDCF00003FCF0000DC
:109BC00005D0000031D00000BC27020000010000D9
:109BD0008DD60000300100005DD600003FD60000A9
:109BE00021D6000003D60000DFD50000B9D5000063
:109BF00085D5000051D500002BD5000005D500000B
:109C0000E3D40000C1D400009BD4000047D400007E
:109C1000F5D300009DD300003DD300000BD300001E
:109C2000E9D20000D827020000010000C9DE0000D0
:109C30002400000095DE00004BDE000029DE00005D
:109C40000BDE0000E5DD0000C3DD000099DD000053
:109C500073DD00003FDD000015DD0000C3DC000007
:109C60007FDC00003FDC0000FFDB0000BFDB00000A
:109C70007FDB00003FDB0000EDDA0000D5D80000FC
:109C8000C7D80000E3D80000B9D80000E8270200D8
:109C9000070100007DDF00001400000087DF0000E6
:109CA000ADDF0000D3DF0000F5DF000013E00000AF
:109CB00035E0000057E0000079E000009DE0000082
:109CC000010004001000400000010002000000003C
:109CD0000100020004000800100020000000000045
:109CE000070000000000000000000000000000006D
:109CF000809A45418E418F804545454949498E8F1F
:109D00009092924F994F555559999A9B9C9D9E9F21
:109D100041494F55A5A5A6A7A8A9AAABACADAEAF22
:109D2000B0B1B2B3B4B5B6B7B8B9BABBBCBDBEBFBB
:109D3000C0C1C2C3C4C5C6C7C8C9CACBCCCDCECFAB
:109D4000D0D1D2D3D4D5D6D7D8D9DADBDCDDDEDF9B
:109D5000E0E1E2E3E4E5E6E7E8E9EAEBECEDEEEF8B
:109D6000F0F1F2F3F4F5F6F7F8F9FAFBFCFDFEFF7B
:109D7000902D0200000100005F1E0100C8080000D5
:109D8000951E01004F20010091200100D720010005
:109D90001D210100B1230100772201003D210100B6
:109DA000571F0100911F0100D11F01005721010021
:109DB0007B2101009B210100DD2101001D2201000A
:109DC000432201000B2001004C00207EF89E03007E
:109DD000989E0300D89D03000000000001000300CE
:109DE000060009000D0011001200140016001900F1
:109DF0001C001D001F0020002200250027002A0053
:109E00002D0030003300360039003C003F00400098
:109E10004100440047004A004C00500053005600E7
:109E200059005C005F006200650068006A006C0019
:109E30006F007200760079007D008000840087004A
:109E40008A008D009000930098009B009E00A10066
:109E5000A300A500A700AA00AC00AE00B100B400AA
:109E6000B600B900BC00BE00C100C400C500C600F9
:109E7000C900CA00CE00D100D400D700DA00DC004F
:109E8000DE00E000E300E600EA00ED00F000F20092
:109E9000F400F600F800FB00141924332E433916A1
:109EA0001A1A2D2E151B191D2E312E2D2B2F2E2D4E
:109EB0002E2E19162E2E2E21462E36333B2F2C39C0
:109EC0003C1D15332C493E3D333D342B283C2B445F
:109ED0002A282C1D1D192A1F3B2C3327312D1C2805
:109EE0003319142C1A4A3330333124251B33243AC6
:109EF0002725251D3C1D2E0000000000FC03FC034F
:109F0000FC03FC03FC03FC03FC03FC03FC03F8035D
:109F1000F803F801F801F801F801F801F801F80177
:109F2000F801F801F801F801F801F801F801F80169
:109F3000F801F801F801F801F801F001F000F00073
:109F4000F000F000F000F000F00000000000000061
:109F5000000000000000F001F803FC07FC07FC070C
:109F6000FC07FC07FC07F803F001000000000000FC
:109F700000000000000000000000000000000000E1
:109F800000000000000000000000000000000000D1
:109F90000000000000000000F007C01FF007C01F15
:109FA000F007C01FF007C01FF007C01FF007C01F59
:109FB000F007C00FF003C00FF003C00FF003C00F95
:109FC000F003C00FE003800FE003800FE003800F79
:109FD000E003800FE003800FE003800FE003800FB9
:109FE000E003800FE003800F00000000000000008D
:109FF0000000000000000000000000000000000061
:10A000000000000000000000000000000000000050
:10A010000000000000000000000000000000000040
:10A020000000000000000000000000000000000030
:10A030000000000000000000000000000000000020
:10A040000000000000000000000000000000000010
:10A050000000000000000000000000000000000000
:10A0600000000000000000000000000000000000F0
:10A0700000000000000000000000000000000000E0
:10A0800000000000000000000000000000000000D0
:10A0900000000000000000000000000000000000C0
:10A0A00000000000000000000000000000000000B0
:10A0B00000000000000000000000000000000000A0
:10A0C0000000000000000000000000000000001F71
:10A0D000800F0000001F801F0000001F801F000075
:10A0E000003F001F0000003F001F0000003E001F57
:10A0F0000000003E003F0000003E003F0000007EE8
:10A10000003E0000007E003E0000007E003E000099
:10A11000007C007E0000007C007E000000FC007ED1
:10A12000000000FC007C000000FC007CFF07FFFF3B
:10A13000FFFFFF07FFFFFFFFFF07FFFFFFFFFF0717
:10A14000FFFFFFFFFF07FFFFFFFF010000F000F828
:10A15000010001F000F8010001F000F8030001F037
:10A1600000F0030001F000F0030001F000F0030034
:10A1700003E000F0030003E000F0070003E000F05C
:10A18000070003E000E0070003E000E0070003C071
:10A1900000E0FF3FFFFFF8FFFF3FFFFFF8FFFF3F3B
:10A1A000FFFFF8FFFF3FFFFFF8FFFF3FFFFFF8FF54
:10A1B0000F000F8000C00F000F8000C01F000F8035
:10A1C00000801F000F8000801F000F0000801F0014
:10A1D0001F0000801F001F0000803F001F00008044
:10A1E0003F001F0000003F001F0000003E001F0056
:10A1F00000003E003F0000003E003F0000007E00E7
:10A200003E0000007E003E0000007C003E0000009A
:10A21000000000000000000000000000000000003E
:10A22000000000000000000000000000000000002E
:10A23000000000000000000000000000000000001E
:10A24000000000000000000000000000000000000E
:10A2500000000000000000000000000000000000FE
:10A2600000000000000000000000000000000000EE
:10A2700000000000000000000000000000000000DE
:10A2800000000000000000000000003E0000000090
:10A29000003E00000000003E00000000003E000004
:10A2A0000000003E00000000003E00000000003EF4
:10A2B00000000000F0FF00000700FFFF00001F008B
:10A2C000FFFF00E07F00FFFF00F0FF00FFFF00E066
:10A2D000FF01FFFF00E0FF030F3E00C0FC03013E53
:10A2E00000C0F803003E0000F007003E0000F00749
:10A2F000003E0000F007003E0000F007003E0000B6
:10A30000F007003E0000F007003E0000F007003EAE
:10A310000000F803003E0000FC03003E0000FF01C7
:10A32000003E0000FF0100FE0000FF0000FE0000F4
:10A330007F0000FF00001F00E0FF00000700F8FFA3
:10A3400000000100FEFF00000000FF3F0080000051
:10A35000FF3F00C00000FF3E00E000003F3E00E085
:10A3600000000F3E00F00000073E00F00000033E3A
:10A3700000F80000033E00F80000033E00F8000073
:10A38000033E00F80000033E00F80000033E00F822
:10A390000000033E00F80008073E00F0000F1F3EDB
:10A3A00000F0F00F7F3E00E0FF0FFFFF00C0FF0F47
:10A3B000FFFF0080FF0FFFFF0000FF0FFEFF000008
:10A3C000FF01F0FF00001F0000FF00000000003E42
:10A3D00000000000003E00000000003E0000000001
:10A3E000003E00000000003E00000000003E0000B3
:10A3F0000000003E00000000003E000000000000E1
:10A40000000000000000000000000000000000004C
:10A41000000000000000000000000000000000003C
:10A42000000000000000000000000000000000002C
:10A43000000000000000000000000000000000001C
:10A44000000000000000000000000000000000000C
:10A4500000000000000000000F0000C0000000002D
:10A460007F0000F00F0000C0FF0000FC1F00008014
:10A47000FF0100FC1F000080FF0100FE3F00000004
:10A48000F803007F3F000000F003003F7E00000063
:10A49000E007801F7E000000E007801FFC00000036
:10A4A000C007800FF8010000C00F800FF801000006
:10A4B000C00FC00FF0030000C00FC00FF00300007A
:10A4C000C00FC00FE0070000C00FC00FE007000082
:10A4D000C00FC00FC00F0000C00FC00F800F0000E2
:10A4E000C00FC00F801F0000C00FC00F003F000052
:10A4F000C00FC00F003F0000C00FC00F007E000063
:10A50000C00FC00F007E0000C00FC00F07FC00E0AE
:10A51000C007800F3FFC00F8C007810F7FF800FEE6
:10A52000E007831FFFF000FEE007831FFFF000FF3E
:10A53000F003073FFCE1803FF803077FF8E1801F4D
:10A54000FF010FFEF0C3C00FFF010FFEF0C3C00FED
:10A55000FF001FFCE083C0073F003FF0E007C0079B
:10A560000F003FC0E007E00700007E00E007E007C3
:10A5700000007E00E007E0070000FC00E007E007C5
:10A580000000FC00E007E0070000F801E007E0073A
:10A590000000F001E007E0070000F003E007E0073B
:10A5A0000000E007E007E0070000E007E007E00741
:10A5B0000000C00FE007E0070000C00FE007E00761
:10A5C0000000801FE003C0070000801FE003C007F9
:10A5D0000000003FF003C00F0000007EF003C00F3A
:10A5E0000000007EF801801F000000FCFC01803F9D
:10A5F000000000FCFF0000FF010000F8FF0000FF6A
:10A60000010000F87F0000FE030000F01F0000F8CA
:10A6100000000000070000E0000000000000000053
:10A62000000000000000000000000000000000002A
:10A63000000000000000000000000000000000001A
:10A64000000000000000000000000000000000000A
:10A6500000000000000000000000000000000000FA
:10A6600000000000000000000000000000000000EA
:10A6700000000000000000000000000000000000DA
:10A6800000000000000000000000000000000000CA
:10A6900000000000000000000000000000000000BA
:10A6A00000000000000000000000000000000000AA
:10A6B00000000000000000000000E03F000000007B
:10A6C0000100FCFF000000000700FFFF0000000089
:10A6D0000F00FFFF008000001F00FFFF00C0000010
:10A6E0001F00FFFF00C000003F003FE000E000004F
:10A6F0003F000F8000E000007F000F8000F00000AE
:10A700007F00070000F000007F00070000F000005D
:10A710007F00070000F000007F00070000F000004D
:10A720007F00070000F000007F00070000F000003D
:10A730007F000F0000E000003F000F8000E00000FD
:10A740003F001F8000C000003F003FC000C000006D
:10A750001F00FFE0008000000F00FFF1000000007C
:10A760000F00FEFF000000000700FCFF00000000DB
:10A770000300F8FF000000000100E0FF00000000FF
:10A78000030080FF00000000070080FF00000000C1
:10A790001F00C0FF000000003F00E0FF00000000BD
:10A7A0007F00F0FF1F0000C0FF00F88F1F0000C0F7
:10A7B000FF01FC071F000080FE03FE033F00008036
:10A7C000FC03FF013F000080F807FF007F800000CE
:10A7D000F0077F007FC00000F0073F00FEE00000B0
:10A7E000E00F1F00FEF00000E00F0F00FCF1000082
:10A7F000E00F0700FCFB0000E00F0300F8FF000083
:10A80000E00F0100F0FF0000E00F0000E0FF00009B
:10A81000E00F0000C07F0000F00F0000C07F0000CC
:10A82000F00F0000E0FF0000F8070100F0FF00005B
:10A83000F8070700F8FF0000FE030F00FCFF000010
:10A84000FF037F80FEFB0000FF01FFFFFFE1000030
:10A85000FF00FFFFFFC000807F00FFFF7F8000C080
:10A860003F00FEFF3F0000E00F00F8FF1F0000F078
:10A870000100C0FF00000000000000000000000018
:10A8800000000000000000000000000000000000C8
:10A8900000000000000000000000000000000000B8
:10A8A00000000000000000000000000000000000A8
:10A8B0000000000000000000000000000000000098
:10A8C0000000000000000000000000000000000088
:10A8D0000000000000000000000000000000000078
:10A8E0000000000000000000000000000000000068
:10A8F0000000000000000000000000000000000058
:10A900000000000000000000000000000000000047
:10A9100000000000F007F007F007F007F007F0076D
:10A92000F007F003F003F003F003E003E003E003BB
:10A93000E003E003E003E003E003E00300000000C5
:10A940000000000000000000000000000000000007
:10A9500000000000000000000000000000000000F7
:10A9600000000000000000000000000000000000E7
:10A9700000000000000000000000000000000000D7
:10A9800000000000000000000000000000000000C7
:10A9900000000000000000000000000000000000B7
:10A9A00000000000000000000000000000000000A7
:10A9B000070000F0070000E00F0000C01F0000C00B
:10A9C0001F0000803F0000807F0000007F0000002B
:10A9D000FE000000FE000000FC010000FC01000081
:10A9E000FC010000F8030000F8030000F803000079
:10A9F000F0070000F0070000F0070000F00700007B
:10AA0000E00F0000E00F0000E00F0000E00F00008A
:10AA1000E00F0000C01F0000C01F0000C01F0000AA
:10AA2000C01F0000C01F0000C01F0000C01F0000AA
:10AA3000C01F0000C01F0000C01F0000C01F00009A
:10AA4000C01F0000C01F0000C01F0000C01F00008A
:10AA5000C01F0000E00F0000E00F0000E00F00004A
:10AA6000E00F0000E00F0000E00F0000F007000022
:10AA7000F0070000F0070000F8070000F8030000EE
:10AA8000F8030000FC010000FC010000FC010000D4
:10AA9000FE000000FE0000007F0000007F000000BC
:10AAA0003F0000801F0000801F0000C00F0000C09A
:10AAB000070000E0070000F00000000000000000B8
:10AAC0000000000000000000000000000000000086
:10AAD0000000000000000000000000000000000076
:10AAE000C01F0000C00F0000E0070000F0070000DA
:10AAF000F0030000F8030000FC010000FC0100006E
:10AB0000FE000000FE0000007E0000007F0000004C
:10AB10007F0000003F0000803F0000803F00008079
:10AB20001F0000C01F0000C01F0000C01F0000C0A9
:10AB30000F0000E00F0000E00F0000E00F0000E059
:10AB40000F0000E0070000F0070000F0070000F031
:10AB5000070000F0070000F0070000F0070000F019
:10AB6000070000F0070000F0070000F0070000F009
:10AB7000070000F0070000F0070000F0070000F0F9
:10AB8000070000F00F0000E00F0000E00F0000E001
:10AB90000F0000E00F0000E00F0000E01F0000C009
:10ABA0001F0000C01F0000C03F0000803F00008069
:10ABB0003F0000807F0000007F0000007F00000059
:10ABC000FE000000FE000000FC010000FC0100008F
:10ABD000F8030000F0030000F0070000E0070000A9
:10ABE000C00F0000C01F00000000000000000000B7
:10ABF0000000000000000000000000000000000055
:10AC000000000000000000000000007F00000000C5
:10AC1000007F00000000007F00000000007F0000B7
:10AC20000000007F00000000003E00000000003E29
:10AC300000000000003E00000000003E0000000098
:10AC4000003E00000008003E0000000F003E0078BB
:10AC5000F00F033E00F8FE0F3F3E00FCFF1FFFFF1A
:10AC600000FCFF1FFFFF00FCFF1FFFFF00FCFF1F9A
:10AC7000FFFF00FC0000007F0000000080FF0000DC
:10AC80000100C0FF00000100C0F700000300E0F772
:10AC900000000700F0E300000F00F8E300000F00E1
:10ACA000F8C100001F00FCC100003F00FEC1000011
:10ACB0007F00FF8000007F00FF800000FF007F001A
:10ACC00000803F007E0000000E00380000000200FF
:10ACD0003000000000000000000000000000000044
:10ACE0000000000000000000000000000000000064
:10ACF0000000000000000000000000000000000054
:10AD00000000000000000000000000000000000043
:10AD10000000000000000000000000000000000033
:10AD20000000000000000000000000000000000023
:10AD30000000000000000000000000000000000013
:10AD40000000000000000000000000000000000003
:10AD500000000000000000000000000000000000F3
:10AD600000000000000000000000000000000000E3
:10AD700000000000000000000000000000000000D3
:10AD800000000000000000000000000000000000C3
:10AD900000000000000000000000000000000000B3
:10ADA00000000000000000000000000000000000A3
:10ADB0000000000000000000000000000000000093
:10ADC0000000000000000000000000000000000083
:10ADD0000000000000000000000000000000000073
:10ADE0000000000000000000000000000000000063
:10ADF0000000000000000000000000000000000053
:10AE00000000000000000000000000000000000042
:10AE100000000000003F00000000003F00000000B4
:10AE2000003F00000000003F00000000003F000065
:10AE30000000003F00000000003F00000000003F55
:10AE400000000000003F00000000003F0000000084
:10AE5000003F00000000003F00000000003F000035
:10AE60000000003F0000FF0FFFFF00FCFF0FFFFF8F
:10AE700000FCFF0FFFFF00FCFF0FFFFF00FCFF0FB8
:10AE8000FFFF00FCFF0FFFFF00FC0000003F000081
:10AE90000000003F00000000003F00000000003FF5
:10AEA00000000000003F00000000003F0000000024
:10AEB000003F00000000003F00000000003F0000D5
:10AEC0000000003F00000000003F00000000003FC5
:10AED00000000000003F00000000003F00000000F4
:10AEE0000000000000000000000000000000000062
:10AEF0000000000000000000000000000000000052
:10AF00000000000000000000000000000000000041
:10AF10000000000000000000000000000000000031
:10AF20000000000000000000000000000000000021
:10AF30000000000000000000000000000000000011
:10AF40000000000000000000000000000000000001
:10AF500000000000000000000000000000000000F1
:10AF600000000000000000000000000000000000E1
:10AF700000000000000000000000000000000000D1
:10AF800000000000000000000000000000000000C1
:10AF900000000000000000000000000000000000B1
:10AFA00000000000000000000000000000000000A1
:10AFB0000000000000000000000000000000000091
:10AFC0000000000000000000000000000000000081
:10AFD0000000000000000000000000000000000071
:10AFE0000000000000000000000000000000000061
:10AFF000000000000000FC03FC03FC03F807F80756
:10B00000F807F007F007F00FE00FE00FC00FC00FD8
:10B01000C01F801F801F001F003F003E0000000077
:10B020000000000000000000000000000000000020
:10B030000000000000000000000000000000000010
:10B040000000000000000000000000000000000000
:10B0500000000000000000000000000000000000F0
:10B0600000000000000000000000000000000000E0
:10B0700000000000000000000000000000000000D0
:10B0800000000000000000000000000000000000C0
:10B0900000000000000000000000000000000000B0
:10B0A00000000000000000000000000000000000A0
:10B0B0000000000000000000FF1F00F8FF1F00F864
:10B0C000FF1F00F8FF1F00F8FF1F00F8FF1F00F828
:10B0D0000000000000000000000000000000000070
:10B0E0000000000000000000000000000000000060
:10B0F0000000000000000000000000000000000050
:10B10000000000000000000000000000000000003F
:10B11000000000000000000000000000000000002F
:10B12000000000000000000000000000000000001F
:10B13000000000000000000000000000000000000F
:10B1400000000000000000000000000000000000FF
:10B1500000000000000000000000000000000000EF
:10B1600000000000000000000000000000000000DF
:10B1700000000000000000000000000000000000CF
:10B1800000000000000000000000000000000000BF
:10B1900000000000000000000000000000000000AF
:10B1A000000000000000000000000000000000009F
:10B1B0000000000000000000000000000000F0019E
:10B1C000F803FC07FC07FC07FC07FC07FC07F80377
:10B1D000F00100000000000000000000000000007E
:10B1E000000000000000000000000000000000005F
:10B1F000000000000000000000000000000000004F
:10B200000000E0070000E00F0000E00F0000C00FAA
:10B210000000C01F0000801F0000803F0000803F32
:10B220000000003F0000007F0000007F0000007E63
:10B23000000000FE000000FC010000FC010000FC1A
:10B24000010000F8030000F8030000F8030000F01C
:10B25000070000F0070000E00F0000E00F0000E032
:10B260000F0000C01F0000C01F0000C01F000080B2
:10B270003F0000803F0000807F0000007F00000052
:10B280007E000000FE000000FE000000FC00000048
:10B29000FC010000FC010000F8010000F8030000C0
:10B2A000F0030000F0070000F0070000E0070000D6
:10B2B000E00F0000E00F0000C00F0000C01F000002
:10B2C000801F0000803F0000803F0000003F000022
:10B2D000007F0000007F0000000000000000000070
:10B2E000000000000000000000000000000000005E
:10B2F000000000000000000000000000000000004E
:10B30000000000000000000000000000000000003D
:10B31000000000000000000000000000000000002D
:10B32000000000000000000000000000000000001D
:10B33000807F00000300F0FF00000F00F8FF000016
:10B340001F00FEFF00003F00FFFF00007F00FFFF27
:10B350000000FF00FF800080FF003F0000C0FE01F2
:10B360001F0000C0FC010F0000E0F8030F0000E028
:10B37000F803070000F0F803070000F0F0070300EF
:10B3800000F0F007030000F8F007030000F8F007F2
:10B39000030000F8E007030000F8E007010000F8F0
:10B3A000E00F010000F8E00F010000FCE00F0100D9
:10B3B00000FCE00F010000FCE00F010000FCE00FCA
:10B3C000010000FCE00F010000FCE00F010000FCA8
:10B3D000E00F010000FCE00F010000FCE00F0100A5
:10B3E00000FCE00F010000FCE00F010000FCE00F9A
:10B3F000010000FCE00F010000FCE00F010000FC78
:10B40000E00F010000FCE007010000FCE007010084
:10B4100000F8E007030000F8F007030000F8F00769
:10B42000030000F8F007030000F8F003030000F049
:10B43000F803070000F0F803070000F0F8010F0020
:10B4400000F0FC010F0000E0FE001F0000E0FF0024
:10B450003F0000C07F007F8000C07F00FFFF0080B2
:10B460003F00FFFF00001F00FEFF00000F00FCFF79
:10B4700000000300F0FF00000000807F00000000DB
:10B4800000000000000000000000000000000000BC
:10B4900000000000000000000000000000000000AC
:10B4A000000000000000000000000000000000009C
:10B4B000000000000000000000000000000000008C
:10B4C000000000000000000000000000000000007C
:10B4D000000000000000000000000000000000006C
:10B4E000000000000000000000000000000000005C
:10B4F00000000000000000000000E00F0000E01F5E
:10B500000000E03F0000E07F0100E0FF0300E0FFFB
:10B510000700E0FF0F00E0FF3F00E0EF7F00E0CF1B
:10B52000FF00E08FFF01E00FFE00E00F7C00E00F66
:10B530007000E00F2000E00F0000E00F0000E00FBF
:10B540000000E00F0000E00F0000E00F0000E00F3F
:10B550000000E00F0000E00F0000E00F0000E00F2F
:10B560000000E00F0000E00F0000E00F0000E00F1F
:10B570000000E00F0000E00F0000E00F0000E00F0F
:10B580000000E00F0000E00F0000E00F0000E00FFF
:10B590000000E00F0000E00F0000E00F0000E00FEF
:10B5A0000000E00F0000E00F0000E00F0000E00FDF
:10B5B0000000E00F0000E00F0000E00F0000E00FCF
:10B5C0000000E00F0000E00F0000E00F0000E00FBF
:10B5D000000000000000000000000000000000006B
:10B5E000000000000000000000000000000000005B
:10B5F000000000000000000000000000000000004B
:10B60000000000000000000000000000000000003A
:10B61000000000000000000000000000000000002A
:10B62000000000000000000080FF00000F00E0FFAD
:10B6300000003F00F8FF00007F00FEFF0000FF0158
:10B64000FFFF0000FF03FFFF0000FE07FF00008078
:10B65000F8037F000080F0013F0000C0C0001F0021
:10B6600000C080001F0000E000000F0000E00000AC
:10B670000F0000E000000F0000E000000F0000E0FD
:10B6800000000F0000E000000F0000E000000F00CD
:10B6900000E000000F0000E000001F0000C00000FC
:10B6A0001F0000C000001F0000C000003F0000801D
:10B6B00000003F00008000007F00000000007F00CD
:10B6C00000000000FE0000000000FE01000000007D
:10B6D000FC0300000000F80300000000F007000079
:10B6E0000000F00F00000000E01F00000000C03F5D
:10B6F00000000000807F0000000000FF000001004B
:10B7000000FE0000030000FC0000030000F8000041
:10B71000070000F800000F0000F000001F0000E02C
:10B7200000003F0000C000007F0000800000FF001C
:10B7300000000000FE0100000000FC03000000000B
:10B74000F80300000000F00700000000FF0FFFFFFB
:10B7500000F8FF0FFFFF00F8FF0FFFFF00F8FF0FDB
:10B76000FFFF00F8FF0FFFFF00F8FF0FFFFF00F8DB
:10B7700000000000000000000000000000000000C9
:10B7800000000000000000000000000000000000B9
:10B7900000000000000000000000000000000000A9
:10B7A0000000000000000000000000000000000099
:10B7B0000000000000000000000000000000000089
:10B7C0000000000000000000000000000000000079
:10B7D0000000000000000000000000000000000069
:10B7E0000000000000000000000000000000030056
:10B7F00000FF00003F00E0FF0000FF00F8FF000036
:10B80000FF03FEFF0000FF0FFFFF0000FF1FFFFF11
:10B810000000F80FFF010080E00F7F0000C08007EC
:10B820003F0000C000021F0000C000000F0000E049
:10B8300000000F0000E000000F0000E000000F001B
:10B8400000E000000F0000E000000F0000E000003A
:10B850000F0000E000001F0000C000001F0000C03B
:10B8600000003F0000C000003F00008000007F009B
:10B8700000000000FE0100000000FC0F00001F009F
:10B88000F8FF00001F00E0FF00001F0000FE0000A6
:10B890001F00F0FF00001F00FCFF00001F00FFFF63
:10B8A00000000000FF01008000007F0000C00000D9
:10B8B0001F0000E000000F0000E00000070000F0A3
:10B8C0000000070000F00000030000F80000030083
:10B8D00000F80000030000F80000030000F800007A
:10B8E000030000F80000030000F80000030000F867
:10B8F0000000030000F80000070000F0000007004F
:10B9000000F000000F0000F000181F0000E0001E13
:10B910007F0000E0E01FFF0100C0FF1FFFFF00806D
:10B92000FF1FFFFF0000FF1FFEFF0000FF0FF8FFDB
:10B930000000FF03E0FF00001F0000FE0000000009
:10B9400000000000000000000000000000000000F7
:10B9500000000000000000000000000000000000E7
:10B9600000000000000000000000000000000000D7
:10B9700000000000000000000000000000000000C7
:10B9800000000000000000000000000000000000B7
:10B9900000000000000000000000000000000000A7
:10B9A0000000000000000000000000000000000097
:10B9B00000000000000000000000000000007F0008
:10B9C00000800000FF0000800000FF0000800000F9
:10B9D000FF0100800000FF0300800000FF030080E3
:10B9E0000000FF0700800000FF0F00800000FF0F35
:10B9F00000800000BF1F00800000BF3F00800000EB
:10BA00003F3F008000003F7F008000003FFE00803D
:10BA100000003FFC008001003FFC008003003FF875
:10BA2000008003003FF0008007003FE000800F002F
:10BA30003FE000800F003FC000801F003F8000807B
:10BA40003F003F8000803F003F0000807E003F00BD
:10BA50000080FE003F000080FC013F000080F801F4
:10BA60003F000080F8033F000080F0073F000080A7
:10BA7000E0073F000080E00F3F000080C01F3F0054
:10BA80000080801F3F000080803F3F000080007FDB
:10BA90003F000080FF7FFFFF00FFFF7FFFFF00FFF1
:10BAA000FF7FFFFF00FFFF7FFFFF00FFFF7FFFFF24
:10BAB00000FFFF7FFFFF00FF00003F00008000004D
:10BAC0003F00008000003F00008000003F00008039
:10BAD00000003F00008000003F00008000003F00A9
:10BAE000008000003F00008000003F000080000058
:10BAF0003F00008000003F00008000003F00008009
:10BB00000000000000000000000000000000000035
:10BB10000000000000000000000000000000000025
:10BB20000000000000000000000000000000000015
:10BB30000000000000000000000000000000000005
:10BB400000000000000000000000000000000000F5
:10BB500000000000000000000000000000000000E5
:10BB600000000000000000000000000000000000D5
:10BB700000000000000000000000000000000000C5
:10BB800000000000FF00FFFF00C0FF00FFFF00C03B
:10BB9000FF00FFFF00C0FF00FFFF00C0FF00FFFF2E
:10BBA00000C0FF00FFFF00C0FC0100000000FC011E
:10BBB00000000000FC0100000000FC01000000008B
:10BBC000FC0100000000F80100000000F801000086
:10BBD0000000F80100000000F80100000000F8017A
:10BBE00000000000F80100000000F8010000000063
:10BBF000F80100000000F80300000000F803000056
:10BC00000000F30380FF0000FF03F8FF0000FF03C4
:10BC1000FEFF0000FF03FFFF0000FF03FFFF0080A7
:10BC2000FF01FFFF00C06000FF0000E000003F00D8
:10BC300000F000000F0000F00000070000F8000016
:10BC4000030000F80000030000F80000030000FCFF
:10BC50000000010000FC0000010000FC00000100E9
:10BC600000FC0000010000FC0000010000FC0000DE
:10BC7000010000FC0000010000FC0000010000FCCD
:10BC80000000030000F80000030000F800000700B7
:10BC900000F80000070000F000040F0000F080072B
:10BCA0003F0000E0F007FF0000E0FF07FFFF00C0DB
:10BCB000FF07FFFF0080FF07FEFF0000FF03FCFF00
:10BCC0000000FF00E0FF00000F0000FF0000000088
:10BCD0000000000000000000000000000000000064
:10BCE0000000000000000000000000000000000054
:10BCF0000000000000000000000000000000000044
:10BD00000000000000000000000000000000000033
:10BD10000000000000000000000000000000000023
:10BD20000000000000000000000000000000000013
:10BD30000000000000000000000000000000000003
:10BD40000000000000000000FF0100C00000FF1F15
:10BD500000E00000FF7F00E00100FFFF00E00700BF
:10BD6000FFFF00E00F00FFFF00E01F0000FE0020CB
:10BD70003F0000F000003F0000C000007F00008096
:10BD80000000FF0000000000FE0000000000FE01B7
:10BD900000000000FC0100000000F80100000000AD
:10BDA000F80300000000F80300000000F0030000AA
:10BDB0000000F00700000000F00700000000F0079E
:10BDC00000000000F007F01F0000E007FEFF000089
:10BDD000E10FFFFF0000E30FFFFF00C0E70FFFFFD1
:10BDE00000E0EF0F7FF000F0FF0F0F8000F0FE0F7C
:10BDF000070000F8FC0F030000F8F80F010000FC3A
:10BE0000F00F010000FCF00F000000FCE00F00004C
:10BE100000FEE00F000000FEE00F000000FEE00F5B
:10BE2000000000FEE00F000000FEE00F000000FE3A
:10BE3000E007000000FEE007000000FEF007000041
:10BE400000FEF007000000FEF003000000FCF80315
:10BE5000010000FCF803010000FCFC01030000F8F5
:10BE6000FE01070000F8FF000F0000F07F003FC058
:10BE700000F03F00FFFF00E03F00FFFF00C00F00A9
:10BE8000FFFF00800700FFFF00000100FCFF000033
:10BE90000000E03F00000000000000000000000083
:10BEA0000000000000000000000000000000000092
:10BEB0000000000000000000000000000000000082
:10BEC0000000000000000000000000000000000072
:10BED0000000000000000000000000000000000062
:10BEE0000000000000000000000000000000000052
:10BEF0000000000000000000000000000000000042
:10BF00000000000000000000000000000000000031
:10BF100000000000FF1FFFFF00FCFF1FFFFF00FCF1
:10BF2000FF1FFFFF00FCFF1FFFFF00FCFF1FFFFFC5
:10BF300000FCFF1FFFFF00FC0000010000FC0000F0
:10BF4000030000F80000030000F80000030000F008
:10BF50000000070000F00000070000E000000F00F4
:10BF600000E000000F0000E000001F0000C0000023
:10BF70001F0000C000003F00008000003F00008064
:10BF800000003F00000000007F00000000007E0075
:10BF900000000000FE0000000000FE0000000000A5
:10BFA000FC0100000000FC0100000000F80300009C
:10BFB0000000F80300000000F00300000000F0079C
:10BFC00000000000F00700000000E00F000000008B
:10BFD000E00F00000000C01F00000000C01F0000B4
:10BFE0000000803F00000000803F00000000803F14
:10BFF00000000000007F00000000007F0000000043
:10C0000000FE0000000000FE0000010000FC000037
:10C01000010000FC0000030000FC0000030000F829
:10C020000000030000F80000070000F00000070017
:10C0300000F000000F0000E000000F0000E0000032
:10C040001F0000C000001F0000C000003F0000C033
:10C0500000003F0000800000000000000000000021
:10C0600000000000000000000000000000000000D0
:10C0700000000000000000000000000000000000C0
:10C0800000000000000000000000000000000000B0
:10C0900000000000000000000000000000000000A0
:10C0A0000000000000000000000000000000000090
:10C0B0000000000000000000000000000000000080
:10C0C0000000000000000000000000000000000070
:10C0D0000000000000000000807F00000300F8FF67
:10C0E00000000F00FCFF00003F00FFFF00007F008A
:10C0F000FFFF0080FF00FFFF00C0FF007F8000C047
:10C10000FE011F0000E0FC010F0000E0F803070043
:10C1100000F0F803070000F0F803070000F0F80350
:10C12000070000F0F803070000F0F803070000F034
:10C13000F803070000F0F803070000F0F80107001B
:10C1400000E0FC010F0000E0FC011F0000E0FE0029
:10C150003F0000C07F007F8000807F00FFC00000A4
:10C160003F00FEF300001F00FCFF00000F00F8FF7F
:10C1700000000300E0FF00000300F0FF00000F00DC
:10C18000F8FF00003F00FEFF00007F00FFC300003B
:10C19000FF00FF800080FE017F0000C0FC031F0045
:10C1A00000E0F8030F0000F0F007070000F8F007C8
:10C1B000030000F8E007010000F8E00F010000FCB8
:10C1C000E00F010000FCE00F010000FCE00F0100A7
:10C1D00000FCE00F010000FCE00F010000FCE00F9C
:10C1E000010000FCE00F010000F8F007030000F878
:10C1F000F807070000F8FC030F0000F0FF033F0002
:10C2000000F0FF01FFFF00E0FF00FFFF00C07F0024
:10C21000FFFF00803F00FEFF00000F00F8FF00005E
:10C220000000C0FF0000000000000000000000004F
:10C2300000000000000000000000000000000000FE
:10C2400000000000000000000000000000000000EE
:10C2500000000000000000000000000000000000DE
:10C2600000000000000000000000000000000000CE
:10C2700000000000000000000000000000000000BE
:10C2800000000000000000000000000000000000AE
:10C29000000000000000000000000000000000009E
:10C2A00080FF00000700E0FF00001F00F8FF000013
:10C2B0003F00FEFF00007F00FFFF0000FF00FFFFC8
:10C2C0000080FF01FF000080FE033F0000C0F80374
:10C2D0001F0000E0F8070F0000E0F007070000F083
:10C2E000F007070000F0E007030000F0E00F030094
:10C2F00000F8E00F010000F8E00F010000F8E00F87
:10C30000010000F8E00F010000FCE00F010000FC5C
:10C31000E00F010000FCE00F010000FCE00F010055
:10C3200000FCE00F010000FCF007030000FCF00738
:10C33000070000FCF8070F0000FCFC031F0000FCD6
:10C34000FE033F0000FCFF01FDC300FCFF00F9FFFE
:10C3500000FC7F00F9FF00FC3F00E1FF00FC0F0044
:10C36000C1FF00F8010001FE00F80000030000F822
:10C370000000030000F80000030000F800000300C4
:10C3800000F80000030000F00000070000F00000CB
:10C39000070000F000000F0000E000000F0000E0C8
:10C3A00000001F0000C000001F0000C000003F0090
:10C3B000008000007F0000800000FF0100000000FE
:10C3C000FE070000E000FCFF0000FF00F8FF000097
:10C3D000FF00F0FF0000FF00C0FF0000FF0000FFB3
:10C3E00000007F0000F000000000000000000000DE
:10C3F000000000000000000000000000000000003D
:10C40000000000000000000000000000000000002C
:10C41000000000000000000000000000000000001C
:10C42000000000000000000000000000000000000C
:10C4300000000000000000000000000000000000FC
:10C4400000000000000000000000000000000000EC
:10C4500000000000000000000000000000000000DC
:10C4600000000000000000000000000000000000CC
:10C47000000000000000000000000000F001F803D0
:10C48000FC07FC07FC07FC07FC07FC07F803F001AE
:10C49000000000000000000000000000000000009C
:10C4A000000000000000000000000000000000008C
:10C4B0000000000000000000000000000000F0018B
:10C4C000F803FC07FC07FC07FC07FC07FC07F80364
:10C4D000F00100000000000000000000000000006B
:10C4E000000000000000000000000000000000004C
:10C4F000000000000000000000000000000000003C
:10C50000000000000000000000000000000000002B
:10C5100000000000F001F803FC07FC07FC07FC0723
:10C52000FC07FC07F803F001000000000000000019
:10C5300000000000000000000000000000000000FB
:10C5400000000000000000000000000000000000EB
:10C55000000000000000FC03FC03FC03F807F807E0
:10C56000F807F007F007F00FE00FE00FC00FC00F63
:10C57000C01F801F801F001F003F003E0000000002
:10C5800000000000000000000000000000000000AB
:10C59000000000000000000000000000000000009B
:10C5A000000000000000000000000000000000008B
:10C5B000000000000000000000000000000000007B
:10C5C000000000000000000000000000000000006B
:10C5D000000400000000001C00000000007C0000BF
:10C5E000010000FC0000070000FC00000F0000FC40
:10C5F00000003F0000F80000FF0000E00000FF0323
:10C6000000800000FE0F00000000F83F0000000066
:10C61000E0FF0000030080FF00000F0000FE0000AC
:10C620003F0000F800007F0000E00000FF010080F4
:10C630000000FE0700000000F80F00000000E00FFF
:10C6400000000000F80F00000000FF0F00000000D5
:10C65000FF0300C00000FF0000F000003F0000FEEC
:10C6600000000F0080FF00000100E0FF000000005C
:10C67000FC7F00000000FF1F00000000FF0700C05B
:10C680000000FF0000F800003F0000FC00000F0069
:10C6900000FC0000030000FC0000000000FC0000A3
:10C6A0000000001C0000000000040000000000006A
:10C6B000000000000000000000000000000000007A
:10C6C000000000000000000000000000000000006A
:10C6D000000000000000000000000000000000005A
:10C6E000000000000000000000000000000000004A
:10C6F000000000000000000000000000000000003A
:10C700000000000000000000000000000000000029
:10C710000000000000000000000000000000000019
:10C720000000000000000000000000000000000009
:10C7300000000000000000000000000000000000F9
:10C7400000000000000000000000000000000000E9
:10C7500000000000000000000000000000000000D9
:10C7600000000000000000000000000000000000C9
:10C7700000000000000000000000000000000000B9
:10C7800000000000000000000000000000000000A9
:10C790000000000000000000000000000000000099
:10C7A0000000000000000000000000000000000089
:10C7B0000000000000000000000000000000000079
:10C7C00000000000000000000000FF0FFFFF00FC61
:10C7D000FF0FFFFF00FCFF0FFFFF00FCFF0FFFFF3D
:10C7E00000FCFF0FFFFF00FCFF0FFFFF00FC00003D
:10C7F0000000000000000000000000000000000039
:10C800000000000000000000000000000000000028
:10C810000000000000000000000000000000000018
:10C8200000000000FF0FFFFF00FCFF0FFFFF00FCF8
:10C83000FF0FFFFF00FCFF0FFFFF00FCFF0FFFFFDC
:10C8400000FCFF0FFFFF00FC0000000000000000E4
:10C8500000000000000000000000000000000000D8
:10C8600000000000000000000000000000000000C8
:10C8700000000000000000000000000000000000B8
:10C8800000000000000000000000000000000000A8
:10C890000000000000000000000000000000000098
:10C8A0000000000000000000000000000000000088
:10C8B0000000000000000000000000000000000078
:10C8C0000000000000000000000000000000000068
:10C8D0000000000000000000000000000000000058
:10C8E0000000000000000000000000000000000048
:10C8F0000000000000000000000000000000000038
:10C900000000000000000000000000000000000027
:10C910000000000000000000000000000000000017
:10C920000000000000000000000000000000000007
:10C9300000000000000000000000000000000000F7
:10C9400000000000000000000000000000000000E7
:10C9500000000000000000000000000000080000CF
:10C960000000000E00000000800F00000000E00F3B
:10C9700000000000F80F00000000FC0F00000000A5
:10C98000FF0700000000FF0100C000007F0000F072
:10C9900000001F0000FC0000070000FF0000010075
:10C9A000C0FF00000000F07F00000000FC1F00003E
:10C9B0000000FF0700000000FF01008000007F0072
:10C9C00000E000001F0000F80000070000FC00006D
:10C9D000010000FC0000070000FC00003F0000FC1C
:10C9E0000000FF0000F00000FF0300C00000FF1F78
:10C9F00000000000FC7F00000100E0FF00000F00CD
:10CA000080FF00003F0000FE0000FF0000F8000073
:10CA1000FF0700C00000FF0F00000000FC0F000037
:10CA20000000F00F00000000C00F00000000000E2A
:10CA300000000000000800000000000000000000EE
:10CA400000000000000000000000000000000000E6
:10CA500000000000000000000000000000000000D6
:10CA600000000000000000000000000000000000C6
:10CA700000000000000000000000000000000000B6
:10CA800000000000000000000000000000000000A6
:10CA90000000000000000000000000000000000096
:10CAA0000000000000000000000000000000000086
:10CAB0000000000000000000000000000000000076
:10CAC0000000000000000000000000000000000066
:10CAD0000000000000000000000000000000000056
:10CAE0000000000000000000000000003F0000E027
:10CAF000FF0300FCFF0F00FFFF7FC0FFFF7FE0FF91
:10CB0000FF3FE0FFC03FF01F001EF8070018F803CA
:10CB10000000F8030000FC010000FC010000FC0123
:10CB20000000FC000000FC000000FC000000FC0114
:10CB30000000FC010000FC010000F8030000F80305
:10CB40000000F0070000F00F0000E01F0000C03FF1
:10CB50000000C07F000080FF030000FF070000FE10
:10CB6000070000F80F0000F01F0000E01F0000E0C9
:10CB70001F0000C03F0000803F0000803F00008099
:10CB80003F0000003F0000003F00000000000000E8
:10CB90000000000000000000000000000000000095
:10CBA000000000003E0000007F000000FF00008049
:10CBB000FF000080FF000080FF000080FF00008079
:10CBC000FF0000807F0000003E0000000000000029
:10CBD0000000000000000000000000000000000055
:10CBE0000000000000000000000000000000000045
:10CBF0000000000000000000000000000000000035
:10CC00000000000000000000000000000000000024
:10CC10000000000000000000000000000000000014
:10CC200000000000000000000000070080FF00007E
:10CC300000007F00F8FF00000000FF03FEFF00007F
:10CC40000000FF0FFFFF00800000FF1FFFFF00E05C
:10CC50000000FC7FFF0000F00000C0FF0F0000FCA0
:10CC6000030000FE030000FE070000F8000000FFC4
:10CC70000F0000F00000007F0F0000E00000803F88
:10CC80001F0000800000C01F3F0000000000C00F18
:10CC90007F0000000000E0077E0000000000E007C9
:10CCA000FC00030080FFF003F8000F00F8FFF00322
:10CCB000F8013F00FCFFF801F001FF00FCFFF80164
:10CCC000F003FF01FCFFF800F003FE01FC00F80098
:10CCD000E003F803FC00FC00E007F007FC00FC00A8
:10CCE000E007E007FC00FC00C007E00FFC007C0050
:10CCF000C007C00FF8007C00C00FC00FF8007C0018
:10CD0000C00F801FF8007C00C00F801FF8017C005E
:10CD1000C00F801FF8017C00C00F801FF801FC00CD
:10CD2000C00F801FF801FC00C00F801FF801FC003D
:10CD3000C00F801FF801F800C00F801FF801F80035
:10CD4000C00F801FF803F801C00F801FF803F00127
:10CD5000C00FC00FF803F001C00FC00FFC07F003B5
:10CD6000C007E00FBC0FE007C007F807BE1FE00FC9
:10CD7000E007FF033FFFC0FFE007FF031FFE80FF48
:10CD8000E007FF011FFC00FFF0037F0007F800FE33
:10CD9000F0031F0003C000F8F801000000000000CD
:10CDA000F801000000000000FC000000000000008E
:10CDB000FE000000000000007F00000000000000F6
:10CDC0007F000080000000003F0000C00000000065
:10CDD0001F0000F0030000000F0000FE1F00000015
:10CDE0000700E0FFFF0300000100FFFFFFFF00005E
:10CDF0000000FF7FFFFF00000000FF1FFEFF00009C
:10CE00000000FF07F0FF000000003F0000FE0000F0
:10CE10000000000000000000000000000000000012
:10CE20000000000000000000000000000000000002
:10CE300000000000000000000000000000000000F2
:10CE400000000000000000000000000000000000E2
:10CE500000000000000000000000000000000000D2
:10CE600000000000000000000000000000000000C2
:10CE700000000000000000000000000000000000B2
:10CE8000000000000000C00F00000000E01F0000D4
:10CE90000000E01F00000000E01F00000000F03F65
:10CEA00000000000F03F00000000F87F00000000DC
:10CEB000F87F00000000F87F00000000FCFC00008C
:10CEC0000000FCFC00000000FCFC00000100FEFC77
:10CED000000001007EF8000003007FF8000003005E
:10CEE0007FF8000003003FF0000007003FF00080E3
:10CEF00007001FE0008007001FE000800F001FE018
:10CF000000C00F000FC000C01F000FC000E01F00D6
:10CF10000FC000E01F00078000E03F00078000F026
:10CF20003F00078000F03F00030000F07F00030097
:10CF300000F87F00010000F8FE00010000FCFF0087
:10CF4000FFFF00FCFF00FFFF00FCFF01FFFF00FEF2
:10CF5000FF01FFFF00FEFF01FFFF00FEFF03FFFFD9
:10CF600000FFF8030000007FF0030000003FF0071F
:10CF70000000803FF0070000803FE00F0000C01F6E
:10CF8000E00F0000C01FE00F0000C00FC01F000036
:10CF9000E00FC01F0000E00F801F0000E007803F8F
:10CFA0000000F007803F0000F007007F0000F8035A
:10CFB000007F0000F803007F0000F80300FE00007F
:10CFC000FC0100FE0000FC01000000000000000069
:10CFD0000000000000000000000000000000000051
:10CFE0000000000000000000000000000000000041
:10CFF0000000000000000000000000000000000031
:10D000000000000000000000000000000000000020
:10D010000000000000000000000000000000000010
:10D020000000000000000000000000000000000000
:10D0300000000000000000000000000000000000F0
:10D04000000000000000000000000000FF01F8FFE9
:10D050000000FF01FFFF0080FF01FFFF00E0FF0174
:10D06000FFFF00F8FF01FFFF00FCFF01FFFF00FED4
:10D07000FC010F0000FEFC01010000FFFC010000AC
:10D0800000FFFC010000807FFC010000807FFC01AC
:10D090000000803FFC010000803FFC010000803F59
:10D0A000FC010000803FFC010000803FFC0100000B
:10D0B000803FFC010000003FFC010000007FFC01FC
:10D0C0000000007FFC01000000FEFC01010000FCEC
:10D0D000FC010F0000F8FF01FFFF00F0FF01FFFF60
:10D0E00000C0FF01FCFF0000FF01FFFF0080FF0107
:10D0F000FFFF00F0FF01FFFF00F8FC010F0000FE42
:10D10000FC01010000FFFC01000000FFFC01000029
:10D11000807FFC010000803FFC010000C03FFC015B
:10D120000000C03FFC010000C01FFC010000C01F48
:10D13000FC010000C01FFC010000C01FFC0100003A
:10D14000C03FFC010000C03FFC010000C03FFC01EB
:10D150000000803FFC010000807FFC01000080FF98
:10D16000FC01010000FFFC010F0000FEFF01FFFFBA
:10D1700000FEFF01FFFF00FCFF01FFFF00F8FF01C1
:10D18000FFFF00E0FF01FFFF0080FF01FCFF000048
:10D19000000000000000000000000000000000008F
:10D1A000000000000000000000000000000000007F
:10D1B000000000000000000000000000000000006F
:10D1C000000000000000000000000000000000005F
:10D1D000000000000000000000000000000000004F
:10D1E000000000000000000000000000000000003F
:10D1F000000000000000000000000000000000002F
:10D20000000000000000000000000000000000001E
:10D21000FF0000F00000FF0700FF0000FF3FE0FFFD
:10D220000000FFFFF0FF0100FFFFE0FF0300FFFF32
:10D23000E0FF0700C0FFC03F0F0000FEC0031F005B
:10D2400000F880003F0000F000007F0000C00000F8
:10D250007F0000800000FF0000800000FF00000051
:10D260000000FE0100000000FE0100000000FC01C3
:10D2700000000000FC0300000000FC0300000000B0
:10D28000F80300000000F80300000000F8070000A9
:10D290000000F80700000000F80700000000F00799
:10D2A00000000000F00700000000F0070000000090
:10D2B000F00700000000F00700000000F007000089
:10D2C0000000F00700000000F00700000000F80771
:10D2D00000000000F80700000000F8070000000050
:10D2E000F80300000000F80300000000F80300004D
:10D2F0000000FC0300000000FC0300000000FC0133
:10D3000000000000FE0100000000FE01000000001F
:10D31000FF0000000000FF00008000007F0000C050
:10D3200000007F0000E000003F0000F000001F0050
:10D3300000FCC0010F00C0FFC01F0700FFFFC0FFBF
:10D340000300FFFFC0FF0100FFFFC0FF0000FF7FE1
:10D35000C0FF0000FF1F00FF0000FF0100F0000001
:10D3600000000000000000000000000000000000BD
:10D3700000000000000000000000000000000000AD
:10D38000000000000000000000000000000000009D
:10D39000000000000000000000000000000000008D
:10D3A000000000000000000000000000000000007D
:10D3B000000000000000000000000000000000006D
:10D3C000000000000000000000000000000000005D
:10D3D000000000000000000000000000FF01F0FF5E
:10D3E0000000FF01FFFF0000FF01FFFF00C0FF0181
:10D3F000FFFF00F0FF01FFFF00FCFF01FFFF00FE49
:10D40000FC011F0000FFFC01030080FFFC01000085
:10D41000C0FFFC010000C07FFC010000E03FFC01F8
:10D420000000F01FFC010000F00FFC010000F807F5
:10D43000FC010000F807FC010000F803FC010000FB
:10D44000FC03FC010000FC03FC010000FC01FC01EA
:10D450000000FC01FC010000FE01FC010000FE01D7
:10D46000FC010000FE01FC010000FE00FC010000C8
:10D47000FE00FC010000FE00FC010000FE00FC01BB
:10D480000000FE00FC010000FE00FC010000FE00A8
:10D49000FC010000FE01FC010000FE01FC01000097
:10D4A000FE01FC010000FC01FC010000FC01FC018C
:10D4B0000000FC01FC010000FC03FC010000FC0377
:10D4C000FC010000F807FC010000F807FC01000067
:10D4D000F00FFC010000F00FFC010000E01FFC0158
:10D4E0000000E03FFC010000C07FFC01010080FF64
:10D4F000FC01070080FFFC013F0000FFFF01FFFF70
:10D5000000FEFF01FFFF00F8FF01FFFF00F0FF0139
:10D51000FFFF00C0FF01FEFF0000FF01E0FF000071
:10D5200000000000000000000000000000000000FB
:10D5300000000000000000000000000000000000EB
:10D5400000000000000000000000000000000000DB
:10D5500000000000000000000000000000000000CB
:10D5600000000000000000000000000000000000BB
:10D5700000000000000000000000000000000000AB
:10D58000000000000000000000000000000000009B
:10D59000000000000000000000000000000000008B
:10D5A00000000000FF01FFFF00E0FF01FFFF00E0BF
:10D5B000FF01FFFF00E0FF01FFFF00E0FF01FFFFB1
:10D5C00000E0FF01FFFF00E0FC0100000000FC01A3
:10D5D00000000000FC0100000000FC010000000051
:10D5E000FC0100000000FC0100000000FC01000044
:10D5F0000000FC0100000000FC0100000000FC0134
:10D6000000000000FC0100000000FC010000000020
:10D61000FC0100000000FC0100000000FC01000013
:10D620000000FC0100000000FC0100000000FF0100
:10D63000FFFF00C0FF01FFFF00C0FF01FFFF00C0B0
:10D64000FF01FFFF00C0FF01FFFF00C0FF01FFFF60
:10D6500000C0FC0100000000FC0100000000FC0113
:10D6600000000000FC0100000000FC0100000000C0
:10D67000FC0100000000FC0100000000FC010000B3
:10D680000000FC0100000000FC0100000000FC01A3
:10D6900000000000FC0100000000FC010000000090
:10D6A000FC0100000000FC0100000000FC01000083
:10D6B0000000FC0100000000FC0100000000FC0173
:10D6C00000000000FF01FFFF00E0FF01FFFF00E09E
:10D6D000FF01FFFF00E0FF01FFFF00E0FF01FFFF90
:10D6E00000E0FF01FFFF00E000000000000000007C
:10D6F000000000000000000000000000000000002A
:10D700000000000000000000000000000000000019
:10D710000000000000000000000000000000000009
:10D7200000000000000000000000000000000000F9
:10D7300000000000000000000000000000000000E9
:10D7400000000000000000000000000000000000D9
:10D7500000000000000000000000000000000000C9
:10D76000000000000000000000000000FF01FFFFBB
:10D7700000E0FF01FFFF00E0FF01FFFF00E0FF010D
:10D78000FFFF00E0FF01FFFF00E0FF01FFFF00E0FF
:10D79000FC0100000000FC0100000000FC01000092
:10D7A0000000FC0100000000FC0100000000FC0182
:10D7B00000000000FC0100000000FC01000000006F
:10D7C000FC0100000000FC0100000000FC01000062
:10D7D0000000FC0100000000FC0100000000FC0152
:10D7E00000000000FC0100000000FC01000000003F
:10D7F000FC0100000000FC0100000000FC01000032
:10D800000000FF01FFFF00C0FF01FFFF00C0FF019C
:10D81000FFFF00C0FF01FFFF00C0FF01FFFF00C0CE
:10D82000FF01FFFF00C0FC0100000000FC01000040
:10D830000000FC0100000000FC0100000000FC01F1
:10D8400000000000FC0100000000FC0100000000DE
:10D85000FC0100000000FC0100000000FC010000D1
:10D860000000FC0100000000FC0100000000FC01C1
:10D8700000000000FC0100000000FC0100000000AE
:10D88000FC0100000000FC0100000000FC010000A1
:10D890000000FC0100000000FC0100000000FC0191
:10D8A00000000000FC0100000000FC01000000007E
:10D8B0000000000000000000000000000000000068
:10D8C0000000000000000000000000000000000058
:10D8D0000000000000000000000000000000000048
:10D8E0000000000000000000000000000000000038
:10D8F0000000000000000000000000000000000028
:10D900000000000000000000000000000000000017
:10D910000000000000000000000000000000000007
:10D9200000000000000000000000000000000000F7
:10D930007F0000F80000FF07C0FF0000FF1FF8FF96
:10D940000000FF7FFCFF0100FFFFFCFF0300FFFF63
:10D95000F8FF0700E0FFF81F0F0000FEF0011F00B6
:10D9600000F830003F0000F000003F0000C0000061
:10D970007F0000800000FF0000800000FF0000002A
:10D980000000FE0100000000FE0100000000FC019C
:10D9900000000000FC0300000000FC030000000089
:10D9A000F80300000000F80300000000F807000082
:10D9B0000000F80700000000F80700000000F00772
:10D9C00000000000F00700000000F0070700FEFF65
:10D9D000F0070700FEFFF0070700FEFFF007070053
:10D9E000FEFFF0070700FEFFF0070700FEFFF80745
:10D9F0000000FE00F8070000FE00F8070000FE002F
:10DA0000F8030000FE00F8030000FE00F803000029
:10DA1000FE00FC030000FE00FC010000FE00FE0111
:10DA20000000FE00FE010000FE00FF000000FE00FE
:10DA3000FF000000FE007F000080FE007F0000C0AD
:10DA4000FE003F0000E0FE003F0000F8FE001F0067
:10DA500000FEFE000F00C0FFFE0F0700FFFFFEFFED
:10DA60000300FFFFFEFF0000FFFFFEFF0000FF3F7F
:10DA7000FCFF0000FF0FC0FF0000FF0100F80000E6
:10DA80000000000000000000000000000000000096
:10DA90000000000000000000000000000000000086
:10DAA0000000000000000000000000000000000076
:10DAB0000000000000000000000000000000000066
:10DAC0000000000000000000000000000000000056
:10DAD0000000000000000000000000000000000046
:10DAE0000000000000000000000000000000000036
:10DAF000000000000000000000000000FC01000029
:10DB0000FC01FC010000FC01FC010000FC01FC0127
:10DB10000000FC01FC010000FC01FC010000FC0114
:10DB2000FC010000FC01FC010000FC01FC01000004
:10DB3000FC01FC010000FC01FC010000FC01FC01F7
:10DB40000000FC01FC010000FC01FC010000FC01E4
:10DB5000FC010000FC01FC010000FC01FC010000D4
:10DB6000FC01FC010000FC01FC010000FC01FC01C7
:10DB70000000FC01FC010000FC01FC010000FC01B4
:10DB8000FC010000FC01FF01FFFFFCFFFF01FFFFA4
:10DB9000FCFFFF01FFFFFCFFFF01FFFFFCFFFF0198
:10DBA000FFFFFCFFFF01FFFFFCFFFC010000FC0189
:10DBB000FC010000FC01FC010000FC01FC01000074
:10DBC000FC01FC010000FC01FC010000FC01FC0167
:10DBD0000000FC01FC010000FC01FC010000FC0154
:10DBE000FC010000FC01FC010000FC01FC01000044
:10DBF000FC01FC010000FC01FC010000FC01FC0137
:10DC00000000FC01FC010000FC01FC010000FC0123
:10DC1000FC010000FC01FC010000FC01FC01000013
:10DC2000FC01FC010000FC01FC010000FC01FC0106
:10DC30000000FC01FC010000FC01FC010000FC01F3
:10DC400000000000000000000000000000000000D4
:10DC500000000000000000000000000000000000C4
:10DC600000000000000000000000000000000000B4
:10DC700000000000000000000000000000000000A4
:10DC80000000000000000000000000000000000094
:10DC90000000000000000000000000000000000084
:10DCA0000000000000000000000000000000000074
:10DCB0000000000000000000000000000000000064
:10DCC000FF1F00FCFF1F00FCFF1F00FCFF1F00FCEC
:10DCD000FF0300E07F0000007F0000007F000000E5
:10DCE0007F0000007F0000007F0000007F00000038
:10DCF0007F0000007F0000007F0000007F00000028
:10DD00007F0000007F0000007F0000007F00000017
:10DD10007F0000007F0000007F0000007F00000007
:10DD20007F0000007F0000007F0000007F000000F7
:10DD30007F0000007F0000007F0000007F000000E7
:10DD40007F0000007F0000007F0000007F000000D7
:10DD50007F0000007F0000007F0000007F000000C7
:10DD60007F0000007F0000007F0000007F000000B7
:10DD70007F0000007F0000007F0000007F000000A7
:10DD80007F000000FF0300E0FF1F00FCFF1F00FCFE
:10DD9000FF1F00FCFF1F00FC00000000000000004F
:10DDA0000000000000000000000000000000000073
:10DDB0000000000000000000000000000000000063
:10DDC0000000000000000000000000000000000053
:10DDD0000000000000000000000000000000000043
:10DDE0000000000000000000000000000000000033
:10DDF000030000F8030000F8030000F8030000F837
:10DE0000030000F8030000F8030000F8030000F826
:10DE1000030000F8030000F8030000F8030000F816
:10DE2000030000F8030000F8030000F8030000F806
:10DE3000030000F8030000F8030000F8030000F8F6
:10DE4000030000F8030000F8030000F8030000F8E6
:10DE5000030000F8030000F8030000F8030000F8D6
:10DE6000030000F8030000F8030000F8030000F8C6
:10DE7000030000F8030000F8030000F8030000F8B6
:10DE8000030000F8030000F8030000F8030000F8A6
:10DE9000030000F8030000F8030000F8030000F896
:10DEA000030000F8030000F8030000F8030000F886
:10DEB000030000F8030000F8030000F8030000F876
:10DEC000030000F8030000F8030000F8030000F866
:10DED000030000F8070000F0070000F00F0000F05A
:10DEE0001F0000E07F8000E0FFFF00C0FFFF00C0D8
:10DEF000FFFF0080FEFF0000FCFF0000E07F00004D
:10DF00000000000000000000000000000000000011
:10DF10000000000000000000000000000000000001
:10DF200000000000FC010000F00FFC010000E01FF9
:10DF3000FC010000C03FFC010000807FFC010000EC
:10DF4000007FFC01000000FEFC01010000FEFC015E
:10DF5000030000FCFC01070000F8FC010F0000F0CA
:10DF6000FC011F0000E0FC011F0000C0FC013F009D
:10DF70000080FC017F000080FC01FF000000FC012C
:10DF8000FE010000FC01FC030000FC01F80700009A
:10DF9000FC01F0070000FC01E00F0000FC01C01FC5
:10DFA0000000FC01C03F0000FC01807F0000FC017C
:10DFB000007F0000FC0100FF0000FD0180FF000069
:10DFC000FF01C0FF0000FF01C0FF0000FF01E0FFF4
:10DFD0000000FF01F0CF0000FF01F8070000FE0184
:10DFE000F8070000FC01FC030000FC01FE0100003A
:10DFF000FC01FE010000FC01FF000000FC017F00AD
:10E000000080FC017F000080FC013F0000C0FC019B
:10E010001F0000E0FC011F0000E0FC010F0000F009
:10E02000FC01070000F8FC01070000F8FC010300F8
:10E0300000FCFC01010000FEFC01010000FEFC01EF
:10E04000000000FFFC010000807FFC010000807FD9
:10E05000FC010000C03FFC010000E01FFC010000CB
:10E06000E01FFC010000F00F0000000000000000B5
:10E0700000000000000000000000000000000000A0
:10E080000000000000000000000000000000000090
:10E090000000000000000000000000000000000080
:10E0A0000000000000000000000000000000000070
:10E0B0000000000000000000000000000000000060
:10E0C0000000000000000000000000000000000050
:10E0D0000000000000000000000000000000000040
:10E0E000000000000000000000000000FC01000033
:10E0F0000000FC0100000000FC0100000000FC0129
:10E1000000000000FC0100000000FC010000000015
:10E11000FC0100000000FC0100000000FC01000008
:10E120000000FC0100000000FC0100000000FC01F8
:10E1300000000000FC0100000000FC0100000000E5
:10E14000FC0100000000FC0100000000FC010000D8
:10E150000000FC0100000000FC0100000000FC01C8
:10E1600000000000FC0100000000FC0100000000B5
:10E17000FC0100000000FC0100000000FC010000A8
:10E180000000FC0100000000FC0100000000FC0198
:10E1900000000000FC0100000000FC010000000085
:10E1A000FC0100000000FC0100000000FC01000078
:10E1B0000000FC0100000000FC0100000000FC0168
:10E1C00000000000FC0100000000FC010000000055
:10E1D000FC0100000000FC0100000000FC01000048
:10E1E0000000FC0100000000FC0100000000FC0138
:10E1F00000000000FC0100000000FC010000000025
:10E20000FC0100000000FC0100000000FF01FFFF16
:10E2100000E0FF01FFFF00E0FF01FFFF00E0FF0162
:10E22000FFFF00E0FF01FFFF00E0FF01FFFF00E054
:10E2300000000000000000000000000000000000DE
:10E2400000000000000000000000000000000000CE
:10E2500000000000000000000000000000000000BE
:10E2600000000000000000000000000000000000AE
:10E27000000000000000000000000000000000009E
:10E28000000000000000000000000000000000008E
:10E29000000000000000000000000000000000007E
:10E2A000000000000000000000000000000000006E
:10E2B0000000000000000000FF0100C00000E07F3F
:10E2C000FF0100C00000E0FFFF0100E00000E0FFF0
:10E2D000FF0100E00100E0FFFF0100E00100E0FFBE
:10E2E000FF0100F00100E0FFFF0100F00300E0FF8C
:10E2F000FB0100F00300E0F7FB0100F80300E0F78A
:10E30000FB0100F80700E0EFF90100F80700E0EF7B
:10E31000FD0100FC0700E0EFFD0100FC0F00E0CF75
:10E32000FC0100FC0F00E0CFFC0100FE0F00E0CF7D
:10E33000FC01007E1F00E08FFC01007E1F00E08FCB
:10E34000FC01007F3F00E08FFC01003F3F00E00F39
:10E35000FC01003F3F00E00FFC01803F7E00E00F2A
:10E36000FC01801F7E00E00FFC01801F7E00E00F9B
:10E37000FC01C01FFC00E00FFC01C00FFC00E00F1F
:10E38000FC01E00FFC00E00FFC01E00FF801E00FE2
:10E39000FC01E007F801E00FFC01F007F801E00FD5
:10E3A000FC01F007F003E00FFC01F003F003E00FC5
:10E3B000FC01F803F003E00FFC01F803E007E00FB5
:10E3C000FC01F801E007E00FFC01FC01C00FE00FC9
:10E3D000FC01FC01C00FE00FFC01FC00C00FE00FCE
:10E3E000FC01FE00801FE00FFC01FE00801FE00F1B
:10E3F000FC017E00801FE00FFC017F00003FE00F6A
:10E40000FC017F00003FE00FFC013F00003FE00FF8
:10E41000FC013F0000FEE00FFC013F0000FEE00FAA
:10E42000FC011F0000FCE00FFC011F0000FCE00FDE
:10E43000FC010F0000FCE00FFC010F0000F8E00FF2
:10E44000FC010F0000F8E00FFC01070000F8E00FEE
:10E45000FC01070000F0E00FFC01070000F0E00FF6
:10E46000FC01030000F0E00F0000000000000000CD
:10E47000000000000000000000000000000000009C
:10E48000000000000000000000000000000000008C
:10E49000000000000000000000000000000000007C
:10E4A000000000000000000000000000000000006C
:10E4B000000000000000000000000000000000005C
:10E4C000000000000000000000000000000000004C
:10E4D000000000000000000000000000000000003C
:10E4E000000000000000000000000000000000002C
:10E4F000000000000000000000000000000000001C
:10E50000000000000000000000000000000000000B
:10E5100000000000FF0100007F00FF0100007F00FD
:10E52000FF0100807F00FF0100807F00FF0100C02D
:10E530007F00FF0100E07F00FF0100E07F00FF019E
:10E5400000F07F00FF0100F07F00FB0100F87F007A
:10E55000FB0100FC7F00F90100FC7F00F90100FED7
:10E560007F00F80100FE7F00FC01007F7F00FC01BE
:10E57000007F7F00FC01803F7F00FC01C03F7F00E7
:10E58000FC01C01F7F00FC01E01F7F00FC01E00FC9
:10E590007F00FC01F0077F00FC01F8077F00FC0111
:10E5A000F8037F00FC01FC037F00FC01FC017F00FD
:10E5B000FC01FE007F00FC01FF007F00FC017F00EA
:10E5C0007F00FC017F007F80FC013F007F80FC0119
:10E5D0003F007FC0FC011F007FC0FC010F007FE0F7
:10E5E000FC010F007FF0FC0107007FF0FC01070039
:10E5F0007FF8FC0103007FF8FC0101007FFCFC01B7
:10E6000001007FFEFC0100007FFEFC0100003FFFD7
:10E61000FC0100003F7FFC010000BF7FFC01000007
:10E62000FF3FFC010000FF1FFC010000FF1FFC0179
:10E630000000FF0FFC010000FF0FFC010000FF07BE
:10E64000FC010000FF03FC010000FF03FC010000CF
:10E65000FF01FC010000FF010000000000000000BD
:10E6600000000000000000000000000000000000AA
:10E67000000000000000000000000000000000009A
:10E68000000000000000000000000000000000008A
:10E69000000000000000000000000000000000007A
:10E6A000000000000000000000000000000000006A
:10E6B000000000000000000000000000000000005A
:10E6C000000000000000000000000000000000004A
:10E6D00000000000000000000000FF0100800000BA
:10E6E0000000FF1F00F800000000FF7F00FE000098
:10E6F0000100FFFF80FF00000300FFFFC0FF0000DC
:10E700000700FFFFE0FF00000F0000FFF0FF000028
:10E710001F0000F8F81F00003F0000F0FC07000099
:10E720007F0000C0FC0300007F000080FE010000AD
:10E73000FF000000FF000000FF000000FF000000DD
:10E74000FE0100007F000000FE0100007F0000804D
:10E75000FC0100003F000080FC0300003F0000C0FF
:10E76000FC0300003F0000C0F80300001F0000C0D1
:10E77000F80300001F0000C0F80300001F0000C0E5
:10E78000F80700001F0000E0F80700001F0000E08D
:10E79000F80700001F0000E0F00700000F0000E095
:10E7A000F00700000F0000E0F00700000F0000E09D
:10E7B000F00700000F0000E0F00700000F0000E08D
:10E7C000F00700000F0000E0F00700000F0000E07D
:10E7D000F00700000F0000E0F00700001F0000E05D
:10E7E000F80700001F0000E0F80700001F0000E02D
:10E7F000F80300001F0000C0F80300001F0000C065
:10E80000F80300001F0000C0FC0300003F0000C030
:10E81000FC0300003F0000C0FC0100003F0000803E
:10E82000FE0100007F000080FE0100007F0000006C
:10E83000FF000000FF000000FF000000FF000000DC
:10E840007F000080FE0100007F0000C0FC0300008C
:10E850003F0000E0FC0700001F0000F8F81F000068
:10E860000F0000FFF0FF00000700FFFFE0FF0000C7
:10E870000300FFFFC0FF00000100FFFF80FF00005A
:10E880000000FF7F00FE00000000FF1F00F80000F6
:10E890000000FF01008000000000000000000000F8
:10E8A0000000000000000000000000000000000068
:10E8B0000000000000000000000000000000000058
:10E8C0000000000000000000000000000000000048
:10E8D0000000000000000000000000000000000038
:10E8E0000000000000000000000000000000000028
:10E8F0000000000000000000000000000000000018
:10E900000000000000000000000000000000000007
:10E9100000000000000000000000000000000000F7
:10E9200000000000000000000000000000000000E7
:10E93000000000000000000000000000FF01C0FF18
:10E940000000FF01FCFF0000FF01FFFF0000FF01CE
:10E95000FFFF00C0FF01FFFF00E0FF01FFFF00F02D
:10E96000FC017F0000F8FC011F0000F8FC0107001B
:10E9700000FCFC01030000FCFC01030000FCFC01A6
:10E98000010000FEFC01010000FEFC01010000FE90
:10E99000FC01000000FEFC01000000FEFC01000084
:10E9A00000FEFC01000000FEFC01000000FEFC0176
:10E9B000010000FEFC01010000FCFC01010000FC64
:10E9C000FC01030000FCFC01030000FCFC0107004B
:10E9D00000F8FC011F0000F0FC01FF0000F0FF0147
:10E9E000FFFF00E0FF01FFFF00C0FF01FFFF00800D
:10E9F000FF01FEFF0000FF01F8FF0000FF0180FFA4
:10EA00000000FC0100000000FC0100000000FC010F
:10EA100000000000FC0100000000FC0100000000FC
:10EA2000FC0100000000FC0100000000FC010000EF
:10EA30000000FC0100000000FC0100000000FC01DF
:10EA400000000000FC0100000000FC0100000000CC
:10EA5000FC0100000000FC0100000000FC010000BF
:10EA60000000FC0100000000FC0100000000FC01AF
:10EA700000000000FC0100000000FC01000000009C
:10EA80000000000000000000000000000000000086
:10EA90000000000000000000000000000000000076
:10EAA0000000000000000000000000000000000066
:10EAB0000000000000000000000000000000000056
:10EAC0000000000000000000000000000000000046
:10EAD0000000000000000000000000000000000036
:10EAE0000000000000000000000000000000000026
:10EAF0000000000000000000000000000000000016
:10EB00000000FF01008000000000FF1F00F800006F
:10EB10000000FF7F00FE00000100FFFF80FF0000FB
:10EB20000300FFFFC0FF00000700FFFFE0FF000041
:10EB30000F0000FFF0FF00001F0000F8F81F0000AA
:10EB40003F0000F0FC0700007F0000C0FC03000055
:10EB50007F000080FE010000FF000000FF000000B9
:10EB6000FF000000FF000000FE0100007F00000029
:10EB7000FE0100007F000080FC0100003F000080DB
:10EB8000FC0300003F0000C0FC0300003F0000C089
:10EB9000F80300001F0000C0F80300001F0000C0C1
:10EBA000F80300001F0000C0F80700001F0000E08D
:10EBB000F80700001F0000E0F80700001F0000E059
:10EBC000F00700000F0000E0F00700000F0000E079
:10EBD000F00700000F0000E0F00700000F0000E069
:10EBE000F00700000F0000E0F00700000F0000E059
:10EBF000F00700000F0000E0F00700000F0000E049
:10EC0000F00700001F0000E0F80700001F0000E010
:10EC1000F80700001F0000E0F80300001F0000C01C
:10EC2000F80300001F0000C0F80300001F0000C030
:10EC3000FC0300003F0000C0FC0300003F00008018
:10EC4000FC0100003F000080FE0100007F0000800A
:10EC5000FE0100007F000000FF000000FF00000038
:10EC6000FF000000FF0000007F000080FE010000A8
:10EC70007F0000C0FC0300003F0000E0FC07000034
:10EC80001F0000F8F81F00000F0000FFF0FF000059
:10EC90000700FFFFE0FF00000300FFFFC0FF0000D0
:10ECA0000100FFFF80FF00000000FF7F00FE00006A
:10ECB0000000FF1F00F800000000FF0100FC000042
:10ECC0000000010000FC00000000000000FE000049
:10ECD0000000000000FF000000000000807F000036
:10ECE00000000000C07F000000000000E03F0000C6
:10ECF00000000000F01F000000000000F81F0000EE
:10ED000000000000FC0F000000000000FE070000F3
:10ED100000000000FC03000000000000F8010000FB
:10ED20000000000070000000000000002000000053
:10ED300000000000000000000000000000000000D3
:10ED400000000000000000000000000000000000C3
:10ED500000000000000000000000000000000000B3
:10ED600000000000FF01E0FF0000FF01FEFF0000C7
:10ED7000FF01FFFF0080FF01FFFF00E0FF01FFFF39
:10ED800000F0FF01FFFF00F8FC013F0000FCFC0168
:10ED90000F0000FCFC01030000FEFC01010000FE6E
:10EDA000FC01000000FEFC01000000FFFC0100006F
:10EDB00000FFFC010000007FFC010000007FFC015F
:10EDC0000000007FFC010000007FFC010000007FCC
:10EDD000FC01000000FFFC01000000FFFC0100003E
:10EDE00000FEFC01010000FEFC01010000FCFC0132
:10EDF000030000FCFC010F0000F8FC013F0000F0E4
:10EE0000FF01FFFF00E0FF01FFFF00C0FF01FFFF68
:10EE10000080FF01FEFF0000FF01F8FF0000FF017E
:10EE2000FCFF0000FC01FE010000FC01FE000000F0
:10EE3000FC01FF000000FC017F000080FC017F005E
:10EE40000080FC013F0000C0FC011F0000C0FC016D
:10EE50001F0000E0FC010F0000F0FC010F0000F0BB
:10EE6000FC01070000F8FC01030000FCFC010300AA
:10EE700000FCFC01010000FEFC01000000FEFC01A2
:10EE8000000000FFFC010000807FFC010000807F8B
:10EE9000FC010000C03FFC010000E01FFC0100007D
:10EEA000E01FFC010000F00F000000000000000067
:10EEB0000000000000000000000000000000000052
:10EEC0000000000000000000000000000000000042
:10EED0000000000000000000000000000000000032
:10EEE0000000000000000000000000000000000022
:10EEF0000000000000000000000000000000000012
:10EF00000000000000000000000000000000000001
:10EF100000000000000000000000000000000000F1
:10EF20000000000000000100C0FF00000F00F8FF1B
:10EF300000001F00FFFF00007F00FFFF0080FF00B8
:10EF4000FFFF0080FF01FFFF0000FF01FF800000C6
:10EF5000FE030E000000FC0302000000F8030000A6
:10EF60000000F80700000000F00700000000F007B4
:10EF700000000000F00700000000F00700000000A3
:10EF8000F00700000000F00700000000F00700009C
:10EF90000000F80700000000F80300000000FC0378
:10EFA00000000000FE0300000000FF0100800000E0
:10EFB000FF0000E00000FF0000F800007F0000FEFE
:10EFC00000003F0080FF00000F00E0FF000007008E
:10EFD000F0FF00000100F8FF00000000FC7F0000CF
:10EFE0000000FE1F00000000FF0700000000FF01FE
:10EFF00000800000FF00008000007F000080000013
:10F000003F0000C000003F0000C000001F0000C023
:10F0100000001F0000C000001F0000C000001F0013
:10F0200000C000001F0000C000001F0000C0000062
:10F030001F0000C000003F00008000003F00008073
:10F04000000C7F000080000FFF000000F00FFF07A2
:10F050000000FF0FFEFF0000FF0FFCFF0000FF0F8E
:10F06000F8FF0000FF0FE0FF0000FF0180FF00003D
:10F070001F0000FC00000000000000000000000075
:10F080000000000000000000000000000000000080
:10F090000000000000000000000000000000000070
:10F0A0000000000000000000000000000000000060
:10F0B0000000000000000000000000000000000050
:10F0C0000000000000000000000000000000000040
:10F0D0000000000000000000000000000000000030
:10F0E0000000000000000000000000000000000020
:10F0F00000000000FF7FFFFF00FCFF7FFFFF00FC20
:10F10000FF7FFFFF00FCFF7FFFFF00FCFF7FFFFF93
:10F1100000FCFF7FFFFF00FC000000FE000000007D
:10F1200000FE0000000000FE0000000000FE0000E5
:10F13000000000FE0000000000FE0000000000FED5
:10F140000000000000FE0000000000FE00000000C3
:10F1500000FE0000000000FE0000000000FE0000B5
:10F16000000000FE0000000000FE0000000000FEA5
:10F170000000000000FE0000000000FE0000000093
:10F1800000FE0000000000FE0000000000FE000085
:10F19000000000FE0000000000FE0000000000FE75
:10F1A0000000000000FE0000000000FE0000000063
:10F1B00000FE0000000000FE0000000000FE000055
:10F1C000000000FE0000000000FE0000000000FE45
:10F1D0000000000000FE0000000000FE0000000033
:10F1E00000FE0000000000FE0000000000FE000025
:10F1F000000000FE0000000000FE0000000000FE15
:10F200000000000000FE0000000000FE0000000002
:10F2100000FE0000000000FE0000000000FE0000F4
:10F22000000000FE0000000000FE0000000000FEE4
:10F230000000000000FE00000000000000000000D0
:10F2400000000000000000000000000000000000BE
:10F2500000000000000000000000000000000000AE
:10F26000000000000000000000000000000000009E
:10F27000000000000000000000000000000000008E
:10F28000000000000000000000000000000000007E
:10F29000000000000000000000000000000000006E
:10F2A000000000000000000000000000000000005E
:10F2B000000000000000000000000000FC01000051
:10F2C000FC01FC010000FC01FC010000FC01FC0150
:10F2D0000000FC01FC010000FC01FC010000FC013D
:10F2E000FC010000FC01FC010000FC01FC0100002D
:10F2F000FC01FC010000FC01FC010000FC01FC0120
:10F300000000FC01FC010000FC01FC010000FC010C
:10F31000FC010000FC01FC010000FC01FC010000FC
:10F32000FC01FC010000FC01FC010000FC01FC01EF
:10F330000000FC01FC010000FC01FC010000FC01DC
:10F34000FC010000FC01FC010000FC01FC010000CC
:10F35000FC01FC010000FC01FC010000FC01FC01BF
:10F360000000FC01FC010000FC01FC010000FC01AC
:10F37000FC010000FC01FC010000FC01FC0100009C
:10F38000FC01FC010000FC01FC010000FC01FC018F
:10F390000000FC01FC010000FC01FC010000FC017C
:10F3A000FC010000FC01FC010000FC01FC0000006D
:10F3B000F803FE000000F803FE000000F803FF0061
:10F3C0000000F8077F000000F0077F000080F00FCA
:10F3D0003F0000C0E01F3F0000F0E07F1F0003FE81
:10F3E000C0FF0F00FFFF80FF0700FFFF00FF0300CB
:10F3F000FFFF00FE0000FFFF00F80000FF3F00E0FD
:10F400000000FF07000000000000000000000000F6
:10F4100000000000000000000000000000000000EC
:10F4200000000000000000000000000000000000DC
:10F4300000000000000000000000000000000000CC
:10F4400000000000000000000000000000000000BC
:10F4500000000000000000000000000000000000AC
:10F46000000000000000000000000000000000009C
:10F47000000000000000000000000000000000008C
:10F480000000000000FE0000E00F00FF0000E01F91
:10F49000007F0000C01F007F0000C01F807F0000B1
:10F4A000C03F803F0000803F803F0000803F803FA2
:10F4B0000000807FC01F0000007FC01F0000007F91
:10F4C000C01F0000007FE00F000000FEE00F000002
:10F4D00000FEE00F000000FEF007010000FCF00756
:10F4E000010000FCF007010000FCF803030000F835
:10F4F000F803030000F8F803030000F8FC0107001C
:10F5000000F0FC01070000F0FC01070000F0FE0025
:10F510000F0000E0FE000F0000E0FE000F0000E022
:10F520007F001F0000C07F001F0000C07F001F0081
:10F5300000C03F003F8000803F003F8000803F00D0
:10F540003F8000801F007FC000001F007FC00000C0
:10F550001F007FC000000F00FEE000000F00FEE073
:10F5600000000F00FEE000000700FCE000000700C4
:10F57000FCF100000700FCF100000300F8F10000BE
:10F580000300F8F300000300F8FB00000100F0FBAB
:10F5900000000100F0FB00000000F0FF0000000090
:10F5A000E0FF00000000E0FF00000000E07F00003E
:10F5B0000000C07F00000000C07F00000000C03FCE
:10F5C00000000000803F000000000000000000007C
:10F5D000000000000000000000000000000000002B
:10F5E000000000000000000000000000000000001B
:10F5F000000000000000000000000000000000000B
:10F6000000000000000000000000000000000000FA
:10F6100000000000000000000000000000000000EA
:10F6200000000000000000000000000000000000DA
:10F6300000000000000000000000000000000000CA
:10F6400000000000000000000000000000000000BA
:10F6500000000000007F030000F81F0000C0007FD2
:10F66000070000FC1F0000C0807F070000FC3F0077
:10F6700000C0803F070000FC3F000080803F070083
:10F6800000FC3F000080803F0F0000FE3F00008034
:10F69000C03F0F0000FE7F000080C01F0F0000FE73
:10F6A0007F000000C01F0F0000BE7F000000C01FD1
:10F6B0001F0000BF7F000000E00F1F0000BFFF0021
:10F6C0000000E00F1F0000BFFE000000E00F1F0061
:10F6D000009FFE000000E00F3F00801FFE000000C2
:10F6E000F0073F00801FFE010000F0073F00801F71
:10F6F000FC010000F0073F00C01FFC010000F807FC
:10F700007E00C00FFC010000F8037E00C00FFC016A
:10F710000000F8037E00C00FF8030000F8037E002D
:10F72000E007F8030000FC03FC00E007F80300001A
:10F73000FC01FC00E007F8030000FC01FC00E0070E
:10F74000F0070000FC01FC00F003F0070000FE00E1
:10F75000F801F003F0070000FE00F801F003F007E5
:10F760000000FE00F801F003E00F0000FE00F801C9
:10F77000F801E00F00007F00F003F801E00F000047
:10F780007F00F003F801E00F00007F00F003FC01B0
:10F79000C00F00007F00F007FC00C01F00003F000A
:10F7A000E087FC00C01F00003F00E087FC00801FD6
:10F7B00000003F00E0877E00801F00001F00E08700
:10F7C0007E00801F00001F00C08F7E00803F000071
:10F7D0001F00C0CF7E00003F00001F00C0CF3F00D1
:10F7E000003F00000F00C0CF3F00003F00000F00AF
:10F7F00080CF3F00003F00000F0080CF3F00007E21
:10F8000000000F0080FF1F00007E0000070080FF47
:10F810001F0000FE0000070000FF1F0000FE0000A8
:10F82000070000FF1F0000FC0000070000FF0F00A2
:10F8300000FC0000030000FF0F0000FC00000300BC
:10F8400000FE0F0000FC0000030000FE070000F8AF
:10F850000000010000FE070000F80000010000FEAB
:10F86000070000F80000010000FC070000F800009D
:10F870000000000000000000000000000000000088
:10F880000000000000000000000000000000000078
:10F890000000000000000000000000000000000068
:10F8A0000000000000000000000000000000000058
:10F8B0000000000000000000000000000000000048
:10F8C0000000000000000000000000000000000038
:10F8D0000000000000000000000000000000000028
:10F8E0000000000000000000000000000000000018
:10F8F0000000000000000000000000000000000008
:10F9000000000000000000000000000000000000F7
:10F9100000000000000000000000000000000000E7
:10F9200000000000000000000000000000000000D7
:10F9300000000000000000000000000000000000C7
:10F9400000000000007F0000803F803F0000007F3B
:10F95000C03F0000007FC01F000000FEE00F01005C
:10F9600000FCF00F010000FCF007030000F8F803B2
:10F97000070000F8F803070000F0FC010F0000E0AA
:10F98000FE010F0000E0FE001F0000C07F003F00EE
:10F9900000807F003F8000803F007F8000001F00CC
:10F9A000FEC000001F00FEE000000F00FCE10000B0
:10F9B0000700FCF100000700F8F300000300F0FF6F
:10F9C00000000100F0FF00000100E0FF0000000067
:10F9D000C0FF00000000C0FF00000000807F0000AA
:10F9E0000000C07F00000000C0FF00000000E0FF3A
:10F9F00000000100E0FF00000300F0FF0000030032
:10FA0000F8F300000700F8F300000F00FCE100002D
:10FA10000F00FCE100001F00FEC000001F00FF807F
:10FA200000003F007F8000007F003F0000807F00DB
:10FA30003F000080FE001F0000C0FC011F0000E02E
:10FA4000FC010F0000E0F8030F0000F0F8030700CE
:10FA500000F0F007030000F8E00F030000FCE00FE7
:10FA6000010000FCC01F010000FE801F000000FF1D
:10FA7000803F000000FF007F0000807F007F0000CB
:10FA8000803F00FE0000C03F0000000000000000BA
:10FA90000000000000000000000000000000000066
:10FAA0000000000000000000000000000000000056
:10FAB0000000000000000000000000000000000046
:10FAC0000000000000000000000000000000000036
:10FAD0000000000000000000000000000000000026
:10FAE0000000000000000000000000000000000016
:10FAF0000000000000000000000000000000000006
:10FB000000000000000000000000000000FF0000F6
:10FB1000007F007F000000FF007F000000FE803FAC
:10FB2000010000FE803F010000FCC01F030000FC3C
:10FB3000C01F030000F8E00F070000F8E00F070007
:10FB400000F0F0070F0000F0F0070F0000E0F803EE
:10FB50000F0000E0F8031F0000C0FC011F0000C000
:10FB6000FC013F000080FE003F000080FE007F009F
:10FB700000007F007F0000007F00FE0000003F00CB
:10FB8000FE8000003F00FC8000001F00FCC1000060
:10FB90001F00F8C100000F00F8E300000F00F0E3C1
:10FBA00000000700F0F700000700E0F70000030086
:10FBB000E0FF00000100C0FF00000100C0FF0000E6
:10FBC000000080FF0000000080FF00000000007FB8
:10FBD00000000000007F00000000007F0000000027
:10FBE000007F00000000007F00000000007F000098
:10FBF0000000007F00000000007F00000000007F88
:10FC000000000000007F00000000007F00000000F6
:10FC1000007F00000000007F00000000007F000067
:10FC20000000007F00000000007F00000000007F57
:10FC300000000000007F00000000007F00000000C6
:10FC4000007F00000000007F00000000007F000037
:10FC500000000000000000000000000000000000A4
:10FC60000000000000000000000000000000000094
:10FC70000000000000000000000000000000000084
:10FC80000000000000000000000000000000000074
:10FC90000000000000000000000000000000000064
:10FCA0000000000000000000000000000000000054
:10FCB0000000000000000000000000000000000044
:10FCC0000000000000000000000000000000000034
:10FCD00000000000FF0FFFFF00F0FF0FFFFF00F02C
:10FCE000FF0FFFFF00F0FF0FFFFF00F0FF0FFFFF10
:10FCF00000F0FF0FFFFF00F000000F0000E0000029
:10FD00001F0000E000001F0000C000003F0000C016
:10FD100000003F00008000007F0000000000FF00A6
:10FD200000000000FE0000000000FE0100000000D6
:10FD3000FC0100000000F80300000000F8070000CC
:10FD40000000F00700000000F00F00000000E00FCE
:10FD500000000000C01F00000000C01F00000000E5
:10FD6000803F00000000807F00000000007F000056
:10FD7000000000FE0000000000FE0000010000FC8A
:10FD80000000030000FC0000030000F80000070072
:10FD900000F80000070000F000000F0000E0000085
:10FDA0001F0000E000001F0000C000003F0000C076
:10FDB00000003F00008000007F0000000000FF0006
:10FDC00000000000FE0000000000FE010000000036
:10FDD000FC0100000000F80300000000F80700002C
:10FDE0000000F00700000000F00F00000000E00F2E
:10FDF00000000000FF1FFFFF00F8FF1FFFFF00F8DB
:10FE0000FF1FFFFF00F8FF1FFFFF00F8FF1FFFFFAE
:10FE100000F8FF1FFFFF00F80000000000000000D6
:10FE200000000000000000000000000000000000D2
:10FE300000000000000000000000000000000000C2
:10FE400000000000000000000000000000000000B2
:10FE500000000000000000000000000000000000A2
:10FE60000000000000000000000000000000000092
:10FE70000000000000000000000000000000000082
:10FE80000000000000000000000000000000000072
:10FE90000000000000000000FF0300F8FF0300F86E
:10FEA000FF0300F8FF0300F8FF0300F8FF0300F86A
:10FEB000F8030000F8030000F8030000F803000056
:10FEC000F8030000F8030000F8030000F803000046
:10FED000F8030000F8030000F8030000F803000036
:10FEE000F8030000F8030000F8030000F803000026
:10FEF000F8030000F8030000F8030000F803000016
:10FF0000F8030000F8030000F8030000F803000005
:10FF1000F8030000F8030000F8030000F8030000F5
:10FF2000F8030000F8030000F8030000F8030000E5
:10FF3000F8030000F8030000F8030000F8030000D5
:10FF4000F8030000F8030000F8030000F8030000C5
:10FF5000F8030000F8030000F8030000F8030000B5
:10FF6000F8030000F8030000F8030000F8030000A5
:10FF7000F8030000F8030000F8030000F803000095
:10FF8000F8030000F8030000FF0300F8FF0300F887
:10FF9000FF0300F8FF0300F8FF0300F8FF0300F879
:10FFA0000000000000000000000000000000000051
:10FFB0000000000000000000000000000000000041
:10FFC0000000000000000000007F0000007F000033
:10FFD000003F0000803F0000803F0000801F0000C5
:10FFE000C01F0000C00F0000E00F0000E00F000085
:10FFF000E0070000F0070000F0070000F003000039
:020000024000BC
:10000000F8030000F8010000FC010000FC01000002
:10001000FC000000FE000000FE0000007E0000006A
:100020007F0000003F0000003F0000803F00008094
:100030001F0000801F0000C01F0000C00F0000C094
:100040000F0000E0070000E0070000E0070000F0FC
:10005000030000F0030000F8030000F8010000F8BE
:10006000010000FC000000FC000000FC000000FE9D
:100070000000007E0000007F0000007F0000003FC5
:100080000000803F0000801F0000801F0000C01F94
:100090000000C00F0000E00F0000E00F0000E007CC
:1000A0000000000000000000000000000000000050
:1000B0000000000000000000000000000000000040
:1000C0000000000000000000000000000000000030
:1000D0000000000000000000000000000000000020
:1000E0000000000000000000000000000000000010
:1000F0000000000000000000FF3F0080FF3F008084
:10010000FF3F0080FF3F0080FF3F0080FF3F0080F7
:100110003F0000803F0000803F0000803F000080E3
:100120003F0000803F0000803F0000803F000080D3
:100130003F0000803F0000803F0000803F000080C3
:100140003F0000803F0000803F0000803F000080B3
:100150003F0000803F0000803F0000803F000080A3
:100160003F0000803F0000803F0000803F00008093
:100170003F0000803F0000803F0000803F00008083
:100180003F0000803F0000803F0000803F00008073
:100190003F0000803F0000803F0000803F00008063
:1001A0003F0000803F0000803F0000803F00008053
:1001B0003F0000803F0000803F0000803F00008043
:1001C0003F0000803F0000803F0000803F00008033
:1001D0003F0000803F0000803F0000803F00008023
:1001E0003F0000803F000080FF3F0080FF3F008015
:1001F000FF3F0080FF3F0080FF3F0080FF3F008007
:1002000000000000000000000000000000000000EE
:1002100000000000000000000000000000000000DE
:100220000000000000000000000000000000003C92
:1002300000000000003E00000000007E0000000002
:10024000007F0000000000FF0000000080FF0000B1
:10025000010080FF00000100C0FF00000300C0F7A4
:1002600000000300E0E700000700E0E300000700F3
:10027000E0C300000F00F0C100000F00F08100009B
:100280001F00F88000001F00F80000003F00FC0085
:1002900000003E007C0000007E007E0000007C002C
:1002A0003E000000FC003F000000FC001F000000BA
:1002B000F8001F000080F8010F000080F0010F001F
:1002C00000C0F0030F0000C0E003070000C0E0071B
:1002D000070000E0C007030000E0C00F030000F0CB
:1002E000800F010000F0801F010000F8001F0000D7
:1002F00000F8003F000000FC0000000000000000CB
:1003000000000000000000000000000000000000ED
:1003100000000000000000000000000000000000DD
:1003200000000000000000000000000000000000CD
:1003300000000000000000000000000000000000BD
:1003400000000000000000000000000000000000AD
:10035000000000000000000000000000000000009D
:10036000000000000000000000000000000000008D
:10037000000000000000000000000000000000007D
:10038000000000000000000000000000000000006D
:10039000000000000000000000000000000000005D
:1003A000000000000000000000000000000000004D
:1003B000000000000000000000000000000000003D
:1003C000000000000000000000000000000000002D
:1003D000000000000000000000000000000000001D
:1003E000000000000000000000000000000000000D
:1003F00000000000000000000000000000000000FD
:1004000000000000000000000000000000000000EC
:1004100000000000000000000000000000000000DC
:1004200000000000000000000000000000000000CC
:1004300000000000000000000000000000000000BC
:1004400000000000000000000000000000000000AC
:10045000000000000000000000000000000000009C
:10046000000000000000000000000000000000008C
:10047000000000000000000000000000000000007C
:10048000000000000000000000000000000000006C
:10049000000000000000000000000000000000005C
:1004A000000000000000000000000000000000004C
:1004B000000000000000000000000000000000003C
:1004C000000000000000000000000000000000002C
:1004D000000000000000000000000000000000001C
:1004E0000000000000000000FFFFFEFFFFFFFEFF16
:1004F000FFFFFEFFFFFFFEFFFFFFFEFF000000000B
:1005000000000000000000000000000000000000EB
:100510000000000000000000010000FF010000FFDB
:10052000000080FF0000807F0000C03F0000C01F6F
:100530000000E00F0000F0070000F0030000F801E9
:100540000000FC0000007C00000000000000000033
:10055000000000000000000000000000000000009B
:10056000000000000000000000000000000000008B
:10057000000000000000000000000000000000007B
:10058000000000000000000000000000000000006B
:10059000000000000000000000000000000000005B
:1005A000000000000000000000000000000000004B
:1005B000000000000000000000000000000000003B
:1005C000000000000000000000000000000000002B
:1005D000000000000000000000000000000000001B
:1005E000000000000000000000000000000000000B
:1005F00000000000000000000000000000000000FB
:1006000000000000000000000000000000000000EA
:1006100000000000000000000000000000000000DA
:1006200000000000000000000000000000000000CA
:1006300000000000000000000000000000000000BA
:1006400000000000000000000000000000000000AA
:10065000000000000000000000000000000000009A
:10066000000000000000000000000000000000008A
:10067000000000000000000000000000000000007A
:10068000000000000000000000000000000000006A
:10069000000000000000000000000000010080FFDA
:1006A00000000F00F0FF00007F00FCFF0000FF01D2
:1006B000FEFF0000FF01FFFF0000FF00FFFF000042
:1006C000FC00FF00008070007F00008040003F00C1
:1006D000008000001F0000C000001F0000C00000DC
:1006E0001F0000C000001F0000C000001F0000C06D
:1006F00000001F0000C000001F0000C000001F001D
:1007000000C00000FF3F00C00700FFFF00C03F0027
:10071000FFFF00C07F00FFFF00C0FF01FFFF00C020
:10072000FF011FC000C0FE031F0000C0F8071F002C
:1007300000C0F0071F0000C0F0071F0000C0E00F5E
:100740001F0000C0E00F1F0000C0E00F1F0000C02E
:10075000E00F1F0000C0E00F3F0000C0E00F3F00AF
:1007600000C0E00F7F0000C0F00FFF0000C0F007E6
:10077000FF0100C0FC07FF0300C0FF07EFFF00C040
:10078000FF03CFFF00C0FF018FFF00C0FF0007FF86
:1007900000C07F0007FC00C00F0000F00000000058
:1007A0000000000000000000000000000000000049
:1007B0000000000000000000000000000000000039
:1007C0000000000000000000000000000000000029
:1007D0000000000000000000000000000000000019
:1007E0000000000000000000000000000000000009
:1007F00000000000000000000000000000000000F9
:1008000000000000000000000000000000000000E8
:10081000F80300000000F80300000000F8030000E7
:100820000000F80300000000F80300000000F803D7
:1008300000000000F80300000000F80300000000C2
:10084000F80300000000F80300000000F8030000B7
:100850000000F80300000000F80300000000F803A7
:1008600000000000F80300000000F8030000000092
:10087000F803F8070000F803FF3F0000F803FFFF4C
:100880000080F903FFFF00E0FB03FFFF00F0F70328
:10089000FFFF00F8FF030FE000F8FF03038000FCF8
:1008A000FF03010000FCFE03000000FEFE03000049
:1008B00000FEFC03000000FFFC030000007FF803C3
:1008C0000000007FF8030000007FF8030000803F75
:1008D000F8030000803FF8030000803FF8030000A9
:1008E000803FF8030000803FF8030000803FF803DA
:1008F0000000803FF8030000803FF8030000803FC5
:10090000F8030000803FF8030000803FF803000078
:10091000803FF8030000803FF8030000007FFC03E5
:100920000000007FFC030000007FFC03000000FFCC
:10093000FE03000000FEFE03010000FEFF030100B5
:1009400000FCFF03038000FCFF030FE000F8F70347
:10095000FFFF00F8F303FFFF00F0F103FFFF00E0EB
:10096000E003FFFF0080E003FF3F00000000F80706
:100970000000000000000000000000000000000077
:100980000000000000000000000000000000000067
:100990000000000000000000000000000000000057
:1009A0000000000000000000000000000000000047
:1009B0000000000000000000000000000000000037
:1009C0000000000000000000000000000000000027
:1009D0000000000000000000000000000000000017
:1009E0000000000000000000000000000000000007
:1009F00000000000000000000000000000000000F7
:100A000000000000000000000000000000000000E6
:100A10000000E07F0300FCFF0F00FFFF1F00FFFF4F
:100A20003F00FEFF7F00FEFFFF003EC0FF0104000D
:100A3000FE010000FC030000F8030000F8070000BE
:100A4000F0070000F0070000F0070000E00F0000D2
:100A5000E00F0000E00F0000E00F0000E00F0000DA
:100A6000E00F0000E00F0000E00F0000E00F0000CA
:100A7000E00F0000E00F0000E00F0000E00F0000BA
:100A8000F0070000F0070000F0070000F807000082
:100A9000F8030000FC030000FE010000FF0102005B
:100AA000FF001EC07F00FEFF3F00FEFF1F00FEFF95
:100AB0000F00FEFF0300FCFF0000E07F00000000CD
:100AC0000000000000000000000000000000000026
:100AD0000000000000000000000000000000000016
:100AE0000000000000000000000000000000000006
:100AF00000000000000000000000000000000000F6
:100B000000000000000000000000000000FE0000E7
:100B1000000000FE0000000000FE0000000000FEDB
:100B20000000000000FE0000000000FE00000000C9
:100B300000FE0000000000FE0000000000FE0000BB
:100B4000000000FE0000000000FE0000000000FEAB
:100B50000000000000FE0000000000FE0000000099
:100B600000FE0000000000FE000000FF00FE070085
:100B7000E0FF00FE0F00F8FF00FE3F00FCFF00FE5C
:100B80007F00FEFF007EFF00FFFF007EFF003F8032
:100B900000FEFE010F0000FEFC01070000FEFC034A
:100BA000030000FEF803030000FEF807010000FE4A
:100BB000F007010000FEF007010000FEF007000052
:100BC00000FEE00F000000FEE00F000000FEE00F5E
:100BD000000000FEE00F000000FEE00F000000FE3D
:100BE000E00F000000FEE00F000000FEE00F00003C
:100BF00000FEE00F000000FEE00F000000FEE00F2E
:100C0000000000FEE00F000000FEE00F000000FE0C
:100C1000F007000000FEF007000000FEF0070100F2
:100C200000FEF007010000FEF803030000FEF803D9
:100C3000030000FEFC01070000FEFE010F0000FEA5
:100C4000FF003F8000FEFF00FFFF007E7F00FEFFF1
:100C5000007E3F00FCFF007E0F00F8FF007E0700D3
:100C6000E0FF007E000000FF000000000000000028
:100C70000000000000000000000000000000000074
:100C80000000000000000000000000000000000064
:100C90000000000000000000000000000000000054
:100CA0000000000000000000000000000000000044
:100CB0000000000000000000000000000000000034
:100CC0000000000000000000000000000000000024
:100CD0000000000000000000000000000000000014
:100CE0000000000000000000000000000000000004
:100CF00000000000000000000000000000000000F4
:100D000000000000000000000000000000000000E3
:100D100000000000000000000000000000000000D3
:100D2000000000000000807F00000300F0FF0000D2
:100D30000F00FCFF00001F00FEFF00003F00FFFF50
:100D400000007F00FFFF0080FF007F8000C0FE00EA
:100D50001F0000C0FC010F0000E0F8030F0000E0DE
:100D6000F803070000F0F003070000F0F0070300AD
:100D700000F0F007030000F8E007030000F8E007C8
:100D8000030000F8E00F030000F8FF0FFFFF00F87A
:100D9000FF0FFFFF00F8FF0FFFFF00F8FF0FFFFF3F
:100DA00000F8FF0FFFFF00F8FF0FFFFF00F8E00F54
:100DB00000000000E00F00000000E00F0000000055
:100DC000E00F00000000E00F00000000F00700004E
:100DD0000000F00700000000F00700000000F8032A
:100DE00000000000F80300000000FC030000000009
:100DF000FE0100000000FF00000000E0FF0007C04F
:100E000000E07F00FFFF00E03F00FFFF00E01F0069
:100E1000FFFF00E00700FFFF00E00100FFFF000010
:100E20000000F03F00000000000000000000000093
:100E300000000000000000000000000000000000B2
:100E400000000000000000000000000000000000A2
:100E50000000000000000000000000000000000092
:100E60000000000000000000000000000000000082
:100E70000000000000000000000000000000000072
:100E80000000000000000000000000000000000062
:100E90000000000000000000000080FF0700F0FFDD
:100EA0000F00F0FF1F00E0FF3F00E0FF3F00E0FF0A
:100EB0007F0000807F0000007F000000FE00000037
:100EC000FE000000FE000000FE000000FE0000002A
:100ED000FE000000FE000000FE000000FE0000001A
:100EE000FF0300FFFF1F00FFFF7F00FFFF7F00FFEA
:100EF000FF7F00FFFE000000FE000000FE0000007B
:100F0000FE000000FE000000FE000000FE000000E9
:100F1000FE000000FE000000FE000000FE000000D9
:100F2000FE000000FE000000FE000000FE000000C9
:100F3000FE000000FE000000FE000000FE000000B9
:100F4000FE000000FE000000FE000000FE000000A9
:100F5000FE000000FE000000FE000000FE00000099
:100F6000FE000000FE000000FE000000FE00000089
:100F7000FE000000FE000000FE000000FE00000079
:100F8000FE00000000000000000000000000000063
:100F90000000000000000000000000000000000051
:100FA0000000000000000000000000000000000041
:100FB0000000000000000000000000000000000031
:100FC0000000000000000000000000000000000021
:100FD0000000000000000000000000000000000011
:100FE0000000000000000000000000000000000001
:100FF00000000000000000000000000000000000F1
:1010000000000000000000000000000000000000E0
:10101000000000000000000000000000030000FCD1
:1010200000001F00FFFF00FC7F00FFFF00FCFF002F
:10103000FFFF00FCFF01FFFF00FCFE03FF0300E0D9
:10104000F803FE000000F0077F000000F0077F00BB
:101050000000E0073F000000E00F3F000080E00FCD
:101060003F000080E00F3F000080E00F3F00008065
:10107000E00F3F000080E00F3F000080E00F3F00E6
:101080000080E00F3F000080F0077F000000F007C5
:101090007F000000F803FF000000FC03FE010000D9
:1010A000FF01FCFF0000FF00F8FF00007F00F0FFE1
:1010B00000001F00C0FF00003F0000FE00007E0097
:1010C00000000000F80000000000F801000000002F
:1010D000F00300000000F00300000000F003000037
:1010E0000000F00300000000FC0300000000FF010E
:1010F000F8FF0000FF01FFFF0000FF00FFFF00807E
:101100007F00FFFF00C0FF01FFFF00E0FF07FFFFC0
:1011100000F0F00F1F0000F0C01F070000F8803F34
:10112000030000F8003F030000F8007F010000F812
:10113000007F010000F8007E010000F8007E03003F
:1011400000F8007E030000F8007F030000F0007F3D
:10115000070000F0803F0F0000E0C03F3F0000E0CC
:10116000F01FFF0100C0FF1FFFFF0080FF0FFFFF08
:101170000000FF03FCFF0000FF00F0FF00001F0065
:1011800000FE000000000000000000000000000061
:10119000F80300000000F80300000000F80300005E
:1011A0000000F80300000000F80300000000F8034E
:1011B00000000000F80300000000F8030000000039
:1011C000F80300000000F80300000000F80300002E
:1011D0000000F80300000000F80300000000F8031E
:1011E00000000000F80300000000F8030000000009
:1011F000F803FC070000F803FF3F0000F803FFFFBF
:1012000000C0F903FFFF00E0FB03FFFF00F0FF0356
:10121000FFFF00F8FF030FE000F8FF03038000FC6E
:10122000FF03010000FCFE03010000FCFE030000C0
:1012300000FEFC03000000FEFC03000000FEF803BB
:10124000000000FEF803000000FEF803000000FEAE
:10125000F803000000FEF803000000FEF8030000A1
:1012600000FEF803000000FEF803000000FEF80393
:10127000000000FEF803000000FEF803000000FE7E
:10128000F803000000FEF803000000FEF803000071
:1012900000FEF803000000FEF803000000FEF80363
:1012A000000000FEF803000000FEF803000000FE4E
:1012B000F803000000FEF803000000FEF803000041
:1012C00000FEF803000000FEF803000000FEF80333
:1012D000000000FEF803000000FEF803000000FE1E
:1012E000F803000000FEF803000000FE000000000C
:1012F00000000000000000000000000000000000EE
:1013000000000000000000000000000000000000DD
:1013100000000000000000000000000000000000CD
:1013200000000000000000000000000000000000BD
:1013300000000000000000000000000000000000AD
:10134000000000000000000000000000000000009D
:101350000000000000000000E001F803F803F803BB
:10136000F807F803F803F803E001000000000000AC
:101370000000000000000000F803F803F803F80381
:10138000F803F803F803F803F803F803F803F80385
:10139000F803F803F803F803F803F803F803F80375
:1013A000F803F803F803F803F803F803F803F80365
:1013B000F803F803F803F803F803F803F803F80355
:1013C000F803F803F803F803F80300000000000036
:1013D000000000000000000000000000000000000D
:1013E00000000000000000000000000000000000FD
:1013F0003C007F007F007F00FF007F007F007F00B8
:101400003C000000000000000000000000000000A0
:101410007F007F007F007F007F007F007F007F00D4
:101420007F007F007F007F007F007F007F007F00C4
:101430007F007F007F007F007F007F007F007F00B4
:101440007F007F007F007F007F007F007F007F00A4
:101450007F007F007F007F007F007F007F007F0094
:101460007F007F007F007F007F007F007F007F0084
:101470007F007F007E00FE00FE01FCFFFCFFF8FF06
:10148000F0FFE0FF807F0000F80300000000F80399
:1014900000000000F80300000000F8030000000056
:1014A000F80300000000F80300000000F80300004B
:1014B0000000F80300000000F80300000000F8033B
:1014C00000000000F80300000000F8030000000026
:1014D000F80300000000F80300000000F80300001B
:1014E0000000F80300000000F80300000000F8030B
:1014F000070000F8F8030F0000F0F8031F0000E0F9
:10150000F8033F0000C0F8037F000080F8037F006D
:101510000000F803FF000000F803FE010000F803DC
:10152000FC030000F803F8070000F803F00F0000C8
:10153000F803E01F0000F803C01F0000F803803F1D
:101540000000F003007F0000F00300FF0000F10343
:1015500000FE0000F30300FC0000F70300FC0000A5
:10156000F70300FE0000FF0300FF0000FF0300FF81
:101570000000FF0380FF0000FE03C03F0000FC03EB
:10158000C01F0000F803E00F0000F803F00F000098
:10159000F803F8070000F803F8030000F803FC0361
:1015A0000000F803FE010000F803FE000000F8034D
:1015B000FF000000F8037F000080F8033F0000C038
:1015C000F8031F0000C0F8031F0000E0F8030F003D
:1015D00000F0F803070000F0F803070000F8F80334
:1015E000030000FC000000000000000000000000FC
:1015F00000000000000000000000000000000000EB
:1016000000000000000000000000000000000000DA
:1016100000000000000000000000000000000000CA
:1016200000000000000000000000000000000000BA
:1016300000000000000000000000000000000000AA
:10164000000000000000000000000000000000009A
:10165000F803F803F803F803F803F803F803F803B2
:10166000F803F803F803F803F803F803F803F803A2
:10167000F803F803F803F803F803F803F803F80392
:10168000F803F803F803F803F803F803F803F80382
:10169000F803F803F803F803F803F803F803F80372
:1016A000F803F803F803F803F803F803F803F80362
:1016B000F803F803F803F803F803F803F803F80352
:1016C000F803F80300000000000000000000000024
:1016D000000000000000000000000000000000000A
:1016E00000000000000000000000000000000000FA
:1016F00000000000000000000000000000000000EA
:1017000000000000000000000000000000000000D9
:1017100000000000000000000000000000000000C9
:1017200000000000000000000000000000000000B9
:1017300000000000000000000000000000000000A9
:101740000000000000000000000000000000000099
:1017500000000000000000000000F80F070000F883
:10176000F003FF3F3F0000FFF003FFFF7F8080FF9B
:10177000F103FFFFFFC1E0FFF303FFFFFFE3E0FF23
:10178000F703FFFFFFF3F0FFFF031FC0E0F7F80FC1
:10179000FF030780C0FFF807FF03070080FFF8037F
:1017A000FE03030000FFF803FC03030000FEFC013E
:1017B000FC03010000FEFC01FC03010000FEFC0133
:1017C000F803010000FCFC01F803010000FCFC012F
:1017D000F803010000FCFC01F803010000FCFC011F
:1017E000F803010000FCFC01F803010000FCFC010F
:1017F000F803010000FCFC01F803010000FCFC01FF
:10180000F803010000FCFC01F803010000FCFC01EE
:10181000F803010000FCFC01F803010000FCFC01DE
:10182000F803010000FCFC01F803010000FCFC01CE
:10183000F803010000FCFC01F803010000FCFC01BE
:10184000F803010000FCFC01F803010000FCFC01AE
:10185000F803010000FCFC01F803010000FCFC019E
:10186000F803010000FCFC01F803010000FCFC018E
:10187000F803010000FCFC01F803010000FCFC017E
:10188000F803010000FCFC01F803010000FCFC016E
:10189000F803010000FCFC01F803010000FCFC015E
:1018A000F803010000FCFC01000000000000000043
:1018B0000000000000000000000000000000000028
:1018C0000000000000000000000000000000000018
:1018D0000000000000000000000000000000000008
:1018E00000000000000000000000000000000000F8
:1018F00000000000000000000000000000000000E8
:1019000000000000000000000000000000000000D7
:1019100000000000000000000000000000000000C7
:1019200000000000000000000000000000000000B7
:1019300000000000000000000000000000000000A7
:101940000000000000000000000000000000000097
:101950000000000000000000000000000000000087
:101960000000000000000000000000000000000077
:101970000000000000000000000000000000000067
:101980000000000000000000000000000000000057
:101990000000000000000000000000000000FC0744
:1019A0000000F003FF3F0000F003FFFF00C0F10361
:1019B000FFFF00E0F303FFFF00F0F703FFFF00F875
:1019C000FF030FE000F8FF03038000FCFF030100AA
:1019D00000FCFE03010000FCFE03000000FEFC030F
:1019E000000000FEFC03000000FEF803000000FE03
:1019F000F803000000FEF803000000FEF8030000FA
:101A000000FEF803000000FEF803000000FEF803EB
:101A1000000000FEF803000000FEF803000000FED6
:101A2000F803000000FEF803000000FEF8030000C9
:101A300000FEF803000000FEF803000000FEF803BB
:101A4000000000FEF803000000FEF803000000FEA6
:101A5000F803000000FEF803000000FEF803000099
:101A600000FEF803000000FEF803000000FEF8038B
:101A7000000000FEF803000000FEF803000000FE76
:101A8000F803000000FEF803000000FEF803000069
:101A900000FEF803000000FE00000000000000004F
:101AA0000000000000000000000000000000000036
:101AB0000000000000000000000000000000000026
:101AC0000000000000000000000000000000000016
:101AD0000000000000000000000000000000000006
:101AE00000000000000000000000000000000000F6
:101AF00000000000000000000000000000000000E6
:101B000000000000000000000000000000000000D5
:101B100000000000000000000000000000000000C5
:101B200000000000000000000000000000000000B5
:101B300000000000000000000000000000000000A5
:101B40000000000000000000000000000000000095
:101B50000000000000000000000000000000000085
:101B6000000000000000C03F00000300F8FF00007C
:101B70000F00FEFF00001F00FFFF00803F00FFFF7F
:101B800000C07F00FFFF00E0FF001F8000F0FE01AB
:101B90000F0000F0FC01030000F8FC03030000F854
:101BA000F803010000FCF803010000FCF00700004E
:101BB00000FEF007000000FEF007000000FEE00F4E
:101BC0000000007EE00F0000007FE00F0000007FBB
:101BD000E00F0000007FE00F0000007FE00F00003A
:101BE000007FE00F0000007FE00F0000007FE00FAB
:101BF0000000007FE00F0000007FE00F0000007F8A
:101C0000E00F0000007FE0070000007EF00700000A
:101C100000FEF007000000FEF007000000FEF803E1
:101C2000010000FCF803010000FCFC03030000FCC1
:101C3000FC01030000F8FE000F0000F8FF001F8009
:101C400000F07F00FFFF00E03F00FFFF00C01F002B
:101C5000FFFF00800700FEFF00000100FCFF000006
:101C60000000C03F00000000000000000000000075
:101C70000000000000000000000000000000000064
:101C80000000000000000000000000000000000054
:101C90000000000000000000000000000000000044
:101CA0000000000000000000000000000000000034
:101CB0000000000000000000000000000000000024
:101CC0000000000000000000000000000000000014
:101CD0000000000000000000000000000000000004
:101CE00000000000000000000000000000000000F4
:101CF00000000000000000000000000000000000E4
:101D000000000000000000000000000000000000D3
:101D100000000000000000000000000000000000C3
:101D20000000000000000000000000000000F807B4
:101D30000000F003FF3F0000F003FFFF0080F1030D
:101D4000FFFF00E0F303FFFF00F0F703FFFF00F8E1
:101D5000FF030FE000F8FF03038000FCFF03010016
:101D600000FCFE03000000FEFC03000000FEFC037C
:101D7000000000FFFC030000007FF8030000007F6C
:101D8000F8030000007FF8030000803FF803000024
:101D9000803FF8030000803FF8030000803FF80315
:101DA0000000803FF8030000803FF8030000803F00
:101DB000F8030000803FF8030000803FF8030000B4
:101DC000803FF8030000803FF8030000803FF803E5
:101DD0000000803FF8030000007FFC030000007F4C
:101DE000FC030000007FFC03000000FFFE03000076
:101DF00000FEFE03010000FEFF03010000FCFF03E4
:101E0000038000FCFF030FE000F8F703FFFF00F87A
:101E1000F303FFFF00F0F903FFFF00E0F803FFFF0B
:101E20000080F803FF3F0000F803F8070000F80304
:101E300000000000F80300000000F80300000000AC
:101E4000F80300000000F80300000000F8030000A1
:101E50000000F80300000000F80300000000F80391
:101E600000000000F80300000000F803000000007C
:101E7000F80300000000F80300000000F803000071
:101E80000000F80300000000F80300000000F80361
:101E90000000000000000000000000000000000042
:101EA0000000000000000000000000000000000032
:101EB0000000000000000000000000000000000022
:101EC0000000000000000000000000000000000012
:101ED0000000000000000000000000000000000002
:101EE00000000000000000000000000000000000F2
:101EF00000000000000000FF00000700E0FF007E7F
:101F00000F00F8FF007E3F00FCFF007E7F00FEFF19
:101F1000007EFF00FFFF007EFF003F8000FEFE010D
:101F20000F0000FEFC01070000FEFC03030000FEA2
:101F3000F803030000FEF807010000FEF0070100AF
:101F400000FEF007010000FEF007000000FEE00FB9
:101F5000000000FEE00F000000FEE00F000000FEA9
:101F6000E00F000000FEE00F000000FEE00F0000A8
:101F700000FEE00F000000FEE00F000000FEE00F9A
:101F8000000000FEE00F000000FEE00F000000FE79
:101F9000E00F000000FEE00F000000FEF007000070
:101FA00000FEF007000000FEF007010000FEF00751
:101FB000010000FEF803030000FEF803030000FE2A
:101FC000FC01070000FEFE010F0000FEFF003F8045
:101FD00000FEFF00FFFF007E7F00FEFF00FE3F00CF
:101FE000FCFF00FE0F00F8FF00FE0700E0FF00FE10
:101FF000000000FF00FE0000000000FE00000000E6
:1020000000FE0000000000FE0000000000FE0000D6
:10201000000000FE0000000000FE0000000000FEC6
:102020000000000000FE0000000000FE00000000B4
:1020300000FE0000000000FE0000000000FE0000A6
:10204000000000FE0000000000FE0000000000FE96
:102050000000000000FE0000000000FE0000000084
:102060000000000000000000000000000000000070
:102070000000000000000000000000000000000060
:102080000000000000000000000000000000000050
:102090000000000000000000000000000000000040
:1020A0000000F00FF003F03FF003F07FF003F0FFCB
:1020B000F103E0FFF303E0FFF30320F8F70300C0B0
:1020C000FF030080FF030000FE030000FE0300008A
:1020D000FC030000FC030000F8030000F80300000C
:1020E000F8030000F8030000F8030000F803000004
:1020F000F8030000F8030000F8030000F8030000F4
:10210000F8030000F8030000F8030000F8030000E3
:10211000F8030000F8030000F8030000F8030000D3
:10212000F8030000F8030000F8030000F8030000C3
:10213000F8030000F8030000F8030000F8030000B3
:10214000F8030000F8030000000000000000000099
:10215000000000000000000000000000000000007F
:10216000000000000000000000000000000000006F
:10217000000000000000000000000000000000005F
:10218000000000000000000000000000000000004F
:10219000000000000000000000000000000000003F
:1021A000000000000000000000000000000000002F
:1021B000000000000000000000000000000000001F
:1021C000000000000000000000000000000000000F
:1021D000070000FE3F00C0FFFF00F8FFFF01F8FF0F
:1021E000FF03F8FFFF07F0FFF807F001F00F7000A2
:1021F000E00F0000E00F0000E00F0000E00F000023
:10220000E00F0000E00F0000F00F0000F8070000F2
:10221000FE070000FF030080FF0100E0FF0000F860
:102220007F0000FE1F0080FF0700C0FF0100E0FFED
:102230000000F07F0000F81F0000F8070000FC031A
:102240000000FC030000FC010000FC010000FC0198
:102250000000FC010000FC010010FC03001CF8035E
:10226000801FF80FFF1FF0FFFF1FE0FFFF1FE0FFC1
:10227000FF0F80FFFF0300FE7F0000F00000000062
:10228000000000000000000000000000000000004E
:10229000000000000000000000000000000000003E
:1022A000000000000000000000000000000000002E
:1022B000000000000000000000000000000000001E
:1022C000000000000000000000000000000000000E
:1022D0000000000000000000000000003C000000C2
:1022E0007C0000007C0000007C000000FC0000007E
:1022F000FC000000FC000000FC010000FC030000EA
:10230000FF0F80FFFF3F80FFFF7F80FFFF7F80FF89
:10231000FF7F80FFFC010000FC010000FC010000C9
:10232000FC010000FC010000FC010000FC010000B9
:10233000FC010000FC010000FC010000FC010000A9
:10234000FC010000FC010000FC010000FC01000099
:10235000FC010000FC010000FC010000FC01000089
:10236000FC010000FC010000FC010000FC01000079
:10237000FC010000FC010000FC010000FC01000069
:10238000FC010000FC010000FE000000FF00000056
:10239000FF0080FF7F0080FF7F0080FF3F0080FF05
:1023A0000F0080FF030000FE00000000000000009E
:1023B000000000000000000000000000000000001D
:1023C000000000000000000000000000000000000D
:1023D00000000000000000000000000000000000FD
:1023E00000000000000000000000000000000000ED
:1023F00000000000000000000000000000000000DD
:1024000000000000000000000000000000000000CC
:1024100000000000000000000000000000000000BC
:1024200000000000000000000000000000000000AC
:10243000000000000000000000000000000000009C
:10244000000000000000000000000000000000008C
:102450000000F803000000FEF803000000FEF8038F
:10246000000000FEF803000000FEF803000000FE7C
:10247000F803000000FEF803000000FEF80300006F
:1024800000FEF803000000FEF803000000FEF80361
:10249000000000FEF803000000FEF803000000FE4C
:1024A000F803000000FEF803000000FEF80300003F
:1024B00000FEF803000000FEF803000000FEF80331
:1024C000000000FEF803000000FEF803000000FE1C
:1024D000F803000000FEF803000000FEF80300000F
:1024E00000FEF803000000FEF803000000FEF80301
:1024F000000000FEF803000000FEF803000000FEEC
:10250000F803010000FEF803010000FEF8030300D9
:1025100000FEFC01030000FEFC01070000FEFE01BE
:102520000F0000FEFF003F8000FEFF00FFFF007E67
:102530007F00FEFF007E3F00FCFF007E1F00F8FFD3
:10254000007E0F00E0FF007E010000FF00000000A1
:10255000000000000000000000000000000000007B
:10256000000000000000000000000000000000006B
:10257000000000000000000000000000000000005B
:10258000000000000000000000000000000000004B
:10259000000000000000000000000000000000003B
:1025A000000000000000000000000000000000002B
:1025B000000000000000000000000000000000001B
:1025C000000000000000000000000000000000000B
:1025D00000000000000000000000000000000000FB
:1025E00000000000000000000000000000000000EB
:1025F00000000000000000000000000000000000DB
:1026000000000000000000000000000000000000CA
:102610000000000000000000000000FE070000F0C5
:1026200000FE070000F0007F0F0000E0007F0F00B9
:1026300000E0007F0F0000E0003F1F0000C0803F6F
:102640001F0000C0803F1F0000C0801F3F000080AF
:10265000C01F3F000080C01F3F000080C00F7F00F0
:102660000000E00F7F000000E00F7F000000E007A7
:10267000FE000000F007FE000000F007FE00000072
:10268000F003FC010000F803FC010000F803FC016A
:102690000000F801F8010000FC01F8030000FC0153
:1026A000F8030000FC00F0030000FE00F00700004B
:1026B000FE00E00700007E00E00700007E00E00F63
:1026C00000007F00C00F00003F00C00F00003F006F
:1026D000C01F00003F00809F00001F00809F00007F
:1026E0001F00809F00001F0000BF00000F0000FFC0
:1026F00000000F0000FF00000F0000FE00000700B8
:1027000000FE0000070000FE0000070000FC0000C3
:1027100000000000000000000000000000000000B9
:1027200000000000000000000000000000000000A9
:102730000000000000000000000000000000000099
:102740000000000000000000000000000000000089
:102750000000000000000000000000000000000079
:102760000000000000000000000000000000000069
:102770000000000000000000000000000000000059
:102780000000000000000000000000000000000049
:102790000000000000000000000000000000000039
:1027A0000000000000000000000000000000000029
:1027B0000000000000000000000000000000000019
:1027C0000000000000000000000000000000000009
:1027D00000000000000000000000000000000000F9
:1027E00000000000000000000000000000000000E9
:1027F00000000000000000000000000000000000D9
:10280000007F7F000080007F007F7F000080007FCE
:10281000007FFF000080007F803FFF00008000FEFF
:10282000803FFF0000C000FE803FFF0100C000FEAF
:10283000803FF70100C000FE801FF70100C000FCD0
:10284000C01FF70101E000FCC01FF70301E000FC1E
:10285000C01FF30301E000F8C00FE30301E000F83C
:10286000E00FE30703F000F8E00FE30703F000F8E0
:10287000E00FE10703F000F0E007C10F03F800F0FC
:10288000E007C10F07F800F0F007C10F07F800F0EC
:10289000F007C00F07F800E0F003801F07FC00E01E
:1028A000F003801F0FFC00E0F803801F0FFC00E026
:1028B000F803003F0F7C00C0F801003F0F7E00C00E
:1028C000F801003F1F7E00C0F801007E1F7E00C09F
:1028D000FC01007E1F3E0080FC00007E1F3F008048
:1028E000FC00007E1F3F0080FC00007C3F3F00009A
:1028F000FC0000FC3F1F00007C0000FCBF1F00002C
:102900007E0000F8BF1F00007E0000F8BE1F000020
:102910007F0000F8BE0F00003F0000F8BE0F00006F
:102920003F0000F0FE0F00003F0000F0FC07000039
:102930003F0000F0FC0700001F0000E0FC07000063
:102940001F0000E0FC070000000000000000000085
:102950000000000000000000000000000000000077
:102960000000000000000000000000000000000067
:102970000000000000000000000000000000000057
:102980000000000000000000000000000000000047
:102990000000000000000000000000000000000037
:1029A0000000000000000000000000000000000027
:1029B0000000000000000000000000000000000017
:1029C0000000000000000000000000000000000007
:1029D00000000000000000000000000000000000F7
:1029E00000000000000000000000000000000000E7
:1029F00000000000000000000000000000000000D7
:102A000000000000000000000000000000000000C6
:102A100000000000000000000000000000000000B6
:102A200000000000000000000000000000000000A6
:102A30000000000000000000000000000000000096
:102A40000000C03F0F0000F0E01F1F0000E0E00F9B
:102A50001F0000C0F00F3F0000C0F0073F000080E3
:102A6000F8037F000000FC03FF000000FC01FE00F3
:102A70000000FE00FC010000FE00FC0100007F00E1
:102A8000F80300003F00F08700003F00F0870000DF
:102A90001F00E0CF00000F00C0DF00000F00C0FFEC
:102AA0000000070080FF0000030000FF000003009B
:102AB00000FF0000010000FE0000010000FE000019
:102AC000030000FF0000070000FF0000070080FF78
:102AD00000000F00C0FF00001F00E0EF00001F001B
:102AE000E0CF00003F00F08700007F00F887000083
:102AF0007F00F8030000FE00FC010000FE01FE0163
:102B00000000FC01FE000000F8037F000000F80751
:102B10007F000080F0073F000080F00F3F0000C002
:102B2000E01F1F0000E0C01F0F0000E0C03F0F00CB
:102B300000F0807F070000F80000000000000000A7
:102B40000000000000000000000000000000000085
:102B50000000000000000000000000000000000075
:102B60000000000000000000000000000000000065
:102B70000000000000000000000000000000000055
:102B80000000000000000000000000000000000045
:102B90000000000000000000000000000000000035
:102BA0000000000000000000000000000000000025
:102BB0000000000000000000000000000000000015
:102BC0000000000000000000000000000000000005
:102BD00000000000000000000000000000000000F5
:102BE00000000000000000000000000000000000E5
:102BF00000000000000000000000000000000000D5
:102C00000000000000000000000000FE030000F8CB
:102C100000FE030000F8007F070000F0007F0700BF
:102C200000F0003F070000F0803F0F0000E0803F11
:102C30000F0000E0C01F0F0000E0C01F1F0000C019
:102C4000C01F1F0000C0E00F1F0000C0E00F3F00CA
:102C50000080E0073F000080F0073F000000F00721
:102C60007F000000F0037F000000F8037E000000FA
:102C7000F801FE000000FC01FE000000FC01FC0069
:102C80000000FC00FC010000FE00FC0100007E00D2
:102C9000F80100007E00F80300007F00F803000048
:102CA0003F00F00300003F00F00700003F00E08716
:102CB00000001F00E08700001F00E08700000F00F9
:102CC000C0CF00000F00C0CF00000F00C0CF000039
:102CD000070080DF0000070080FF0000030080FF86
:102CE0000000030000FF0000030000FF00000100DF
:102CF00000FF0000010000FE0000000000FE0000D8
:102D0000000000FC0000010000FC0000010000FCCD
:102D10000000010000F80000030000F800000300BC
:102D200000F80000030000F00000070000F00000C1
:102D3000070000E000000F0000E000001F0000C0DE
:102D400000007F0000C00000FFFF00800000FFFFC8
:102D500000800000FFFF00000000FCFF00000000FA
:102D6000F8FF00000000C07F00000000000000002D
:102D70000000000000000000000000000000000053
:102D80000000000000000000000000000000000043
:102D90000000000000000000000000000000000033
:102DA0000000000000000000000000000000000023
:102DB00000000000FF0FFCFFFF0FFCFFFF0FFCFFF8
:102DC000FF0FFCFFFF0FFCFF0000FC010000F803F9
:102DD0000000F8070000F0070000E00F0000E00F1F
:102DE0000000C01F0000803F0000803F0000007F07
:102DF000000000FE000000FE010000FC030000FCDB
:102E0000030000F8070000F0070000F00F0000E0EA
:102E10001F0000C01F0000C03F0000807F000000B6
:102E20007F000000FE000000FE010000FC01000029
:102E3000F8030000F8030000F0070000E00F0000B6
:102E4000E00F0000FF1FFEFFFF1FFEFFFF1FFEFF42
:102E5000FF1FFEFFFF1FFEFF00000000000000003C
:102E60000000000000000000000000000000000062
:102E70000000000000000000000000000000000052
:102E80000000000000000000000000000000000042
:102E90000000000000000000000000000000000032
:102EA0000000000000000000000000000000000022
:102EB000000080070000807F000080FF010080FF8D
:102EC000030080FF070080FF070000F80F0000F0FC
:102ED0000F0000E00F0000E00F0000E00F0000E036
:102EE0000F0000E00F0000E00F0000E00F0000E026
:102EF0000F0000E00F0000E00F0000E00F0000E016
:102F00000F0000E00F0000E00F0000E00F0000E005
:102F10000F0000E00F0000E01F0000C01F0000C015
:102F20007F000080FF010080FF3F0000FC3F0000A9
:102F3000C03F0000F03F0000FC3F0000FF3F0000EA
:102F4000FF0000803F0000C01F0000C01F0000C045
:102F50000F0000E00F0000E00F0000E00F0000E0B5
:102F60000F0000E00F0000E00F0000E00F0000E0A5
:102F70000F0000E00F0000E00F0000E00F0000E095
:102F80000F0000E00F0000E00F0000E00F0000E085
:102F90000F0000E00F0000E00F0000F0070000F855
:102FA000070080FF030080FF010080FF000080FF1A
:102FB0000000807F0000800700000000000000008B
:102FC0000000000000000000000000000000000001
:102FD00000000000000000000000003F0000003F73
:102FE0000000003F0000003F0000003F0000003FE5
:102FF0000000003F0000003F0000003F0000003FD5
:103000000000003F0000003F0000003F0000003FC4
:103010000000003F0000003F0000003F0000003FB4
:103020000000003F0000003F0000003F0000003FA4
:103030000000003F0000003F0000003F0000003F94
:103040000000003F0000003F0000003F0000003F84
:103050000000003F0000003F0000003F0000003F74
:103060000000003F0000003F0000003F0000003F64
:103070000000003F0000003F0000003F0000003F54
:103080000000003F0000003F0000003F0000003F44
:103090000000003F0000003F0000003F0000003F34
:1030A0000000003F0000003F0000003F0000003F24
:1030B0000000003F0000003F0000003F0000003F14
:1030C0000000003F0000003F0000003F0000003F04
:1030D0000000003F0000003F0000003F0000003FF4
:1030E0000000003F0000003F0000003F0000003FE4
:1030F0000000003F0000003F0000003F0000003FD4
:103100000000003F0000003F000000000000000041
:10311000003C0000C03F0000E03F0000F03F000026
:10312000F83F0000FC3F0000FC030000FE0100002F
:10313000FE000000FE000000FE000000FE00000097
:10314000FE000000FE000000FE000000FE00000087
:10315000FE000000FE000000FE000000FE00000077
:10316000FE000000FE000000FE000000FE00000067
:10317000FE000000FE0000007F0000007F00000055
:103180003F0000C03F0000F01F0080FF070080FFED
:103190000000807F010080FF0F0080FF1F0080FF84
:1031A0003F0000E07F0000807F0000007F00000003
:1031B000FE000000FE000000FE000000FE00000017
:1031C000FE000000FE000000FE000000FE00000007
:1031D000FE000000FE000000FE000000FE000000F7
:1031E000FE000000FE000000FE000000FE000000E7
:1031F000FE000000FE000000FE010000FC030000D5
:10320000FC3F0000F83F0000F03F0000E03F0000FE
:10321000C03F0000003C0000000000000000000073
:10322000000000000000000000000000000000009E
:10323000000000000000000000000000000000008E
:10324000000000000000000000000000000000007E
:10325000000000000000000000000000000000006E
:10326000000000000000000000000000000000005E
:10327000000000000000000000000000000000004E
:10328000000000000000000000000000000000003E
:10329000000000000000000000000000000000002E
:1032A000000000000000000000000000000000001E
:1032B000000000000000000000000000000000000E
:1032C00000000000000000003F0000800004FF013B
:1032D00000F0000CFF0300FE001CFF0780FF007CD5
:1032E000FF0FFFFF00FCFF0FFFFF00FC800FFF7FC1
:1032F00000FC000EFF1F00F0000CFF0300E00008C0
:103300007F0000000000000000000000000000003E
:1033100000000000000000000000000000000000AD
:10332000000000000000000000000000000000009D
:10333000000000000000000000000000000000008D
:10334000000000000000000000000000000000007D
:10335000000000000000000000000000000000006D
:10336000000000000000000000000000000000005D
:10337000000000000000000000000000000000004D
:10338000000000000000000000000000000000003D
:10339000000000000000000000000000000000002D
:1033A000000000000000000000000000000000001D
:1033B000000000000000000000000000000000000D
:1033C00000000000000000000000000000000000FD
:1033D00000000000000000000000000000000000ED
:1033E00000000000000000000000000000000000DD
:1033F00000000000000000000000000000000000CD
:10340000100020FFF034040010340400000000001D
:1034100004040608080B0904040406080404040450
:103420000808080808080808080804040808080824
:103430000E080A090A09080A0A040709080C0A0AF8
:10344000090A0A09080A080E090A090404040508F9
:10345000050808070808040808040407040C0808FD
:10346000080805080408080A0808080504050504F2
:10347000040404040404040404040404040404040C
:1034800004040404040404040404040404040404FC
:103490000904080808080408050A050708040A08BA
:1034A0000508040405080704050405070B0B0B08B1
:1034B0000808080808080D09090909090404040492
:1034C0000A0A0A0A0A0A0A080A0A0A0A0A0A090861
:1034D0000808080808080C07080808080404040479
:1034E000080808080808080608080808080808085E
:1034F00000000000000000000000000000000000CC
:1035000000000000000000000000000000000000BB
:10351000000000000060006000600060006000606B
:10352000006000600000006000600000000000001B
:103530000000000000CC00CC00CC00CC00CC00008F
:10354000000000000000000000000000000000007B
:103550000000000000360036007F007F0036003695
:10356000006C006C00FE00FE006C006C00000000AF
:10357000000000000018007E00DB00DB00D800FC2B
:10358000003E001B00DB00DB007E00180000000096
:10359000000000006070C0D880D900DB0076000613
:1035A000C00D601B60336063C0C1000000000000FC
:1035B00000000000001C0036002200220036001C23
:1035C0000039006D00470066003F00000000000069
:1035D000000000000060006000600060006000000B
:1035E00000000000000000000000000000000000DB
:1035F00000000000003000600060006000600060BB
:1036000000600060006000600060006000600030EA
:103610000000000000C0006000600060006000600A
:10362000006000600060006000600060006000C03A
:10363000000000000030003000FC0030007800483E
:10364000000000000000000000000000000000007A
:10365000000000000000000000180018001800180A
:1036600000FF0018001800180018000000000000FB
:10367000000000000000000000000000000000004A
:103680000000000000600060006000C0000000005A
:10369000000000000000000000000000000000F03A
:1036A00000F000000000000000000000000000002A
:1036B000000000000000000000000000000000000A
:1036C0000000000000E000E000E00000000000005A
:1036D000000000000030003000300030007000605A
:1036E00000600060006000E000C000C000C000009A
:1036F00000000000003C0066006600660066006690
:103700000066006600660066003C000000000000E5
:1037100000000000001800780018001800180018B9
:103720000018001800180018001800000000000021
:1037300000000000003C0066006600660006000C09
:103740000018003000600060007E000000000000F3
:1037500000000000003C0066006600060006001C39
:103760000006000600660066003C00000000000045
:10377000000000000000006600660066006600664B
:10378000007E007E0006000600060000000000002B
:1037900000000000007E006000600060007C0066A9
:1037A0000006000600660066003C00000000000005
:1037B00000000000003C0066006600600060007CC5
:1037C0000066006600660066003C00000000000025
:1037D00000000000007E00060006000C000C007EC9
:1037E0000018001800300030003000000000000019
:1037F00000000000003C0066006600660066003CB9
:103800000066006600660066003C000000000000E4
:1038100000000000003C0066006600660066003E96
:103820000006000600060066003C000000000000E4
:1038300000000000000000000060006000000000C8
:1038400000000000000000600060000000000000B8
:1038500000000000000000000060006000000000A8
:103860000000000000600060006000C00000000078
:103870000000000000000006000C0018003000608E
:10388000006000300018000C00060000000000007E
:1038900000000000000000000000007E007E00002C
:1038A000007E007E0000000000000000000000001C
:1038B000000000000000006000300018000C00064E
:1038C0000006000C0018003000600000000000003E
:1038D00000000000003C0066006600660006000C68
:1038E0000018001800000018001800000000000078
:1038F00000008007E01C703830339867D866D86CB9
:10390000D86C986D9867F0320030701CC0070000CA
:103910000000000000180018003C003C0024006675
:10392000007E007E00E700C300C30000000000002E
:1039300000000000007F8061806180618061007F05
:103940008061806180618061007F00000000000074
:1039500000000000001E0033006100610060006094
:103960000060006100610033001E000000000000E4
:1039700000000000007E00638061806180618061E2
:103980008061806180610063007E000000000000B3
:1039900000000000007F0060006000600060007FA9
:1039A0000060006000600060007F00000000000018
:1039B00000000000007F0060006000600060007F89
:1039C0000060006000600060006000000000000017
:1039D00000000000001F8031806080600060006097
:1039E0008067806180618031801E000000000000DF
:1039F0000000000080618061806180618061807F63
:103A00008061806180618061806100000000000051
:103A10000000000000600060006000600060006066
:103A200000600060006000600060000000000000B6
:103A300000000000000C000C000C000C000C000C3E
:103A4000000C00CC00CC00CC00780000000000008E
:103A500000000000806100630066006C0078007068
:103A60000078006C006600638061000000000000C8
:103A70000000000000600060006000600060006006
:103A80000060006000600060007F00000000000037
:103A90000000000060606060E070E070E079E07954
:103AA000606F606F6066606660600000000000002C
:103AB000000000008061807180718079807D806D60
:103AC000806F806780638063806100000000000079
:103AD00000000000001E0033806180618061806111
:103AE0008061806180610033001E000000000000E2
:103AF00000000000007F80618061806180618061E2
:103B0000007F0060006000600060000000000000B6
:103B100000000000001E00338061806180618061D0
:103B20008061806580670033801F00000000000016
:103B300000000000007F80618061806180618061A1
:103B4000007F806180618061C06000000000000033
:103B500000000000003E0063006300630038000EB8
:103B60000003006300630063003E000000000000EB
:103B70000000000000FF00180018001800180018CE
:103B800000180018001800180018000000000000BD
:103B900000000000806180618061806180618061DF
:103BA0008061806180610033001E00000000000021
:103BB0000000000000C300C300C30066006600668A
:103BC0000024003C003C0018001800000000000029
:103BD000000000000CC00CC30CC30CC398679867AE
:103BE000B034F03C6018601860180000000000005D
:103BF0000000000080C180C100630036001C001C72
:103C0000001C0036006380C180C10000000000007D
:103C100000000000C0C0C0C0C0C080610033001EF2
:103C2000000C000C000C000C000C00000000000058
:103C30000000000080FF800100030006000C000867
:103C400000180030006000C080FF0000000000008D
:103C50000000000000700060006000600060006014
:103C60000060006000600060006000600060007044
:103C70000000000000C000C000C000C00060006084
:103C80000060006000600030003000300030000054
:103C90000000000000E00060006000600060006064
:103CA000006000600060006000600060006000E094
:103CB000000000000020007000F800D8008800001C
:103CC00000000000000000000000000000000000F4
:103CD00000000000000000000000000000000000E4
:103CE000000000000000000000000000000000FFD5
:103CF00000000060007000300018000000000000AC
:103D000000000000000000000000000000000000B3
:103D100000000000000000000000003C00660046BB
:103D2000001E003600660066003E00000000000035
:103D3000000000000060006000600060007C006621
:103D40000066006600660066007C0000000000005F
:103D500000000000000000000000003C0066006061
:103D60000060006000600066003C00000000000091
:103D7000000000000006000600060006003E006687
:103D80000066006600660066003E0000000000005D
:103D900000000000000000000000003C006600661B
:103DA000007E006000600066003C00000000000033
:103DB00000000000003000600060006000F0006063
:103DC0000060006000600060006000000000000013
:103DD00000000000000000000000003E00660066D9
:103DE0000066006600660066003E00060066003C55
:103DF000000000000060006000600060007C006661
:103E000000660066006600660066000000000000B4
:103E100000000000006000600000006000600060C2
:103E200000600060006000600060000000000000B2
:103E300000000000006000600000006000600060A2
:103E4000006000600060006000600060006000C012
:103E50000000000000600060006000600066006C10
:103E6000007800700078006C006600000000000020
:103E70000000000000600060006000600060006002
:103E80000060006000600060006000000000000052
:103E900000000000000000000000C07F6066606657
:103EA0006066606660666066606600000000000034
:103EB00000000000000000000000007C00660066BA
:103EC00000660066006600660066000000000000F4
:103ED00000000000000000000000003C00660066DA
:103EE0000066006600660066003C000000000000FE
:103EF00000000000000000000000007C006600667A
:103F00000066006600660066007C0060006000607D
:103F100000000000000000000000003E0066006697
:103F20000066006600660066003E000600060006A9
:103F30000000000000000000000000780070006039
:103F40000060006000600060006000000000000091
:103F500000000000000000000000003C006600625D
:103F60000038001C00460066003C00000000000015
:103F70000000000000000060006000F000600060D1
:103F80000060006000600060003000000000000081
:103F900000000000000000000000006600660066EF
:103FA0000066006600660066003E0000000000003B
:103FB0000000000000000000000000C300C3006615
:103FC00000660066003C00180018000000000000B9
:103FD00000000000000000000000C0C0C0CCC0CC49
:103FE000806D806D807F0033003300000000000092
:103FF0000000000000000000000000C30066003C5C
:1040000000180018003C006600C30000000000001B
:104010000000000000000000000000C300C300C357
:1040200000660066003C003C00180018003000608C
:1040300000000000000000000000007E0006000CF0
:104040000018001800300060007E00000000000032
:104050000000000000180030003000300030003058
:104060000060006000300030003000300030001888
:104070000000000000600060006000600060006000
:104080000060006000600060006000600060006030
:104090000000000000C00060006000600060006080
:1040A000003000300060006000600060006000C010
:1040B0000000000000E800B8000000000000000060
:1040C00000000000000000000000000000000000F0
:1040D0000000000000000060006000600060006000
:1040E00000600060006000600060000000000000F0
:1040F00000000000000000600060006000600060E0
:1041000000600060006000600060000000000000CF
:1041100000000000000000600060006000600060BF
:1041200000600060006000600060000000000000AF
:10413000000000000000006000600060006000609F
:10414000006000600060006000600000000000008F
:10415000000000000000006000600060006000607F
:10416000006000600060006000600000000000006F
:10417000000000000000006000600060006000605F
:10418000006000600060006000600000000000004F
:10419000000000000000006000600060006000603F
:1041A000006000600060006000600000000000002F
:1041B000000000000000006000600060006000601F
:1041C000006000600060006000600000000000000F
:1041D00000000000000000600060006000600060FF
:1041E00000600060006000600060000000000000EF
:1041F00000000000000000600060006000600060DF
:1042000000600060006000600060000000000000CE
:1042100000000000000000600060006000600060BE
:1042200000600060006000600060000000000000AE
:10423000000000000000006000600060006000609E
:10424000006000600060006000600000000000008E
:10425000000000000000006000600060006000607E
:10426000006000600060006000600000000000006E
:10427000000000000000006000600060006000605E
:10428000006000600060006000600000000000004E
:10429000000000000000006000600060006000603E
:1042A000006000600060006000600000000000002E
:1042B000000000000000006000600060006000601E
:1042C000006000600060006000600000000000000E
:1042D00000000000000000600060006000600060FE
:1042E00000600060006000600060000000000000EE
:1042F00000000000000000600060006000600060DE
:1043000000600060006000600060000000000000CD
:1043100000000030003000600000000000000000DD
:10432000000000000000000000000000000000008D
:1043300000000060006000C00000000000000000FD
:10434000000000000000000000000000000000006D
:10435000000000000000006000600060006000607D
:10436000006000600060006000600000000000006D
:10437000000000000000006000600060006000605D
:10438000006000600060006000600000000000004D
:10439000000000000000006000600060006000603D
:1043A000006000600060006000600000000000002D
:1043B000000000000000006000600060006000601D
:1043C000006000600060006000600000000000000D
:1043D00000000000000000600060006000600060FD
:1043E00000600060006000600060000000000000ED
:1043F00000000000000000600060006000600060DD
:1044000000600060006000600060000000000000CC
:1044100000000000000000600060006000600060BC
:1044200000600060006000600060000000000000AC
:10443000000000000000006000600060006000609C
:10444000006000600060006000600000000000008C
:10445000000000000000006000600060006000607C
:10446000006000600060006000600000000000006C
:10447000000000000000006000600060006000605C
:10448000006000600060006000600000000000004C
:10449000000000000000006000600060006000603C
:1044A000006000600060006000600000000000002C
:1044B000000000000000006000600060006000601C
:1044C000006000600060006000600000000000000C
:1044D00000000000000000600060006000600060FC
:1044E00000600060006000600060000000000000EC
:1044F00000000000000000000000000000000000BC
:1045000000000000000000000000000000000000AB
:1045100000000000006000600000006000600060BB
:1045200000600060006000600060000000000000AB
:104530000000000000000000000C003C006E00685D
:104540000068006800700076003C00300000000049
:10455000000000000038006C006000600060003067
:104560000078003000300066007C00000000000091
:10457000000000000066003C002400240024003CF1
:1045800000660000000000000000000000000000C5
:104590000000000000C300C300C30066006600FF07
:1045A000001800FF001800180018000000000000AC
:1045B00000000000006000600060006000600060BB
:1045C00000000000006000600060006000600060AB
:1045D00000000000003C0066002400380038006C39
:1045E0000036001C001C00240066003C0000000097
:1045F0000000000000D800D800D800000000000033
:1046000000000000000000000000000000000000AA
:1046100000000000003F8061C0CCC0D2C0D2C0D03A
:10462000C0D2C0D2C0CC8061003F000000000000BA
:10463000000000000000002000100030005000309A
:1046400000000070000000000000000000000000FA
:104650000000000000000000000000000000003624
:10466000006C00D8006C0036000000000000000064
:104670000000000000000000000000000000007EBC
:10468000000600060000000000000000000000001E
:10469000000000000000000000000000000000001A
:1046A00000F000000000000000000000000000001A
:1046B00000000000003F8061C0DCC0D2C0D2C0D288
:1046C000C0DCC0D4C0D28061003F00000000000008
:1046D000000000FF000000000000000000000000DB
:1046E00000000000000000000000000000000000CA
:1046F000000000000000007000500050007000003A
:1047000000000000000000000000000000000000A9
:104710000000000000000000000000000018001869
:10472000007E001800180000007E0000000000005D
:10473000000000000000006000B00030006000F0E9
:104740000000000000000000000000000000000069
:10475000000000000000006000B0006000B00060D9
:104760000000000000000000000000000000000049
:104770000000000000380030006000000000000071
:104780000000000000000000000000000000000029
:1047900000000000000000000000006600660066E7
:1047A0000066006600660066007F006000600060D2
:1047B000000000000000003C007C007C007C007CCD
:1047C000003C000C000C000C000C0000000000007D
:1047D0000000000000000000000000000000006079
:1047E0000060000000000000000000000000000069
:1047F00000000000000000000000000000000000B9
:1048000000000000000000000000003000180070F0
:10481000000000000000006000E000600060006038
:104820000000000000000000000000000000000088
:1048300000000000000000700050005000500070A8
:1048400000000070000000000000000000000000F8
:10485000000000000000000000000000000000D880
:10486000006C0036006C00D8000000000000000062
:104870000000000000006030C0708031003300365E
:10488000C00CC0194033C063C0C00000000000006D
:104890000000000000006030C0708031003300363E
:1048A000800DC01AC0308061C0C30000000000004D
:1048B0000000000000006030C0588031005B00360E
:1048C000C00CC0194033C063C0C00000000000002D
:1048D0000000000000000018001800000018001878
:1048E0000030006000660066003C00000000000030
:1048F00000380018000C00180018003C003C002490
:1049000000660066007E00C300C3000000000000D7
:10491000001C0018003000180018003C003C002467
:1049200000660066007E00C300C3000000000000B7
:104930000018003C006600180018003C003C0024F1
:1049400000660066007E00C300C300000000000097
:10495000007A005E000000180018003C003C0024B3
:1049600000660066007E00C300C300000000000077
:1049700000660066000000180018003C003C00249F
:1049800000660066007E00C300C300000000000057
:104990000018003C0018000000180018003C00241B
:1049A00000660066007E00C300C300000000000037
:1049B000000000000000F01F001E00360036E03747
:1049C00000660066007E00C6F0C700000000000020
:1049D000000000000000001E003300610060006065
:1049E0000060006000610033001E000C0006001C27
:1049F000001C000C0006007F006000600060007E6C
:104A00000060006000600060007F000000000000A7
:104A1000000E000C0018007F006000600060007E47
:104A20000060006000600060007F00000000000087
:104A3000000C001E0033007F006000600060007EFC
:104A40000060006000600060007F00000000000067
:104A5000003300330000007F006000600060007ED3
:104A60000060006000600060007F00000000000047
:104A700000C0006000000060006000600060006036
:104A80000060006000600060006000000000000046
:104A900000300060000000600060006000600060A6
:104AA0000060006000600060006000000000000026
:104AB0000060009000000060006000600060006026
:104AC0000060006000600060006000000000000006
:104AD0000090000000000060006000600060006066
:104AE00000600060006000600060000000000000E6
:104AF000000000000000007E00638061806180F99A
:104B00008061806180610063007E00000000000021
:104B1000003D002F00008061807180798079806D78
:104B2000806D806780678063806100000000000006
:104B3000001C000C0006001E003380618061806153
:104B40008061806180610033001E00000000000071
:104B5000000E000C0018001E00338061806180612F
:104B60008061806180610033001E00000000000051
:104B7000000C001E0033001E0033806180618061E4
:104B80008061806180610033001E00000000000031
:104B9000003D002F0000001E0033806180618061B5
:104BA0008061806180610033001E00000000000011
:104BB000003300330000001E00338061806180619B
:104BC0008061806180610033001E000000000000F1
:104BD000000000000000000000000000000000666F
:104BE000003C0018003C00660000000000000000CF
:104BF000000000000000801F003380638067806D2C
:104C0000806D807980710033007E0000000000001C
:104C1000001C000C00068061806180618061806101
:104C20008061806180610033001E00000000000090
:104C3000000E000C001880618061806180618061DD
:104C40008061806180610033001E00000000000070
:104C5000000C001E00330000806180618061806173
:104C60008061806180610033001E00000000000050
:104C70000033003300008061806180618061806169
:104C80008061806180610033001E00000000000030
:104C9000000E000C0018C0C0C0C080610033001EB0
:104CA000000C000C000C000C000C000000000000C8
:104CB00000000000000000600060007E00630063F0
:104CC00000630063007E00600060000000000000E0
:104CD000000000000000003C006600660066006CFA
:104CE0000066006600660066006C000000000000C0
:104CF0000000000000380018000C0000003C0066B6
:104D0000001E003600660066003E00000000000045
:104D100000000000001C001800300000003C00668D
:104D2000001E003600660066003E00000000000025
:104D3000000000000018003C00660000003C006617
:104D4000001E003600660066003E00000000000005
:104D5000000000000000007A005E0000003C0066D9
:104D6000001E003600660066003E000000000000E5
:104D7000000000000000006600660000003C0066C5
:104D8000001E003600660066003E000000000000C5
:104D9000000000000018003C00180000003C006605
:104DA000001E003600660066003E000000000000A5
:104DB000000000000000000000000000C03F60662E
:104DC000E01F003600666066C03F00000000000083
:104DD000000000000000000000000000003C006631
:104DE0000060006000600066003C0018000C0038A5
:104DF0000000000000380018000C0000003C0066B5
:104E0000007E006000600066003C000000000000C2
:104E100000000000001C001800300000003C00668C
:104E2000007E006000600066003C000000000000A2
:104E3000000000000018003C00660000003C006616
:104E4000007E006000600066003C00000000000082
:104E5000000000000000006600660000003C0066E4
:104E6000007E006000600066003C00000000000062
:104E70000000000000E00060003000000060006002
:104E80000060006000600060006000000000000042
:104E9000000000000070006000C0000000600060C2
:104EA0000060006000600060006000000000000022
:104EB00000000000006000F00000000000600060E2
:104EC0000060006000600060006000000000000002
:104ED00000000000000000900090000000600060F2
:104EE00000600060006000600060000000000000E2
:104EF00000000000000000760018006C000C003E6E
:104F00000066006600660066003C000000000000CD
:104F1000000000000000007A005E0000007C0066D7
:104F20000066006600660066006600000000000083
:104F30000000000000380018000C0000003C006673
:104F40000066006600660066003C0000000000008D
:104F500000000000001C001800300000003C00664B
:104F60000066006600660066003C0000000000006D
:104F7000000000000018003C00660000003C0066D5
:104F80000066006600660066003C0000000000004D
:104F9000000000000000007A005E0000003C006697
:104FA0000066006600660066003C0000000000002D
:104FB000000000000000006600660000003C006683
:104FC0000066006600660066003C0000000000000D
:104FD0000000000000000000000000300030000071
:104FE00000780000003000300000000000000000E9
:104FF000000000000000000000000000003E006E05
:10500000006E006600760076007C00000000000064
:105010000000000000380018000C00000066006668
:105020000066006600660066003E000000000000AA
:1050300000000000001C0018003000000066006640
:105040000066006600660066003E0000000000008A
:10505000000000000018003C0066000000660066CA
:105060000066006600660066003E0000000000006A
:105070000000000000000066006600000066006698
:105080000066006600660066003E0000000000004A
:1050900000000000001C00180030000000C300C326
:1050A00000660066003C003C0018001800300060FC
:1050B000000000000000006000600060007C0066EE
:1050C0000066006600660066007C006000600060AC
:1050D00000000000000000660066000000C300C37E
:1050E00000660066003C003C0018001800300060BC
:1050F000120110010000004051C20313000101021F
:10510000030109022000010100A03209040000028D
:10511000080650040705820240000A070505024000
:10512000000A040309042A03460075007400750090
:10513000720065002000440065007300690067008C
:105140006E0073002C00200049006E0063002E00EA
:1051500016035500530042004D0053002D0044003B
:10516000720076002E000C0330003000300030005A
:10517000310012034D00530074006F007200610093
:105180006700650000000000190000000101000038
:1051900018000000010100001700000001010000DC
:1051A0008C2E020000010000694C01002400000068
:1051B000E54B0100ED4B0100A42E020010010000A0
:1051C000794E010004000000754D0100B54D01004D
:1051D000D54D0100F54D0100014E0100694E010061
:1051E0001A00000002050100BC2E020000010000B0
:1051F000A94E01000C000000F94E01000D4F010006
:10520000B94E0100D14E0100294F0100374F010076
:10521000682F020000010000A35401002C000000D0
:10522000E1510100795101005D5101003D53010040
:10523000AD520100D1520100F55201001953010095
:10524000802F020000010000995401002C00000092
:10525000E1510100795101005D5101003D53010010
:10526000AD520100D1520100F55201001953010065
:1052700000010820200108204001082060010820CA
:1052800080010820A0010820C0010820E0010820BA
:105290000200000003000000040000000500000000
:1052A00001000000068000000780000006000000EA
:1052B000070000000A0000000B0000000C000000C6
:1052C0000D0000000E0000000F00000008000000AC
:1052D0000900000000800000018000000280000042
:1052E0000380000004800000058000000E800000A4
:1052F0000F8000000A8000000B8000000C8000007E
:105300000D800000A82F0200060100007955010061
:10531000140000008D5501009155010095550100C4
:1053200099550100A7550100B7550100C15501006D
:10533000CB550100D95501001D5601006B560100E7
:10534000D7560100DB560100DF560100E35601008D
:105350006D570100255701004956010031570100E2
:10536000C42F020006010000655501001400000072
:105370008D55010091550100955501009955010089
:10538000A7550100B7550100C1550100CB550100DB
:10539000D95501001D5601006B560100D75601007A
:1053A000DB560100DF560100E35601006D57010096
:1053B000255701004956010031570100E02F020036
:1053C0000601000051550100140000008D55010038
:1053D000915501009555010099550100A75501000F
:1053E000B7550100C1550100CB550100D955010049
:1053F0001D5601006B560100D7560100DB56010017
:10540000DF560100E35601006D57010025570100EA
:105410004956010031570100FC2F0200060100002F
:1054200035550100140000008D5501009155010013
:105430009555010099550100A7550100B755010088
:10544000C1550100CB550100D95501001D56010081
:10545000415701006F56010099560100C7560100DF
:10546000E35601006D570100255701004956010020
:1054700031570100183002000601000021550100DB
:10548000140000008D550100915501009555010053
:1054900099550100A7550100B7550100C1550100FC
:1054A000CB550100D95501001D5601006B56010076
:1054B000D7560100DB560100DF560100E35601001C
:1054C0006D57010025570100495601003157010071
:1054D00034300200060100000555010014000000F0
:1054E0008D55010091550100955501009955010018
:1054F000A7550100B7550100C1550100CB5501006A
:10550000D95501001D560100415701006F56010099
:1055100099560100C7560100E35601006D5701007E
:10552000255701004956010031570100B480092078
:10553000B8800920BC800920A0800920000000005C
:10554000000000000000000000000000000000005B
:1055500080C2024084C2024088C202408CC2024023
:1055600090C20240000000000000000000000000A7
:10557000000000000000000000000000000000002B
:10558000000000000000000000000000000000001B
:10559000000000000000000000000000000000000B
:1055A00000000000000000000000000000000000FB
:1055B00000000000000000000000000000000000EB
:1055C00000000000000000000000000000000000DB
:1055D00094800920988009209C80092080800920DF
:1055E00000000000000000000000000000000000BB
:1055F0000000000000C2024004C2024008C2024093
:105600000CC2024010C2024014C2024018C2024042
:105610001CC2024020C2024024C2024028C20240F2
:105620002CC2024030C2024034C2024038C20240A2
:105630003CC2024040C2024044C2024048C2024052
:105640004CC2024050C2024054C2024058C2024002
:105650005CC2024060C2024064C2024068C20240B2
:105660006CC2024070C2024074C2024078C2024062
:105670007CC2024074800920788009207C80092047
:105680006080092000000000000000000000000011
:10569000000000000000000080C1024084C1024000
:1056A00088C102408CC1024090C1024094C10240B6
:1056B00098C102409CC10240A0C10240A4C1024066
:1056C000A8C10240ACC10240B0C10240B4C1024016
:1056D000B8C10240BCC10240C0C10240C4C10240C6
:1056E000C8C10240CCC10240D0C10240D4C1024076
:1056F000D8C10240DCC10240E0C10240E4C1024026
:10570000E8C10240ECC10240F0C10240F4C10240D5
:10571000F8C10240FCC10240548009205880092091
:105720005C80092040800920B0800240B4800240A3
:10573000A4800240A8800240AC80024000C1024028
:1057400004C1024008C102400CC1024010C1024025
:1057500014C1024018C102401CC1024020C10240D5
:1057600024C1024028C102402CC1024030C1024085
:1057700034C1024038C102403CC1024040C1024035
:1057800044C1024048C102404CC1024050C10240E5
:1057900054C1024058C102405CC1024060C1024095
:1057A00064C1024068C102406CC1024070C1024045
:1057B00074C1024078C102407CC10240348009209B
:1057C000388009203C80092020800920000000004A
:1057D00000000000000000000000000000000000C9
:1057E00080C0024084C0024088C002408CC0024099
:1057F00090C0024094C0024098C002409CC0024049
:10580000A0C00240A4C00240A8C00240ACC00240F8
:10581000B0C00240B4C00240B8C00240BCC00240A8
:10582000C0C00240C4C00240C8C00240CCC0024058
:10583000D0C00240D4C00240D8C00240DCC0024008
:10584000E0C00240E4C00240E8C00240ECC00240B8
:10585000F0C00240F4C00240F8C00240FCC0024068
:1058600014800920188009201C800920008009204C
:1058700090800240948002408480024088800240F0
:105880008C80024000C0024004C0024008C00240B8
:105890000CC0024010C0024014C0024018C00240B8
:1058A0001CC0024020C0024024C0024028C0024068
:1058B0002CC0024030C0024034C0024038C0024018
:1058C0003CC0024040C0024044C0024048C00240C8
:1058D0004CC0024050C0024054C0024058C0024078
:1058E0005CC0024060C0024064C0024068C0024028
:1058F0006CC0024070C0024074C0024078C00240D8
:105900007CC002406830020000010000E95901003B
:1059100044000000C55A0100975A01006D5901006A
:10592000A3590100B3590100BD5901006959010093
:105930000100000003040000140000000304000044
:105940000F02000002040000000000000304000039
:1059500013000000030400000E0200000204000017
:105960000B020000370000001D010000370000009E
:105970001C010000370000001B0100003700000080
:105980001A010000370000000D020000370000007F
:105990000C0200003700000009000000A700000012
:1059A00008000000A70000001901000037000000F7
:1059B0001D01000036000000180100003700000043
:1059C0001C01000036000000170100003700000035
:1059D0001B01000036000000160100003700000027
:1059E0001A01000036000000150100003700000019
:1059F00019010000360000001D0400003600000000
:105A000014010000370000001801000036000000FB
:105A10001C0400003600000007000000A700000082
:105A200017010000360000000D02000036000000E3
:105A300006000000370000001601000036000000DC
:105A40000C020000360000001501000036000000C6
:105A500009020000370000001D04000035000000AE
:105A600014010000360000000802000037000000AA
:105A70001C04000035000000070200003700000091
:105A80000D020000350000000A0000003700000091
:105A900006020000370000000C0200003400000085
:105AA00009020000360000000C0200003500000072
:105AB0001D0400003700000008020000360000004E
:105AC0001C04000037000000050000003700000043
:105AD000070200003600000004000000370000004C
:105AE000060200003600000005020000370000003A
:105AF000040200003700000003020000370000002D
:105B00000202000037000000010200003700000020
:105B10000002000037000000A03002000001000079
:105B200045640100200200001D000000996401008E
:105B30000963010049630100896301008D6301006D
:105B40009D63010019640100F56301001400000069
:105B500022020000030100002202000013000000E6
:105B60002202000002010000220200000C010000DD
:105B7000220200000D020000220200000B010000C2
:105B8000220200000C0200002202000007010000B7
:105B9000220200000B02000022020000160000009A
:105BA0002202000006010000220200001C5C04002A
:105BB000040200000169010034000000B56A010020
:105BC000D96A0100FD6A0100156B01000D6C01002E
:105BD0001D6D0100196A0100E16901003D6D0100C0
:105BE000916D0100B7690100A16C0100696A0100B3
:105BF000E7690100FB6901000F6A0100B16901005A
:105C00004D4349004D4349206D656D6F7279207396
:105C100070616365206572726F7221004C50433170
:105C20003778785F343078783A4D43490000000087
:105C300014010000320000000102000031000000E9
:105C400019030000320000000201000033000000D0
:105C50001003000032000000BC3002000001000010
:105C6000E57201000C00000055720100D5710100C1
:105C700099720100B7720100CB720100D4300200AA
:105C800000010000D17201000C00000055720100FB
:105C9000D571010099720100B7720100CB72010049
:105CA000EC30020000010000A973010008000000B0
:105CB000B5730100017401005D7401000100000072
:105CC000340000000300000031000000000000006C
:105CD0003400000002000000310000000500000058
:105CE0000100000000C00040A97B0100030000008B
:105CF0006C31020000010000C57B01001C000000A7
:105D0000157D01001D7C0100E17B01000F7C01007D
:105D1000017C0100B97B01000000000000000000D0
:105D2000EF7B010009000000A30000000202000058
:105D300033000000010500003300000008000000EF
:105D4000A300000003020000330000000005000073
:105D50003300000007000000A30000000402000060
:105D6000330000001D0400003300000006000000A6
:105D70003300000005020000330000001C04000096
:105D80003300000005000000330000000F02000097
:105D90003300000004000000330000000E0100008A
:105DA0003300000006020000330000000E02000075
:105DB000330000001D010000330000001A03000042
:105DC000330000001C010000330000001903000034
:105DD000330000001B010000330000001803000026
:105DE000330000001A010000330000001703000018
:105DF000330000009C31020000010000157F01000B
:105E00002C000000F57D0100057E0100AD7F010042
:105E10001F7E0100497E01005D7E0100697E010058
:105E2000158001003D7F0100CC310200000100001F
:105E3000F17E01002C000000F57D0100057E0100CF
:105E4000AD7F01001F7E0100497E01005D7E0100E3
:105E5000697E0100158001003D7F01000300000004
:105E6000CD7E0100D02302001600000001000000DA
:105E7000BD7E0100A8250200010000000D00000009
:105E8000B10100000E000000330000001F00000000
:105E9000010000001E010000B2010000E431020018
:105EA000000100002582010010000000398201007D
:105EB0001D85010045820100518201005D820100C3
:105EC00035860100218401002584010079820100CA
:105ED00035830100CD830100E9830100D5810100F4
:105EE000018201006F8601009D840100658401002C
:105EF000C98101000E000000310000001F010000F8
:105F0000B10100001E010000B10100000C00000002
:105F1000B10100000D000000B10100000E00000002
:105F2000330000001F000000010000001901000004
:105F30003200000016010000320000001B010000CA
:105F400032000000160100003200000013010000C2
:105F5000320000001A0100003100000019010000A9
:105F6000310000001801000031000000170100009E
:105F70003100000016010000310000001501000092
:105F80003100000014010000310000001301000086
:105F9000310000001D010000310000001B00000066
:105FA000020000001C010000310000001C00000085
:105FB000020000001B01000031000000120100007F
:105FC0003100000009020000310000001E00000046
:105FD000010000001D000000010000000C32020062
:105FE00000010000C987010024000000E9880100C9
:105FF000858C0100558C0100E5870100A587010013
:10600000F1870100F1880100158A0100C18B0100B0
:10601000398A01002F8C0100058F01002F8F0100AC
:10602000578F0100F58801003D8901008589010035
:10603000CD890100898A0100998A0100058C01003F
:106040002832020000010000AD870100240000009A
:10605000E9880100858C0100558C0100E58701006D
:10606000A5870100F1870100F1880100158A010070
:10607000C18B0100398A01002F8C0100058F0100BE
:106080002F8F0100578F0100F58801003D89010025
:1060900085890100CD890100898A0100998A010062
:1060A000058C01005032020006010000C39401007B
:1060B0001000000039940100159501005D94010065
:1060C0006D9401008D940100CF9401009194010022
:1060D000A994010006000000A4130200E46004007B
:1060E0005C620400406104003C6104003C61040007
:1060F0003C6104003C6104003C6104003C6104001C
:106100003C6104003C6104003C610400FFFFFFFFB0
:10611000FFFFFFFFFFFFFFFFFFFF00002062040003
:1061200000620400A8610400746104006C61040052
:106130006061040054610400446104000000000038
:106140002E00000025612025622025652025542091
:106150002559000025483A254D3A255300000000F6
:10616000256D2F25642F257900000000414D00503A
:106170004D0000004A616E00466562004D6172008C
:10618000417072004D6179004A756E004A756C006D
:1061900041756700536570004F6374004E6F760061
:1061A00044656300000000004A616E756172790009
:1061B0004665627275617279004D61726368004173
:1061C0007072696C004D6179004A756E65004A75A0
:1061D0006C79004175677573740053657074656DF3
:1061E000626572004F63746F626572004E6F766510
:1061F0006D62657200446563656D626572000000E2
:1062000053756E004D6F6E005475650057656400E0
:106210005468750046726900536174000000000004
:1062200053756E646179004D6F6E646179005475C9
:106230006573646179005765646E657364617900A4
:10624000546875727364617900467269646179009B
:10625000536174757264617900000000FDED010006
:1062600019EE010025EE010031EE01004DEE0100B6
:1062700059EE010065EE010073EE010000070320F6
:106280000417020108571040800000002020202041
:106290002020202020682828282820202020202096
:1062A00020202020202020202020202048101010F6
:1062B000101010101010101010101010848484840E
:1062C00084848484848410101010101010818181C3
:1062D000818181010101010101010101010101012E
:1062E00001010101010101101010101010828282C1
:1062F00082828202020202020202020202020202FE
:1063000002020202020202101010102022000000FD
:1063100021000000000020410000C84200401C464F
:1063200020BCBE4CCA1B0E5AAEC59D7400000000B6
:106330000000000000002440000000000000594060
:10634000000000000088C3400000000084D797418F
:106350000080E03779C34143176E05B5B5B8934661
:10636000F5F93FE9034F384D321D30F94877825A2D
:106370003CBF737FDD4F15753031323334353637DE
:1063800038396162636465663031323334353637AB
:1063900038394142434445460100000000000000F6
:1063A0000A0000000000000064000000000000007F
:1063B000E8030000000000001027000000000000BB
:1063C000A08601000000000040420F000000000015
:1063D000809698000000000000E1F5050000000034
:1063E00000CA9A3B0000000000E40B5402000000C9
:1063F00000E87648170000000010A5D4E80000006F
:1064000000A0724E1809000000407A10F35A0000F4
:106410000080C6A47E8D03000000C16FF2862300B9
:1064200000008A5D78456301000064A7B3B6E00D03
:086430000000E8890423C78A7B
:10643800FF7F0000000000A0000000000000000036
:1064480000000000E4980300649903002499030005
:106458000000000020030000E0010000030000002D
:106468000000000000000000010000002003000000
:10647800200300000001000020030000E0010000EC
:1064880005000000000000000000000001000000FE
:106498004006000040060000000100002003000044
:1064A800E0010000040000000000000000000000FF
:1064B8000100000040060000400600000001000046
:1064C800E07F0000FFFFFFFF140000000A0000004B
:1064D8006400000064000000AAAAAAAA0000000044
:1064E800FFFFFFFFFFFFFFFFFFFFFFFF01000000AF
:1064F800D8600400D8600400D8600400D8600400A4
:04650800D860040053
:0400000300000301F5
:00000001FF
