:1000000010090010010300001B0300007C03000026
:100010001D0300001F03000021030000FBE3FFEFAE
:10002000000000000000000000000000618C0100E2
:100030002503000000000000C18C0100058D0100B7
:1000400005560100155601002556010035560100E0
:1000500045560100555601006556010075560100D0
:100060008556010095560100A5560100B5560100C0
:10007000C5560100D5560100E5560100F5560100B0
:10008000055701001557010025570100355701009C
:10009000455701005557010065570100755701008C
:1000A0008557010095570100A5570100B55701007C
:1000B000C5570100D5570100E5570100F55701006C
:1000C0000558010015580100255801003558010058
:1000D0004558010055580100655801007558010048
:0400E000855801003E
:0402FC00FFFFFFFF02
:10030000DFF88CD023488047DFF884D0224880472C
:1003100022482349016000F045B82FE02EE02DE08F
:100320002CE02BE02AE029E028E027E026E025E089
:1003300024E023E022E021E020E01FE01EE01DE0B9
:100340001CE01BE01AE019E018E017E016E015E0E9
:1003500014E013E012E011E010E00FE00EE00DE019
:100360000CE00BE00AE009E008E007E006E005E049
:1003700004E003E002E001E000E0FFE71EF0040F0C
:100380000CBFEFF30880EFF3098013F0CBBA000045
:10039000000001104B8D0000A9B3010008ED00E042
:1003A0000000000027498D4627482849284A00F0C8
:1003B00037F828482849294A00F032F828482949BE
:1003C000294A00F02DF8294829492A4A00F028F83E
:1003D00029482A492A4A00F023F82A482A492B4A60
:1003E00000F01EF82A482B49002200F024F82A4881
:1003F0002A49091A00220260043001601C481D4984
:10040000884205D00268043003B4904703BCF7E784
:1004100000208646EC4600200021214A9047FEE756
:10042000884207D0521A05D0037801300B70013191
:10043000013AF9D17047884202D002700130FAE7E0
:100440007047000010090010004604000000001072
:10045000D4000010A4040000A40400008C000200DA
:100460000046040000000010000000108C00020094
:100470008C0002008C0002008C0002008C00020044
:100480008C0002008C0002008C0002000046040078
:10049000007017A0949117A0989117A0000080A059
:0404A000438D000088
:1004A400024B4FF0FF321A60704700BF887017A0EC
:1004B4002DE9F04F91B0044612F0BAFD0FAA0021C5
:1004C40020461BF0AAFE4F4E4FF4F8430793002535
:1004D400069547F6E07705970223049340F2DF136D
:1004E400039340F21F330293019500950F9B4FF441
:1004F400F0724FF44871304611F054FD424C2146DD
:10050400304612F080F8304612F07FF880461F2201
:100514003E49304612F08CF8ADF83450ADF8365000
:10052400F369ADF83830336AADF83A3039463046BD
:1005340011F073FD2146304612F065F80BAF4FF40D
:10054400B47239460DA812F0CBFFBDF82CB0BDF83B
:100554002E90BDF83240DFF8B8A04FF4B472514683
:10056400384612F0DDFFADF82CB0ADF82E90ADF8A2
:100574003240544634F86039063BADF830300DF162
:1005840024092B4680224946384612F083FF99E815
:10059400030087E8030008F142022B4692B2494661
:1005A400384612F031FFBDF824302AF8603CBDF81B
:1005B4002830A380BDF8263063804033E380154B98
:1005C400A360154BE360154B2361A561E561A5624A
:1005D4002146304612F065FA2946304611F01FFDD7
:1005E400B4F866300093B4F86430B4F86220B4F818
:1005F4006010304611F07DFC12F02EFDA56611B09E
:10060400BDE8F08F987017A0A41404008C000200B9
:10061400687017A0B0000200A5040000DC2E0300DF
:1006240010B582B0114C0021204611F0F8FC0021D5
:10063400204611F0F2FC0021204611F0F3FC0C4B93
:10064400196809120B4B1A68121202F1090300937C
:1006540001F109030A3A0A39204611F04AFC002143
:10066400204611F0DFFC02B010BD00BF987017A047
:10067400947017A0907017A02DE9F04F8DB0002250
:100684004E4B1A604E4B5A679A67DA67DA661A67F6
:10069400B3F86020B3F864100A44521049490A6060
:1006A400B3F86220B3F8663013445B10464A136013
:1006B400464A102101201AF0B3FA10B10DB0BDE87A
:1006C400F08F424C424A434920681AF0E0FA22462D
:1006D4000AA941481CF01EF920B13C4B18681AF0D5
:1006E400C1FAEBE70BA93D481BF073FD28B1374B6A
:1006F40019680A981CF07BF9EFE709AA00210B9806
:100704001BF08BFD08A936481AF0D4FE18B10B98DB
:100714001BF076FDEBE7334908981AF0B7FE002882
:10072400F5D10B98FFF7C4FE1AF080FB0446234B67
:100734001B68002BEBD1DFF89490DFF884802A4FFC
:1007440084E01F4B0022DA661A6710264FF00A0B6A
:10075400DFF890A01D4658461AF09EF9DAF800001A
:1007640003685B69642205A99847EB6E059A1A44ED
:10077400EA662B6F06990B442B67013EEBD11146B9
:10078400002AB8BF02F10F0109110D4AD1661A46B9
:10079400002BB8BF03F10F021211094B1A674FF077
:1007A400FF325A671AF042FB104B186075E04FF4A1
:1007B40096329DE04FF49633A4E000BF887017A0F2
:1007C400087017A0947017A0907017A0047017A059
:1007D400A4250200B8000200C4000200D0000200F8
:1007E400D40002008C7017A0987017A0007017A096
:1007F400B04200F0E780774B9B6E002B40F0E68020
:10080400754B1E60754B1D6033120A3B03932B120C
:100814000A3B0493724D04AA03A9284611F00FFC65
:10082400284612F0BFFEBDF81020BDF80C106D482C
:1008340012F066FC674B4FF0FF329A6614201AF0F0
:100844002BF9694B1B68002B7FF461AF0023D9F8A7
:1008540000204146384612F01BFB054626461AF096
:10086400E5FA0446002DE9D1B042E7D05F4B1868A1
:1008740003685B69642205A9984705461AF0D6FA0D
:100884005B4B1A681860002DD8D1524B5B6F0193F3
:10089400002B3FF456AF831A01934E4BD96E059A41
:1008A400521A0592196F069B5B1A0693019901FB74
:1008B40002F2002ABCBF02F57F42FF3212144549FE
:1008C400896F01EB4222019901FB03F3002BBCBFAA
:1008D40003F57F43FF331B143E49C96F01EB4323E8
:1008E400B2F5963FBFF663AF42498A42B8BF0A46A3
:1008F40038498A67B3F5963FBFF65CAF3D498B42F2
:10090400B8BF0B46DFF8CCC0CCF87C30324908685D
:10091400DDF804A00AFB02F1DFF8DCE08EFB0165E0
:10092400CE17C6EBA51606442C4909680AFB03F545
:100934008EFB05AEED17C5EBAE150D44BCF864C0D7
:10094400ACF10B0C4FEA0C2EB6EB0C2F06DD02EBD0
:10095400D272521052421F4EB26776461D4AB2F806
:1009640060200B324FEA022CB6EB022F07DA194E45
:10097400B26F02EBD27252105242B2676646154A07
:10098400B2F866200B3A4FEA022CB5EB022F06DDD3
:1009940003EBD3735B105B420E4AD36765460D4B82
:1009A400B3F862300B334FEA032CB5EB032FBFF6D9
:1009B4001FAF084AD36F03EBD3735B105B42D3675B
:1009C400654615E7A9427FF416AF37E7FFF728FE1F
:1009D40016E700BF087017A0947017A0907017A0B6
:1009E400987017A09CEE0200887017A08C7017A056
:1009F400007017A000D4FEFFD34D6210034B0360B8
:100A0400034B0B6080231360704700BF507517A021
:100A1400507317A0034B0360034B0B6080231360D8
:100A2400704700BFF87217A0F87017A083694FF0E1
:100A3400FF329A66704700002DE9F04FA9B00446D2
:100A440000F16C0B27AA002140681BF0E6FB12F0B2
:100A5400EFFA05201AF020F804F108084FF4F843DF
:100A640007930023069347F6E0720592022204924C
:100A740040F2DF12039240F21F320292019300937C
:100A8400279B4FF4F0724FF44871404611F08AFAF4
:100A94006B49404611F0B7FD6A4B1B68002B41D0EF
:100AA40023681A6840F2E97302930E230193072323
:100AB4000093654B1B68654908A81DF04FFD1F2274
:100AC40008A9404611F0B4FD0021404611F0A7FAF0
:100AD400404611F09AFD05460023ADF89430ADF878
:100AE4009630636AADF89830A36AADF89A30122153
:100AF40025A812F05DFC23685E689B68CBB95C4650
:100B0400BDF89A20BDF89630D21AA2F23312521BC5
:100B14000023C2F34F021FA925A812F053FC4FF083
:100B2400020A35E023681F221968404611F080FD4F
:100B3400CAE705F14202022392B223A925A812F0C2
:100B440063FC802221A923A812F0EAFCBDF88420CA
:100B5400A4F86C20BDF88630A4F86E307F32A4F877
:100B640070203F33A4F87230394B6367394BA36765
:100B7400394BE367C4F884400023C4F88830A4F8F0
:100B840080308C34BCE7A5F11006BAF1010A48D0D4
:100B94003368002B45D03223802223A925A812F0E4
:100BA40011FCBDF89820BDF89430D21AA2F2952217
:100BB4000023C2F34F021FA923A812F047FC06F139
:100BC400100504F180074FF032092E4655F8103C09
:100BD400002BD8D04B46802221A923A812F036FC42
:100BE400BDF884302380BDF886306380BDF888303A
:100BF400A380BDF88A30E38055F8103CA36055F813
:100C04000C3CE36055F8083C236155F8043CA361AF
:100C14000023E361A38220341035BC42D5D13C4685
:100C2400B3E70023A3605946404611F03AFF1BF096
:100C340099FC10B129B0BDE8F08F12F015FAF9E76C
:100C4400A4140400547717A0587717A0DC000200FE
:100C5400B0000200310A0000DC2E03002DE9F0414F
:100C640082B005464FF4D6701BF082FC04466A46F7
:100C74001021012019F0D4FF08B1002300935CB1C6
:100C84004FF4D672002120461DF065FD2560009BBF
:100C94002BB920461BF074FC02B0BDE8F0816A4613
:100CA40001A923481BF036FE18B1009819F0DAFFA9
:100CB400EFE7211D1F481BF08CFA20B10099019821
:100CC4001BF095FEF1E72046FFF7B6FE04F16C0831
:100CD400194F04F1080605E02046FFF7ADFE09E0D0
:100CE4003B68BBB9A36EF3B9EB681BB1984710F02E
:100CF400010FF1D14FF0FF33009A4146304612F014
:100D0400C7F80028ECD0A36E002BE9D12046FFF7EA
:100D140093FEE5E706F0F2F92046FFF78DFE064B59
:100D240000221A60D5E760681BF06AFAC6E700BFC4
:100D3400C4000200D0000200A87517A008B580699D
:100D4400FFF78CFF08BD000070B504460D460E4B3E
:100D54001B6883B100201AF09DFA0C4B1E6807F043
:100D6400CDFF2A46B0FBF4F130461BF0D0FC002046
:100D74001AF062FA70BD054905481BF0B1FC024B3C
:100D84004FF0FF321A60E5E7AC7517A0B07517A0F5
:100D94000801020008B51421FA20FFF7D5FF08BDA9
:100DA40008B54FF4FA716420FFF7CEFF08BD8369DC
:100DB4004FF0FF32C3F8E4207047000010B582B052
:100DC40004460F4B1B68B3B9002111F028F947F60C
:100DD400E071204611F021F90A488388428801888D
:100DE400C08801380090013B01320131204611F0E6
:100DF40080F802B010BD47F6E07111F010F9E6E793
:100E0400BC7517A0C07517A010B58EB0044603A911
:100E14001C481BF0DEF91C4B1B68B3F1FF3F2AD0C2
:100E2400194B4FF0FF321A6041F28833059342F2B6
:100E34001073069347F2305307934FF47A73049375
:100E4400124B0A93124B0B93124B0C93124B0D93B0
:100E54004FF4F07300934FF448737622DC210F486B
:100E640012F0D8FB04A903981BF016FBA069FFF746
:100E7400A5FF0EB010BD044B00221A601BF048FB06
:100E8400F4E700BFD0000200BC7517A0493601008A
:100E94000537010055380100CD380100FC28020057
:100EA4002DE9F04F97B04FF48A701BF061FB1A4B99
:100EB4001860A8B104464FF48A7200211DF04BFC5F
:100EC4004FF0FF33C4F80431144A1021012019F003
:100ED400A7FE40B1104C20681BF052FB0023236096
:100EE40017B0BDE8F08F0D4A15A90D481BF012FD8F
:100EF40020B10A4B186819F0B5FEEBE7064B1968E8
:100F0400603108481BF065F970B1044B19681598F5
:100F14001BF06DFDEDE700BFB87517A0B47517A001
:100F2400C4000200D0000200D84C236803F5887284
:100F340003F58671186E1BF0B6F9246812F078F880
:100F440008AA0021206E1BF068F94FF4F8430793B8
:100F54000025069547F6E07BCDF814B002230493F0
:100F640040F2DF13039340F21F330293019500957F
:100F7400089B4FF4F0724FF44871204611F012F8B8
:100F8400C349204611F03FFB204611F03EFBC4F854
:100F940000011F22BF49204611F04AFB5946204652
:100FA40011F03BF82946204611F039F8ADF82450E9
:100FB400ADF82650E369ADF82830236AADF82A303D
:100FC4000DF124090821484612F0F2F9D4F8003151
:100FD40003F146020BAE052392B23146484612F0A5
:100FE40013FA0DAF96E8030087E803000523802277
:100FF4003146384612F02AFA0121304612F0D8F967
:10100400BDF82C30A4F864307F33A4F86830BDF800
:101014002E30A4F866303F33A4F86A309E4BE36662
:101024009E4B23679E4B6367E467C4F8805097E840
:10103400030086E8030064223946304612F070FA51
:10104400BDF83A30BDF836209B1A03EBD3735A101F
:101054000632944E052392B23146384612F0D4F942
:10106400B6F80080204611F0D0FA08F11008804448
:10107400A6F80480B6F80280204611F0C6FA08F1FA
:10108400100880441FFA88F3F3803288A4F884207F
:10109400B288A4F888207288A4F88620A4F88A303C
:1010A400814BC4F88C30814BC4F89030C4F8945010
:1010B400C4F89C40C4F8A050BDF82880BDF8243082
:1010C400A8EB0308A8F27928794BA3FB0838C8F3E6
:1010D4004F0843462A463946484612F0B7F904F108
:1010E400F00A434654225146484612F0AFF904F13F
:1010F400F80804224146504612F012FA14214046E0
:1011040012F03AF92B4640F226223946484612F0AC
:101114009DF94FF4907204F1E801384612F0E0F9B9
:101124005B49204611F06FFA0121204611F0D7FAED
:101134002946204610F076FF5946204610F06DFFF0
:101144009AE8030089E80300BDF82A300093BDF84B
:101154002830BDF82620BDF82410204610F0C9FE22
:1011640098E8030089E80300BDF82A300093BDF82D
:101174002830BDF82620BDF82410204610F0B9FE12
:101184002046FFF71BFE3588204611F03EFA73888F
:101194004219083316324749204611F0F9F901275C
:1011A400DFF8149140F226283B0289FB0312DE1774
:1011B400C6EB2216F60106F4F84600253146204611
:1011C40010F02BFFB4F8EA20B4F8E8103A442944AC
:1011D400204610F079FD01354545EFD10137612FE7
:1011E400E2D10127DFF8D09040F226283B0289FBA8
:1011F4000312DE17C6EB2216B60006F47876002535
:101204003146204610F009FFB4F8EA203A44B4F815
:10121400E81060322944204610F056FD013545455A
:10122400EED10137612FE1D10127DFF88C9040F234
:1012340026283B0289FB0312DE17C6EB2216C6F3EF
:10124400C40600253146204610F0E7FEB4F8EA2033
:101254003A44B4F8E810C0322944204610F034FD72
:1012640001354545EED10137612FE2D147F6E071F2
:10127400204610F0D2FE04F16401204611F011FC66
:1012840011F0EAFE014E0D4F31E000BFB87517A012
:10129400A414040010010200B0000200B30D000009
:1012A400DC2E0300C07517A03C1F02000D0E0000C9
:1012B400ABAAAAAA2C010200ABAAAA2AB47517A049
:1012C4000021C2F80C11106E1AF0DFFF604B1B688E
:1012D4004FF0FF32C3F8042130680FAA00F1640113
:1012E40011F030FC3468D4F80431002B3CD133685D
:1012F400D3F8E420002A40F0A6804FF4FA720FA934
:10130400386819F044FD0028ECD1109B1493119B0C
:10131400139313AA14A9306810F086FE129B012BB4
:10132400DAD13268139BB2F8F2109942D4DCB2F8E5
:10133400F6108B42D0DC1499B2F8F0008842CBDC72
:10134400B2F8F4008142C7DCB2F8FE008342B7DC95
:10135400C11AD2F8103103FB01F1431CB2F8FA00B0
:101364001B1AB1FBF3F1ACE70121204611F0B7F9E8
:10137400B4F8F880B4F8FAB0B4F8FC90B4F8FEA06D
:1013840004F5887204F58671206E1AF08CFFAAEBBE
:101394000B02D4F80C3102FB0333D4F81021B3FB55
:1013A400F2F5AAEB0505D4F808319D422CD08BBB8D
:1013B4000121204610F036FE47F6E071204610F079
:1013C4002CFECDF800A04B465A464146204610F06C
:1013D40090FDC4F808510021204610F023FE47F682
:1013E400E071204610F019FE0021204610F017FE8F
:1013F400D4F80821531D009309F10F03053AA8F10D
:101404000F01204610F075FD114B1B680022C3F834
:1014140004216CE70021204610F004FE0021204640
:1014240010F0FBFD0021204610F0F9FDD4F808214E
:10143400531D009309F10F03053AA8F10F0120464B
:1014440010F057FDB4E7186E1AF0DAFE5DE500BF40
:10145400B87517A0F0B583B006460C4615464FF490
:10146400F843019302F10803009301F10803083AD9
:10147400083911F027FE00270197AB1D0093A31D27
:10148400AA1FA11F304611F01DFE47F6FF730193FA
:101494002B1D0093231D2A1F211F304611F012FE1D
:1014A4000197AB1C0093A31CAA1EA11E304611F089
:1014B40009FE03B0F0BD000010B5A2B021A93F4859
:1014C4001AF087FE08B122B010BD21981AF0C3FEAD
:1014D4004FF4807121981AF0D8FE11F0A9FD20AACA
:1014E400002121981AF099FE4FF4F8430793002342
:1014F400069347F6E07205920222049240F2DF124C
:10150400039240F21F32029201930093209B4FF406
:10151400F0724FF4487108A810F044FD284908A857
:1015240011F071F81F22274908A811F081F808A8C2
:1015340011F06BF884B2244B1B78012B23D0234683
:101544004FF44872214908A811F02EF863004FF4B3
:1015540048721F4908A811F027F8C4F178039B00CA
:101564004FF448721B4908A811F01EF8A4EB840438
:1015740004F5F0734FF44872174908A811F014F8F1
:1015840011F06AFD9FE723464FF44872134908A8F7
:1015940011F00AF8C4F178039B004FF448720D4926
:1015A40008A811F001F8A4EB840404F5F0734FF4D7
:1015B4004872094908A810F0F7FFE1E7D0000200DB
:1015C400A414040040010200CC7517A0C00102005D
:1015D400E401020080010200A4010200580102009B
:1015E4002DE9F04F99B005908B46144600234FF037
:1015F400FF36DFF88CA2A34A02F110070A962546AB
:101604000B97A14A137058461BF03CF91DB99F4B28
:101614001B68032B11D0FFF74FFFDFF868929B4E36
:10162400002306931F46B04689E001234FF0FF359F
:10163400E7E701234FF0FF35E3E7954C914A214654
:1016440058461BF039F90B9A04F1100158461BF067
:1016540033F98C4B03F1200204F1200158461BF0AE
:101664002BF958461BF01BF90446DAF800300A95AA
:10167400DAF800304BB9002CD7D10A9B002BD8D113
:10168400824B00229A6402F0BFFD19B0BDE8F08FCE
:10169400159716970135204619F0FEF9032D40F2EF
:1016A400D380049B9B081593B608169614AC099A2C
:1016B400214658461BF000F908F1040594E80F0090
:1016C40085E80F00069D6C1C704B1C60FFF762FBE5
:1016D400BDF81C10BDF82020019702F10803009307
:1016E40001F10803083A0839059811F0EBFC25B11B
:1016F400DAF80030E3B9322510E0FFF7DDFEDAF85E
:101704000030002BF7D009F1100908F1100815E09A
:10171400284619F0C1F9DAF800304BB914A9584633
:101724001BF04CF80028F3D1149B13F0010FEFD1F8
:10173400032C78D009F1100908F110080694CDF8AB
:101744002490D9F804300793D9F80820089292B26B
:1017540099B20598FFF77EFE03973D463E460497EF
:10176400322471E0DFF82C910DF130083225039416
:10177400049317E0284619F08FF914A958461BF072
:101784001DF80028F6D1149B13F0010FF2D14FF489
:10179400967019F081F909F1100908F1100814ABD9
:1017A400984524D0D9F80460D9F80870BAB2B1B217
:1017B4000598FFF74FFE4446214658461AF0FEFFAF
:1017C4000028F9D1236813F0010FF5D0FFF7E2FAEE
:1017D400B1B2BAB20023019302F10803009301F1FC
:1017E4000803083A0839059811F06CFCC5E7039C16
:1017F400049B0D9AA2F2D622302A3FF639AF0E9AF4
:10180400A2F5CB72302A3FF633AF119AA2F5BC721F
:10181400302A3FF62DAF129AD83A0A99302A98BF47
:1018240019460A9124E758461BF039F80446DAF8B9
:101834000030002B96D000230A9319E74FF0FF33B2
:101844000393204619F028F914A958461AF0B6FF54
:101854000028F6D1DAF80030B3F1FF3F3FF418AFB7
:10186400149B13F0010FE9D0039B002BE9D0159BC7
:10187400049A1A440492169B1E4401350BE700BFD8
:10188400A87517A0C8250200CC7517A0647617A008
:10189400687617A0A825020010B584B00446184A3B
:1018A4001021012019F0BCF910B1002004B010BDC2
:1018B400134A03A913481BF02DF820B1104B1868E4
:1018C40019F0D0F9F1E702A90F481AF082FC28B107
:1018D4000B4B196803981BF08AF8EFE701AA002163
:1018E40002981AF09AFC094B9B6C002B0CBF224601
:1018F4004FF0FF3203990198FFF772FEE8E700BF4B
:10190400C87517A0C4000200D0000200647617A0B6
:1019140030B587B0002205A911481AF0FBFFE0B9E1
:101924000524322501A905981AF048FF019B13F0FC
:10193400010F10D0284619F0AFF8013CF2D14FF056
:10194400FF34002105981BF052F80A2019F0A4F87E
:10195400204607B030BD0024F3E74FF0FF34F7E72B
:10196400C400020008B54FF0FF30FFF795FF08BD33
:10197400014B01221A607047D87517A010B582B0C8
:101984000A4C0B4B1988204610F049FB47F6E071CE
:10199400204610F042FB51230093A123122222215E
:1019A400204610F0A6FA02B010BD00BFDC7517A0E7
:1019B4000000001008B5084B1B780133DBB2062B7E
:1019C40028BF0023044A1370044A32F81320044B3E
:1019D4001A80FFF7D3FF08BDD47517A0182602009C
:1019E400000000102DE9F04786B081466C481AF0DB
:1019F400BFFD82466B4C0121204610F013FB47F6D5
:101A0400E071204610F009FBB9F806300093B9F8EC
:101A14000430B9F80220B9F80010204610F069FA31
:101A240005AA0321604819F0F1FD002849D1D046E8
:101A340013275C4E4546CF240494039703AA04A9B4
:101A4400304610F0FCFA012300932B46039A0499C4
:101A5400304610F0F5FB0235013440F25F239C421E
:101A6400EAD108F54878013740F2A3139F42E1D147
:101A740002AB4B4A5146059819F03DFE18B1484B4C
:101A8400029A9A4255D1059819F0FAFD454C012164
:101A9400204610F0C7FA0021204610F0BEFAB9F82B
:101AA40006300093B9F80430B9F80220B9F80010F0
:101AB400204610F01EFA50461AF062FD06B0BDE84A
:101AC400F087064605AA0321384819F09FFD04460D
:101AD4000028ACD0364B1968364A01F53B2000F596
:101AE400006011F03DFDFFF75BF92E4D0021284603
:101AF40010F098FA0021284610F091FA47F6E071A8
:101B0400284610F08AFA2223009340F25F2312221F
:101B1400CE21284610F0EDF9092E0DD00D2E27D137
:101B24000D2C1ED01423D02223491E4810F030FD62
:101B340024E0FFF735F9A6E70D2C0BD0092C4FF064
:101B440014034FF0D0020CBF1C491D49154810F076
:101B54001FFD13E01423D0221A49284610F018FD63
:101B64000CE01423D02218490E4810F011FD05E0B2
:101B74001423D02215490B4810F00AFD012109480D
:101B840010F050FA4FF4FA6018F086FF084B18680A
:101B9400084A00F53B2101F5006111F0E1FC75E70D
:101BA40000E20400DC7517A008020200140202001F
:101BB4000400001000B80B00AC0202004402020052
:101BC4006C020200200202008C020200C802020021
:101BD4002DE9F04F89B005468B481AF0C9FC8146BF
:101BE4008A4C0121204610F01DFA47F6E071204688
:101BF40010F013FAEB880093AB886A882988204692
:101C040010F077F907AA0121814819F0FFFC8046FA
:101C140040B107AA01217F4819F0F8FC04460028C6
:101C240040F0978004AB784A4946079819F04CFD78
:101C34000446079819F024FD4CB1734B049A9A4258
:101C440002D1CA46132704E0FFF7AAF82AE0CA46DD
:101C540013276E4ECDF80C90A3465246AA46951E05
:101C6400CF2491460694059705AA06A9304610F09C
:101C7400E6F935F8023F059A0699304610F0EAF97C
:101C8400013440F25F239C42ECD109F548720137DC
:101C940040F2A3139F42E2D1DDF80C905C46554616
:101CA400002C3FD05C4B19685C4A01F53B2000F5E1
:101CB400006011F055FCFFF773F8544C00212046E6
:101CC40010F0B0F90021204610F0A9F947F6E071B0
:101CD400204610F0A2F92223009340F25F2312223F
:101CE400CE21204610F005F9B8F1090F76D0B8F1ED
:101CF4000D0F00F081801423D0224949434810F08D
:101D040047FC0121414810F08DF94FF4FA6018F0B6
:101D1400C3FE414B1868414A00F53B2101F50061BF
:101D240011F01EFC394C0121204610F07BF90021F2
:101D3400204610F072F9EB880093AB886A882988F2
:101D4400204610F0D6F848461AF01AFC09B0BDE84F
:101D5400F08F314B1968314A01F53B2000F50060E2
:101D640011F0FEFBFFF71CF8284E0021304610F05E
:101D740059F90021304610F052F947F6E071304627
:101D840010F04BF92223009340F25F231222CE215C
:101D9400304610F0AEF8B8F1090F0DD0B8F10D0FC0
:101DA400A9D10D2C21D0092C26D11423D0221D49D0
:101DB400164810F0EDFBA4E70D2C08D0092C0DD12A
:101DC4001423D0221849114810F0E2FB99E7142398
:101DD400D0221649304610F0DBFB92E71423D022C0
:101DE40012490A4810F0D4FB8BE71423D02210497F
:101DF400064810F0CDFB84E71423D0220C49034895
:101E040010F0C6FB7DE700BF00E20400DC7517A0FC
:101E140008020200140202000400001000B80B00C3
:101E2400700302004C030200FC020200D80202000C
:101E34002C030200A0F1CF0CBCF5C87F1AD2A1F18B
:101E4400130CBCF5C87F15D2A2F1CF0CBCF5C87F2A
:101E540010D2A3F1130CBCF5C87F0BD200B583B02C
:101E6400009313460A46014603480FF03FFF03B0B0
:101E74005DF804FB704700BFDC7517A008B5A0F13E
:101E8400CF03B3F5C87F09D2A1F11303B3F5C87F1B
:101E940004D20A46014602480FF016FF08BD00BFEF
:101EA400DC7517A070B58AB009AA00211AF0B5F93B
:101EB40011F0BEF81E4C4FF4F84307930025069525
:101EC40047F6E07605960223049340F2DF1303936A
:101ED40040F21F33029301950095099B4FF4F07271
:101EE4004FF44871204610F05DF81249204610F076
:101EF4008AFB1F221049204610F09AFB31462046E7
:101F040010F08BF80D49204610F0CBFD29462046F1
:101F140010F085F840F2A313009340F25F231222DD
:101F2400CE2120460FF0E5FF11F096F80AB070BDFF
:101F3400DC7517A0A41404007C030200242602000C
:101F44002DE9F04F91B0854B00221A60844A10218C
:101F5400012018F065FE10B111B0BDE8F08F804A81
:101F64000EA980481AF0D6FC20B17D4B186818F0F1
:101F740079FEF1E70FA97C481AF02BF928B1784BC8
:101F840019680E981AF033FDEFE70BAA00210F9899
:101F94001AF043F90F98FFF785FFFFF7EFFC4FF0B6
:101FA400FF31302004F064FD0026B246B0466B4C8D
:101FB4006B4D2768002F40F0CD804FF0FF3207A90A
:101FC400286818F0E4FE0028F3D1089B0D93099BC0
:101FD4000C930CAA0DA9654810F026F80D9BCF3B75
:101FE400B3F5C87F80F0AC800C9B133BB3F5C87F7E
:101FF40080F0A6800A9B012B01D0B846D9E71AF0DD
:10200400A9FA5B4B1988002940F08580574810F0E5
:1020140004F8B8F1000F50D0DDF834900C9F0AF1A9
:10202400FF308046711E09F1FF3B7B1E02935A4626
:102034000591FFF7FFFE3B465A463146CDF8108026
:102044004046FFF7F7FE721C114607F101084346AC
:102054005A4603910498FFF7EDFE029B4A46DDF8C9
:1020640014B059465046FFF7E5FE3B464A46314612
:102074005046FFF7DFFE43464A4603995046FFF7B2
:10208400D9FE0AF1010A09F10109029B4A4659469F
:102094005046FFF7CFFE3B464A4631465046FFF7CF
:1020A400C9FE43464A4603995046FFF7C3FEDDF88E
:1020B40034A00C9E4FF0FF387BE70D9E0C9F06F179
:1020C400FF3A07F1FF3949465046FFF7D7FE394634
:1020D4005046FFF7D3FE07F1010841465046FFF78B
:1020E400CDFE49463046FFF7C9FE39463046FFF774
:1020F400C5FE41463046FFF7C1FE0136494630462B
:10210400FFF7BCFE39463046FFF7B8FE414630467D
:10211400FFF7B4FECBE715480FF07FFFB8F1000FCF
:1021240008D00C9B00930D9B324651460F480FF08C
:10213400DDFDBCE70C9A0D990C480FF0C5FDB6E720
:1021440007AA0C49094810F0FDFC0A9B002B08BFA4
:10215400B8462EE70F981AF053F810E7D87517A071
:10216400D07517A0C4000200D0000200DC7517A0CF
:10217400000000102426020070B505460C46B2F596
:10218400004F20D0102A33D0002A30D1486E18F0E6
:102194005BFEB0F57A7F2AD318F048FE606604F13E
:1021A400680201216D4819F031FA102800F2BB8051
:1021B400DFE800F022B9B9B96AB9B9B9B98D3CB947
:1021C400B97EB9B99C008368654A002120469847C6
:1021D400AB68644A012120469847AB68624A0221F1
:1021E4002046984718F022FE60660023E36670BD1F
:1021F400436908469847FAE7AB685C4A02212046DF
:102204009847A06E19F03CFA002302221946204692
:10221400EE68B0472B69022120469847544B1A8830
:102224009B78A4F8022184F80431E0E7AB68514AB2
:10223400022120469847504B07CBC4F80201C4F84A
:102244000611C4F80A211A889B78A4F80E2184F890
:102254001031E36E0133E3660E2BC8D9AB68474AED
:102264000221204698470023032219462046EE689F
:10227400B0472B69032120469847414B03CBC4F850
:102284000201C4F80611B2E7AB683E4A02212046B7
:1022940098473D4B07CBC4F80201C4F80611C4F8B3
:1022A4000A211A889B78A4F80E2184F81031D0E70B
:1022B400AB68364A022120469847354B03CBC4F815
:1022C4000201C4F806111B88A4F80A31C1E7AB68FF
:1022D400304A0221204698472F4B03CBC4F8020111
:1022E400C4F806111B88A4F80A31B2E7AB682B4A7C
:1022F4000221204698472A4E0FCEC4F80201C4F8A2
:102304000611C4F80A21C4F80E31337884F8123166
:102314000023032219462046EE68B0472B690321A7
:102324002046984795E7AB681C4A02212046984707
:102334001C4B07CBC4F80201C4F80611C4F80A21E7
:102344001B88A4F80E310023032219462046EE68A8
:10235400B0472B690321204698477AE7100402000E
:10236400B0030200CC0302000004020024040200B3
:10237400901702003C0402005C04020028050200DD
:10238400400502006C0402008C0402009C0402005C
:10239400B8040200C4040200E0040200EC040200D9
:1023A4000405020018050200B2F5004F00D0704782
:1023B40038B505460C46002184F86C108368264A1B
:1023C4002046984704F16401244819F073F8C8B111
:1023D400AB68234A0021204698470023032219466C
:1023E4002046D5F80CC0E0472B69032120469847C6
:1023F4001C4B03CBC4F80201C4F806111B88A4F8D3
:102404000A3138BD04F16801606E19F03FF8002804
:10241400DED1A06E03685B6940F6C41204F170015A
:1024240098470028D4D1AB680F4A0021204698472A
:102434000023022219462046D5F80CC0E0472B6938
:10244400022120469847094B1A889B78A4F8022158
:1024540084F80431D5E700BF48050200D400020027
:10246400640502008C050200980502009017020022
:10247400F0B583B005460C46B2F5004F5ED0002A95
:102484007AD1886E03681B6901A99847002840F037
:102494008380019A636F9342B8BF6267236F9A4245
:1024A400B8BF226782EAE273A3EBE273C3F3423359
:1024B40004F17807C3EB431103EB8106334612148E
:1024C4005D4938461CF04AF8AB683A46002120467C
:1024D4009847C82018F0E0FAE36E0133E366052B51
:1024E4004AD9226FB2F5702F69DA019282EAE27357
:1024F400A3EBE273C3F34233C3EB431103EB810653
:10250400334612144D4938461CF028F8AB683A4655
:10251400002120469847EF680023032219462046ED
:10252400B8472B690321204698473346BDF9062056
:10253400434904F581701CF011F81DE08368414A99
:1025440000212046984704F164013F4818F0B2FF87
:10255400A0B1EE680023032219462046B0472B6938
:10256400032120469847394B03CBC4F80201C4F831
:1025740006111B88A4F80A3103B0F0BD04F1680108
:10258400606E18F083FF0028E3D14FF4C81323676B
:1025940063670023E366EFE7EE680023032219462E
:1025A4002046B0472B69032120469847284B07CB88
:1025B400C4F80201C4F80611C4F80A21DCE7626F0A
:1025C400B2F5201F24DD0192C2F34233C3EB431161
:1025D40003EB8106334612141E4938461BF0BEFF36
:1025E400AB683A46002120469847EF68002303224F
:1025F40019462046B8472B6903212046984733469D
:10260400BDF90620144904F581701BF0A7FFB3E758
:10261400EF680023022219462046B8472B6902219D
:10262400204698473346BDF906200C4904F58170CD
:102634001BF094FFA0E700BFEC05020010060200A7
:102644003C060200BC050200D8050200E0040200BA
:10265400E0050200500602007C0602008C0602001F
:10266400F0B58BB005460C46164669466D4818F021
:1026740021FF58B1EE680023032219462046B047D3
:102684002B690321204698470BB0F0BD01A900989F
:1026940018F0FCFE002832D1B6F5004F3AD0002ED7
:1026A400F2D120263246002102A81CF054F80198E9
:1026B40003685F69334602AA4121B847002800F045
:1026C4008A80EE680023032219462046B0472B690E
:1026D400032120469847544B03CBC4F80201C4F8A5
:1026E40006111A889B78A4F80A2184F80C31019801
:1026F40003689C6920234D4A4121A047C4E7EE6842
:102704000023032219462046B0472B6903212046A3
:102714009847B9E7AB68464A002120469847019894
:1027240003685E692023414A4121B047B0B1EE6895
:102734000023032219462046B0472B690321204673
:102744009847394B03CBC4F80201C4F806111A8820
:102754009B78A4F80A2184F80C3195E72022AA2159
:1027640002A81BF0F8FF019803689E69202302AABF
:102774004121B04706462022552102A81BF0EBFF59
:10278400AEB101238DF80830EE6800230322194608
:102794002046B0472B69032120469847254B07CB99
:1027A400C4F80201C4F80611C4F80A216CE70198C0
:1027B40003689E69142302AA4321B04701238DF8BC
:1027C40008300028E0D1019803689C69012302AA1B
:1027D4004621A04758E7202202A917481BF049FECA
:1027E40050B9EE680023022219462046B0472B69EF
:1027F4000221204698477AE7EE680023032219460F
:102804002046B0472B690321204698470B4B07CB42
:10281400C4F80201C4F80611C4F80A211B7884F82C
:102824000E3164E798060200B40602003C7617A055
:10283400A0060200C0060200C4260200CC06020064
:1028440003460120186000BF00BF00BF00BF00BFE7
:1028540000BF00BF00BF00BF00BF00BF00BF00BF7C
:1028640000BF00BF00BF00BF00BF00BF00BF00BF6C
:1028740000BF00BF00BF00BF00BF00BF00BF00BF5C
:1028840000BF00BF00BF00BF00BF00BF00BF00BF4C
:1028940000BF00BF00BF00BF00BF00BF00BF00BF3C
:1028A40000BF00BF00BF00BF00BF00BF00BF00BF2C
:1028B40000BF00BF00BF00BF00BF00BF00BF00BF1C
:1028C40000BF00BF00BF00BF00BF00BF00BF00BF0C
:1028D40000BF00BF00BF00BF00BF00BF00BF00BFFC
:1028E40000BF00BF00BF00BF00BF00BF00BF00BFEC
:1028F40000BF00BF00BF00BF00BF00BF00BF00BFDC
:1029040000BF00BF00BF00BF00BF00BF00BF00BFCB
:1029140000BF00BF00BF00BF00BF00BF00BF00BFBB
:1029240000BF00BF00BF00BF00BF00BF00BF00BFAB
:1029340000BF00BF00BF00BF00BF00BF00BF00BF9B
:1029440000BF00BF00BF00BF00BF00BF00BF00BF8B
:1029540000BF00BF00BF00BF00BF00BF00BF00BF7B
:1029640000BF00BF00BF00BF00BF00BF00BF00BF6B
:1029740000BF00BF00BF00BF00BF00BF00BF00BF5B
:1029840000BF00BF00BF00BF00BF00BF00BF00BF4B
:1029940000BF00BF00BF00BF00BF00BF00BF00BF3B
:1029A40000BF00BF00BF00BF00BF00BF00BF00BF2B
:1029B40000BF00BF00BF00BF00BF00BF00BF00BF1B
:1029C40000BF00BF00BF1A68824202D140007FF4FA
:1029D40039AF7047F0B502468908013911F0010E8C
:1029E4003CD073464FF0AA3042F823005B001942F2
:1029F400FAD14FF055331360734602EB830052F85B
:102A04002340B4F1AA3F14D15B001942F5D14FF031
:102A1400AA331360F4464FF055361F4610E05B00AE
:102A2400194207D052F82340B4F1AA3FF7D06345C6
:102A3400F5D0F0BD57514FEA4C0C11EA0C0F0BD0F6
:102A44004FEA8C0502EB8C0042F82C601368B3F15A
:102A5400AA3FEED17346E5E70020EAE74FF055338D
:102A640003604FF0AA3303600020E2E7032928D96A
:102A740010B502464FEA910C8646012340F8043B08
:102A84009C4503F10103F9D8012300E00B461046ED
:102A94001168994214D1D94342F8041B591C9C452E
:102AA400F4D800236FF001047046DEF80010E21A37
:102AB400914205D101330EF1040E9C45F4D8002057
:102AC40010BD002070470000B2F5004F00D07047E1
:102AD40070B505460C4683682A4A0021204698476B
:102AE40016F0CEF84FF02040FFF7AAFE064616F087
:102AF400D7F8B6B1AB68244A012120469847002391
:102B0400032219462046D5F80CC0E0472B6903215F
:102B14002046984732461D4904F581701BF01EFD7E
:102B240070BD16F0ADF84FF080714FF02040FFF704
:102B340051FF064616F0B4F8002EDBD116F0A0F8CB
:102B44004FF080714FF02040FFF790FF064616F0DB
:102B5400A7F8002ECED1AB680D4A01212046984734
:102B6400EE680023022219462046B0472B69022151
:102B7400204698474FF08072064904F581701BF097
:102B8400EDFCCDE7DC060200080702002007020086
:102B9400F006020000070200F0B5C3B006460C467A
:102BA40015468368534A012120469847524B03CB6C
:102BB400C4F80201C4F806111B88A4F80A3141AA1A
:102BC4001021284618F052FE002874D104F58177AC
:102BD400419B512B03D040F2E93043B0F0BD41AAF0
:102BE4001121284618F042FE002867D1419B522B40
:102BF40002D040F2E930F0E741AA1221284618F049
:102C040035FE00285DD1419B592B02D040F2E930BA
:102C1400E3E73A4B07CBC4F802017960BA60B368C2
:102C2400374A0121204698474FF480224FF4E001AF
:102C3400284618F00BFE002846D1802301AA4FF441
:102C4400E001284618F0DEFD002840D101AB21A99F
:102C540013F8012BFF2A3DD18B42F9D1294B07CB25
:102C6400C4F802017960BA60B368274A012120469A
:102C740098470623254A2649284618F0D5FD60BB07
:102C84000623244A2449284618F0CEFD40BB80235D
:102C940001AA1F49284618F0B5FD20BB0C221F4984
:102CA40001A81BF0E6FB08BB1D4B1A889B78A4F80F
:102CB4000221BB7091E740F2E9308EE740F2E9303F
:102CC4008BE740F2E93088E740F2EA3085E740F2EA
:102CD400EA3082E740F2EB307FE74FF47B707CE729
:102CE4004FF47B7079E74FF47B7076E74FF47B7099
:102CF40073E700BF28070200E0040200380702005F
:102D04004407020054070200600702007007020033
:102D1400FCFF7100780702000200720080070200C5
:102D240090170200F0B591B000230193ADF808307C
:102D3400B2F5004F01D011B0F0BD05460C468368D2
:102D44001E4A0021204698470FA91D4818F036FD59
:102D5400C8B903A90F9818F099FD039B0F9A21464F
:102D64002846FFF719FF06460F9818F03EFD66B98E
:102D7400EE680023022219462046B0472B6902213F
:102D840020469847D7E74FF47A7604F16407C6F3F0
:102D94000E020C4938461BF0E1FBAB683A460221AF
:102DA40020469847EE680023032219462046B04780
:102DB4002B69032120469847BDE700BF9007020016
:102DC400B0070200B807020030B583B005460C46D0
:102DD400B2F5004F1ED0102A37D0002A33D1486EE6
:102DE40018F032F8B0F57A7F2DD318F01FF860662A
:102DF40004F168020121654818F008FC0D2800F26E
:102E04008E80DFE800F0268C8C8C5A8C8C8C8C7D28
:102E1400418C8C6E83685E4A002120469847AB68DB
:102E24005C4A012120469847AB685B4A0221204650
:102E3400984701A9594818F0E7F80023E366236787
:102E440017F0F4FF606603B030BD43690846984745
:102E5400F9E7AB68524A022120469847A06E18F061
:102E64000FFC0023022219462046D5F80CC0E04787
:102E74002B690221204698474A4B1A889B78A4F86C
:102E8400022184F80431DEE7AB68474A0221204678
:102E94009847464B07CBC4F80201C4F80611C4F89E
:102EA4000A211A889B78A4F80E2184F81031236F24
:102EB4005A1C042B47D02267C5E7AB683C4A022161
:102EC400204698473B4B07CBC4F80201C4F80611CF
:102ED400C4F80A211A889B78A4F80E2184F81031CA
:102EE400E5E7AB68344A022120469847334B03CBCD
:102EF400C4F80201C4F806111B88A4F80A31D6E705
:102F0400AB682F4A0221204698472E4B03CBC4F8C6
:102F14000201C4F806111B88A4F80A31C7E7AB689C
:102F24001D4A022120469847274B07CBC4F80201CB
:102F3400C4F80611C4F80A211A889B78A4F80E2153
:102F440084F81031B3E700232367E36E0133E366AB
:102F5400062B16D1AB681D4A022120469847002350
:102F6400032219462046D5F80CC0E0472B690321FB
:102F740020469847164B03CBC4F80201C4F8061147
:102F840061E701A9054818F03FF85CE7280802004A
:102F9400CC070200EC07020000040200180802003B
:102FA40024040200901702003C0402005C040200A6
:102FB4006C0402008C0402009C040200B8040200A9
:102FC400C4040200E00402003808020028050200DC
:102FD4004005020030B583B005460C46B2F5004FFB
:102FE4001ED0102A37D0002A33D1486E17F02CFF98
:102FF400B0F57A7F2DD317F019FF606604F16802EB
:103004000121654818F002FB0D2800F28E80DFE8EC
:1030140000F0268C8C8C5A8C8C8C8C7D418C8C6E24
:1030240083685E4A002120469847AB685C4A0121C8
:1030340020469847AB685B4A02212046984701A97D
:10304400594817F0E1FF0023E366236717F0EEFE0B
:10305400606603B030BD436908469847F9E7AB683A
:10306400524A022120469847A06E18F009FB00231B
:10307400022219462046D5F80CC0E0472B690221EC
:10308400204698474A4B1A889B78A4F8022184F872
:103094000431DEE7AB68474A022120469847464B95
:1030A40007CBC4F80201C4F80611C4F80A211A882F
:1030B4009B78A4F80E2184F81031236F5A1C042B3A
:1030C40047D02267C5E7AB683C4A022120469847AF
:1030D4003B4B07CBC4F80201C4F80611C4F80A211B
:1030E4001A889B78A4F80E2184F81031E5E7AB68C0
:1030F400344A022120469847334B03CBC4F80201DB
:10310400C4F806111B88A4F80A31D6E7AB682F4A25
:103114000221204698472E4B03CBC4F80201C4F881
:1031240006111B88A4F80A31C7E7AB681D4A0221BF
:1031340020469847274B07CBC4F80201C4F8061170
:10314400C4F80A211A889B78A4F80E2184F8103157
:10315400B3E700232367E36E0133E366062B16D13E
:10316400AB681D4A022120469847002303221946D2
:103174002046D5F80CC0E0472B6903212046984728
:10318400164B03CBC4F80201C4F8061161E701A988
:10319400054817F039FF5CE72808020048080200D8
:1031A400EC07020000040200680802002404020084
:1031B400901702003C0402005C0402006C0402004C
:1031C4008C0402009C040200B8040200C40402003F
:1031D400E00402003808020028050200400502004D
:1031E400B2F5004F00D070472DE9F04F8BB0064682
:1031F4000C468368744A00212046984703A9734803
:1032040018F0E7FF09A9724817F024FF00B3B36868
:10321400704A002120469847F56800230322194686
:103224002046A84733690321204698476A4B03CBBD
:10323400C4F80201C4F806111B88A4F80A310998DD
:1032440017F015FF039818F0DBFF0BB0BDE8F08F03
:10325400002305930A238DF8183001238DF81930C3
:1032640004AB089305A9099817F009FFD8B1B3680E
:103274005A4A002120469847F5680023032219463C
:103284002046A8473369032120469847544B03CB73
:10329400C4F80201C4F806111A889B78A4F80A211C
:1032A40084F80C31CBE7049B642202FB03F74D4BFB
:1032B400A3FB07373F0A04EB020B00233A464A49B3
:1032C40058461BF04BF9B3685A46002120469847EC
:1032D40004F5817800233A46444940461BF03EF900
:1032E400A7F15003282B0FD9F568002303221946B0
:1032F4002046A84733690321204698473A463C496B
:1033040040461BF02BF99AE7039818F0B1FF00210F
:10331400039818F0BAFF642017F0BEFB05A90998BA
:1033240017F0ADFE049B642202FB03F31A460193DB
:103334002C4BA3FB02394FEA1929039818F08BFF91
:1033440000254FF00A0A2946039818F09EFF5046BC
:1033540017F0A2FB0235B5F5807FF4D14B463A460F
:10336400214958461BF0FAF8B3685A460021204612
:1033740098474B463A461D4940461BF0EFF8019BDF
:10338400B3F5994F0FD3F56800230322194620465D
:10339400A84733690321204698474A4615494046C1
:1033A4001BF0DCF84BE7F56800230222194620469F
:1033B400A84733690221204698474B463A460B49B1
:1033C40040461BF0CBF83AE778080200D000020030
:1033D4009008020098080200E0040200BC08020001
:1033E400E0080200ABAAAAAAEC080200180902002D
:1033F4002409020034090200B2F5004F00D07047DE
:10340400F0B587B005460C468368404A0021204643
:10341400984705A93E4817F01DFEE0B1AB683D4A48
:103424000021204698470023032219462046EE68CF
:10343400B0472B69032120469847374B03CBC4F888
:103444000201C4F806111B88A4F80A31059817F084
:103454000EFE07B0F0BD022301930A238DF8083055
:1034640001238DF80930CDF810D001A9059817F083
:1034740006FED8B1AB68294A002120469847EE6879
:103484000023032219462046B0472B690321204616
:103494009847234B03CBC4F80201C4F806111A88D9
:1034A4009B78A4F80A2184F80C31CFE7009B6422AE
:1034B40002FB03F31B4EA6FB03269B1B06EB5306E2
:1034C400760A04F164073246174938461BF046F879
:1034D400AB683A46002120469847503E282E0AD928
:1034E400EE680023032219462046B0472B690321C6
:1034F40020469847AAE7EE68002302221946204690
:10350400B0472B690221204698479FE744090200EF
:103514009008020058090200E00402007809020041
:10352400E0080200251540529C09020000B583B052
:1035340000230193072809D8DFE800F0040C1116D2
:103544001B20252A01A9154817F05EFD019803B038
:103554005DF804FB01A9124817F056FDF6E701A92E
:10356400104817F051FDF1E701A90F4817F04CFD81
:10357400ECE701A90D4817F047FDE7E701A90C485E
:1035840017F042FDE2E701A90A4817F03DFDDDE727
:1035940001A9094817F038FDD8E700BFB4090200B3
:1035A400BC090200C4090200CC090200D4090200CB
:1035B400DC090200E4090200EC09020082B02DE9F2
:1035C400F04F8FB080468B46144619931C9D836838
:1035D400A14A012158469847A04B03CBCBF80201DE
:1035E400CBF806111B88ABF80A310DAA102120462E
:1035F40018F03CF9002840F01D810BF5817A0D9BF1
:10360400512B06D040F2E9300FB0BDE8F04F02B0C4
:1036140070470DAA1121204618F028F9002840F01F
:103624000C810D9B522B02D040F2E930ECE70DAA3D
:103634001221204618F01AF9002840F001810D9B50
:10364400592B40F00081002606960896CDF814A068
:1036540037460995DA4607940AF1640B069A8049BD
:1036640058461AF07BFFD8F808305A4601215046D4
:10367400984700230493049A7A4958461AF06EFF37
:10368400D8F808305A46012150469847099B002B28
:1036940000F0B88019AB0B934FF000094D46CDF8FC
:1036A4002890CDF80CA0DDF820A00A9A6E4958465F
:1036B4001AF054FFD8F808305A4601210398984765
:1036C4000B9B1E465C69BC4209D13369002B00F098
:1036D40089804B440893069B5B42DFB23FE0634F13
:1036E40023463A46624958461AF038FFD8F808305B
:1036F4005A46032103989847BA46E6E74B46002208
:103704005C4958461AF02AFFD8F808305A46012175
:10371400039898472A46584905981AF01FFF3CB168
:103724000AF1FF33621E524403F8016F9342FBD146
:1037340022462946079E304618F088F8002840F0B3
:103744008580234652462946304618F06DF80028F5
:103754007FD109F101092544089B994541D087EAA5
:103764000906049B002BC9D04B4601224349584605
:103774001AF0F4FED8F808305A4601210398984705
:103784002A463F4905981AF0E9FE2346524629463F
:10379400079818F037F8002CDBD00AF1FF325346B3
:1037A400601E5044944612F8011FB14202D1824275
:1037B400F8D1CEE74F46D946DDF80CB0C3F101038A
:1037C4000191009663443A462E4948461AF0C6FED3
:1037D400D8F808304A4602215846984740F201403A
:1037E40012E799460A9B01330A930B9A08320B920B
:1037F400099A9A4201D0274657E7CDF820A0DDF870
:103804000CA02746049B01330493022B7FF433AFAF
:10381400069B01330693022B7FF41EAFD346DDF8DB
:1038240014A0194B1A889B78ABF802218AF802304D
:103834000020E9E640F2E930E6E640F2E930E3E66A
:1038440040F2E930E0E640F2E930DDE642F2487069
:10385400DAE642F24970D7E628070200E0040200E3
:10386400F4090200000A0200100A0200000040A04D
:103874001C0A02003C0A0200680A02007C0A0200D8
:10388400A80A0200BC0A020090170200B2F5004F19
:1038940000D07047F0B59BB005460C468368264AB5
:1038A40000212046984719A9244817F087FF40BBF8
:1038B4000DA9199817F0EAFFEC460DF1380EBEE891
:1038C4000F00ACE80F00BEE80F00ACE80F009EE864
:1038D40007008CE807000D9B199A21462846FFF73C
:1038E4006DFE0646199817F080FF66B9EE6800234E
:1038F400022219462046B0472B69022120469847E8
:1039040018E04FF47A7604F16407C6F30E020C490A
:1039140038461AF023FEAB683A46022120469847FF
:10392400EE680023032219462046B0472B69032181
:10393400204698471BB0F0BDF80A0200B007020009
:10394400B8070200034B1B684FF0FF32C3F8D42BB7
:10395400704700BF607617A070B58AB004460FF0B8
:1039640067FB09AA0021204618F057FC184C4FF4B5
:10397400F84307930023069347F6E0760596022260
:10398400049240F2DF12039240F21F32029201933A
:103994000093099B4FF4F0724FF4487120680EF0C5
:1039A40001FB0C4D294620680EF02DFE1F220A490A
:1039B40020680EF03DFE314620680EF02EFB2946AD
:1039C40020680EF020FE0FF047FB0AB070BD00BF68
:1039D400607617A0A41404001C0B02002DE9F04724
:1039E40088B0734F386800F664240023ADF81830AB
:1039F400ADF81A30C369ADF81C30036AADF81E3057
:103A04006C490EF000FE38680EF0FFFD86B206AD7C
:103A1400052128460FF0CCFC06F14602022392B29F
:103A2400694628460FF0F0FC04AB95E8030083E8F0
:103A340003003A6802F6CC3282E8030002211846F9
:103A44000FF0B6FC0436B6B2442E38BF44265A4BA7
:103A54001D78082D61D80027DFF85481DFF85CA1B8
:103A6400DFF85C91D8F800301B6EAB4233D9BDF857
:103A740016300133BDF812209B1A9E422BDA012323
:103A8400324602A904A80FF09DFCBDF8083023803B
:103A9400BDF80A306380BDF80C30413BA380BDF80B
:103AA4000E20E280D8F80010EB0103F1680008440E
:103AB400A060C4F80CA0C4F8109064330B44A36154
:103AC400404BE3610232A1F8D22B01372034013597
:103AD400ABB2082BC6D9012168460FF069FCBDF8CA
:103AE400003023807F33A380BDF8023063803F33EE
:103AF400E380354BA360354BE360354B23610023F2
:103B0400A361E3612A4B1B681B6EBB4207D82034B8
:103B14000023A36008B0BDE8F0870027DBE701219C
:103B240068460FF045FC224B1B68B3F8D02B413A92
:103B34002284B3F8D02B013AA284B3F8CE2B0132FD
:103B44006284B3F8CE2B4132E284224AA262224A32
:103B5400E262224A22630022A263E2631B6E9F4256
:103B640028BF4034D4D2012168460FF021FC104B09
:103B74001B68B3F8D02B413AA4F84020B3F8D02BFB
:103B8400013AA4F84420B3F8D22B413AA4F84220D5
:103B9400B3F8D23B013BA4F846300E4BA364104B60
:103BA400E364104B23650023A365E3656034AFE74A
:103BB400607617A0A41404005C7617A0913D000061
:103BC40018D10200ED3B0000B000020049390000AA
:103BD400DC2E03003C1F0200713D00002042020065
:103BE400453D0000F43A020030B589B0044603882C
:103BF400ADF818304388ADF81A308388ADF81C301E
:103C0400C388ADF81E301C4D1C4928680EF0FBFC1F
:103C140028680EF0FAFC85B2022106A80FF0ACFB6E
:103C24000223402204A906A80FF010FC236993B1D3
:103C3400BDF810300393BDF81230029302AA03A911
:103C44000D4B18680EF0FBF9BDF80820BDF80C10F8
:103C540020690FF055FA2A46694606A80FF040FC81
:103C6400BDF80230BDF80020A168034800680EF0DA
:103C74008FFC09B030BD00BF607617A0A414040007
:103C840070B586B00FF0D4F9284C294920680EF09D
:103C9400BAFC20680EF0B9FC054647F6E0712068CE
:103CA4000EF0BBF9002120680EF0B9F92068B0F8D5
:103CB400D03BB0F8CE2BB0F8CC1BB0F8D26B00964A
:103CC4000EF017F92068036E13BB90F8E03B102B3D
:103CD40028D0092B28D0174C174A302B18BF14466C
:103CE40021460EF0FEFC114E336882B204A903F69D
:103CF400CC300FF015FCAAB202A904A80FF0F0FB17
:103D0400BDF80A30BDF80820214630680EF040FCAA
:103D1400064B186800F664210EF0C3FE0FF09CF900
:103D240006B070BD044CDBE7044CD9E7607617A0FD
:103D3400A4140400780B0200440B0200580B020088
:103D440008B5084B1B78591D074A1268126E914238
:103D540000D308BD0133034A1370FFF73FFEFFF79A
:103D64008FFFF6E75C7617A0607617A008B5064BC0
:103D74001B7803B908BD013B034A1370FFF72EFEFD
:103D8400FFF77EFFF6E700BF5C7617A008B58069F1
:103D940000F0B8FE054B1B68D3F8D80BFFF7DCFD29
:103DA400FFF71CFEFFF76CFF08BD00BF607617A08D
:103DB40010B59AB002460C4901A81AF0CFFB0123B2
:103DC40001AA0A490BA81AF0C9FB6A4601210BA8EB
:103DD40017F01CFC044610B120461AB010BD009820
:103DE40017F04EFCF8E700BFA00B0200A80B02007E
:103DF40010B58CB00246094902A81AF0AFFB01AA1B
:103E0400012102A817F002FC044610B120460CB0B0
:103E140010BD019817F034FCF8E700BFBC0B02009A
:103E240010B58CB00246094902A81AF097FB01AA02
:103E3400012102A817F0EAFB044610B120460CB099
:103E440010BD019817F01CFCF8E700BFD40B02006A
:103E54002DE9F04794B0804600231293364B1D6839
:103E64000246364908A81AF079FB13A908A818F0E5
:103E7400C5F818B1302014B0BDE8F0873049139864
:103E840018F021F968B1129B002B4AD0002B4DDDAC
:103E9400643501242646DFF8AC902B4FDFF8ACA044
:103EA40019E012AB00222A49139818F021F9129B49
:103EB400002BEBD12749139818F005F912AB002217
:103EC4002349139818F014F9DDE70134E4B22646C7
:103ED400129B9C422ADC3246494605A81AF03EFB56
:103EE400502300932B1D3A4605A9139818F030F976
:103EF40000BB3246514603A81AF030FB2823009336
:103F040005F155033A4603A9139818F021F900283E
:103F1400DBD145F8808B084B1A68136E01331366A6
:103F2400D3E7139818F0A4F83020A4E7139818F0F6
:103F34009FF8A0E730209EE7607617A0D40B02001C
:103F4400EC0B0200140C02003C1F02001C0C0200CB
:103F5400000C02000C0C02002DE9F0478EB007465D
:103F6400304B1C680246304904A81AF0F7FA03AA39
:103F7400012104A817F04AFB064618B130460EB0DA
:103F8400BDE8F08702A9039817F0D2FB029B002B2F
:103F940044D004F1640A0025A8462C464FF00109D8
:103FA40012E02C2B06D04F2D0AD80AEB0502137110
:103FB400013505E00AEB050300251D714FF00108EA
:103FC4000134029BA34229D901AB4A460DF10301F6
:103FD400039817F079FB064600BB019BF3B19DF8EB
:103FE40003300D2BECD0B8F1000FDAD00A2B07D038
:103FF400272DE5D80AEB050282F855300135DFE7B5
:1040040055444FF0000885F855804AF8807B054BED
:104014001A68136E013313664546D1E7039817F007
:104024002FFBABE7607617A0BC0B020030B5A9B03C
:1040340040F6E43018F09CFA664B186080B140F604
:10404400E43200211AF087FB25AA1021012016F082
:10405400E7FD38B15F4C206818F092FA0023236022
:1040640029B030BD25AA24A95B4818F053FC18B127
:10407400259816F0F7FDEDE727A9584818F0A9F898
:1040840020B12599249818F0B2FCF1E7514B1B6834
:10409400279AC3F8D82B4FF0FF31302002F0E8FC08
:1040A4000020FFF785FE04460120FFF781FE002C67
:1040B40078D068B90123009300238DF804308DF87B
:1040C4005530684600F01EFD279818F099F8D8E797
:1040D4000020FFF7A5FE04468DF898000120FFF7A5
:1040E4009FFE8DF89900002C5ED0002833D1394B07
:1040F4001B680124C3F8DC4B00221A662046FFF734
:10410400A7FE04F1A0030DEB030404F8080C314BE3
:104114001B6883F8E00B2798FFF71EFCFFF75EFC93
:10412400FFF7AEFD2B4C4FF0FF352368D3F8D43B9B
:10413400002BC9D12A4620A9259816F028FE00286C
:10414400F3D1244B18684FF4FA73259A00F66421CE
:104154000EF09EFEE7E70020FFF74AFE05468DF8C5
:1041640098000120FFF744FE8DF899001DB3B0F1CB
:104174000D0418BF0124174B1B68C3F8DC4B002245
:104184001A6604F1A0036B4413F8083CCBB1114B3D
:104194001B6804F1A0020DEB020414F8082C83F848
:1041A400E02BB8E7002386E70A4B1B680024C3F81A
:1041B400DC4B1C66A2E7074B1B680024C3F8DC4BEE
:1041C4001C662046FFF7C8FE04F1A0036B4403F805
:1041D400080CDCE7607617A0C4000200D0000200DF
:1041E4000022084B03F14C0013F8011B0A448342DC
:1041F400FAD1D243034BD86C904214BF162000204E
:10420400704700BF647617A000B583B000220D4B41
:1042140003F14C0013F8011B0A448342FAD1D24340
:10422400084BDA6401A9084817F06CF910B103B01F
:104234005DF804FB502300220249019817F081F92C
:10424400F5E700BF647617A09806020000B583B0B6
:1042540001A90B4817F056F9034618B1184603B0E4
:104264005DF804FB502300220649019817F057F922
:1042740003460028F2D1FFF7B3FF0346EEE700BF81
:1042840098060200647617A038B51A4C5022002113
:1042940020461AF060FA4FF0FF35A564C02184F877
:1042A4003A10A82284F83B200A2384F83C301420D6
:1042B40084F83D00FF2084F83E5084F83F0084F8E1
:1042C400400084F8421084F8432084F844300123E9
:1042D40084F84530BD2384F83530332384F83630F0
:1042E400062384F83730682384F83830222384F88E
:1042F400393038BD647617A0074B1B684FF0FF3286
:10430400C3F80C22C3F824220021C3F81012C3F806
:104314001422C3F81C127047C07617A0064B1B6802
:104324000022C3F828224FF0FF32C3F81422034BB3
:104334000361034BC3607047C07617A094BB0200AF
:10434400914500002DE9F0418EB005460EF070FE57
:10435400764B1B68D3F8E831012B07D87BB9744B33
:104364001868744A01460FF0FBF808E0714A724974
:10437400096802FB03116E4B18680FF0F1F86B4BE0
:104384001868D0F81032002B37D1684B1B68D3F86B
:104394001C32002B40F09180002D00F0BC80634B58
:1043A4001B68D3F82C22002A40F08E80D3F83022E8
:1043B400002A00F0AD80D3F8E831042B00F08C80A3
:1043C4005A4B1B68D3F8E831002B00F093805A4B0A
:1043D4001868564C2368D3F8E811564B03FB01F1D7
:1043E400A1F53B23A3F50063014418440EF00EFF2E
:1043F40023680022C3F830228FE000210DF00FFE65
:104404004A4C002120680DF008FE002120680DF0C0
:1044140009FE4A4920680EF0F6F823680CAE03F54D
:10442400FA7292E8030086E80300012118460DF0B1
:10443400F9FD206800F164010EF033FB2368D3F822
:10444400C821D3F8C43101323D4968461AF086F8D0
:10445400694620680EF045F98046236803F5F67333
:1044640093E8030086E803000A2130460EF0A0FF1B
:104474000AAF1FFA88F2394630460FF051F897E830
:10448400030086E8030020680EF0BFF882B23946C4
:1044940030460FF025F847F6E07120680DF0BDFDB9
:1044A400002120680EF01BF9BDF82A30BDF8282041
:1044B400694620680EF06CF867E7C6224FF4B671BF
:1044C40020480EF01DFE67E70EF0CEFD174B1B686B
:1044D4000022C3F82C2220E0174B1868154A00F577
:1044E4000C1101F5205100F56A1000F5C0500FF0D1
:1044F40037F865E7104B18680E4A00F53B1101F5D3
:104504000051A0F53B20A0F500600FF029F85EE70C
:104514000EF0A2FD01E00EF09FFD044B1B6800228B
:10452400C3F814220EB0BDE8F08100BFC07617A016
:104534000400001000B80B00B47617A0A414040003
:10454400240C02004C49020008B50F4B1B68D3F839
:10455400102292B90C4B1A68D2F8C8310133D2F840
:10456400C4118B4228BF0023C2F8C8314FF0FF3377
:10457400C2F81832C2F8303208BD0020C3F8100265
:10458400FFF7E0FEE6E700BFC07617A008B5084BCA
:104594001B684FF0FF32C3F82822C3F81422054BDE
:1045A4000361054BC3600020FFF7CEFF08BD00BFC9
:1045B400C07617A0C0C202002143000008B5114B09
:1045C4001B68D3F81022BAB90E4B1B68D3F8C82164
:1045D4001AB9D3F8C421C3F8C821D3F8C821013AC1
:1045E400C3F8C8210022C3F810224FF0FF32C3F8E9
:1045F4001822C3F82C2208BD0020C3F81002FFF7CC
:10460400A1FEE1E7C07617A02DE9F04FADF5077DD7
:104614000188B0F802A00469A789E28904F11500B1
:1046240006AD86AE10F801CC4FEADC0C10F8023C63
:10463400DB085B0143EA8C2310F803CC43EADC0378
:1046440025F8023B0330B542ECD1002A4ED0501E6F
:1046540007F2123307FB003323440020DFF8948071
:10466400994605913B46049232E002365D4525D0D9
:1046740015F8013B06AA32F81340002CF5D0234666
:1046840052463146D8F800000DF0E4FC06F1010969
:10469400234652464946D8F800000DF0DBFC234679
:1046A4003A463146D8F800000DF0D4FC23463A4689
:1046B4004946D8F800000DF0CDFCD6E7DDF80490AB
:1046C400029B039801300AF1020A049A82420DD037
:1046D400CB46A9EB03094D46002BF3D00AF10107A1
:1046E400059ECDF8049002930390C1E70DF5077D74
:1046F400BDE8F08FC07617A02DE9F04FBFB04FF0A2
:10470400FF32002307930693DFF864B21F46B2E03A
:104714004FF0FF32AFE093F8CC21022A40F0BE8084
:10472400002207923B97079A03323C9200223BA94E
:10473400D3F8E00116F0D1FA002206929BE093F838
:10474400D421022A40F0AF8001220792EAE7059FB4
:10475400029D3D95D4F82432002B40F0EA80D4F831
:104764003432002B00F0C1804FF000038DF8243068
:10477400DBF800301B6E1A680135009509AB7D49E2
:104784001DA819F0EBFE08AA01211DA816F03EFF92
:10479400002840F0CE80039BDD1C089816F070FFC3
:1047A400754B196801F56A1303F5C05304F50972D2
:1047B400724800FB05111DA80EF088FD0446002870
:1047C40040F0B780DBF80000039B00EBC303022238
:1047D40083F8CC213D9AC3F8D021069B002B00F02E
:1047E400A6803B9B9A4200F09580002243E0002E75
:1047F4003CD1049B002BBCBF5B180493049B5F1E3D
:10480400B8F1000FB8BFF0442E46434608F1FF3814
:10481400049A0497013081422AD9B2FBF1F701FBD3
:1048240017220392B3FBFEF70EFB1733029304EB3C
:10483400C207D7F8D0914B4589D197F8CC71002F96
:1048440085D0B542E6D3002DD1D1614538BFACEB5C
:10485400010C0CF10105D64538BFAAEB0E0A5346EC
:104864000AF1010A6246AC460125D3E73546D1E791
:10487400059F4FF0FF32DBF800303DA9D3F8DC018F
:1048840016F085FA98B93D9FB7F1FF3F62D0DBF887
:104894000030D3F8D02197423FF43DAFD3F8D8216C
:1048A40097423FF44CAF3B974FF0FF3306933D974D
:1048B400079802463B46DBF80040D4F8C4E1714651
:1048C400022928BF0221461C0138049007F1010A7D
:1048D40007F1FF3CBEF1000F3FF41AAF002005467C
:1048E400E046B4460646059797E7226E55322449BA
:1048F40009A819F033FE3BE73D9B3B934FF0FF3390
:104904003C931B4B1B6800223BA9D3F8E00116F033
:10491400E4F911E03C9500223BA9D0F8E00116F03F
:10492400DCF93D9F039B079306940022A3E7002232
:10493400A1E7069B002BDFD1DBF80030039A03EBE1
:10494400C203022283F8CC213D9AC3F8D02100226D
:10495400069290E74FF0FF323B92054B1B683BA950
:10496400D3F8E00116F0B9F900203FB0BDE8F08FAC
:10497400C07617A0400C0200B47617A000B80B0054
:10498400340C020070B58AB004460EF051FB09AA3B
:104994000021204617F041FC154C4FF4F8430793CF
:1049A4000023069347F6E07605960222049240F22D
:1049B400DF12039240F21F32029201930093099B8B
:1049C4004FF4F0724FF4487120680DF0EBFA094D82
:1049D400294620680DF017FE314620680DF01DFBB6
:1049E400294620680DF00FFE0EF036FB0AB070BDAC
:1049F400C07617A0A414040030B5B1B0194B1B68DD
:104A04000022C3F8C421174C174D1DE000238DF874
:104A14000C3023681A6E1268D3F8C4310133009342
:104A240003AB124917A819F099FD02AA012117A88E
:104A340016F0ECFDA0B92268D2F8C4310133C2F8F3
:104A4400C431029816F01CFE2368D3F83422002ADD
:104A5400DCD11A6E5532294603A819F07FFDD8E738
:104A640031B030BDC07617A0340C0200400C0200F7
:104A740070B582B0224B1B68D3F8C8614FF0FF3287
:104A840003F5E471D3F8DC0116F064F91C4CFA2543
:104A940008E0C3F81C02FFF755FC19E02368D3F8BB
:104AA4001C222AB323682A466946D3F8E00116F08B
:104AB4006EF90028F2D1009BB342F3D1019BB3F10C
:104AC400FF3F13D00E4B1B68D3F81C22002AE0D101
:104AD4000B4B1B680022C3F818224FF0FF31C3F8B8
:104AE40014120199C3F8E811C3F81C2202B070BD76
:104AF4004FF0FF32C3F81C220020FFF723FCD1E75C
:104B0400C07617A02DE9F04395B005464FF40E701A
:104B140017F02EFDBE4B186058B304464FF40E72C6
:104B2400002119F018FE04F5EE720421032016F09A
:104B340077F808B3B64B1B68D3F8E421002A40F099
:104B44003A82B34B1B68D3F8DC01002840F04B8257
:104B5400AF4B1B68D3F8E001002840F04782AC4C0F
:104B6400206817F00DFD00232360AA4B186817F086
:104B740007FD15B0BDE8F083A54B1A6802F5F07285
:104B84000821032016F04CF80028D3D12B794BB917
:104B940095F8553033B99E4B1B684FF0FF32C3F87C
:104BA400342204E09A4B1B680022C3F834229A484A
:104BB40017F0DEFC974A10600028DAD000F53C2399
:104BC40003F2FF736FF30B03944A1360904B1A685C
:104BD4000023C2F8E43102F5F2720192022200923B
:104BE4004FF420728E498F4816F070F90028A1D135
:104BF400874B1B684FF0FF31C3F810120022C3F833
:104C04001C22C3F80C221D66C3F8C821C3F818126D
:104C1400C3F81412C3F82022834B1B6883B112AA71
:104C24001021012015F0FCFF002883D112AA11A93C
:104C34007E4817F06FFE48B1129816F013F879E722
:104C4400794A0121032015F0EBFFE8E713A978481E
:104C540017F0BFFA20B11299119817F0C8FEEBE7CC
:104C6400FFF7CAFE6A4B1B68D3F8C4311BB913980B
:104C740017F0C6FAEFE71398FFF784FE644F3C6819
:104C84000025ADF80C50ADF80E50E369ADF81030C6
:104C9400236AADF81230674920460DF0B4FC396838
:104CA40003AE2B464A2201F5FA7130460EF0ACFBF6
:104CB4003B6803F5FE7296E8030082E8030005AE44
:104CC40003F5FA7393E8030086E8030005213046F0
:104CD4000EF06EFB2823402207A930460EF0B6FBE7
:104CE400BDF81C30A4F86430BDF81E30A4F866305A
:104CF400BDF82030A4F86830BDF82230A4F86A303A
:104D0400DFF83491C4F86C904C4B23674C4B6367C9
:104D1400E567DFF83081C4F880802823402207A9A2
:104D240030460EF093FBBDF81C30A4F88430BDF877
:104D34001E30A4F88630BDF82030A4F88830BDF8C1
:104D44002230A4F88A30C4F88C903F4BC4F89030D9
:104D54003E4BC4F89430C4F89C50C4F8A080282377
:104D6400402207A930460EF071FBBDF81C30A4F8B0
:104D7400A430BDF81E30A4F8A630BDF82030A4F845
:104D8400A830BDF82230A4F8AA30C4F8AC90304B57
:104D9400C4F8B0302F4BC4F8B430C4F8BC50C4F8D5
:104DA400C08039680223642201F5F67130460EF0A2
:104DB40071FB2823402207A930460EF06BFBBDF897
:104DC4001C30A4F8C430BDF81E30A4F8C630BDF8B9
:104DD4002030A4F8C830BDF82230A4F8CA30C4F892
:104DE400CC901D4BC4F8D0301C4BC4F8D430C4F85C
:104DF400DC50C4F8E080C4F8EC503B68D3F80C32C3
:104E0400002B7FF434AF3C464FF0FF37064E3DE0B5
:104E1400C07617A0B87617A060215200B47617A008
:104E2400540C0200FD460000BC7617A0C40002002A
:104E3400D0000200A41404003C1F0200C14500007D
:104E440068B402000D4600009145000094BB0200C6
:104E54004D450000ECC90200FD4200003CAD0200DB
:104E6400FFF706FE15F0E2FF054616E03846FFF7A9
:104E740069FA15F0DBFF054614E00020FFF764FB38
:104E84002368D3F80C32002B7FF4F1AE17F062FBE9
:104E94002368D3F81832002BE2D12368D3F81432F4
:104EA400002BE3D100220DF12701306815F06FFFCC
:104EB400022812D09DF82730012BDED0022B08D017
:104EC400002BDDD14B4B1B684FF0FF32C3F80C2293
:104ED400CDE60020FFF772FBD2E73A460DA91298FF
:104EE40015F055FF0028CBD1424B1868D0F810328A
:104EF40083B9109B012B3FD0D0F82832D3B1284678
:104F040015F0A2FF40F6B733984210D90020FFF7FE
:104F14001BFB0CE04FF4FA73129A00F164010DF0DC
:104F2400B7FF284615F090FFB0F57A6F17D2109BA3
:104F3400012B27D02F4B1A68D2F820324BB1D2F86C
:104F44000832D2F804229B1A13F1800F2BDB802B3A
:104F54002DDC284B1B680022C3F8202290E7254B48
:104F64001B680022C3F810224FF0FF32C3F814224A
:104F740015F05CFF0546DAE74FF0FF33C0F8103256
:104F8400C0F814321B4B1B68D3F820223AB90F9A8D
:104F9400C3F804224FF0FF32C3F8202270E70F9ABF
:104FA400C3F80822F6E70020FFF7CEFAD1E7002085
:104FB400FFF704FBCDE74FF0FF320C920CA9D3F8B6
:104FC400DC0115F0C7FE00250A4C0A9523684FF052
:104FD400FF320AA9D3F8E00115F0D9FE0A9BB3F118
:104FE400FF3FF2D1ADE515F03DFEB1E515F03AFE17
:104FF400B5E500BFC07617A08269D2F8C83183F046
:105004000103C2F8C831704783694FF0FF329A60D8
:10501400704700002DE9F04F95B004460EF008F8F3
:10502400254613AA002155F80C0B17F0F6F84FF497
:10503400F84307930026069647F6E07705974FF066
:105044000209CDF8109040F2DF13039340F21F33AE
:10505400029301960096139B4FF4F0724FF448713B
:1050640028460CF09FFFDFF8D8A1514628460DF0E2
:10507400CAFA28460DF0C9FAA4F8C0011F227149E2
:1050840028460DF0D5FA394628460CF0C6FF3146BD
:1050940028460CF0C4FFADF84460ADF84660A36A3E
:1050A400ADF84830E36AADF84A30082111A80EF093
:1050B4007FF9B4F8C02146324B4692B20BA911A82D
:1050C4000EF0A2F901210BA80EF072F9BDF82C30F4
:1050D400A4F86C307F33A4F87030BDF82E30A4F8F7
:1050E4006E303F33A4F87230574B6367574BA36756
:1050F400574BE367C4F88440C4F8886031462846B7
:105104000DF0EDFA314628460CF08CFF01212846BB
:105114000DF0E5FA4F4928460DF075FA312128467D
:105124000DF077FAA4F8C20128460DF06EFA82B2A7
:10513400A4F8C421B4F8C2B10BEB4B0B4FEA4B0BF0
:105144000BF18A0B04F5D6770832802A38BF802207
:1051540092B2394611A80EF0C3F90DF13C0897E854
:10516400030088E803001FFA8BF2394640460EF02C
:10517400D7F997E8030088E803004B46802209A981
:1051840040460EF087F9334680220DA909A80EF097
:1051940019F9BDF83430A4F88C30BDF83630A4F8D1
:1051A4008E30BDF83830A4F89030BDF83A30A4F809
:1051B4009230DFF8A4B0C4F894B0284BC4F8983007
:1051C400274BC4F89C30C4F8A440C4F8A860B4F8D1
:1051D400C2210432334692B20DA940460EF05AF968
:1051E400BDF83430A4F8AC30BDF83630A4F8AE3095
:1051F400BDF83830A4F8B030BDF83A30A4F8B23075
:10520400C4F8B4B0154BC4F8B830C4F8BC60C4F8E2
:10521400C440C4F8C860494638460EF0C9F8C4F81A
:10522400D460514628460DF0EEF904F16C0128468D
:105234000DF037FC0DF010FF15B0BDE8F08F00BF86
:10524400A41404005C0C0200B00002000D50000025
:10525400DC2E03006C7E03003C1F0200FD4F0000A7
:10526400B87302002DE9F04F8DB04FF4E87017F0D9
:105274007FF9764B1860A0B104464FF4E872002120
:1052840019F069FA0123C4F8BC3104F5E6717048D9
:1052940017F0C7F940B16D4C206817F071F900237D
:1052A40023600DB0BDE8F08F6A4A1021012015F08B
:1052B400B7FC30B1654B1B68D3F8CC0117F0BEF9CD
:1052C400E9E7644A0BA9644817F024FB20B1614B59
:1052D400186815F0C7FCEDE75C4B19685F4816F0D9
:1052E40078FF28B15B4B19680B9817F080FBEEE749
:1052F400564C2068FFF78EFE20688368002B6BD025
:10530400006816F07DFFEDE7059B03EBC303544AE9
:1053140082FB0312DB17C3EB620303F5001305934F
:105324001A149BB203EB8303DB0B4E4908A819F054
:1053340015F974E04C4B089371E06D08454405F190
:10534400FF3AB9F8AE21414620460CF0EFFF47F68C
:10535400E07120460CF061FE039B1978202901D0EE
:105364005F2920D107AA06A920460CF0F8FF069B66
:105374009A451CDCA8465E4529D0394620460CF0E7
:105384004EFE394620460CF048FE394620460CF0C5
:1053940049FEB9F8C2510136039633782E2BCCD08E
:1053A4005F2BCBD1C9E720460DF031F8DAE7394657
:1053B40020460CF032FE079AB9F8C4311344013B7D
:1053C4000093AB1E069920460CF093FDD2E71F4BC9
:1053D40018688368002B93D14FF4FA731D4A12683E
:1053E40000F16C010C300DF053FD184BD3F8009014
:1053F40005A9D9F8CC0117F029F900289AD1D9F8D0
:10540400C811012980D0059B1A149BB203EB8303B6
:10541400DB0B002989D1154908A819F09FF809F177
:105424000C04134920460DF0EEF8002120460DF03F
:1054340056F947F6E07120460CF0EFFDB9F8AC815F
:105444000DF11F060DF1260B002796E7C87617A06D
:10545400D8050200C47617A0C4000200D0000200E0
:10546400676666668C0C020045727200800C02004E
:105474006C7E030070477047A0F862104FF0FF3352
:10548400C0F8C83070474FF0FF33C0F8C8307047D9
:10549400074B1B6803B9704710B5D0F83441114667
:1054A400204609F0B1F90349204609F0ADF910BDD1
:1054B400CC7617A0500E020010B5D0F83441054B3D
:1054C40053F82210204609F09FF90349204609F0B9
:1054D4009BF910BDE4260200980C020008B5094BA4
:1054E4001B683BB9084B1B6843B1084909F08CF9A8
:1054F400002008BD064909F087F9F9E7054909F0D4
:1055040083F9F5E7DC7617A0E07617A0A40C020077
:105514009C0C0200B00C020030B587B0054601298E
:105524001ED0144602293CD1204B1B6853B3204B98
:105534001A68204901A819F011F8616801A819F046
:105544005FF908B3194B1B684BB3194B1A681A4916
:1055540001A819F003F801A9284609F055F90CE04F
:10556400124B1B6863B1124B1A68144901A818F056
:10557400F5FF01A9284609F047F9002007B030BD1E
:105584000022F2E70022D4E7094B1A680C4901A86B
:1055940018F0E4FF01A9284609F036F9EDE70022E6
:1055A400D5E7084909F030F9E7E700BF547717A0B9
:1055B400587717A000070200D80C0200C00C0200A4
:1055C400C80C0200E80C020010B50446012904D0FE
:1055D400064909F019F9002010BD012001F0F8FD79
:1055E4000349204609F010F9F5E700BFE80C020072
:1055F400A40C020010B50446012904D0064909F0A0
:1056040003F9002010BD022001F0E2FD0349204609
:1056140009F0FAF8F5E700BF040D0200A40C02003B
:1056240010B5012904D00446022905D0002010BD7C
:10563400032001F0CDFDF9E70B4B4FF0FF321A6068
:10564400032001F0C5FD084A1368002BFCD1074B69
:105654001B6823B10649204609F0D6F8E6E7054958
:10566400204609F0D1F8E1E7DC7617A0E07617A030
:10567400A40C0200B00C020010B50446012904D0A9
:10568400064909F0C1F8002010BD052001F0A0FD75
:105694000349204609F0B8F8F5E700BF040D0200FD
:1056A400A40C020008B5002001F092FD002008BD02
:1056B400F8B50646042904D0124909F0A5F80020DB
:1056C400F8BD1546506809F07FF80446A86809F04B
:1056D4007BF80746E86809F077F8E40104F4F84435
:1056E400BF0007F478773C43C0F3C4000443064B7F
:1056F4001C80042001F06CFD0449304609F084F854
:10570400DDE700BF040D0200D47617A0A40C02004C
:105714002DE9F84380460D46144602F58179144B71
:105724001A889B78A4F8022189F80230204601F0F7
:1057340079FD0023C4F8C830C4F834814FF4004222
:1057440021460C48A847D4F8C8304BB9094F002665
:10575400324621463846A847D4F8C830002BF7D043
:105764004A460549404609F07BF8BDE8F88300BF86
:1057740090170200F82602005C1F020010B5CEB09C
:105784000446022905D0094909F03EF800204EB02C
:1057940010BD506809F018F836900123ADF80031B7
:1057A4006A4603492046FFF7B3FFEFE7040D020002
:1057B400CD2A000010B5CEB00446022905D00C490C
:1057C40009F022F800204EB010BD506808F0FCFF2C
:1057D4000023ADF8003128B16A4606492046FFF798
:1057E40097FFEFE76A4604492046FFF791FFE9E790
:1057F400040D020091380000292D000000B5CFB03F
:10580400012906D0054908F0FFFF00204FB05DF8DC
:1058140004FB6A460249FFF77BFFF6E7040D02002A
:10582400FD33000000B5CFB0012906D0054908F0CA
:10583400EBFF00204FB05DF804FB6A460249FFF716
:1058440067FFF6E7040D02006526000000B5CFB03F
:10585400012906D0054908F0D7FF00204FB05DF8B4
:1058640004FB6A460249FFF753FFF6E7040D020002
:105874007524000000B5CFB0012906D0054908F011
:10588400C3FF00204FB05DF804FB6A460249FFF7EE
:105894003FFFF6E7040D02007D21000000B5CFB004
:1058A400012906D0054908F0AFFF00204FB05DF88C
:1058B40004FB6A460249FFF72BFFF6E7040D0200DA
:1058C400AD23000000B5CFB0012906D0054908F08A
:1058D4009BFF00204FB05DF804FB6A460249FFF7C6
:1058E40017FFF6E7040D0200CD2D000000B5CFB080
:1058F400012906D0054908F087FF00204FB05DF864
:1059040004FB6A460249FFF703FFF6E7040D0200B1
:10591400D92F000010B50446022904D00B4908F021
:1059240073FF002010BD506808F04EFF031E18BF1F
:1059340001235B42064A1360064A074B002818BF3E
:105944001A460649204608F08BFFEAE7040D0200D8
:10595400CC7617A0240D0200200D0200280D0200B1
:1059640030B5C3B00446012906D0414908F04CFFC4
:105974000025284643B030BD41A93E4815F01EFF1E
:1059840000286ED14FF480224FF4E001419815F0C5
:105994005DFF002834D1802301AA4FF4E00141982F
:1059A40015F030FF002832D101AB21A913F8012BE7
:1059B400FF2A33D18B42F9D106232F4A2F4941982C
:1059C40015F032FF88BB06232D4A2E49419815F065
:1059D4002BFF88BB802301AA2849419815F012FFA8
:1059E40088BB0C22284901A818F043FD054688BB52
:1059F4002649204608F008FF419815F0F6FEB8E75E
:105A04002349204608F000FF4FF0FF35B1E7214954
:105A1400204608F0F9FE4FF0FF35AAE71E4920465C
:105A240008F0F2FE4FF0FF35A3E71C49204608F0CA
:105A3400EBFE4FF0FF359CE71849204608F0E4FEE2
:105A44004FF0FF3595E71349204608F0DDFE4FF08F
:105A5400FF358EE71249204608F0D6FE4FF0FF3599
:105A640087E71049204608F0CFFE002581E700BFF4
:105A7400040D0200B007020070070200FCFF73006F
:105A8400780702000200740080070200A40C0200E0
:105A94003C0D02005C0D0200780D0200900D020026
:105AA400B00D0200D00D02002DE9F04F89B0009036
:105AB40014460139062900F2DD82DFE811F0D5022F
:105AC400DB02DB02CA020700DB02BF00506808F0F9
:105AD4007BFE0546A06808F077FE8146E06808F082
:105AE40073FE8046206908F06FFE0646E8B2FDF7B3
:105AF4001DFD0746002862D05FFA88F0FDF716FD09
:105B04000446002863D049EA052080B215F0C4FF9A
:105B14000546B0F1FF3F62D046EA082080B215F096
:105B2400BBFF0546B0F1FF3F5ED05FFA86F82368FD
:105B34001B6B0022414620469847012505FA06F6CC
:105B440023681B6A31462046984723685B6B002212
:105B540041462046984705FA09F53B685B6A2946A1
:105B6400384698473B68DB692946384698473B687E
:105B74005B6B00225FFA89F138469847322012F0B5
:105B840099FF2368DB6A07AA3146204698473B6899
:105B94009B6A294638469847322012F08BFF2368C7
:105BA400DB6A06AA314620469847079B43B3069B07
:105BB400FBB91B49009808F053FE002550E22A4621
:105BC4001849009808F04CFE4FF0FF3548E2424671
:105BD4001449009808F044FE4FF0FF3540E21249A2
:105BE400009808F03DFE3BE21049009808F038FEAA
:105BF40036E20F49009808F033FE4FF0FF352FE2EC
:105C0400069B33B10B49009808F02AFE4FF0FF358C
:105C140026E20949009808F023FE4FF0FF351FE201
:105C2400A40C0200EC0D0200040E02002C0E020073
:105C3400540E02007C0E0200680E0200506808F048
:105C4400C3FD0546A06808F0BFFD8246E06808F081
:105C5400BBFD8046206908F0B7FD8346606908F003
:105C6400B3FD8146A06908F0AFFD0190E8B2FDF7ED
:105C74005DFC0746002800F080815FFA88F0FDF79C
:105C840055FC0446002800F080815FFA89F0FDF796
:105C94004DFC0646002800F080814AEA052080B2C7
:105CA40015F0FAFE0546B0F1FF3F00F07E814BEAA5
:105CB400082080B215F0F0FE0546B0F1FF3F00F079
:105CC4007981019B43EA092080B215F0E5FE05467F
:105CD400B0F1FF3F00F073814FF0010808FA0AF5B4
:105CE4003B681B6A294638469847E9B203913B68EA
:105CF4001B6B0222384698475FFA8AF13B685B6B5C
:105D0400002202913846984708FA0BF923681B6A67
:105D14004946204698475FFA89F0049023681B6B34
:105D240002220146204698475FFA8BFB23685B6B8F
:105D34000022594620469847019B08FA03FA336823
:105D44001B6A5146304698475FFA8AF005903368DB
:105D54001B6B02220146304698479DF804000190CF
:105D640033685B6B00220146304698473B68DB6929
:105D74002946384698473B685B6B002202993846AF
:105D8400984723681B6B002259462046984723688E
:105D94001B6A49462046984723685B6B0022594694
:105DA400204698473B685B6A2946384698474046F0
:105DB40012F080FE2368DB6A07AA4946204698470A
:105DC4003B689B6A294638469847404612F072FE63
:105DD4002368DB6A06AA494620469847079B002B9E
:105DE40000F0F980069B002B40F0EE803B681B6AB4
:105DF4002946384698473B681B6B0222039938466C
:105E0400984723681B6A49462046984723681B6BBA
:105E1400022204992046984733681B6A514630464B
:105E2400984733681B6B02220599304698473368BC
:105E3400DB6951463046984733685B6B0022019911
:105E44003046984723681B6B0022594620469847E2
:105E540023681B6A49462046984723685B6B0022E7
:105E640059462046984733685B6A514630469847FE
:105E7400012012F01FFE2368DB6A07AA4946204668
:105E8400984733689B6A514630469847012012F080
:105E940011FE2368DB6A06AA494620469847079BF9
:105EA400002B00F0AF80069B002B40F0A4803B68E1
:105EB4001B6A2946384698473B681B6B02220399A4
:105EC4003846984723681B6A494620469847236802
:105ED4001B6B022204992046984733681B6A51467B
:105EE4003046984733681B6B022205993046984721
:105EF4003B68DB692946384698473B685B6B002260
:105F040002993846984733681B6B0022019C21464E
:105F14003046984733681B6A514630469847336881
:105F24005B6B00222146304698473B685B6A2946F2
:105F340038469847012012F0BDFD3368DB6A07AA92
:105F44005146304698473B689B6A294638469847ED
:105F5400012012F0AFFD3368DB6A06AA51463046D1
:105F64009847079B002B64D0069B002B5AD14449C9
:105F7400009808F075FC002572E02A464149009813
:105F840008F06EFC4FF0FF356AE042463D49009848
:105F940008F066FC4FF0FF3562E04A463949009844
:105FA40008F05EFC4FF0FF355AE03749009808F0DE
:105FB40057FC55E03549009808F052FC50E034494C
:105FC400009808F04DFC4BE03249009808F048FC7A
:105FD4004FF0FF3544E0069B33B12F49009808F099
:105FE4003FFC4FF0FF353BE02C49009808F038FCAB
:105FF4004FF0FF3534E02749009808F031FC4FF0AA
:10600400FF352DE0069B33B12349009808F028FCA6
:106014004FF0FF3524E02149009808F021FC4FF0AF
:10602400FF351DE01B49009808F01AFC4FF0FF35BE
:1060340016E0069B33B11849009808F011FC4FF0A4
:10604400FF350DE01549009808F00AFC4FF0FF35C4
:1060540006E0506808F0B8FBA06808F0B5FB00251E
:10606400284609B0BDE8F08F0D49009808F0CCFB34
:106074000025F5E70A49009808F0C6FB0025EFE77C
:10608400A40C0200EC0D0200040E02002C0E02000F
:10609400900E0200540E02007C0E0200680E0200F4
:1060A400040D020010B50446002140F2192015F039
:1060B40083FC40F2192015F0C9FC28B1054920469B
:1060C40008F0A2FB002010BD0349204608F09CFB09
:1060D400F8E700BFA40C0200B80E020010B5044695
:1060E400022904D0084908F08FFB002010BD506835
:1060F40008F06AFBC1B2012015F048F803492046B4
:1061040008F082FBF1E700BF040D0200A40C0200BA
:1061140008B5054908F078FB4FF4FA7014F0BCFC9C
:1061240002F080FD002008BDA40C020030B585B04B
:106134000446012929D0022940F0908055684A4933
:10614400284618F05DFB00284FD04849284618F02F
:1061540057FB00287DD102A816F09AFABDF80C204E
:1061640040F201139A4205D1BDF80E2040F2E273C9
:106174009A4259D03E49204608F046FB9DF80A2031
:106184003C49204608F06CFB6BE0684616F080FA48
:1061940040F24C4014F080FC02A816F079FA4FF457
:1061A400FA7014F079FCBDF80420BDF80C309A4262
:1061B40005D1BDF80620BDF80E309A4204D02E4910
:1061C400204608F021FB4CE0BDF80020BDF8083063
:1061D4009A42F4D19DF802209DF80A309A42EED1F9
:1061E4002649204608F010FB3BE001238DF80C30D3
:1061F4008DF80D3040F2E273ADF80E3008238DF8BF
:10620400083000238DF809308DF80A3002A816F002
:1062140053FA20B11A49204608F0F6FA21E016494B
:10622400204608F0F1FA1CE0BDF80830082BA1D193
:106234009DF80A30033BDBB2022B9BD81149204660
:1062440008F0E2FA9DF80A200A49204608F008FB03
:1062540007E00D49204608F0D7FA02E00A4908F0A1
:10626400D3FA002005B030BDE40E02006807020036
:10627400140F0200040F0200A40C0200CC0E020052
:10628400E80E0200F80E0200040D020070B5D0B052
:106294000446012908D0154602290AD0104908F0FD
:1062A400B3FA002050B070BD02AA0E49FFF730FACD
:1062B400F7E701A90C4815F08CFF0028F1D1019EE5
:1062C400686808F081FA0146304615F0DEFF01984F
:1062D40015F096FF0549204608F096FAE1E700BF5D
:1062E400040D0200E5310000D0000200A40C0200FD
:1062F40010B50446054B4FF0FF329A64FDF784FF56
:106304000349204608F080FA002010BD647617A0E7
:10631400A40C020070B588B00546484B05930129CA
:106324002AD0022940F0838054684549204618F059
:1063340067FA002835D100238DF81830BD238DF875
:10634400193033238DF81A3006238DF81B30682357
:106354008DF81C3022238DF81D303A4B08AA12E91F
:10636400030058631987FDF74FFF002849D03649C9
:10637400284608F049FA5DE0324A92F8393003932E
:1063840092F83830029392F83730019392F836300D
:10639400009392F8353092F834202C4908F060FAD2
:1063A40048E000238DF8183023782BB300221646DA
:1063B40007E02749284608F027FA3BE014F8013F94
:1063C400C3B13A2BFAD02E2BF8D0062EF1D00132DD
:1063D40002F12001694401F80C3C022AEED105A81F
:1063E40008F0F2F906F120036B4403F8080C0136B7
:1063F4000022E3E7062EB0D01649284608F004FA36
:1064040018E0104A92F83930039392F83830029326
:1064140092F83730019392F83630009392F8353081
:1064240092F834200949284608F01AFA02E00A4989
:1064340008F0EAF9002008B070BD00BF243F3F0017
:106444000C0C0200647617A0940F02002C0F0200BB
:10645400540F0200740F0200040D02002DE9F041F4
:1064640086B08046012909D002295FD154680025ED
:106474008DF81450013C2A462F461CE02F4A92F80E
:106484003D30019392F83C30009392F83B3092F8FF
:106494003A202B4908F0E4F94BE0042D1ED002A861
:1064A40008F092F905F118036B4403F8040C013564
:1064B4003A463378BBB10134264623782E2BECD0F0
:1064C400002BEAD0511C18326A4402F8103C01F146
:1064D40018036B4403F8107C0A46EAE7194940465E
:1064E40008F092F925E0042D04D01749404608F03D
:1064F4008BF91EE0059A114BC3F83A20FDF784FE90
:1065040020B11249404608F07FF912E00B4A92F894
:106514003D30019392F83C30009392F83B3092F86E
:106524003A200749404608F09BF902E0084908F080
:106534006BF9002006B0BDE8F08100BF647617A0B7
:10654400C00F0200D40F0200F00F0200101002006E
:10655400040D02002DE9F04186B08046012909D0DE
:1065640002295FD1546800258DF81450013C2A4655
:106574002F461CE02F4A92F84530019392F844309C
:10658400009392F8433092F842202B4908F068F9BE
:106594004BE0042D1ED002A808F016F905F11803EB
:1065A4006B4403F8040C01353A463378BBB101342B
:1065B400264623782E2BECD0002BEAD0511C18321F
:1065C4006A4402F8103C01F118036B4403F8107C90
:1065D4000A46EAE71949404608F016F925E0042D71
:1065E40004D01749404608F00FF91EE0059A114BF4
:1065F400C3F84220FDF708FE20B11249404608F0D6
:1066040003F912E00B4A92F84530019392F84430B2
:10661400009392F8433092F842200749404608F02C
:106624001FF902E0084908F0EFF8002006B0BDE8C1
:10663400F08100BF647617A0C00F02003C10020076
:106644006010020088100200040D02002DE9F041E0
:1066540086B08046012909D002295FD154680025FB
:106664008DF81450013C2A462F461CE02F4A92F81C
:106674004130019392F84030009392F83F3092F801
:106684003E202B4908F0ECF84BE0042D1ED002A864
:1066940008F09AF805F118036B4403F8040C01356B
:1066A4003A463378BBB10134264623782E2BECD0FE
:1066B400002BEAD0511C18326A4402F8103C01F154
:1066C40018036B4403F8107C0A46EAE7194940466C
:1066D40008F09AF825E0042D04D01749404608F044
:1066E40093F81EE0059A114BC3F83E20FDF78CFD8C
:1066F40020B11249404608F087F812E00B4A92F89C
:106704004130019392F84030009392F83F3092F870
:106714003E200749404608F0A3F802E0084908F083
:1067240073F8002006B0BDE8F08100BF647617A0BE
:10673400C00F0200BC100200E010020004110200AD
:10674400040D020070B582B00446002300930229B0
:1067540005D01C4908F058F8002002B070BD154659
:106764006946194814F050FC01A9184815F0B8FFFF
:10677400686808F029F80546B0B1009803685B6BB7
:10678400012211469847002014F084FD019E02F076
:10679400B5FAB0FBF5F1304615F0D6FF2A460C49A0
:1067A400204608F05DF8D7E70021019815F0CCFFEA
:1067B400002014F041FD009803685B6B0022012166
:1067C4009847EBE7040D0200C40902000801020027
:1067D400341102002DE9F04393B0054600238DF8EF
:1067E400423004290AD04F4908F00EF84E49284691
:1067F40008F00AF8002013B0BDE8F083144650688E
:1068040007F0E2FF0746A06807F0DEFF0646E068EF
:1068140007F0DAFF04466FB1012F37D0022F40D1C1
:1068240011A9424815F052FA48B14149284607F0E7
:10683400EBFF04E011A93F4815F048FA08BB642CAB
:1068440002D0B4F5C87F35D124238DF80430ADF8D7
:1068540006400DF14203029301228DF80C204FF003
:10686400FF3304930DF1430105918DF8182007932C
:10687400002E52D00024304FDFF8C090DFF8C080E3
:1068840029E03049284607F0BFFFD8E711A92E4870
:1068940015F01CFA0028D2D02C49284607F0B4FF82
:1068A400CDE72B49284607F0AFFF1F49284607F0DC
:1068B400ABFF9FE72749284607F0A6FF1A49284659
:1068C40007F0A2FF96E74946284607F09DFF0BE034
:1068D4000134A64221D0A7FB04239B094FF47A720A
:1068E40002FB1343002BEED09DF8423001338DF8A8
:1068F400423001A9119815F0FEF99DF843209DF846
:1069040042309A42E4D02246414609A817F026FEB6
:1069140009A9284607F078FFDAE7119815F0E3F99A
:1069240068E700BF54120200D81102008C11020063
:106934009411020044110200D34D62100C040200B1
:10694400381202004C11020068110200701102009A
:10695400B01102000C12020010B586B06A46102174
:10696400012014F05DF908B106B010BD6A4601A912
:10697400164815F0CFFF20BB0A24224602A900982E
:1069840014F005FA0028F8D0059B002BF5D10A2451
:10699400224602A9009814F0FAF90028F8D0059BC1
:1069A400012BF5D10A24224602A9009814F0EFF92C
:1069B4000028F8D0059B002BF5D10099019816F01A
:1069C40016F8009814F04EF9CEE700BFC400020098
:1069D40038B50446012904D0134907F015FF0020F7
:1069E40038BD124D4FF4F8432B80042000F0F0FB27
:1069F400FFF7B2FF4FF478732B80042000F0E8FB1C
:106A0400FFF7AAFF1F232B80042000F0E1FBFFF710
:106A1400A3FF47F6FF732B80042000F0D9FB044941
:106A2400204607F0F1FEDAE7040D0200D47617A041
:106A3400A40C020000B583B0094B00221A6001A91E
:106A4400084815F0A2FD10B103B05DF804FB064937
:106A54000860064B4FF48052019808F057F8F3E7AA
:106A6400CC7617A074120200D07617A0102702006B
:106A7400F0B589B08DF81C003A238DF81D302F2312
:106A84008DF81E3000238DF81F30B1F1FF3F0AD07E
:106A940004A907A814F078FE002800F096800924C1
:106AA400204609B0F0BD0D4601464C4817F01AFDCA
:106AB40004A907A814F068FE044600287ED1049FA8
:106AC4000598A0FB0701000D40EA0130090D16F0FE
:106AD40075FA06463946424817F004FD069A0599A8
:106AE400404817F0FFFC4FF08941304616F03EFD58
:106AF40000284DD04FF06A51304616F0A0FB0646F0
:106B04004FF0894116F032FD002838D04FF06A5119
:106B1400304616F094FB06464FF0894116F026FDE8
:106B240020B34FF06A51304616F089FB16F099FAFB
:106B340002460B462C4817F0D5FC694607A814F00A
:106B440009FE002835D1B5F1FF3F18BF0446A7D18F
:106B5400264817F0E7FC019A0099254817F0C2FC73
:106B6400039A0299234817F0BDFC99E7304616F0C2
:106B740078FA02460B46204817F0B4FC10E0304681
:106B840016F06FFA02460B461C4817F0ABFC07E000
:106B9400304616F066FA02460B46194817F0A2FC76
:106BA400694607A814F0D6FD0028D1D0B5F1FF3FFF
:106BB40009D1144817F0B6FC092471E7124817F0FC
:106BC400B1FC09246CE709246AE7694607A814F0B4
:106BD400C1FD041E18BF092462E700BF7C12020035
:106BE40094120200BC120200E012020040130200E0
:106BF4005413020088130200F8120200101302005A
:106C040028130200BC130200DC13020010B58AB082
:106C140009AA002115F001FB104C4FF4F843079327
:106C24000F4B1B88069347F6E073059300230493E8
:106C340040F2DF12039240F21F320292019300935A
:106C4400099B4FF4F0724FF4487120460BF0AAF9F7
:106C5400044920460BF0D7FC0AB010BDE87617A013
:106C6400D47617A0A414040010B58AB009AA002190
:106C740015F0D3FA124C4FF4F8430793002306930C
:106C840047F6E07205920222049240F2DF12039268
:106C940040F21F32029201930093099B4FF4F07269
:106CA4004FF4487120460BF07DF9064920460BF05D
:106CB400AAFC1F22044920460BF0BAFC0AB010BDFE
:106CC400E87617A0A41404005815020010B58AB081
:106CD40009A91E4815F07DFA08B10AB010BD09983B
:106CE40015F0B9FA4FF48071099815F0CEFA0CF04A
:106CF4009FF908AA0021099815F08FFA144C4FF453
:106D0400F84307930023069347F6E07205920222A4
:106D1400049240F2DF12039240F21F320292019376
:106D24000093089B4FF4F0724FF4487120460BF027
:106D340039F9084920460BF066FC1F220649204613
:106D44000BF076FC0CF088F9C7E700BFD000020016
:106D5400E87617A0A41404006C1502002DE9F04F86
:106D6400A5B006908A460024884B1C60084615F09E
:106D740089FD14F05BF88146854B0493854B05939C
:106D8400A0460DF1300B6EE014F050F88146284611
:106D940013F082FE4FF0FF340BE03CB914F046F8D8
:106DA400A0EB0900B84200F29E800024284613F0AC
:106DB40073FE5946504615F001FD0028EDD10C9B99
:106DC40013F0010FE0D0002CE8D00D9B029A1A4476
:106DD40002920E9B039A1A440392013614F026F889
:106DE4008146284613F058FE032EE2D90024029B64
:106DF400B3FBF6F30D93039BB3FBF6F60E9610ABC1
:106E040003EB08159BE80F0085E80F00B8F1020FAB
:106E14000EDC0B9A5946504615F04EFD059B1D1D80
:106E24009BE80F0085E80F0008F10103594A13603D
:106E3400F9F7B0FF002301930A9B0093099B089A7A
:106E4400079906980CF03EF942F20F739C424CD914
:106E540008F10108049B10330493059B1033059338
:106E6400B8F1050F57D0049B0B939C88A4F108013B
:106E740007911D89A5F10802089204F10800099000
:106E840005F108031E460A934FF4F8430193009654
:106E94000346069E30460CF015F900270197AB1DFA
:106EA4000093A31DAA1FA11F30460CF00BF947F64F
:106EB400FF7301932B1D0093231D2A1F211F3046AE
:106EC4000CF000F90197AB1C0093A31CAA1EA11E91
:106ED40030460CF0F7F8039702973C463E463225BD
:106EE40042F2107765E7044681E70024322642F235
:106EF400107505E0304613F0CFFD3234AC42A7D014
:106F04005946504615F05AFC0028F3D10C9B13F057
:106F1400010FEFD19CE7504615F0C1FC42F20F730C
:106F24009C4200D838B1194B00221A60FDF76CF965
:106F340025B0BDE8F08F154B4FF0FF321A6010AB4F
:106F440015490DF1900C41F28A5758684A68A2F528
:106F54009054A04212DB02F5905290420EDC9C68E1
:106F64008A68A2F5AC500A3884420BDB3A44944256
:106F740008DC103310316345E7D1D7E7034B002217
:106F84001A60D3E7014B00221A60CFE7E07617A01E
:106F9400A0280200647617A0502802002DE9F041D1
:106FA400FFF762FE29274FF48065234E14242946F7
:106FB40030460BF032F83A46214630460AF084FE59
:106FC4000134B4F58A7FF2D105F58065ADB201379D
:106FD400482FEBD149272025174E14242946304643
:106FE4000BF01BF83A46214630460AF06DFE013498
:106FF400B4F58A7FF2D12035ADB20137682FECD1D8
:1070040069264FF001080C4D14241FFA88F73946FD
:1070140028460BF002F83246214628460AF054FE70
:107024000134B4F58A7FF2D108F101080136B8F1D0
:10703400200FE9D1BDE8F081E87617A010B58AB039
:1070440009AA002115F0E9F8104C4FF4F84307930E
:107054000023069347F6FF7205920222049240F23F
:10706400DF12039240F21F32029201930093099BB4
:107074004FF4F0724FF4487120460AF093FF04492C
:1070840020460BF0C0FA0AB010BD00BFE87617A086
:10709400A4140400F0B587B006460F461446154BF9
:1070A4004FF0FF321A6000252A4601A9204613F04A
:1070B4006EFE0028F8D005AA0021304615F0ADF880
:1070C4000D4B00221A803046FFF7A0FD3946059883
:1070D400FFF744FE3046FFF7C7FD00252A4601A905
:1070E400204613F054FE0028F8D0024B00221A6008
:1070F40007B0F0BDDC7617A0D47617A030B587B002
:107104002F4A0421012013F08BFD08B107B030BDD4
:1071140002AA1021012013F083FD38B1294B00226B
:107124001A60274B186813F09DFDEFE702AA05A922
:10713400254815F0EFFB18B1029813F093FDEDE725
:1071440004A9224815F045F820B10299059815F0D4
:107154004EFCF1E703AA0021049815F05EF8FFF74E
:10716400B5FD184B4FF0FF321A60154D144604E07C
:10717400029A05990498FFF78DFF224601A9286811
:1071840013F005FE019B002BDFD0023B032BF4D848
:1071940001A252F823F000BFAD7100007571000028
:1071A400B5710000BD7100000498FFF7F7FEE4E735
:1071B4000498FFF72BFDE0E70498FFF73FFFDCE7B7
:1071C400D87617A0E47617A0C4000200D00002000D
:1071D40030B583B00190104B4FF0FF321A600F4B63
:1071E4001B683BB90A250D4C284613F055FC23684F
:1071F400002BF9D0094B186808B903B030BD4FF023
:10720400FF3201A9064B186813F067FDB0FA80F04D
:1072140040094042F1E700BFA87517A0E47617A023
:10722400D87617A008B56022014917F06BFA08BD9B
:10723400E87617A083694FF0FF329A60704783693C
:107244000122C3F80422C3F810224FF0FF32C3F81E
:107254001422704783690222C3F804220122C3F86E
:1072640010224FF0FF32C3F81422704783690322BF
:10727400C3F804220122C3F810224FF0FF32C3F8EE
:107284001422704783690422C3F804220022C3F83D
:1072940010224FF0FF32C3F814227047836905228D
:1072A400C3F804220022C3F810224FF0FF32C3F8BF
:1072B4001422704783690622C3F804220022C3F80B
:1072C40010224FF0FF32C3F81422704710B582B079
:1072D4008469D4F810327BB3684615F0D9F9A8B99B
:1072E4009DF804209DF80510BDF80600D4F804327A
:1072F400022B0DD0032B19D0012B04D1013A08BF66
:107304000C228DF80420684615F0D6F902B010BDA1
:107314001F4B134413F8013C10F0030F08BF1D2347
:10732400013918BF0B468DF80530ECE70028EAD088
:107334000138ADF80600E6E7684615F0A9F900281B
:10734400E4D19DF800009DF801109DF80220D4F8C6
:107354000432052B0DD0062B12D0042B05D1013895
:10736400172828BF17208DF80000684615F0A4F9E7
:10737400CCE701393B2928BF3B218DF80110F4E704
:10738400013A3B2A28BF3B228DF80220EDE700BFDB
:10739400F028020030B583B08569D5F810428CB36B
:1073A400684615F075F9B0B99DF804109DF80520EC
:1073B400BDF80600D5F80432022B0ED0032B1DD0E5
:1073C400012B05D101310C2998BF0B468DF80430EF
:1073D400684615F071F903B030BD204B0B4413F827
:1073E400013C10F0030F02D1022908BF1D23013212
:1073F4009A4288BF01228DF80520E9E70130ADF8F3
:107404000600E5E7684615F043F90028E3D19DF846
:1074140000009DF801109DF80220D5F80432052BD8
:107424000DD0062B12D0042B05D1431C172818BFEE
:107434001C468DF80040684615F03EF9CBE74B1C1E
:107444003B2918BF1C468DF80140F4E7531C3B2A26
:1074540018BF1C468DF80240EDE700BFF02802007B
:107464002DE9F04385B006460D461746984600F1CF
:107474000C04002120460AF0D2FD002120460AF027
:10748400CCFD002120460AF0CDFD6A88298801320E
:10749400013120460AF04AFF414620460AF0BDFD6C
:1074A400397820292ED102AA03A920460AF057FFD1
:1074B400B5F80090B6F80A329944039B4B4525DB96
:1074C4006A882B880133B6F80A120132194420461F
:1074D4000AF02CFF414620460AF09FFD79782029C6
:1074E40024D102AA03A920460AF039FF2D88B6F850
:1074F4000A3205EB4305023D039BAB421ADB05B0A0
:10750400BDE8F08320460AF082FFCCE70021204644
:107514000AF083FD029AB6F80C321344013B00933F
:107524004B46039920460AF0E4FCC9E720460AF0DA
:107534006EFFD6E7002120460AF06FFD029AB6F8E6
:107544000C321344013B00932B46039920460AF066
:10755400D0FCD4E730B585B0044601A815F098F8FE
:10756400002840F0CD8004F10C05674928460BF053
:107574004AF8002128460BF0B2F847F6E071284695
:107584000AF04BFD9DF80820604903A816F0E6FFB9
:10759400D4F80432012B47F6E07308BF4FF4787334
:1075A40003AA04F5D6712046FFF75AFF47F6E071A7
:1075B40028460AF032FDB4F8E631B4F8E421013388
:1075C4000132534928460AF0E3FF9DF809204F4948
:1075D40003A816F0C3FFD4F80432022B47F6E07375
:1075E40008BF4FF4787303AA04F5DA712046FFF755
:1075F40037FF47F6E07128460AF00FFDB4F8EE3184
:10760400B4F8EC2101330132414928460AF0C0FFA5
:10761400BDF80A203F4BA3FB02135B09642101FB65
:10762400132292B23C4903A816F098FFD4F804320E
:10763400032B47F6E07308BF4FF4787303AA04F5ED
:10764400DE712046FFF70CFF9DF804202F4903A8A4
:1076540016F084FFD4F80432042B47F6E07308BF15
:107664004FF4787303AA04F5E2712046FFF7F8FE9D
:1076740047F6E07128460AF0D0FCB4F8F631B4F8C5
:10768400F42101330132254928460AF081FF9DF88F
:107694000520214903A816F061FFD4F80432052B14
:1076A40047F6E07308BF4FF4787303AA04F5E67154
:1076B4002046FFF7D5FE47F6E07128460AF0ADFCF8
:1076C400B4F8FE31B4F8FC210133013213492846E1
:1076D4000AF05EFF9DF806200F4903A816F03EFF4E
:1076E400D4F80432062B47F6E07308BF4FF47873DE
:1076F40003AA04F5EA712046FFF7B2FE05B030BDD7
:107704000023019302932EE76C7E03008815020088
:107714008C1502001F85EB5190150200981502008C
:107724002DE9F04F99B0054600F16C0309930BF075
:107734007FFC2F4617AA002157F80C0B14F06DFD9F
:107744004FF4F84307930024069447F6E078CDF805
:1077540014800226049640F2DF13039340F21F3391
:10776400029301940094179B4FF4F0724FF4487104
:1077740038460AF017FCDA4938460AF044FF38461E
:107784000AF043FFA5F808021F22D64938460AF03A
:107794004FFF414638460AF040FC214638460AF07D
:1077A4003EFCADF85440ADF85640AB6AADF85830E5
:1077B400EB6AADF85A30082115A80BF0F9FDB5F8BD
:1077C400082246320FAC334692B2214615A80BF07C
:1077D4001BFE0BAB94E8030083E80300D5F81432D6
:1077E400002B40F0BA81099C01210FA80BF0E0FDA9
:1077F400BDF83C3023807F33A380BDF83E306380E6
:107804003F33E380B84BA360B84BE360B84B2361CC
:10781400A5610026E661A682314638460AF05FFF7C
:10782400314638460AF0FEFB012138460AF057FF7C
:10783400B04938460AF0E7FE312138460AF0E9FE3D
:107844000230A5F80A022F2138460AF0E2FE013080
:10785400A5F80E0238460AF0D8FE80B2A5F80C024C
:10786400B5F80A8208EB4808B5F80E32984408F1D6
:1078740004084FEA4808420005F5EE7A0C3292B249
:10788400514615A80BF02CFE0DF14C099AE80300A3
:1078940089E8030008F1040292B2514648460BF00D
:1078A4003FFE9AE8030089E80300B5F80C2204328D
:1078B400022392B20DA948460BF084FDB5F80A22C2
:1078C400520092B205F5D67A042351460DA80BF066
:1078D400BDFD3346B5F80E2205F5F2710DA80BF087
:1078E400B5FD0DF144089AE8030088E80300BDF8EB
:1078F40044302384BDF846306384BDF84830A38403
:10790400BDF84A30E384DFF8F0A1C4F828A07B4B2B
:10791400E3622663A563E663A686B5F80A225200ED
:1079240092B205F5DA7B042359460DA80BF08EFDBF
:107934003346B5F80E2205F5F6710DA80BF086FD59
:107944009BE8030088E80300BDF84430A4F8403005
:10795400BDF84630A4F84230BDF84830A4F84430AD
:10796400BDF84A30A4F84630C4F848A0644BE36438
:107974002665A565E665A4F85460B5F80A225200A8
:1079840092B205F5DE7B334659460DA80BF05EFD39
:107994009BE8030088E80300BDF84430A4F8603095
:1079A400BDF84630A4F86230BDF84830A4F864301D
:1079B400BDF84A30A4F86630C4F868A0514BE366B9
:1079C4002667A567E667A4F87460B5F80C2204324C
:1079D400334692B20DA948460BF0F4FCB5F80A22DE
:1079E400520092B205F5E279042349460DA80BF042
:1079F4002DFD3346B5F80E2205F5FA710DA80BF0EE
:107A040025FD99E8030088E80300BDF84430A4F894
:107A14008030BDF84630A4F88230BDF84830A4F870
:107A24008430BDF84A30A4F88630C4F888A0364BB8
:107A3400C4F88C30C4F89060C4F89850C4F89C60C2
:107A4400A4F89460B5F80A22520092B205F5E679DA
:107A5400042349460DA80BF0F9FC3346B5F80E2271
:107A640005F5FE710DA80BF0F1FC99E8030088E818
:107A74000300BDF84430A4F8A030BDF84630A4F8A3
:107A8400A230BDF84830A4F8A430BDF84A30A4F8B8
:107A9400A630C4F8A8A01D4BC4F8AC30C4F8B0603C
:107AA400C4F8B850C4F8BC60A4F8B460B5F80A22AD
:107AB400520092B205F5EA79334649460DA80BF017
:107AC400C5FC99E8030088E80300BDF84430A4F835
:107AD400C030BDF84630A4F8C230BDF8483017E0D5
:107AE400A41404009C150200B000020039720000C6
:107AF400DC2E03006C7E03003C1F02004372000076
:107B0400597200007172000089720000A1720000B5
:107B1400A4F8C430BDF84A30A4F8C630C4F8C8A0EC
:107B2400374BC4F8CC30C4F8D060C4F8D850C4F88B
:107B3400DC60A4F8D460C4F8E860324938460AF03E
:107B440062FD099938460AF0ACFF2846FFF702FDAA
:107B54000BF082FA19B0BDE8F08F4FF481720DA9D1
:107B64000BA80BF0DDFC3346802211A90DA80BF005
:107B74006DFCBDF84430A5F86C30BDF84630A5F86E
:107B84006E30BDF84830A5F87030BDF84A30A5F81D
:107B94007230DFF87480C5F874801C4BAB671C4BE3
:107BA400EB67C5F884500024C5F888400126A5F881
:107BB40080602346802211A90DA80BF047FCBDF874
:107BC4004430A5F88C30BDF84630A5F88E30BDF8A9
:107BD4004830A5F89030BDF84A30A5F89230C5F881
:107BE40094800C4BC5F898300B4BC5F89C30C5F805
:107BF400A450C5F8A840A5F8A06005F1AC04F3E5CD
:107C0400B9720000A41404003C1F02009973000020
:107C140070E30200D172000044D802002DE9F04163
:107C240082B013F003F904464FF4067014F0A0FC7C
:107C3400384B186080B14FF40672002116F08BFDAA
:107C4400354A1021012012F0EBFF40B1314C20687D
:107C540014F096FC0023236002B0BDE8F0812E4AA4
:107C640001A92E4814F056FE20B12B4B186812F0CF
:107C7400F9FFEBE7274B1968294814F0AAFA28B151
:107C8400254B1968019814F0B2FEEEE7214D2868DF
:107C9400FFF746FD28688668002E36D1DFF8788025
:107CA4004FF4FA7718E0204613F0CEF840F6B733D5
:107CB400984206D9174B1B680022C3F81422C3F854
:107CC40004222868D0F81432B34218D12868FFF788
:107CD40041FC28688368C3B93B46D8F8002000F10A
:107CE4006C010C300BF0D4F82B68D3F81432002B51
:107CF400E7D00028D7D013F099F80446E1E7FFF75E
:107D04000FFD2B68D3F81462E0E7006814F078FAEA
:107D1400B6E700BF4C7717A0487717A0C40002004D
:107D2400D000020070B540F20D1013F021FE0021C6
:107D340040F20D1013F040FE142440F20D163225CB
:107D4400304613F0FDFD284612F0A6FE304613F02F
:107D540003FE284612F0A0FE013CF1D140F20D15BD
:107D6400FA24284613F0ECFD204612F095FE28462E
:107D740013F0F2FD204612F08FFEF2E700B583B057
:107D8400064B0193032300930023802204490548F2
:107D940013F09CF8002003B05DF804FB507717A0A3
:107DA400C0150200297D000000B583B000210191B7
:107DB4003020FEF75DFE124816F0B4FBFCF746FADD
:107DC40080B9104813F040FBA0B9FFF7D7FF0E4865
:107DD40006F040F8FEF72EFE00F0FEF8002003B097
:107DE4005DF804FB094816F09DFBFCF74DFAFCF71F
:107DF4000BFAE6E7064A002101A80CF021FAE4E7B1
:107E0400C8150200F015020000160200E015020079
:107E1400FC15020008B500F0EDFE00F08DFB00F04B
:107E2400A9FC50B100F05EFE00F078FC002000F0E8
:107E340039FD012000F05CFD08BD00F0B7FC002016
:107E440000F030FDF5E7000000B583B000F00CFF52
:107E540000F06AFEFFF7DEFF0022114601200BF05E
:107E6400ABFB084B01930323009300234FF42062E0
:107E74000549064813F02AF800F0D8FB002003B0A7
:107E84005DF804FB4C7817A008160200AD7D0000D5
:107E940000B583B000F02EFC01A9094814F0CAFD16
:107EA400019814F0E2FD6421019814F0D0FD0198CA
:107EB40014F0E8FD019814F0F2FD03B05DF804FB42
:107EC4001016020010B500231C781A4601331278EC
:107ED4001444B3F5002FF8D1012012F0DDFD4FF06A
:107EE4000043187820441A4601331278104413F1E1
:107EF400FF4FF8D110BD000008B5FFF7E3FF034BB7
:107F04001860034B4FF0FF321A6008BD587717A072
:107F1400547717A030B58BB00023284A136001931F
:107F24000322009280222649264812F0CFFF09A995
:107F3400254814F04EF908B10BB030BD08AA002151
:107F4400099814F06AF9214D4FF4F843079300247B
:107F5400069405940223049340F2DF13039340F242
:107F64001F33029301940094089B4FF4F0724FF472
:107F7400487128460AF016F8154928460AF043FBCA
:107F8400B5224FF4917113480AF09EFF0125214652
:107F9400099814F07AF9284612F07EFD0134FF2C7A
:107FA400F5D1064B1B68002BC6D10A25034C284685
:107FB40012F072FD2368002BF9D0BDE7547717A0A7
:107FC4001C160200FD7E0000D00002005C7717A0A2
:107FD400A4140400FC28020000B585B003A92848B5
:107FE40014F0F7F810B105B05DF804FB02AA002103
:107FF400039814F012F9FFF78DFF642140F20B206F
:10800400F8F7A2FE642140F29320F8F79DFE642164
:1080140040F20F30F8F798FE642140F21640F8F76A
:1080240093FE642140F20F30F8F78EFE642140F293
:108034009320F8F789FE642140F20B20F8F784FEC0
:10804400F9F766FCF9F728FC4FF0FF313120FEF711
:108054000FFD80B14FF4F07300934FF44873762210
:10806400DC2108480BF0D6FA0748F8F7F7FD039827
:1080740014F0C6F8B7E74FF47A7012F00DFDE9E793
:10808400D0000200FC2802008C73030030B585B0D8
:1080940004468DF80F000BF039FCA0B105460A2CFC
:1080A4000DD04FF47A730093002301220DF10F01D8
:1080B400284614F081FA9DF80F0005B030BD0D205C
:1080C400FFF7E4FFEDE74FF0FF30F6E708B5FFF701
:1080D400DDFF08BD012801D00020704710B514460B
:1080E4001B4B186888B359B112F0FBFF194B1B786E
:1080F400012B08D0022B14D0032B1CD000210BE041
:1081040012F0FCFFF2E7D42304FB03F3124981FBD2
:1081140003211944C1F3C7110D4B186812F0FBFF7A
:1081240010BD8C2304FB03F30B4981FB0321194489
:10813400C1F3C711F0E78C2303FB04F2064981FB6A
:1081440002311144C1F3C711E6E70020E8E700BF9C
:10815400487817A0447817A08180808008B5024829
:108164000EF04EFA08BD00BFA474030010B58AB027
:10817400EC46084C0FCCACE80F000FCCACE80F0079
:1081840094E803008CE8030068460CF0E7FA0AB0B0
:1081940010BD00BFE874030010B588B00DF1040CE5
:1081A400064C0FCCACE80F0094E807008CE80700FD
:1081B40001A80DF003FF08B010BD00BF1075030047
:1081C400064B5A6B22F018025A63DA6B42F40052DF
:1081D400DA631A6A42F400521A6270470080092076
:1081E4007047704708B50DF0E9F908BD7047000005
:1081F4004FF0080383F31188BFF36F8FBFF34F8FE2
:10820400114B5A6B22F018025A631A6A42F4005254
:108214001A621A460021936B43F4005393630B4B89
:1082240000BF013BFCD1D36B43F40053D363074B32
:1082340000BF013BFCD101318842ECD8044B00BFA4
:10824400013BFCD1E6E700BF00800920C0E1E40067
:1082540000B4C40408B50B4B1B6803B108BD094B3B
:108264004FF0FF321A600CF053FF40F2035140F21A
:1082740002500DF049F904480022014602F00EFBB9
:10828400ECE700BF407817A04411020008B50B4B7F
:108294001B6803B108BD094B4FF0FF321A600CF0A4
:1082A400DDFE40F20F2140F20E200DF059F9044892
:1082B4000022014602F0F2FAECE700BF3C7817A076
:1082C4006811020008B5084B1B6803B108BD064BD2
:1082D4004FF0FF321A60FFF7D9FF492203490448DF
:1082E40004F010F8F2E700BF387817A06811020014
:1082F400D805020010B58AB00F238DF802301B4B4D
:108304001B680BB10AB010BD4FF0FF34174B1C6053
:10831400FFF7BCFF09A9164813F0D8FC18238DF801
:1083240004304FF4C873ADF806300DF10203029324
:1083340001238DF80C3004940DF1030205928DF89D
:108344001830079401A9099813F0D5FC18B99DF8C1
:108354000330332B05D01D220549064800F0EAFD01
:10836400D0E70349034800F01DFFCBE7347817A09A
:1083740068110200D400020008B5074B1B6803B162
:1083840008BD054B4FF0FF321A600CF081FC034826
:10839400014602F017F9F3E7307817A0E01602005F
:1083A40008B5074B1B6803B108BD054B4FF0FF32FE
:1083B4001A600CF083FC0348014602F003F9F3E76A
:1083C4002C7817A0E816020030B585B004460D4697
:1083D4000CF008FE4FF6FF72039202920192009293
:1083E400134610210F200EF0FFFC04482B462246B2
:1083F400014603F0AFFE05B030BD00BFF816020021
:108404000E4B1B6803B1704710B582B00B4B4FF095
:10841400FF341C600A4C13460A460146204603F00A
:1084240099FE01A9204614F0B0F801980BF062FA05
:1084340001980BF065FA02B010BD00BF287817A0B0
:108444007412020038B504460D460CF0CBFD03212E
:1084540002200EF0A3FC2A4621460248FFF7D0FF73
:1084640038BD00BFF016020008B50C4B1B6803B101
:1084740008BD0A4B4FF0FF321A600CF0EFFD4FF6C7
:10848400FF7340F21B2240F21A2140F216200EF034
:10849400C7FF0348014603F0E5FEE9E7247817A087
:1084A4000017020008B5074B1B6803B108BD054B54
:1084B4004FF0FF321A600BF0E1FF0348014600F071
:1084C400CDFEF3E7207817A09008020008B5074B0B
:1084D4001B6803B108BD054B4FF0FF321A6017202B
:1084E4000BF0E2FFFFF7DEFFF4E700BF1C7817A0F4
:1084F40008B5074B1B6803B108BD054B4FF0FF32AD
:108504001A6018200BF0E8FFFFF7CCFFF4E700BF78
:10851400187817A008B5074B1B6803B108BD054BB5
:108524004FF0FF321A6019200BF0EEFFFFF7BAFF8D
:10853400F4E700BF147817A008B5084B1B6803B113
:1085440008BD064B4FF0FF321A601A200CF0E8F811
:108554000348014601F09AFBF2E700BF107817A028
:108564000817020008B5074B1B6803B108BD054B8B
:108574004FF0FF321A604FF00041034801F05EFFF4
:10858400F4E700BF0C7817A0B007020010B588B05C
:108594000DF1040C114C0FCCACE80F0094E807006B
:1085A4008CE807000E4B1B680BB108B010BD0C4BD8
:1085B4004FF0FF321A604FF481700DF089FE0CF019
:1085C40089FD40F21F4013F057FA40F21F4013F0A8
:1085D400CFF901A9034801F01FFAE6E72C7503005F
:1085E400087817A01017020000B585B00C4B0FCB0C
:1085F4000DF1100C0CE90F000A4B1B6813B105B008
:108604005DF804FB074B4FF0FF321A6040F2012083
:108614000DF08AFE6946044803F0B8FFEFE700BF97
:1086240048750300007817A00801020008B5084B3C
:108634001B6803B108BD4FF0FF30054B18600021E3
:108644000DF062FF0348014603F024FCF2E700BF8B
:10865400FC7717A07014020000B585B000230093C6
:1086640001238DF804308DF8053040F2D973ADF84C
:108674000630FFF7DBFF114815F054FF03A910483B
:1086840012F018FF02A9039812F000FF0298036881
:108694009B6969469847172807D050B10146094895
:1086A40015F020FF05B05DF804FB074815F03AFF0C
:1086B400F8E7064815F036FFF4E700BF1C17020080
:1086C4007014020060170200301702008C170200B9
:1086D40008B5064B1B6803B108BD044B4FF0FF32CD
:1086E4001A60034801F036FCF6E700BFF87717A0DC
:1086F4009806020008B5074B1B6803B108BD054B7B
:108704004FF0FF321A6010F05FFA0348014605F09B
:108714000DFAF3E7F47717A01016020010B58AB02B
:10872400EC46104C0FCCACE80F000FCCACE80F00BB
:1087340094E803004CF8040BACF800100A4B1B68D7
:108744000BB10AB010BD084B4FF0FF321A606846F7
:108754000FF074FF0549064805F016F90CF0BAFC51
:10876400EFE700BF64750300F07717A01808020054
:108774001C1A020010B50C2013F07EF90C2013F023
:10878400DFF80C2013F0F4F81C2013F0FDF800219E
:108794001C2013F011F91C2013F058F9044608B1F9
:1087A400204610BD0C2013F0D7F8F9E710B58AB0B5
:1087B400EC46114C0FCCACE80F000FCCACE80F002A
:1087C40094E803004CF8040BACF800100B4B1B6846
:1087D4000BB10AB010BD094B4FF0FF321A60684666
:1087E4000FF0C8FF0649074805F0CEF802214FF400
:1087F4008F7013F0E1F8ECE78C750300EC7717A0A9
:10880400680802001C1A02000C4B1B6803B1704775
:1088140010B582B0094B4FF0FF321A60084C204665
:1088240009F0E6F901A9204612F044FE12F0B6FE62
:108834000449019812F0C0FE02B010BDE87717A0F9
:10884400941702008C15020008B5064B1B6803B18F
:1088540008BD044B4FF0FF321A600349034803F08C
:10886400BFFAF5E7E47717A01C1A02009C17020070
:1088740008B5094B1B6803B108BD074B4FF0FF3225
:108884001A60FFF7F1FD0CF0E9FB40F215220349F1
:10889400034802F0BDFEEFE7E07717A000170200DF
:1088A400FC1502000E4B1B6803B1704710B582B073
:1088B40004460B4B4FF0FF321A60FFF7C5FFFFF77A
:1088C400A3FF01A9074812F0F5FD6946019812F0CB
:1088D400DDFD0099204606F0BBF902B010BD00BFD3
:1088E400DC7717A09C17020000487047C0E1E40041
:1088F4000E4B1B6803B1704710B582B004460B4B96
:108904004FF0FF321A60FFF7B3FFFFF77DFF01A9B5
:10891400074812F0CFFD6946019812F0B7FD00999F
:10892400204606F095F902B010BD00BFD87717A015
:10893400FC15020030B58DB01C238DF80B302A4B8A
:108944001B680BB10DB030BD274B4FF0FF321A60DE
:10895400FFF79CFC0BA9254813F0B8F97C238DF88C
:108964000C304FF4C873ADF80E300DF10B030493C3
:1089740001238DF8143064230693002307938DF8A4
:108984002030099303A90B9813F0B5F990B9184D49
:108994001F221649284600F045FF164C214628465A
:1089A40012F07BFB8C21206812F0B5FB0322124BE2
:1089B4001A70C7E70CF016FB0D4D402300934FF6D9
:1089C400FF7340F2052240F20321284600F0EAFD3D
:1089D400084C2146284612F060FBD421206812F08E
:1089E4009AFB0122E3E700BFD47717A068110200C5
:1089F400A0170200487817A0447817A008B50D4BBB
:108A04001B6803B108BD0B4B4FF0FF321A60FFF730
:108A140091FF0949012012F06DFC002012F00CFCBA
:108A2400C021002012F0B2FBC021012012F0AEFBE5
:108A3400E8E700BFD07717A0D980000008B5FFF79A
:108A4400D3FDFFF7DBFF08BD08B5074B1B6803B177
:108A540008BD054B4FF0FF321A600BF001FE0348CE
:108A6400014601F089F8F3E7CC7717A0A8170200B4
:108A740010B58EB00DF1040C174C0FCCACE80F0000
:108A84000FCCACE80F0094E80F008CE80F00134BF8
:108A94001B680BB10EB010BD104B4FF0FF321A60C3
:108AA4000CF0A0FA0CF0BCFA0CF0D8FAFFF70EFDAB
:108AB400FFF71EFD0A4C01A9204604F0B5F80DA9E4
:108AC400204612F0F7FC4FF4C0424FF400510D98C9
:108AD40013F0A0FFDEE700BFC4750300C87717A03A
:108AE400C400020000B585B001AB0B4A07CA03C33A
:108AF4001A800A4B1B6813B105B05DF804FB074BE1
:108B04004FF0FF321A6001A80FF008F90449054834
:108B140004F0DAFBF0E700BFF4750300C47717A094
:108B2400C0170200F015020008B5084B1B6803B11A
:108B340008BD064B4FF0FF321A6005480EF0F6FDF3
:108B44000448014603F0A6FCF2E700BFC07717A073
:108B540098740300D417020030B597B048221E4918
:108B640004A815F0CFFD1D4B1B680BB117B030BD29
:108B74001A4B4FF0FF321A600CF052FA0CF06EFAF6
:108B84000CF0A8FAFFF7D0FF04A80DF0CDF8FFF71A
:108B9400FDFC134C02AB002212494969204612F035
:108BA4000FFC03A9104812F02FFA01A90F4812F084
:108BB40081FC6946019812F069FC029803689D697A
:108BC400009B0B4A12680399A8474FF6FF7211469F
:108BD400204602F047F8C9E724760300047817A07A
:108BE400D000020008000010DC1702001017020079
:108BF4000400001008B5084B1B6803B108BD064B00
:108C04004FF0FF321A6005480EF0CEFD04480146CD
:108C140003F040FCF2E700BFBC7717A08C7403009C
:108C240000160200BFF34F8F0549CA6802F4E062E0
:108C3400044B1343CB60BFF34F8F00BFFDE700BF6E
:108C440000ED00E00400FA0508B50CF0CBF90CF0D7
:108C5400E7F90CF003FA0CF01FFA0CF03BFA0CF0F5
:108C640057FAFFF7F1FE08BD08B5FFF7EDFF8021C5
:108C74000846FFF7E7FB80210846FFF7A5FBFFF74F
:108C84006BFFFFF7E7FAFFF701FBFFF71BFBFFF7AB
:108C940073FBFFF785FBFFF7E7FBFFF717FCFFF715
:108CA40027FCFFF737FCFFF747FCFFF75BFCFFF7F8
:108CB4000FFDFFF71FFBFFF7CFFCFFF7D9FEFFF710
:108CC400BDFE08BD4FF4F07070474FF44870704714
:108CD400024B1A681178117018687047040000106C
:108CE400024B1B68024A02FB00307047040000106C
:108CF40000B80B004FF4E1307047000000487047A3
:108D0400000E270700487047008793030148024B71
:108D1400C01A7047000080A0989117A0014B1861F9
:108D2400704700BF00800820890001F47871C2F305
:108D3400C4021143C00100F4F8400843704708B569
:108D440012F010FBFEE77047004870478C9117A0A3
:108D5400704770470720704700230B604B608B609F
:108D64000720704710B50446043011F0A3FE002319
:108D7400E360236163611D23237610BD2DE9F04375
:108D840093B005460F4600230B604B608B60114681
:108D9400406811F0F7FE044618B1204613B0BDE850
:108DA400F08312F043F806464FF020094FF0CC0848
:108DB40002E0012011F070FE304612F045F8092857
:108DC4006ED84A4641460AA815F0C5FC00238DF822
:108DD40007302B7E8DF808300DF107030393012231
:108DE4008DF81020642305930DF1310106918DF85F
:108DF4001C2008934FF4C873ADF80A30A8680368C0
:108E04001B6902A9984704460028D2D19DF8314035
:108E140014F00104CDD000238DF807302B7E8DF89B
:108E240008300DF10703039301238DF810306423F8
:108E340005930AAA069209228DF81C2008934FF480
:108E4400C873ADF80A30A86803681B6902A998477B
:108E540004460028ADD19DF929209DF8283043EA25
:108E6400022343F309039B023B609DF92B209DF8E9
:108E74002A3043EA022343F309039B027B609DF9F2
:108E84002D209DF82C3043EA022343F309039B026F
:108E9400BB6005F10C0397E8070083E8070005E0D1
:108EA40005F10C0393E8070087E80700686811F0F0
:108EB40083FE72E7F0B591B005460F46944609ACBF
:108EC4001B4E0FCE0FC496E8070003C4228085F81A
:108ED40018C0AF608DF804C002238DF80C304FF435
:108EE4007A730493002305938DF8183007934FF495
:108EF400C873ADF806309DF82420B2B1002423468F
:108F040009AA02EB43030293A86803681B6901A939
:108F14009847024648B90134E4B2234610AA02EB4A
:108F2400440212F81C2C002AEAD1104611B0F0BDFC
:108F34008876030030B585B00D46144603AB002295
:108F4400084912F03DFA02A9284612F0B3FA01A921
:108F5400029812F09BFA224601990398FFF7AAFFA0
:108F640005B030BD6C7603002DE9F0478CB0149D3C
:108F74008DF807204BB380460C46CF184FF0180AE3
:108F84000DF1070901268DF810A0CDF814908DF885
:108F9400186007950DF10F0308938DF824600A9566
:108FA4004FF4C873ADF81230D8F8080003681B6991
:108FB40004A998479DF80F3004F8013B9DF8073049
:108FC40001338DF80730BC42DDD100200CB0BDE880
:108FD400F0870720704710B50446043011F06AFD8D
:108FE4000023E3602361636110BD00002DE9F041BB
:108FF40082B005460C46164600230B604B608B601E
:109004001146406811F0BEFD074618B1384602B05B
:10901400BDE8F081DFF894804FF0CC33C8F800301D
:10902400C8F80430C8F80830C8F80C30A8F8103074
:1090340000960723272241462846FFF795FF074657
:1090440098F8003013F0080F2CD005F1180394E8B9
:10905400070083E8070098F9020098F8013043EA12
:10906400002013F01BFF4FF0625114F0E8F8206069
:1090740098F9040098F8033043EA002013F00EFF37
:109084004FF0625114F0DBF8606098F9060098F82C
:10909400053043EA002013F001FF4FF0625114F051
:1090A400CEF8A060686811F087FDAFE7507817A08C
:1090B4002DE9F04182B005460C46164600230B60AC
:1090C4004B608B601146406811F05CFD074618B197
:1090D400384602B0BDE8F081DFF878804FF0CC3339
:1090E400C8F80030C8F80430C8F80830C8F80C30A4
:1090F400A8F8103000960723272241462846FFF798
:1091040033FF074698F8003013F0080F1DD005F11F
:109114000C0394E8070083E8070098F9021098F814
:10912400012042EA01229200226098F9041098F882
:10913400032042EA01229200626098F9062098F81E
:10914400053043EA02239B00A360686811F034FDF4
:10915400BEE700BF647817A000B58BB0844608460C
:109164008DF804208DF80530CCF8081018238DF8FC
:10917400083001AB039302238DF810304FF0FF3316
:109184000593002306938DF81C3008934FF4C8739D
:10919400ADF80A300B681B6902A998470BB05DF85B
:1091A40004FB000010B584B00C4603AB002209494F
:1091B40012F006F902A9204612F07CF901A90298DE
:1091C40012F064F99723202201990398FFF7C4FF52
:1091D40004B010BDA476030038B50446043011F081
:1091E40069FC054608B1284638BD04F10C0011F0AD
:1091F40061FC05460021E06811F0C4FCF3E708B502
:10920400C06811F0F4FC08BD38B504460D464FF4AF
:10921400FA71406811F0B6FCA06803685B692946DE
:10922400984705464FF4FA71E06811F0ABFC6068AA
:1092340011F0C2FC284638BD10B50446084604F1B6
:10924400080111F0E1FE28B9A06803681B69024A0D
:109254002146984710BD00BFD476030010B582B0F4
:109264000C4601AB0022044912F0AAF821460198E9
:10927400FFF7E2FF02B010BDC0760300007B704729
:109284002DE9F047044688464FF0FF31406811F05D
:1092940079FCE77FA37FDB1B257B03FB05F5434AB2
:1092A40082FB05012944ED17C5EBE115EDB284F805
:1092B4000C8003FB08F382FB03121A44DE17C6EB8F
:1092C400E216F6B20021208B12F076FBB5425ED096
:1092D4003D44EDB23744FFB2BD4205D24FF6FF79AB
:1092E40001264FF0020A1BE0BD424ED94FF6FF792A
:1092F40001264FF0020A36E012F022FB19E0208B1F
:1093040012F042FB208B12F027FB5146208B12F007
:1093140047FB304611F0C0FB0135EDB2AF4234D00B
:10932400208B12F00DFB208B12F022FBA08B484502
:10933400E2D1304611F0B0FBA08B4845DFD012F0EB
:109344000BFBDCE712F0FCFA16E0208B12F01CFB9E
:109354005146208B12F024FB304611F09DFB013D59
:10936400EDB2AF4211D0208B12F0F6FA208B12F03E
:10937400FFFAA08B4845E5D1304611F08DFBA08B58
:109384004845E2D012F0E8FADFE784F80C80A08BBD
:109394004FF6FF73984205D1606811F00DFC002070
:1093A400BDE8F08712F0D8FAF6E700BF818080802C
:1093B40010B504464FF0FF31406811F0E3FB236918
:1093C40023B1606811F0F8FB002010BD4FF0FF33AB
:1093D40023610021608B12F0EFFA608B12F0B0FA77
:1093E400EFE710B504464FF0FF31406811F0CAFBB7
:1093F400236923B9606811F0DFFB002010BD002150
:109404002161608B12F0D8FA608B12F0A5FAF1E7B3
:109414002DE9F84304464FF0FF31406811F0B2FBE8
:10942400A3680133A360636953B1A08B4FF6FF7344
:1094340098427FD1606811F0BFFB0020BDE8F8833B
:10944400E17FA37F5B1A227B02FB03F33B4A82FB8F
:1094540003021A44DB17C3EBE21319445FFA81F9E0
:109464004FF0FF336361608B12F082FA0021608B4E
:1094740012F0A2FA608B12F06FFA208B12F078FAD5
:109484000021208B12F098FA40254FF6FF77012631
:109494004FF0020810E012F053FA16E0208B12F09D
:1094A40073FA4146208B12F07BFA304611F0F4FA3D
:1094B4006B1E13F0FF0511D0208B12F04DFA208B98
:1094C40012F056FAA08BB842E5D1304611F0E4FA16
:1094D400A08BB842E2D012F03FFADFE7B9F1000FF7
:1094E400A3D000254FF6FF7701264FF002080FE0C6
:1094F40012F026FA15E0208B12F046FA4146208B32
:1095040012F04EFA304611F0C7FA01354D458CD0B1
:10951400208B12F015FA208B12F02AFAA08BB84295
:10952400E6D1304611F0B8FAA08BB842E3D012F07D
:1095340013FAE0E712F010FA7CE700BF8180808024
:1095440010B50446436913B18368013B8360A36883
:109554004BB1A08B4FF6FF73984214D1606811F0A1
:109564002BFB002010BD608B12F002FA0021608BEF
:1095740012F022FA608B12F0E3F900236361236195
:1095840020232373E5E712F0E7F9E7E708B50023A2
:1095940083608022027303614361043011F08AFA0C
:1095A40008BD000070B582B00E4615461C4601ABDE
:1095B4000022104911F004FF304612F05DFA019BBD
:1095C4001E83284612F058FA019B5D834FF6FF7301
:1095D4009C420BD1019B9C839DF91820402AA8BF73
:1095E40040229A770022DA7702B070BD204612F04A
:1095F40043FAEFE7D8760300007B704730B587B0B5
:1096040004460D461F4B039300238DF810304FF092
:10961400FF31406811F0B6FA2573A27F637F9B1A6D
:1096240005FB03F1184B83FB01030B44C917C1EB82
:10963400E3115318DBB243F060028DF80F2063F09E
:109644007F038DF8103023692BB1606811F0B4FAF0
:10965400002007B030BD05A904F1180012F036FB54
:109664000028F2D14FF4FA6301930523009303AB6E
:109674004FF4C8727C21059812F06BFB059812F028
:1096840032FBE2E71C2040008180808010B586B068
:109694000446174B039300238DF810304FF0FF312D
:1096A400406811F06FFA60238DF80F3080238DF835
:1096B40010304FF0FF33236105A904F1180012F0B4
:1096C40005FB28B1606811F077FA002006B010BDE0
:1096D4004FF4FA6301930523009303AB4FF4C8726C
:1096E4007C21059812F035FB059812F0FCFAE9E7A5
:1096F4001C20400030B587B004461F4B039300255F
:109704008DF810504FF0FF31406811F03BFAA27F02
:10971400637F9B1A217B01FB03F3184981FB03013F
:109724001944DB17C3EBE1131344DBB243F06002CB
:109734008DF80F2063F07F038DF81030256105A9A3
:1097440004F1180012F0C2FA28B1606811F034FA7A
:10975400002007B030BD4FF4FA6301930523009352
:1097640003AB4FF4C8727C21059812F0F2FA059805
:1097740012F0B9FAE9E700BF1C2040008180808024
:1097840030B587B004461A4B93E8030003908DF874
:1097940010104FF0FF31606811F0F4F9A36833B191
:1097A4000025606811F008FA284607B030BD4FF074
:1097B400FF33636105A904F1180012F087FA18B1A8
:1097C400002500232373ECE7A3680133A3604FF45F
:1097D400FA6301930523009303AB4FF4C8727C2111
:1097E400059812F0B6FA0546059812F07CFAE8E7F7
:1097F4004C18020008B5436913B18368013B8360C8
:10980400836803B94361406811F0D6F9002008BDAC
:1098140008B500238360037303614361043011F0CE
:1098240049F908BD70B582B00E46144601AB00225A
:10983400084911F0C5FD019D314605F1180014F0E9
:10984400BDFF1F2C28BF1F246C770023AB7702B009
:1098540070BD00BF0077030010B582B084468068F5
:1098640002680023019300935469DCF810208A42B3
:1098740028BF0A469CF80D10A04702B010BD08B5D9
:1098840000238360C361036243628362043011F086
:1098940011F908BD38B5836803B304464FF0FF31AE
:1098A400406811F06FF9E1692046FFF7D5FF0546DE
:1098B40050B94FF0FF332362606A28B1E36A43B1C1
:1098C40003685B6AA16A9847606811F075F92846D5
:1098D40038BD03689B6AA16A9847F5E73925F6E71E
:1098E4008368FBB110B504464FF0FF31406811F0B6
:1098F40049F961692046FFF7AFFF48B900232362A5
:10990400606A28B1E36A43B103689B6AA16A984715
:10991400606811F051F9002010BD03685B6AA16A08
:109924009847F5E73920704738B5836833B305465F
:109934000C464FF0FF31406811F024F96869AB69B7
:109944001B1A210A01FB03F30D4A82FB03121A447A
:10995400DC17C4EBE214044421462846FFF77CFFDD
:1099640038B96B699C420CBF00234FF0FF332B6264
:10997400EC61686811F020F9002038BD3920FCE75B
:1099840081808080F0B583B004460D461E46089958
:109994008560027343730161099B43610A9B836180
:1099A4002B681B6928469847034680B92B689B6936
:1099B400314628469847034648B92A68002301934C
:1099C40000935769626931462846B84703461846EA
:1099D40003B0F0BD10B5044608461146606201228A
:1099E4008A40A262E36203685B6B0022C9B29847B3
:1099F400E36A5BB1606A03689B6AA16A9847606A1C
:109A04000368DB69A16A9847002010BD606A036897
:109A14005B6AA16A9847F2E730B587B00C4605AB9C
:109A24000022134911F0CCFC04A9206811F0ECFACF
:109A340023690293E3680193A3680093637922790D
:109A440004990598FFF79EFFA38A4FF6FF7293428D
:109A540000D008B107B030BD059D180A11F044FFCD
:109A64000146A369227D2846FFF7B4FFF2E700BF51
:109A740028770300002070470020704738B504465B
:109A84000D464FF0FF31406811F07CF8A068036880
:109A94001B69294698470546606811F08DF82846E9
:109AA40038BD38B504460D464FF0FF31406811F01B
:109AB40069F8A06803685B692946984705466068A9
:109AC40011F07AF8284638BD38B504460D464FF0F3
:109AD400FF31406811F056F8A06803689B69294675
:109AE40098470546606811F067F8284638BD38B5D0
:109AF40004460D464FF0FF31406811F043F8A0686A
:109B04000368DB69294698470546606811F054F8F4
:109B1400284638BD38B504460D464FF0FF3140683D
:109B240011F030F8A06803685B6A29469847054637
:109B3400606811F041F8284638BD2DE9F04104462B
:109B44000D4616461F464FF0FF31406811F01AF8D3
:109B5400A0680368D3F820803B4632462946C047B4
:109B64000546606811F028F82846BDE8F08108B57C
:109B7400043010F09FFF08BD10B582B00C4601AB55
:109B84000022054911F01CFC01990831204611F00E
:109B94003BFA02B010BD00BF4477030008B504309F
:109BA40010F088FF08BD38B504460D464FF0FF316C
:109BB400406810F0E7FFA06803689B69294698474E
:109BC4000546606810F0F8FF284638BD38B50446ED
:109BD4000D464FF0FF31406810F0D4FFA0680368D1
:109BE400DB69294698470546606810F0E5FF28467A
:109BF40038BD38B504460D464FF0FF31406810F0CB
:109C0400C1FFA06803681B69294698470546606838
:109C140010F0D2FF284638BD38B504460D464FF043
:109C2400FF31406810F0AEFFA06803685B69294605
:109C340098470546606810F0BFFF284638BD38B520
:109C440004460D464FF0FF31406810F09BFFA068BA
:109C540003681B6A294698470546606810F0ACFF04
:109C6400284638BD38B504460D464FF0FF314068EC
:109C740010F088FFA06803685B6A29469847054688
:109C8400606810F099FF284638BD000010B582B016
:109C94000C4601AB0022054911F092FB01990831F1
:109CA400204611F0B1F902B010BD00BF7477030073
:109CB4004FF40013D3F8E03F13F0A05F0FD0084A2D
:109CC400126813F0806F1CBF0121116613F0805FCE
:109CD4001CBF0121D1654FF40012C2F8E83F704760
:109CE400787817A000F1480307C983E8070000202B
:109CF400704700002DE9F84305464FF40014002393
:109D0400C4F89830FEF7FAFF274BA3FB0030C00BD2
:109D1400C4F89400D4F89430FEF7F0FFDFF88C8098
:109D2400A8FB0036B60CC6EB0616214FA7FB063679
:109D3400B6090136FEF7E2FF8146FEF7DFFF034670
:109D4400A8FB0920800CC0EBC002C0EBC200A7FB3B
:109D5400002080090130A8FB03839B0C03EB8303E1
:109D6400C3EBC303A7FB03739B0901331B0443EA3F
:109D740000233343C4F89030D4F890304FF0A0530C
:109D8400C4F8DC3F0B4B03220B4928200BF0CEFD1B
:109D940028200BF07DFD05F1580010F08BFE4FF0EC
:109DA400FF336B65BDE8F883819F5E1683DE1B433A
:109DB400D34D62109C180200B59C00002DE9F84FA9
:109DC40081460F4690461E464FF0FF31406810F022
:109DD400D9FED9F8543083B346B309F1080B4FF4D4
:109DE40000144FF0A05A07F03F01C1F14005B542FD
:109DF40028BF354627F03F03C4F8E8AFC4F88430E1
:109E04000823C4F8803009F1070309F14700D4F8A6
:109E14008C2003F8012F9842F9D12A465944404630
:109E240014F070FC2F44A844761BDCD1D9F804004C
:109E340010F0C2FE0020BDE8F88F4846FFF75AFF35
:109E4400CAE7000010B50446043010F033FE642362
:109E5400A3644023E3641923236500236365014B52
:109E64001C6010BD787817A02DE9F04F85B08046AE
:109E74008A46029201934FF0FF31406810F082FE4F
:109E8400D8F85430002B61D0019B002B56D008F138
:109E9400080303934FF400150AF03F00C0F1400992
:109EA400019B994528BF99462AF03F0B4FF0A053D8
:109EB400C5F8E83FC5F884B00823C5F8803008F138
:109EC400070408F147062346D5F88C2003F8012F30
:109ED4009E42F9D14A460299039B184414F012FC9D
:109EE4004FF0A053C5F8E83F0323C5F88030C5F808
:109EF40084B014F8013F63F30707C5F88870B442CF
:109F0400F7D14FF0A053C5F8E83F0023C8F85C3000
:109F1400C5F884B00623C5F88030D8F85C30002B2F
:109F2400FBD0D8F8500010F0B7FDCA44029B4B4454
:109F34000293019BB3EB09030193ADD1D8F804005C
:109F440010F03AFE002005B0BDE8F08F4046FFF760
:109F5400D1FE99E708B500231A46024911F030FAF8
:109F640008BD00BF9C77030030B5836803EB410153
:109F74004FF0FF340025088880B20B889BB2B1F8FB
:109F840000C01FFA8CFC80EA030283EA0C0E02EA8A
:109F94000E0212F0400F0ED012F0040F02D110F096
:109FA400020F0AD113F0200FE5D01CF0200FE2D0ED
:109FB4002CB12C46DFE7002030BD1E20FCE70B202F
:109FC400FAE710B50446043010F074FD0023A360D2
:109FD400E3602361636110BD036903B9704710B581
:109FE40004468368AA22A3F8AA2A83685522A3F800
:109FF40054258368F0221A80012010F04DFD0023BF
:10A00400236110BD08B5C3680133C360012B01D0BF
:10A01400002008BD4FF0FF330361FFF7DDFFF7E7D2
:10A0240008B5C36843B1013BC3600BB1002008BD50
:10A03400FFF7D2FF0020FAE71820F8E7F8B5054645
:10A044000F4614461E464FF0FF31406810F09AFD4B
:10A054002846FFF7C1FF46B317F0010F09D07A086D
:10A06400AB6833F81230C3F3072304F8013B013E15
:10A0740001377908012E1DD9B71E7F08781C04EB1F
:10A084004000C4EB4103E218D5F808C03CF80220B4
:10A0940024F8022B8442F6D106F00106013139443A
:10A0A4001EB1AB6833F811300370686810F084FD9A
:10A0B4000020F8BD2046F3E738B504464FF0FF31E1
:10A0C400406810F05FFD4FF0FF332361A368AA22BC
:10A0D400A3F8AA2AA1685523A1F85435A1688020C1
:10A0E400A1F8AA0AA168A1F8AA2AA268A2F854357C
:10A0F400A3681022A3F8AA2A00212046FFF734FF00
:10A1040005462046FFF768FF606810F055FD2846B5
:10A1140038BD70B504460E4615464FF0FF31406811
:10A1240010F030FDA3689822A3F8AA20A36833F89E
:10A1340016309BB22B604FF0FF332361606810F040
:10A144003BFD002070BD43690BB1002070472DE931
:10A15400F04383B0044601AA1021FFF7DAFF019B04
:10A16400512B03D0092003B0BDE8F08301AA1121CB
:10A174002046FFF7CEFF019B522B01D00920F2E7C6
:10A1840001AA12212046FFF7C4FF019B592B01D0DD
:10A194000920E8E701AA27212046FFF7BAFF019B1F
:10A1A4001F2B1BD9203B012202FA03F30022A261D8
:10A1B400E36101AA28212046FFF7ABFF019BDB00E6
:10A1C40084F8203001AA2C212046FFF7A2FF019B2E
:10A1D400636226462D270025A8462EE001229A40D8
:10A1E4000023E4E701AA39462046FFF792FF9DF8D1
:10A1F400049001AA791C2046FFF78BFF019B1B02E8
:10A204009BB243EA09030133B36201AAB91C204695
:10A21400FFF77FFF9DF8049001AAF91C2046FFF781
:10A2240078FF019B1B029BB243EA09031B02F36202
:10A23400013508360437042D06D0636AAB42D1D801
:10A24400C6F828804346F2E74FF0FF3363610020ED
:10A2540089E738B505460C46FFF775FF864660B9B1
:10A26400A44605F118040FCCACE80F000FCCACE801
:10A274000F0094E80F008CE80F00704638BD70B5ED
:10A2840005460E461446FFF75EFF38B9EB6A5B429B
:10A29400334023F001032360EB6A636070BD2DE952
:10A2A400F04704460E461546FFF74DFF4FF0FF31C9
:10A2B400606810F067FC3544E36A5B42334023F086
:10A2C4000103ED1A30D04FF0AA0855274FF080094A
:10A2D40001E0ED1A1FD0E36A594231404908A368EE
:10A2E400A3F8AA8AA368A3F85475A368A3F8AA9A42
:10A2F400A368A3F8AA8AA368A3F85475A3683022B4
:10A3040023F811202046FFF72FFE824618B9E36A8E
:10A314001E44AB42DDD32046FFF75EFE606810F0BA
:10A324004BFC5046BDE8F0874FF0000AF3E72DE9F7
:10A33400F04F83B01E460B4313F0010F05D04FF0CE
:10A34400190B584603B0BDE8F08F04468946904681
:10A35400FFF7F9FE83460028F3D176084FF0FF316A
:10A36400606810F00FFC4FF0FF332361002E51D0D2
:10A374004FEA590A574611E0791E2944A368292255
:10A3840023F811202046FFF7EFFD834600283FD134
:10A39400AA442F4408EB4508761B3BD06A4649463D
:10A3A4002046FFF76CFF3546102E28BF102505EB1D
:10A3B4000A0323F00F03BB421ABF0AF00F03C3F1D1
:10A3C400100310239D4228BF1D46A3684FF0AA0224
:10A3D400A3F8AA2AA3685522A3F85425A368252222
:10A3E40023F81720A2686B1E9BB222F81730A8F13D
:10A3F400020303EB450EC8EB470C0CF1020C0CEB0B
:10A404000302A16833F8020F88527345F7D1B3E70A
:10A414001E2803D0606810F0CFFB92E7A368AA223D
:10A42400A3F8AA2AA3685522A3F85425A368F02206
:10A43400A3F8AA2A2046FFF7CFFDEBE710B582B0B8
:10A444000C4601AB0022034910F0BAFF019B9C604B
:10A4540002B010BDB877030008B5436943B14FF0AB
:10A46400FF338361806803685B699847002008BDF7
:10A474000D20FCE708B583681B681B6A984708BD74
:10A4840008B583681B685B6A984708BD08B583688C
:10A494001B689B6A984708BD08B583681B68DB6A1C
:10A4A400984708BD38B5044602230361002343617D
:10A4B4008361043010F0FEFA054608B1284638BD21
:10A4C40004F10C0010F0F6FA05460021E06810F0E3
:10A4D40059FBF3E770B504460D464FF0FF31406871
:10A4E40010F050FBA06803681E692346084A2946F9
:10A4F400B0470546A06803685B6998474FF0FF3191
:10A50400E06810F03FFB606810F056FB284670BD11
:10A51400BBA5000070B504460D464FF0FF314068FE
:10A5240010F030FBA06803681E692346074A2946D9
:10A53400B047054620B94FF0FF336361284670BD2C
:10A54400606810F039FB0023F7E700BFBBA50000EB
:10A5540038B543699BB10446836993B1C06810F070
:10A5640011FB054670B900236361A361A068036809
:10A574009B6998470546606810F01EFB02E00D25B4
:10A5840000E01225284638BD38B543697BB104463E
:10A59400836973B1806803689B6998470546002303
:10A5A4006361A361606810F007FB284638BD0D2580
:10A5B400FBE71225F9E708B50161C06810F017FB45
:10A5C40008BD000010B582B00C4601AB002205495D
:10A5D40010F0F6FE01990831204610F015FD02B086
:10A5E40010BD00BFF87703000023C362426A006A0B
:10A5F40082424FF0FF3038BF00207047436A026A3E
:10A60400934206D210B4C2695C1C4462D15410BC9B
:10A61400704770474FF0FF33C362826A8069824299
:10A624004FF0FF3038BF00207047836A826993423D
:10A6340001D3002070474269591C8162D05C704785
:10A6440070B582B004460D468969EB6819444068C8
:10A6540010F098FAE06803685B6A01A99847019BC7
:10A6640083B1E06803689B6A9847E06803685B6AA3
:10A6740001A99847019B2BB1636B1BB19847064610
:10A6840000283DD16B68002B33D00021A06810F066
:10A6940079FAE06803685E691E4B22462946B04792
:10A6A400E968A06810F06EFA064610B92B7F03B370
:10A6B4000C262B693BB3E06803681B6AEBB198472F
:10A6C4001BE00021A06810F05DFAE06803681E69D1
:10A6D400104B22462946B047A969A06810F052FAE7
:10A6E40006460028E7D12B7F03F0FF062BB10C268A
:10A6F400E1E72B69002BE4D10026606810F05CFAD6
:10A70400304602B070BDE06803681B6A002BD6D1E6
:10A71400F3E700BF59A8000070B505460C464FF09A
:10A72400FF31406810F02EFA05F1100EA446BCE883
:10A734000F00AEE80F00DCF80030CEF80030002443
:10A744006C62AC62E86803689E69044B2A46297C03
:10A75400B047686810F030FA204670BD2C780300CA
:10A7640038B504464FF0FF31406810F00BFAE0684A
:10A774000368DB6998470546606810F01DFA2846AF
:10A7840038BD38B504464FF0FF31406810F0FAF98F
:10A79400E06803681B6A98470546606810F00CFA85
:10A7A400284638BD38B504460D464FF0FF314068A1
:10A7B40010F0E8F9E06803685B6A294698470546A3
:10A7C400606810F0F9F9284638BD38B504464FF0F2
:10A7D400FF31406810F0D6F9E06803689B6A984737
:10A7E4000546606810F0E8F9284638BDF8B5044617
:10A7F4000E4617461D464FF0FF31406810F0C2F96F
:10A80400236BC3B92946A06810F0BCF9054668B9A2
:10A81400E36ADBB101233370A36A3B60E068036839
:10A824001B6A984705464FF0FF332363606810F0B6
:10A83400C3F92846F8BD0021A06810F0A3F9E06828
:10A844000368DB69984700232363DBE70023337045
:10A85400636AE2E708B5806810F0C9F908BD08B575
:10A86400806810F0C4F908BD10B50446043010F037
:10A8740021F900B110BD04F1080010F01BF9002803
:10A88400F8D14FF0FF332363F4E708B50B4600F12A
:10A894000C01184610F0B8FB08BD000030B583B0B9
:10A8A4000D46144601AB0022054910F089FD2946E6
:10A8B4000198FFF7EAFF019B5C6303B030BD00BF62
:10A8C4004078030008B50346406980B19A69D2F81C
:10A8D40020C0614528BF6146D960C1EB0141136ABC
:10A8E400B1FBF3F103689B6989B2984708BD07205F
:10A8F400FCE78368013B836000207047016142608C
:10A9040043610020704710B48C4684690FCCACE8D6
:10A914000F000FCCACE80F002368CCF80030002007
:10A9240010BC70474368034800FB013313600020E8
:10A93400704700BF00B80B0038B5034600695C6877
:10A9440003685B6A0022034D05FB01419847002020
:10A9540038BD00BF00B80B0043693BB112B1836935
:10A964001B6A1360C3680B600020704707207047A0
:10A9740030B583B000690468BDF818500095A46A26
:10A98400A04703B030BD000010B50446FEF7A0F99F
:10A9940060600023A360E360034BA36104F1200023
:10A9A40010F088F810BD00BF6C00001010B504460C
:10A9B400FEF78EF960600023A360E360034BA3619C
:10A9C40004F1200010F076F810BD00BF480000101C
:10A9D40010B50446FEF77CF960600023A360E360D1
:10A9E400034BA36104F1200010F064F810BD00BF14
:10A9F4002400001070B504460D4606690021006A63
:10AA040010F0C0F83368DB6A2246044930469847A0
:10AA14002946206A10F0B6F870BD00BF25AA0000D0
:10AA240008B5006A10F0E3F808BD000070B582B004
:10AA34000E460023C3622C4B1C685CB30FF0B6F9BE
:10AA44000546304612F0D4FA4A0142EAD062430184
:10AA54001B1A62EB0102920042EA93729B0013EB11
:10AA6400000C41EB0201C9004FF47A7200234FEA53
:10AA7400CC0041EA5C7113F0E1FA009000232A460D
:10AA8400012120460FF05EFF013818BF012080002D
:10AA940002B070BD0546084612F0AAFA4A0142EA1D
:10AAA400D06243011B1A62EB0102920042EA9372E4
:10AAB4009B001C1841EB0201C9004FF47A72002379
:10AAC400E00041EA547113F0B9FA0146AB6A00930D
:10AAD40000231A4605480FF011FF0446024B186084
:10AAE4000420002CD4D0A9E77C7817A0FC1802001D
:10AAF40070B50646406980B103685B6998470A49A6
:10AB04003046FFF793FF0125084C28460FF0C4FF99
:10AB140020680FF037FF0028F7D130690368DB693C
:10AB24009847002070BD00BF000048437C7817A000
:10AB340070B50446006903689B6998476369ABB1C3
:10AB44000B492046FFF772FF01260A4D30460FF0ED
:10AB5400A3FF28680FF016FF0028F7D16069036887
:10AB64001B699847E1682046FFF7ACFE002070BDE2
:10AB7400000048437C7817A000B583B000220092FF
:10AB8400134603210FF0DEFE03B05DF804FB000062
:10AB940038B52E4B8362836801338360012B02D066
:10ABA4000025284638BD0446808BE28B4FF6FF73A0
:10ABB4009A4201D098420CD12569A3699B68032B62
:10ABC40021D0052B3BD044222149224813F09AFD81
:10ABD4001EE0002110F0F0FEA08B10F0C9FE002151
:10ABE400E08B10F0E9FEE08B10F0C2FEE08B10F079
:10ABF400A7FEA08B10F0B0FEE08B10F03DFFA08B01
:10AC040010F03AFFD8E744221349124813F07AFDB2
:10AC140063681049CB632B685B69284698470546EF
:10AC240000239C460D49626822F803C002338B421C
:10AC3400F9D1002DB5D12046FFF77AFFB1E74422C0
:10AC44000749044813F05EFDE2E700BF7DAB000056
:10AC5400B4790300807817A02C79030000B80B00A6
:10AC64007079030030B583B00D46144601A910F085
:10AC740021FC6946019810F009FC009B9D83DC834C
:10AC840003B030BD10B503460A46406801688C69BC
:10AC940003F51571A04710BD10B50446C0F8542241
:10ACA400C0F85812C0F85C32406803681B6A04F5A7
:10ACB4001571984704F50873C4F85432C4F858322F
:10ACC40010BD08B5014640680368DB6901F51571DC
:10ACD400984708BDD0F89832ABB3037C9B09012B8D
:10ACE40039D0027EC37D9B0003EB9213827D9202D6
:10ACF40002F4406213440133427D02F00F0290F8E3
:10AD04001AC002EBDC1290F819C04FEA4C0C0CF09C
:10AD1400060C6244073A93400B604FF400734B6097
:10AD2400B0F8943213F0020F1CD1C37EDA0002F0A3
:10AD3400180202EB5312837EC3F38403013302FB34
:10AD44000333002005E04FF400734B6000230B60D5
:10AD54000C208B607047027E437E03EB0223013399
:10AD64009B02D9E700231846F3E707207047072022
:10AD74007047072070470820704738B504460D46D1
:10AD84004FF0FF31D0F89C020FF0FCFEC4F888525B
:10AD9400D4F89C020FF010FF002038BD38B50446EB
:10ADA4000D464FF0FF31D0F89C020FF0EBFED4F8C3
:10ADB4009832B3FA83F35B092B60D4F89C020FF04A
:10ADC400FBFE002038BD00002DE9F04F87B0064699
:10ADD4000D46174698460024019402940394049463
:10ADE400954B13F832A013F93230A34233DB686871
:10ADF40005F5157B03685B69594698478E4B03EB51
:10AE0400C70999F8013005930AF07F012846FFF736
:10AE140039FF4FEA18612846FFF734FFC8F30741AA
:10AE24002846FFF72FFFC8F307212846FFF72AFF1C
:10AE34005FFA88F12846FFF725FF05992846FFF7B2
:10AE440021FF99F80280B8F1040F7ED8DFE808F0FA
:10AE54001414355F410023461622FFF7B5FF3478FA
:10AE6400012C00F2E08073780193B3780293F378B5
:10AE7400039333790493BAE70FF0D8FF81464FF078
:10AE8400FF0A51462846FFF7FDFEC4B2FF2C40F0EE
:10AE9400988048460FF0D8FFB0F57A7FF1D928465C
:10AEA400FFF70FFFFF233370019B7370029BB37096
:10AEB400039BF370049B3371B5E0FF212846FFF731
:10AEC400E1FEC3B20193FF212846FFF7DBFEC4B2C3
:10AED40091E0FF212846FFF7D5FEC4B2FF212846A2
:10AEE400FFF7D0FEC3B20493FF212846FFF7CAFE42
:10AEF400C3B20393FF212846FFF7C4FEC3B20293F3
:10AF0400FF212846FFF7BEFEC3B2019373E0FF2181
:10AF14002846FFF7B7FEC4B2FF212846FFF7B2FE6A
:10AF2400C3B20493FF212846FFF7ACFEC3B20393D8
:10AF3400FF212846FFF7A6FEC3B20293FF2128464D
:10AF4400FFF7A0FEC3B2019355E0B8F1050F38D165
:10AF54000FF06CFF81464FF0FF0841462846FFF78B
:10AF640091FEC4B2FF2C13D148460FF06DFFB0F52B
:10AF74007A7FF2D92846FFF7A4FEFF233370019BA2
:10AF84007370029BB370039BF370049B33714AE0AC
:10AF9400FF212846FFF776FEC3B20493FF2128461B
:10AFA400FFF770FEC3B20393FF212846FFF76AFE42
:10AFB400C3B20293FF212846FFF764FEC3B2019394
:10AFC40019E0B8F1010F16D14FF0FF0AD1464FF640
:10AFD400FF7849462846FFF755FE10F0FF0009D1D7
:10AFE400B8F10108F5D10AF1FF3A1AF0FF0AEED1DF
:10AFF400544600E00446104B03EBC7035B68B3B947
:10B004000D4B03EBC703DB7823B968680368DB697E
:10B01400594698473470019B7370029BB370039B2D
:10B02400F370049B3371304607B0BDE8F08FFF2105
:10B034002846FFF727FEE3E7347A0300F0B583B030
:10B0440005460B461746B0F8942212F0080F08BFC5
:10B054004B02082201466846FFF7B6FE9DF8003011
:10B064008BB1FF24264631462846FFF70BFE10F02D
:10B07400FF0F08D0631E13F0FF04F4D12846FFF736
:10B0840020FE0C2414E0174CFF2631462846FFF717
:10B09400F9FDC0B2013CFF2803D1002CF5D10224F4
:10B0A40003E0ECB1FE2806D002242846FFF709FE8F
:10B0B400204603B0F0BD4FF4007300223946284601
:10B0C400FFF7EAFDFF212846FFF7DCFDFF212846B4
:10B0D400FFF7D8FDFF212846FFF7D4FD0024E4E75D
:10B0E4000224E2E7E09304002DE9F04107460C4610
:10B0F40016461D464FF0FF31D0F89C020FF042FD7A
:10B1040066B126442A4621463846FFF797FF804613
:10B1140068B905F500750134A642F3D1D7F89C024D
:10B124000FF04AFD4FF000084046BDE8F081D7F823
:10B134009C020FF041FDF7E770B582B004464FF072
:10B14400FF31D0F89C020FF01DFD0FF06FFE054695
:10B15400062628460FF078FEB0F5FA7F10D2D4F810
:10B164008C321B04324621466846FFF72DFEBDF89B
:10B17400003003F4F053B3F5006FEAD1002500E08A
:10B184000225D4F89C020FF017FD284602B070BDCA
:10B194002DE9F04F83B005460F46144698464FF00C
:10B1A400FF31D0F89C020FF0EDFC002C00F09380EE
:10B1B40004EB07094FF00B0AFF266BE0FE2128463B
:10B1C400FFF760FD4FF40073424600212846FFF765
:10B1D40063FD31462846FFF755FD31462846FFF703
:10B1E40051FD31462846FFF74DFD00F00F000528BC
:10B1F4000CD02846FFF765FD4FF00C0BD5F89C02E8
:10B204000FF0DAFC584603B0BDE8F08F0FF00EFEE5
:10B21400044620460FF018FEB0F57A7F20D231465E
:10B224002846FFF72FFD10F0FF0BF2D10FF0FEFDC3
:10B23400044631462846FFF725FDC0B2FF2819D041
:10B2440020460FF001FEB0F57A7FF2D32846FFF7CF
:10B2540038FDFF212846FFF715FD4FF0020BCDE71F
:10B264002846FFF72EFDFF212846FFF70BFD4FF080
:10B27400020BC3E731462846FFF704FD2846FFF7D3
:10B2840020FD31462846FFF7FDFC013708F500781C
:10B294004F45B3D0B5F8943213F0080F0CBF7B02BE
:10B2A4003B46524629466846FFF78EFD9DF800301E
:10B2B400002B83D0FF2431462846FFF7E3FC10F02F
:10B2C400FF0F3FF47BAF013CF5D12846FFF7F9FCB3
:10B2D4004FF00C0B92E74FF0000B8FE72DE9F04194
:10B2E4008AB004464FF0FF31D0F89C020FF04AFCBC
:10B2F4002046FFF7E6FC606804F5157603685B6991
:10B30400314698472046FFF7DCFC0A25FF27606892
:10B3140003689B693A4631469847013DF7D10023BB
:10B324001A46214608A8FFF74FFD9DF82060FF2E1E
:10B3340019D0012E1DD10FF079FD05464FF4D573B8
:10B344000222214608A8FFF73FFD9DF82030012B7B
:10B354004FD1089B23F07F4323F0FF03B3F5D53F80
:10B3640010D000266EE0D4F89C020FF025FC39259D
:10B3740004E0D4F89C020FF01FFC0A2528460AB00A
:10B38400BDE8F0814FF080431922214608A8FFF759
:10B394001BFD9DF820604FF08048192707E04346C5
:10B3A4003A46214608A8FFF70FFD9DF8206028467D
:10B3B4000FF04AFDB0F57A7F01D2002EEFD1284676
:10B3C4000FF042FDB0F57A7F01D300263AE0002366
:10B3D4001722214608A8FFF7F7FC9DF82030002B20
:10B3E40067D19DF8243013F0400F0CBF04260C26BF
:10B3F40028E000231522214608A8FFF7E5FC9DF864
:10B404002030022B2EBFB0464FF01508022600272D
:10B4140028460FF019FDB0F57A7F0CD23B46424620
:10B42400214608A8FFF7D0FC9DF82030002BEFD16F
:10B434002046FFF746FC28460FF006FDB0F57A7F5C
:10B4440088BF0026A4F89462FF212046FFF71AFC67
:10B454002046FFF736FCFF212046FFF713FC0FF0D0
:10B46400E5FC07464FF0FF0841462046FFF70AFC7B
:10B47400C5B238460FF0E8FCB0F5FA7F1BD8FF2DB3
:10B48400F2D100230322214603A8FFF79DFC9DF877
:10B494000C3013BB40F6FE15FF2739462046FFF754
:10B4A400F1FBC0B2013DADB2FF2813D1002DF4D1A0
:10B4B40013E00026C6E7FF2DE3D0FF212046FFF767
:10B4C400E1FB2046FFF7FDFBD4F89C020FF074FB70
:10B4D400022553E70DB1FE2808D02046FFF7F1FB03
:10B4E400D4F89C020FF068FBFF2547E704F1100134
:10B4F4004FF0FF3323616361A361E36110230A46C4
:10B504002046FFF7C9FBFF212046FFF7BBFB20467F
:10B51400FFF7D7FB0023C4F890324FF400730722DF
:10B5240021466846FFF750FCFF2504F12008102748
:10B53400424639462046FFF781FD08B1013DF7D167
:10B5440046B90023C4F898323925D4F89C020FF088
:10B5540033FB13E74FF0FF33C4F8983205A92046B4
:10B56400FFF7B8FB0546F0E738B504460D46D0F8BA
:10B57400983283B14FF0FF31D4F89C020FF002FBF4
:10B5840029462046FFF7A6FB0546D4F89C020FF097
:10B5940013FB284638BD0021FFF7A0FEEAE708B5F3
:10B5A4000123A0F894320023C0F8983200F52770E4
:10B5B4000FF080FA08BD000038B50446416082608F
:10B5C400C36000F50873C0F85432C0F8583200253F
:10B5D400C0F85C52082380F86032FDF785F90B4B04
:10B5E400A3FB00308009C4F86402C4F86852C4F8AC
:10B5F4006C52A368C4F87032E368C4F87432C4F8B7
:10B604007852C4F88852C4F88C5238BDD34D6210B5
:10B6140030B585B00D46144603AB002210490FF037
:10B62400CFFE01A928460FF045FF02A901980FF0AB
:10B634002DFF200A10F044F90546204610F01CFAAC
:10B64400204610F07DF9204610F092F9E4B201236F
:10B65400A3402A4602990398FFF7AEFF05B030BD18
:10B66400F8790300C36A23B14FF0FF33036100206C
:10B6740070470A2070470020704707207047072052
:10B684007047072070470820704738B504464FF0CC
:10B69400FF3140680FF076FA00252561E5626068A5
:10B6A4000FF08AFA284638BD38B504460D464FF0E7
:10B6B400FF3140680FF066FA656260680FF07CFA4B
:10B6C400002038BD38B504460D464FF0FF314068C0
:10B6D4000FF058FA2369B3FA83F35B09626A0AB17B
:10B6E40043F00403E26A002A08BF02232B60606867
:10B6F4000FF062FA002038BD2DE9F04788461D4658
:10B704009DF820709DF824609DF828904469601E7F
:10B7140004F11E034FF0000C00F801CF9842FBD156
:10B72400032E35D0252E4AD00EB302FB05FA2B4941
:10B7340020460DF0C7F80021201D0DF0C3F8514636
:10B7440004F108000DF0BEF8012F08BF002727738D
:10B7540084F80E90E673414604F111000DF0CEF822
:10B76400294604F116000DF0E1F8BDE8F0871B4905
:10B7740020460DF0A7F80021201D0DF0A3F80021AC
:10B7840004F108000DF09EF8012FE0D10027DEE758
:10B79400124920460DF096F80021201D0DF092F874
:10B7A400122104F108000DF08DF8012F08BF0027C5
:10B7B400277384F80E90E6731223E374D0E70749E5
:10B7C40020460DF07FF80021201D0DF07BF80821A4
:10B7D40060180DF077F8012FB9D1D7E755534243DC
:10B7E400F0B585B004461546C6680A23029328239B
:10B7F40001938023009313468269FFF77DFF33682A
:10B8040042F2107201921F2200925F6C636994F8F5
:10B81400292001213046B847034620BB336842F251
:10B8240010720192A26902FB05F500959D6C236AD2
:10B8340094F8282001213046A847034698B9336874
:10B8440042F2107201920D2200929D6C636994F889
:10B85400282001213046A847034620B963691B7B91
:10B86400002B18BF0C23184605B0F0BD70B584B08A
:10B874000446C5680A230293252301938023009379
:10B8840000231A461946FFF737FF2B6842F210725D
:10B8940001921F2200925E6C636994F829200121B1
:10B8A4002846B04768B92B6842F210720192082208
:10B8B40000929E6C636994F8282001212846B047C1
:10B8C40008B104B070BD60690DF008F8E06160690A
:10B8D40004300DF003F8A0612B6842F2107201925B
:10B8E4000D2200929E6C636994F828200121284659
:10B8F400B0470028E5D16369187B002818BF0C20E5
:10B90400DFE770B582B004460D4601A9FFF7DAFE01
:10B91400019B022B3ED04FF0FF3160680FF032F9EB
:10B92400012200212046FFF75BFF0646F0B9236A97
:10B93400012293F8C6112046FFF752FF0646D8B9F4
:10B94400206A16300CF0CAFF0346C8B12B602046AB
:10B95400FFF78CFF0646C8B9A369AB60E3692B60A7
:10B96400A3696B6060680FF027F902E060680FF06C
:10B9740023F9304602B070BD60680FF01DF9F8E796
:10B98400206A24300CF0AAFF0346DFE760680FF05A
:10B9940013F9EEE70C26ECE72DE9F84304460D46CF
:10B9A40017461E464FF0FF3140680FF0EBF89FB189
:10B9B4002F444FF001094A4629462046FFF710FF5D
:10B9C400804688B9A269216A304612F09BFEA369B9
:10B9D4001E440135AF42EED160680FF0EDF84FF030
:10B9E40000084046BDE8F88360680FF0E5F8F8E722
:10B9F4002DE9F04F87B0044688464FF0FF31406888
:10BA04000FF0C0F8E66833681B6A80213046984717
:10BA1400606133681B6A4FF4805130469847206256
:10BA2400336841F2883202920922019262690092DB
:10BA3400DD6B0023022241463046A84710BB6069F3
:10BA440002300CF067FF336841F2883202920190B1
:10BA540062690092DD6B0023022241463046A8470A
:10BA64008146B8B963695A78022A17D11D781D44F2
:10BA74005F883B449D4220D360680FF09DF84FF0EF
:10BA8400090903E0814660680FF096F8484607B05C
:10BA9400BDE8F08F60680FF08FF8F7E760680FF08B
:10BAA4008BF84FF0FF09F1E76B79082B2FD02B7837
:10BAB4001D4463693B449D4232D26B78042BF3D01E
:10BAC400052BF4D1EB7803F00303022BEFD1AB7811
:10BAD40095F90220002A03F07F03B4BF84F82830CC
:10BAE40084F829303368D3F830A095F802B0281DC3
:10BAF4000CF010FF03465A4641463046D047824672
:10BB04000028D4D060680FF057F8D146BEE7AB796F
:10BB1400062BCCD1EB79502B08BF4FF00109C6E7B7
:10BB2400B9F1000FA8D033685B6B0122414630465F
:10BB340098478146F0B964200EF0AEFF326842F2B5
:10BB44001073049363690393012302930023019305
:10BB54000093956BFE23A12241463046A8478146B7
:10BB640015280FD050B94FF0C8084FF0060900252A
:10BB7400012750E060680FF01FF887E760680FF056
:10BB84001BF883E74FF0C808EFE733684FF4FA6215
:10BB9400019212220092D3F848A0636994F82820F5
:10BBA40039463046D047002832D133684FF4FA6220
:10BBB40001920D220092D3F848A0636994F82820DA
:10BBC40039463046D04723E060680EF0F5FF5DE764
:10BBD40064200EF061FFE668CDF80890032301931A
:10BBE400802300932B462A4629462046FFF784FDEE
:10BBF40033684FF4FA6201921F220092D3F844A0F2
:10BC0400636994F8292039463046D0470028BCD0CF
:10BC1400B8F101082ED0E668CDF808900195009798
:10BC24002B462A4629462046FFF766FD33684FF423
:10BC3400FA6201921F220092D3F844A0636994F837
:10BC4400292039463046D0470028C1D133684FF403
:10BC5400FA6201921F220092D3F848A0636994F813
:10BC6400282039463046D0470028B1D163691B7B70
:10BC7400002BADD12046FFF7F9FD81460028A3D162
:10BC84004FF0FF33E36260680EF096FF236A0122EF
:10BC940000212046FFF780FEF8E62DE9F04F85B03D
:10BCA40004460E4615461F464FF0FF3140680EF01D
:10BCB40069FF35B105EB060A4FF00A0B4FF0010896
:10BCC40013E04FF0000900E0814660680EF074FF55
:10BCD400484605B0BDE8F08F8146F6E78146F4E7B3
:10BCE4000136A2691744564548D0A2693946206AEC
:10BCF40012F008FDE568CDF808B02A23019300236B
:10BD040000934346A26931462046FFF7F5FC2B68B1
:10BD140042F2107201921F220092D3F84490636998
:10BD240094F8292041462846C8470028CCD12B68DE
:10BD340042F210720192A2690092D3F84490236AED
:10BD440094F8292041462846C8470028C4D12B68C6
:10BD540042F2107201920D220092D3F84890636966
:10BD640094F8282041462846C8470028B6D163697C
:10BD74001B7B002BB4D04FF00C09A6E79946A4E72F
:10BD840010B5044600230361436204300EF092FEB2
:10BD940000B110BD04F108000EF08CFE0028F8D1AB
:10BDA400E062F6E730B583B00446084601A90FF017
:10BDB40081FB054610B1284603B030BD04F10C01E7
:10BDC40001980FF063FB05460028F4D1E06803688E
:10BDD4001B69024A21469847EDE700BF407B0300F8
:10BDE40010B582B00C4601AB002204490FF0E8FA0A
:10BDF40021460198FFF7D6FF02B010BD047B030073
:10BE04000720704738B504460D464FF0FF314068AF
:10BE14000EF0B8FEA06803685B692946984705469A
:10BE240060680EF0C9FE284638BD38B504460D4694
:10BE34004FF0FF3140680EF0A5FEA06803689B69CF
:10BE44003BB129469847054660680EF0B5FE284682
:10BE540038BD60680EF0B0FE29462046FFF7D2FFD9
:10BE64001725F4E738B504460D464FF0FF31406816
:10BE74000EF088FEA06803681B69294698470546AA
:10BE840060680EF099FE284638BD08B504300EF0FF
:10BE940011FE08BD10B582B00C466B46002206495F
:10BEA4000FF08EFA01A920460FF0AEF8009B019A1C
:10BEB4009A60002002B010BD487B030038B50446E8
:10BEC4000025C5600561456185611C300EF0F2FDF9
:10BED4002946E0690EF056FE201D0EF0EBFD38BD3C
:10BEE40000B583B08DF807100DF1070100690EF05D
:10BEF40015FF03B05DF804FB30B583B005464C1E56
:10BF0400A9B10DF10701E8680EF05DFF50B9A8680A
:10BF140003685B6A9DF807109847013CB4F1FF3F42
:10BF2400EFD104E000236B61E8690EF060FE03B01A
:10BF340030BD38B504464FF0FF3140680EF022FEA4
:10BF4400A3690133A361012B05D0002560680EF0BD
:10BF540033FE284638BDA0680368DB699847054668
:10BF6400F4E738B504464FF0FF3140680EF00AFE9E
:10BF7400A369013BA3614BB9A06803681B6A984796
:10BF8400054660680EF018FE284638BD0025F8E71F
:10BF940038B504464FF0FF3140680EF0F3FDA06859
:10BFA40003681B6A9847636973B1A0680368DB6917
:10BFB40098474FF0FF31E0690EF0E4FD05466068F4
:10BFC4000EF0FAFD284638BDA0680368DB6998477F
:10BFD4000025F4E72DE9F8439946DDF8208017465B
:10BFE4006AB105460E4600244246311928690EF00E
:10BFF400CEFE024628B90134A742F5D102E0002260
:10C0040000E02746B9F1000F01D0C9F800701046CE
:10C01400BDE8F8832DE9F04F83B00193DDF830904B
:10C024009246002A40D004460E4600274FF0FF38BF
:10C03400BB4619E0C4F814805946E0690EF0A2FD2D
:10C04400A06803685B6A317898470546A06803686E
:10C05400DB69984760680EF0AFFD022D16D0E5B994
:10C0640001360137BA4517D9414660680EF08AFD9A
:10C07400A06803681B6A98476369002BDAD0012221
:10C084003146E0680EF029FE0546DFE7B9F1010903
:10C0940003D0013F013EE3E70025019B03B11F608C
:10C0A400284603B0BDE8F08F17460025F5E710B524
:10C0B4008446806804684B1E042B1CD8DFE803F018
:10C0C40003070B10150063691146984710BDA36957
:10C0D40011469847FAE7A36A7BB111689847F5E7D8
:10C0E400E36A63B111469847F0E71146DCF81000A3
:10C0F4000EF084FEEAE70820E8E70720E6E70720D9
:10C10400E4E7000070B5044610461D46A16004F142
:10C114000C0201210EF084FD064608B1304670BDC4
:10C1240004F11002012128460EF07AFD064638B9C2
:10C13400A06803681D69054B054A2146A847EDE739
:10C14400E0680EF08FFD0023E360E7E7FDBE00002A
:10C15400E5BE000070B582B00E4614461D466B461F
:10C16400002207490FF02CF901A930460EF04CFFCC
:10C174002B46224601990098FFF7C4FF02B070BD18
:10C18400687B030008B5806803685B69984708BD4D
:10C1940008B5806803689B69984708BD08B580683E
:10C1A40003681B6A984708BD08B580680368DB69A3
:10C1B400984708BD08B500230361436913B1C169F9
:10C1C4008069984708BD0069704710B5044604307B
:10C1D4000EF070FC00B110BD0022012104F10C002E
:10C1E4000EF093FC0028F6D120616061A061E0614B
:10C1F400F1E738B504460D464FF0FF3140680EF0C4
:10C20400C1FCA06803681B69294698470546606815
:10C214000EF0D2FC284638BDF8B504460D46174644
:10C224001E464FF0FF3140680EF0ACFC23698BB919
:10C234004FF0FF3323616761A661E561A06803687D
:10C244005E6A2346064A2946B04760680EF0B4FC8D
:10C254000020F8BD60680EF0AFFC2920F9E700BFAC
:10C26400B9C1000010B582B00C4601AB00220549EB
:10C274000FF0A6F80199083120460EF0C5FE02B071
:10C2840010BD00BF907B030008B504300EF012FC13
:10C2940008BD70B58AB004460D4600238DF8003001
:10C2A400037B8DF808304FF4C873ADF80A30CDF82D
:10C2B4000CD001238DF810304FF4FA73059301AAC2
:10C2C400069202228DF81C2008934FF47A7140687C
:10C2D4000EF058FCA06803681B6902A9984706463B
:10C2E40050B99DF804209DF8053043EA02231B044D
:10C2F4001B126FF30C032B6060680EF05DFC30467C
:10C304000AB070BD30B585B00D46144603AB0022AB
:10C3140008490FF055F802A928460FF0CBF801A9F7
:10C3240002980FF0B3F8039B019A9A601C7305B04E
:10C3340030BD00BFBC7B030008B5C36800699847E3
:10C3440008BD08B50023C36008300EF0B3FB08BD78
:10C3540010B504464FF0FF3180680EF013FC60689E
:10C3640003681B6A9847A0680EF026FC002010BDE5
:10C3740010B504464FF0FF3180680EF003FC60688E
:10C3840003685B6A9847A0680EF016FC002010BD95
:10C3940010B504464FF0FF3180680EF0F3FB60687F
:10C3A40003689B6A9847A0680EF006FC002010BD45
:10C3B40038B504460D464FF0FF3180680EF0E2FBBD
:10C3C400606803681B69294698470546A0680EF013
:10C3D400F3FB284638BD38B504460D464FF0FF310F
:10C3E40080680EF0CFFB606803685B692946984754
:10C3F4000546A0680EF0E0FB284638BD2DE9F04163
:10C4040004460D4617461E464FF0FF3180680EF075
:10C41400B9FB60680368D3F830803B46324629464E
:10C42400C0470546A0680EF0C7FB2846BDE8F0816A
:10C4340070B504460D4616464FF0FF3180680EF085
:10C44400A1FB60680368DB693246294698470546C4
:10C45400A0680EF0B1FB284670BD0000F8B5044694
:10C464000D4617461E464FF0FF3180680EF08AFBDA
:10C47400E760266160680368DE6A2346044A294649
:10C48400B0470546A0680EF097FB2846F8BD00BFEC
:10C494003DC3000010B582B00C4601AB0022064932
:10C4A4000EF08EFF08B102B010BD01990431204690
:10C4B4000EF0AAFDF7E700BFD07B03000020704711
:10C4C4000020704708B50023036143618361C361A1
:10C4D40004300EF0EFFA08BD70B582B004460D4684
:10C4E4004FF0FF3140680EF04DFBCDB9A0680368F2
:10C4F400DB69217B98470646206958B103685B6B6A
:10C50400A269217D9847206962690368DB6901217A
:10C514009140984760680EF04FFB304602B070BD02
:10C52400A06803681B69002229469847064600282C
:10C53400F0D1206920B103685B6BE269217D9847E3
:10C54400A068026800230193009356696A08217B5E
:10C55400B04706460028DDD1A06803689B69217BAB
:10C5640098470646D6E708B584460846CCF8101026
:10C57400CCF81420CCF81830029BCCF81C300B6893
:10C58400DB6901219140984708BD000070B584B073
:10C594000C4603AB0022114911480EF011FF054669
:10C5A40010B1284604B070BD02A920680EF02CFD1D
:10C5B400039E2379029AB2603373E0884FF6FF73C7
:10C5C4009842EED0000A0FF08FF90146E368009319
:10C5D400A368A2793046FFF7C6FFE2E7007C0300B8
:10C5E4000801020043680133436000207047436838
:10C5F400013B43600020704703464FF0FF328263E3
:10C604000020D863704700238363C36B032B49D195
:10C614002DE9F047034600F1300A00244FF0FF36BD
:10C62400A6463546A046B146A44637465A6CBA4299
:10C634003CBFD3F874901746624584BFD3F8748026
:10C6440094469A6CAA423CBF9E6F1546724584BFBD
:10C654009C6F964610335345E8D1C0F8A470C0F8D7
:10C66400A890A8EB0901C0F8AC10ACEB0707C0F820
:10C67400B070C0F8B450C0F8B860A41BC0F8BC4097
:10C68400AEEB0502C0F8C0204FF0FF35C0F8A05053
:10C69400B7EB411F08DBB2EB441FB4BF06200020F8
:10C6A400BDE8F087052070470620F9E770B5C46B34
:10C6B400022C15D80546964600EB041C0CF14006E6
:10C6C4000FC986E80F000CF1700C9EE80F008CE88F
:10C6D4000F000134EC63032C34BF0520002070BD2F
:10C6E4001420FCE710B5044600224260C0F8A020E4
:10C6F400C0F8D0204FF48063C0F8C8304FF4A05382
:10C70400C0F8CC300121D4300EF0FFF900B110BDD7
:10C7140004F1C4000EF0CEF9F9E708B5D0F8D4005E
:10C724000EF065FA08BD70B506460D461446642140
:10C73400D0F8C4000EF026FAAD092D01C6F8C85091
:10C74400A4092401C6F8CC40D6F8C4000EF034FA8B
:10C75400002070BDF8B504460D466421D0F8C4002D
:10C764000EF010FA064608B13046F8BD2169E0899A
:10C774000FF022F9636B002B3ED1E0890FF0F8F83B
:10C78400E0890FF0E9F80321E0890FF009F9208B23
:10C794000FF0FAF8208B0FF0D3F80221208B0FF062
:10C7A400FFF8616A608C0FF007F9636B53BB608C10
:10C7B4000FF0EAF80021608C0FF0F2F8A08D0FF072
:10C7C400E3F80021A08D0FF0EBF801200EF064F9DE
:10C7D400236BEBB9A08D0FF039F960B3236BFBB970
:10C7E4000127013D33D038460EF056F9A08D0FF0E5
:10C7F4002DF90028F5D120E000220121E0890FF075
:10C8040017F9BAE700220121608C0FF011F9CEE785
:10C81400A08D0FF0F5F80021A08D0FF0D9F8D9E71D
:10C824006421D4F8D4000EF0ADF906460021A08DA1
:10C834000FF0DAF801E0236B23B9D4F8C4000EF04A
:10C84400BBF991E70021A08D0FF0CEF8F5E70226A1
:10C85400F3E70000F0B587B005460F46394B01AC4D
:10C864000FCB84E80F0095F82030019305AB0493B7
:10C874006421D5F8C4000EF085F92969E8890FF020
:10C884009BF86B6B002B48D1E8890FF071F8E889AD
:10C894000FF062F80321E8890FF082F8288B0FF07B
:10C8A40073F8288B0FF04CF80221288B0FF078F8DE
:10C8B400A96A688C0FF080F86B6BA3BB688C0FF0CF
:10C8C40063F80221688C0FF06BF8A88D0FF05CF808
:10C8D4000021A88D0FF064F81024002601A9D5F8D2
:10C8E400DC000EF0CCFB059B06EB4306013CF5D1C6
:10C8F4000596D5F8D030E3B1D5F8CC30B3424FF03B
:10C90400FF3638BF00263E60C5F8D060D5F8C400B5
:10C914000EF052F9002007B0F0BD00220121E88991
:10C924000FF086F8B0E700220221688C0FF080F83F
:10C93400C4E7D5F8C830B3424FF0FF3638BF0026FD
:10C94400E1E700BF4C7C03002DE9F04387B00446C7
:10C954000E460A21FFF7FEFE05460EF067FA07466B
:10C96400022D16D1002333600EF060FA914A136849
:10C9740003EB430303EB4313C01B8F4901FB003359
:10C984008E49A1FB03135B091360002007B0BDE8C7
:10C99400F08305A92046FFF75DFF0028F6D1059B2B
:10C9A400002BDFD000230093854B01AD0FCB85E82E
:10C9B4000F006421D4F8C4000EF0E4F8CDF810D0D0
:10C9C4002169E0890EF0F8FF636B002B40F0DA80F8
:10C9D400E0890EF0CDFFE0890EF0B2FF0221E0897C
:10C9E4000EF0DEFFA16A608C0EF0E6FF636B002B95
:10C9F40040F0CE80208B0EF0BBFF208B0EF0ACFFFE
:10CA04000221208B0EF0CCFFA08D0EF0BDFF022181
:10CA1400A08D0EF0C5FF01200EF03EF894F82030F2
:10CA24000193684D05F140094FF0000801A9D4F8BD
:10CA3400DC000EF024FB009B08EB430845F8043FA0
:10CA44004D45F3D1C6F80480D4F8C4000EF0B4F810
:10CA54000023009301AD5C4B0FCB85E80F00CDF8AC
:10CA640010D06421D4F8C4000EF08CF86169E08918
:10CA74000EF0A2FF636B002B40F09080616A608C23
:10CA84000EF09AFF636B002B40F08E80A08D0EF0A9
:10CA94006FFFA08D0EF054FF0221A08D0EF080FFD9
:10CAA400208B0EF071FF0221208B0EF079FF608C39
:10CAB4000EF05EFF608C0EF04FFF0221608C0EF0D2
:10CAC4006FFF01200DF0E8FF237B01933F4D05F13B
:10CAD40040094FF0000801A9D4F8D8000EF0CFFAAD
:10CAE400009B08EB430845F8043FA945F3D1C6F879
:10CAF4000880D4F8C4000EF05FF805A92046FFF7BB
:10CB0400A9FE00287FF442AF059B002B3FF42AAF17
:10CB140005200DF0C1FF05A92046FFF79BFE002864
:10CB24007FF434AF059B002B3FF41CAF7268B368ED
:10CB340001213160A16B00297FF416AFD4F8A01055
:10CB440000293FF411AFD4F8A410521AD4F8AC1051
:10CB540001FB02F2D4F8B01092FBF1F2D4F8A81061
:10CB640011447160D4F8B4209B1AD4F8BC2002FBA1
:10CB740003F3D4F8C02093FBF2F3D4F8B8201344A1
:10CB8400B360F1E600220121E0890EF051FF1FE7B6
:10CB940000220221608C0EF04BFF2BE700220221C1
:10CBA400E0890EF045FF69E700220121608C0EF058
:10CBB4003FFF6BE7C47817A040420F001F85EB517D
:10CBC4004C7C0300047917A05C7C0300C47817A094
:10CBD40070B504460D4600F1080C8E46BEE80F0001
:10CBE400ACE80F00BEE80F00ACE80F009EE80F00B1
:10CBF4008CE80F0004F1D80128680EF02BFA0646E1
:10CC040008B1304670BD04F1DC0168690EF022FA07
:10CC140006460028F5D122460249A08D0EF0FAFE00
:10CC2400EFE700BF1FC7000010B582B00C4601AB90
:10CC3400002204490EF0C4FB21460198FFF7C8FF07
:10CC440002B010BD1C7C030070B50446B0F81E5140
:10CC5400402D28BF4025006903685E6B2B46D4F83D
:10CC640018218021B047B4F81E315B1BA4F81E3193
:10CC7400D4F818312B44C4F8183170BD38B51C46AB
:10CC84001D6891F801C0BCF1090F45D8DFE80CF02C
:10CC9400050D441244172244313B00232B706B7062
:10CCA400022313804FF0FF3037E0002313804FF04E
:10CCB400FF3032E0002313804FF0FF302DE04FF0BF
:10CCC400FF33C0F820314A8802F07F0280F8242123
:10CCD400184622E00069498803681D6D1346CAB2EC
:10CCE400090AA84708B9002017E020604FF0FF3078
:10CCF40013E001231380006903689B6A9847287036
:10CD04004FF0FF3009E00069498803685B6AC9B2E3
:10CD140098474FF0FF3000E0002038BD38B5044696
:10CD24000D464FF0FF3140680DF02CFF2069036879
:10CD34005B6D2946984760680DF03EFF38BD70B5BD
:10CD440004460D46C0680DF01DFF064608B1304686
:10CD540070BD2946A0680DF015FF064618B9206974
:10CD64000368DB6C9847E0680DF026FFEFE70000EE
:10CD740038B505460C464FF0FF3140680DF002FF10
:10CD8400032C1DD804EB440305EB83031B6ACBB1CE
:10CD94000E4A934211D0002C0C4B18BF002304EB15
:10CDA400440205EB820213620023536293621C4621
:10CDB40068680DF001FF204638BD2CB10023EEE772
:10CDC4000824F5E70924F3E70924F1E781CC0000FE
:10CDD400F8B505460C4617461E464FF0FF3140682D
:10CDE4000DF0D0FE032C15D804EB440105EB8101B2
:10CDF4000B6A2BB10B4A934201D00A240BE07CB995
:10CE040004EB440305EB8303069A1A625F629E6295
:10CE1400002400E0082468680DF0CEFE2046F8BD2A
:10CE24000A24F8E781CC00002DE9F04104460D46C0
:10CE340000F1500601F07F0706EBC7084FF0FF3101
:10CE440040680DF09FFE15F0800F0BD1D8F8043028
:10CE54008BB10025C8F8045060680DF0ADFE28467B
:10CE6400BDE8F08156F837301BB1002546F837503D
:10CE7400F2E70925F0E70925EEE72DE9F843044632
:10CE84000D46164600F1500701F07F0807EBC8096C
:10CE94004FF0FF3140680DF075FE15F0800F09D199
:10CEA400D9F804307BB10A2560680DF085FE284668
:10CEB400BDE8F88357F838300BB10A25F4E747F892
:10CEC40038600025F0E7C9F804600025ECE770B588
:10CED40004460D4616464FF0FF3140680DF052FEF1
:10CEE400206903689B6C32462946984760680DF0B8
:10CEF40063FE70BD38B504460D464FF0FF314068FF
:10CF04000DF040FE206903685B6C29469847606811
:10CF14000DF052FE38BD38B504460D464FF0FF31D2
:10CF240040680DF02FFE206903681B6C2946984762
:10CF340060680DF041FE38BD38B504460D464FF02B
:10CF4400FF3140680DF01EFE20690368DB6B294643
:10CF54009847054660680DF02FFE284638BD70B529
:10CF640004460D4616464FF0FF3140680DF00AFEA8
:10CF7400206903689B6B32462946984760680DF028
:10CF84001BFE70BD2DE9F04104460D4616461F46B2
:10CF94004FF0FF3140680DF0F5FD20690368D3F8C8
:10CFA40034803B4632462946C047054660680DF04A
:10CFB40003FE2846BDE8F0812DE9F04104460D4604
:10CFC40016461F464FF0FF3140680DF0DBFD206927
:10CFD4000368D3F830803B4632462946C0470546AD
:10CFE40060680DF0E9FD2846BDE8F08170B504469F
:10CFF4000D4616464FF0FF3140680DF0C3FD206921
:10D004000368DB6A32462946984760680DF0D4FD10
:10D0140070BD38B504460D464FF0FF3140680DF041
:10D02400B1FD4FF0FF33C4F8203184F82451606817
:10D034000DF0C2FD38BD10B504464FF0FF31406815
:10D044000DF0A0FD20690368DB69984760680DF066
:10D05400B3FD10BD10B504464FF0FF3140680DF02C
:10D0640091FD206903689B69984760680DF0A4FDF1
:10D0740010BD10B504464FF0FF3140680DF082FD3D
:10D08400206903685B69984760680DF095FD10BDE1
:10D0940030B583B004460D464FF0FF3140680DF0C3
:10D0A40071FD009504F114030193206903681B6961
:10D0B4006946984760680DF07FFD002003B030BDDD
:10D0C40038B504460023036104300DF0F3FC054633
:10D0D40008B1284638BD04F10C000DF0EBFC054600
:10D0E4000028F6D104F108000DF0E4FC0546002800
:10D0F400EFD1B822002104F1180011F02CFB04F147
:10D10400D0036362074B2362A462074BE361074BBE
:10D114002365636564610023C4F8203184F82431F5
:10D12400D7E700BF81CC000035D100003FD100001B
:10D1340008B580680DF05BFD08BDF8B5044600290C
:10D1440040F0A980154612F0040F4DD0006904F593
:10D15400887603681F6B08233246B84794F8103169
:10D1640003F01F0303EB430304EB83035B6AC4F87C
:10D174001831B4F81631A4F81E31A4F81C3194F90E
:10D184001031002B06DB206903685F6B00231A460D
:10D194008021B84794F8103103F01F03032B1BD8E8
:10D1A40003EB430204EB8202176AAFB1104604F5A5
:10D1B4008C7304F58E723146806AB84760B1B4F856
:10D1C4001C31B4F81621934228BF1346A4F81E312B
:10D1D4002046FFF739FD60E0206903689B6B4FF040
:10D1E400FF322946984758E0B0F81E31002B4AD048
:10D1F40000690268166BD4F818210021B047002892
:10D2040031DBD4F818310344C4F81831B4F81E31B2
:10D214001B1A9BB2A4F81E31002B3ED194F8103196
:10D2240003F01F0303EB430204EB8202526AC4F8C7
:10D234001821032B1FD803EB430204EB8202166A66
:10D24400CEB1104604F58C7304F58E7204F5887122
:10D25400806AB04778B1B4F81C31A4F81E31204676
:10D26400FFF7F2FC19E0206903689B6B4FF0FF3273
:10D274002946984711E0206903689B6B4FF0FF3201
:10D284002946984709E0006903681C6B00231A4685
:10D294001946A04701E0802900D0F8BD90F910316B
:10D2A400002B0DDBD0F82031002BF6D00023C0F882
:10D2B4002031006903681B6A94F824119847ECE74D
:10D2C400FFF7C2FCE9E7000010B582B00C4601ABE1
:10D2D400002205490EF074F80199103120460DF032
:10D2E40093FE02B010BD00BF6C7C0300C06900B99E
:10D2F400704708B50DF07BFC08BD806900B9704724
:10D3040008B50DF074FC08BD806900B9704708B514
:10D314000DF06DFC08BDC06908B90D20704708B553
:10D324000DF030FC08BD2DE9F04F85B00F464D6877
:10D334002B685B69284698472B689B692846984761
:10D344003B693BB94FF4FA7420460DF0A5FB3B69E9
:10D35400002BF9D04FF0000A4FF0FF384FF00509C9
:10D36400012646E02B685B69284698472B689B6931
:10D37400284698473DE02B685B69284698472B6808
:10D384009B692846984734E02B681B6B012128468B
:10D3940098474FF0FF31F8680DF0F4FB3C69FCB19D
:10D3A4004FF0010B2B68DB6928469847A3681B687C
:10D3B40059466068984770B12468002CF2D1F86827
:10D3C4000DF0FAFB2B685B69284698472B689B692C
:10D3D400284698470DE04FF0FF3323610123237360
:10D3E400F8680DF0E9FB4FF0FF3A02E0BAF1000FE4
:10D3F40061D14146B8690DF0C5FB002840F08C802E
:10D404004C4630460DF048FB2B689B6A28469847EB
:10D41400013C14F0FF04F4D10128E7D1BAF1000F64
:10D42400E7D12B689B6928469847032430460DF0C2
:10D4340033FB2B689B6A28469847013C14F0FF0491
:10D44400F4D101288ED12B68DB69284698472B68D4
:10D454001B6A80212846984704462B689B6D284602
:10D464009847014687F820002B68DB6D28469847CB
:10D474002B6841F288320292082201920094D3F878
:10D4840040B00023012219462846D84700287FF4DB
:10D4940072AF2B68DB6AE27900212846984700289E
:10D4A4003FF472AF2B685B69284698472B689B69E9
:10D4B400284698479DE74FF0FF31F8680DF062FB6E
:10D4C4003C691CB32369B3F1FF3F08D02468002CE6
:10D4D400F8D1F8680DF070FB4FF0000A89E7A368F3
:10D4E4005B68217B606898474FF0000AC4F810A07D
:10D4F40084F80CA0F8680DF05FFB2B685B69284684
:10D5040098472B689B692846984772E7F8680DF09E
:10D5140053FB4FF0000A6CE7002005B0BDE8F08F24
:10D524002DE9F04186B004460D4616461F464FF0DD
:10D53400FF3180680DF026FB60680368109A04923E
:10D544000F9A0392BDF838200292BDF8342001925C
:10D55400BDF830200092D3F860803B46324629461D
:10D56400C0470546A0680DF027FB284606B0BDE875
:10D57400F0812DE9F04182B004460D4616461F465F
:10D584004FF0FF3180680DF0FDFA60680368099A76
:10D594000192089A0092D3F854803B4632462946B9
:10D5A400C0470546A0680DF007FB284602B0BDE859
:10D5B400F0812DE9F04182B004460D4616461F461F
:10D5C4004FF0FF3180680DF0DDFA60680368099A56
:10D5D4000192089A0092D3F850803B46324629467D
:10D5E400C0470546A0680DF0E7FA284602B0BDE83A
:10D5F400F0812DE9F04182B004460D4616461F46DF
:10D604004FF0FF3180680DF0BDFA60680368099A35
:10D614000192089A0092D3F84C803B463246294640
:10D62400C0470546A0680DF0C7FA284602B0BDE819
:10D63400F0812DE9F04182B004460D4616461F469E
:10D644004FF0FF3180680DF09DFA60680368099A15
:10D654000192089A0092D3F848803B463246294604
:10D66400C0470546A0680DF0A7FA284602B0BDE8F9
:10D67400F0812DE9F04182B004460D4616461F465E
:10D684004FF0FF3180680DF07DFA60680368099AF5
:10D694000192089A0092D3F844803B4632462946C8
:10D6A400C0470546A0680DF087FA284602B0BDE8D9
:10D6B400F0812DE9F04184B004460D4616461F461C
:10D6C4004FF0FF3180680DF05DFA606803680C9AD2
:10D6D40002920B9A01920A9A0092D3F840803B4638
:10D6E40032462946C0470546A0680DF065FA28462B
:10D6F40004B0BDE8F0812DE9F04186B004460D4642
:10D7040016461F464FF0FF3180680DF03BFA606803
:10D714000368109A04920F9A0392BDF8382002927B
:10D72400BDF834200192BDF830200092D3F83C803B
:10D734003B4632462946C0470546A0680DF03CFAF0
:10D74400284606B0BDE8F08170B504460D4616467D
:10D754004FF0FF3180680DF015FA606803689B6B29
:10D764003246294698470546A0680DF025FA284612
:10D7740070BD2DE9F04104460D4616461F464FF094
:10D78400FF3180680DF0FEF960680368D3F83480D7
:10D794003B4632462946C0470546A0680DF00CFAC0
:10D7A4002846BDE8F08138B504460D464FF0FF31F8
:10D7B40080680DF0E7F9606803681B6B2946984799
:10D7C4000546A0680DF0F8F9284638BD70B5044642
:10D7D4000D4616464FF0FF3180680DF0D3F96068AE
:10D7E4000368DB6A3246294698470546A0680DF06F
:10D7F400E3F9284670BD38B504464FF0FF31806820
:10D804000DF0C0F9606803689B6A98470546A068F4
:10D814000DF0D2F9284638BD38B504460D464FF010
:10D82400FF3180680DF0AEF9606803681B6A294611
:10D8340098470546A0680DF0BFF9284638BD10B5D5
:10D8440004464FF0FF3180680DF09CF9606803686E
:10D854009B699847A0680DF0AFF910BD38B5044630
:10D864004FF0FF3180680DF08DF9606803685B69E3
:10D8740098470546A0680DF09FF9284638BD38B58D
:10D8840005460C464FF0FF31C0680DF07BF928695E
:10D89400A8B1002200E018464368A34207D00368F9
:10D8A4000246002BF7D10AE003682B6103E0002A4B
:10D8B400FAD003681360002303600EF061FEE86889
:10D8C4000DF07AF9002038BDF8B504460E46174627
:10D8D40014200EF04DFE78B10546876046604FF087
:10D8E400FF31E0680DF04EF923692B602561E06893
:10D8F4000DF062F90020F8BD0420FCE710B50446E1
:10D904000023036118300DF0D5F8034608B118461A
:10D9140010BD0021A0690DF035F904F11C000DF0D3
:10D92400C9F803460028F2D10021E0690DF02AF974
:10D9340004F10C000DF0BEF803460028E7D104F111
:10D9440008000DF0B7F80346E1E7000010B582B017
:10D954000446084661600B681B69084A21469847DB
:10D9640004F1140301930323009323464FF400723C
:10D97400034904480DF0AAFA02B010BD207D03004B
:10D984001C1A02002BD3000010B582B00C466B4663
:10D99400002206490DF014FD01A920460DF034FBC8
:10D9A40001990098FFF7D2FF02B010BDC87C0300B4
:10D9B40008B508300DF07EF808BD38B504460D46AC
:10D9C4004FF0FF3180680DF0DDF8606803681B6973
:10D9D400294698470546A0680DF0EEF8284638BD5C
:10D9E40038B504460D464FF0FF3180680DF0CAF893
:10D9F400606803685B69294698470546A0680DF08E
:10DA0400DBF8284638BD38B504464FF0FF3180684E
:10DA14000DF0B8F8606803689B6998470546A068EC
:10DA24000DF0CAF8284638BD10B504464FF0FF3152
:10DA340080680DF0A7F860680368DB699847A06800
:10DA44000DF0BAF810BD38B504464FF0FF318068C8
:10DA54000DF098F8606803681B6A98470546A0684B
:10DA64000DF0AAF8284638BD38B504464FF0FF310A
:10DA740080680DF087F8606803685B6A984705461C
:10DA8400A0680DF099F8284638BD38B504464FF023
:10DA9400FF3180680DF076F8606803689B6A9847E8
:10DAA4000546A0680DF088F8284638BD38B5044608
:10DAB4004FF0FF3180680DF065F860680368DB6A39
:10DAC40098470546A0680DF077F8284638BD000051
:10DAD40030B583B004460D464FF0FF3180680DF039
:10DAE40051F8E36833B10F25A0680DF065F82846B6
:10DAF40003B030BD256104F10C03019305230093A9
:10DB040023464022024903480DF0E0F90546EBE7BD
:10DB1400101602001DDB000010B50C4620690CF045
:10DB2400BBFF2046FFF7B1FFF8E7000010B582B055
:10DB34000C4601AB002208490DF042FC6946204620
:10DB44000DF062FA019B009A5A600022DA606422A6
:10DB54001A6102B010BD00BF307D030008B54FF05C
:10DB6400FF31054BD3F8B8000DF00CF800200DF090
:10DB740063FB012008BD00BF507917A0424BD3F8C6
:10DB8400A830002B7ED110B53F4BD3F8A430002B26
:10DB94004ED13D4B1B692BB33B4BDB69002B6FD143
:10DBA400394C636B6269D15A01F5004102336363F6
:10DBB400A06803689B69C1F389119847D4F8B03011
:10DBC4000133C4F8B030626BA3699A4258D34FF062
:10DBD400FF32E261002222616263A26160680DF09B
:10DBE40006F84DE0284B9B6A002B49D1264C636B09
:10DBF400226AD15A01F5004102336363A0680368C5
:10DC04009B69C1F389119847D4F8B0300133C4F843
:10DC1400B030626B636A9A4232D34FF0FF32A26231
:10DC2400226100226263626260680CF0E0FF27E018
:10DC3400154A536B126B934212D3134CA0680368BA
:10DC44009B69002198470023C4F89830E068036872
:10DC54009B6A9847D4F8B80090B10CF0C8FF0FE065
:10DC6400094AD16A581C50639068C95C8900B2F8AB
:10DC7400AC3003FB01F103689B69C1F30F219847A2
:10DC8400002010BD00207047507917A0014BD3F835
:10DC940098007047507917A0184BD3F8BC300BB9D3
:10DCA400392070472DE9F04107460E46134C4FF0DA
:10DCB400FF3120680CF066FFD4F8983013B10820C7
:10DCC400BDE8F08125464FF0FF38C4F8A480002455
:10DCD400C5F8A040C5F8A8406C63EF622E632046E7
:10DCE4000DF0D8FAC5F89880E86803685B6A98472D
:10DCF40028680CF061FF2046E2E700BF507917A0C6
:10DD040038B5284BD3F8BC300BB9392038BD254C75
:10DD14004FF0FF3120680CF035FFD4F89830ABB1E8
:10DD2400E06803689B6A9847D4F8A4300BB1A269F1
:10DD340062631C4B0022C3F89820D3F8A0302BB1A7
:10DD4400184BD3F89C30B3F1FF3F18D0154BD3F8E0
:10DD54009400F8B9134D0024C5F8A440C5F8A040B8
:10DD640028680CF029FF20460DF066FAE86803687D
:10DD74009B6A984728680CF01FFF2046C6E7094CA9
:10DD84001546C4F89C20D4F894000DF079FCC4F82E
:10DD94009450DFE70DF074FC024B0022C3F894208A
:10DDA400D8E700BF507917A0F8B5284C04F1240730
:10DDB400274E00253FE04FF0FF3160680CF0E2FE93
:10DDC40004F1180332466169D4F894000DF07CFC28
:10DDD400E56160680CF0F0FEA3698BB929E0D4F822
:10DDE400A43033B3626B236B9A4220D201200CF02F
:10DDF40053FED4F8A030002BF1D0E369002BDAD124
:10DE0400A36A002BF2D04FF0FF3160680CF0BAFE29
:10DE14003B463246216AD4F894000DF055FCA562C5
:10DE240060680CF0C9FE636A002BDFD101E0FFF7E4
:10DE340067FFC4F898504FF0FF31D4F8B4000CF0E9
:10DE4400A1FEE06803685B6A9847D2E7507917A09F
:10DE54009809040070B582B0544B1B681BB10024B0
:10DE6400204602B070BD0546504B4FF0FF321A6099
:10DE7400C02200214E4810F06EFC4E480DF0E4FA2A
:10DE8400002800F08C8028460DF0DEFA002800F00F
:10DE94008880474C4FF48073A4F8AC3020460CF0D3
:10DEA40009FE201D0CF006FE04F1B4000CF002FE85
:10DEB40004F1B8000CF0FEFD4FF0FF31D4F8B400CB
:10DEC4000CF060FE4FF0FF31D4F8B8000CF05AFEAD
:10DED40004F1080137480DF097F8002863D1B4F82D
:10DEE400AC10A06803689B69490098470446002861
:10DEF400B6D1314928460DF087F808B13924AFE787
:10DF04002B4BDC6823689D69FAF7F8FE2B4BA3FBC7
:10DF14000032002101914FF0FF330093520B204651
:10DF2400A847044600289BD1214BD8680268D46ACC
:10DF3400234A0021A0470446002891D11C4C002606
:10DF4400C4F89860C4F8A460C4F8A060C4F89460ED
:10DF54001C4D28460EF00CFB606128460EF008FBB1
:10DF64002062194B01930423009333464FF400724B
:10DF7400164917480CF0AAFF0446019602230093A1
:10DF840033468022134914480CF0A0FF002C7FF480
:10DF940067AF074B4FF0FF32C3F8BC2060E739246A
:10DFA4005EE739245CE739245AE700BF487917A0B3
:10DFB400507917A0081702005C7917A03BC637BE3A
:10DFC40081DB0000980904004C7917A0381A02007C
:10DFD400ADDD0000441A020061DB00002DE9F04FC2
:10DFE40083B00646052907D04C4900F00DFC0024F7
:10DFF400204603B0BDE8F08F1446506800F0E4FBFF
:10E004000090421E464B9A425CD8A06800F0DCFBAC
:10E014000546A0F57A72434B9A4259D8E06800F05D
:10E02400D3FB07462069FFF715FF0246002855D1A8
:10E0340005FB07F73C4BA3FB07394FEA9919484600
:10E044000EF096FA019000285AD0B7F57A7F33D3B0
:10E0540000F1FF3800240FF2B40BDBE900AB2046DB
:10E064000EF051FF06460F4628460EF04CFF0246BE
:10E074000B46304639460FF0A9FC26A3D3E900230A
:10E084000FF0EEFB06460F4600980EF03CFF3246BA
:10E094003B460FF0E5FB0FF01DFE52465B460FF0CA
:10E0A400DFFB52465B460FF097FA0EF0C4FF08F808
:10E0B400010F0134A145D2D849460198FFF7ECFD80
:10E0C400012514E01949304600F0CAFB0E248FE7FD
:10E0D4001749304600F0C4FB0E2489E71549304641
:10E0E40000F0BEFB0E2483E728460CF0D5FCFFF7B6
:10E0F400CDFD04460028F7D101980EF041FA77E7E8
:10E104000D49304600F0ACFB002471E7000000002C
:10E1140000C05F40182D4454FB211940F81A020036
:10E124009F860100B8820100D34D6210501A02008C
:10E13400781A0200B41A0200CC1A02002DE9F04F3A
:10E144008FB0039053680793052909D09D4903981C
:10E1540000F05AFB00231C4620460FB0BDE8F08FA8
:10E164001446106900F030FB05460890E06800F0A2
:10E174002BFB8146A06800F027FB049048460EF074
:10E18400F7F90446059048460EF0F2F90746002CCC
:10E1940000F00E81002800F00481002D35D04FF0EE
:10E1A400000865E0079A8849039800F059FB0923A1
:10E1B4001C461BE004468549039800F051FB15E01A
:10E1C400079A8349039800F04BFB09231C460DE092
:10E1D40004990131C91BA1EB0B01009201EB0C0264
:10E1E4007C49039800F03CFB2A231C460D9878B91F
:10E1F40038460EF0C5F9059B002BADD018460EF03D
:10E20400BFF9A9E7099B1C46F0E700231C46EDE78C
:10E214000DF036FA00230D93EAE700231C46E7E7E6
:10E224000BAB002205990D980DF04EFA034628B168
:10E234001C466949039800F013FBD7E7ABEB060BC8
:10E244006CE00D980DF01CFA00230D930DAA01212A
:10E2540007980DF0DBF90028B2D142465F490398D4
:10E2640000F0FEFA0D980DF00BFA089B9845C9D002
:10E27400444608F1010842465949039800F0F0FA6F
:10E2840000230D930DAA032107980DF0BFF90990FF
:10E29400002887D1049B002BD3D0C4EBC40B049D6E
:10E2A4002646CA46A94528BFAA46BAF1000F6CD033
:10E2B4003A46002313F0010F12BF1670310A117091
:10E2C40013F0040F14BF86EA0B06F618013301326B
:10E2D4009A45EFD10CAB524639460D980DF00BFA26
:10E2E40000287FF467AFB5EB0A05DAD10D980DF07D
:10E2F400C7F900230D930DAA012107980DF086F9A3
:10E3040000287FF45DAF42463449039800F0A8FA30
:10E31400C4EBC40ADDF810B07B1E06934E46D94503
:10E3240028BF5E46002E3FF47BAF3A462B4613F0DF
:10E33400010F12BF1470210A117013F0040F14BFDF
:10E3440084EA0A04E418013301329E42EFD10BAB94
:10E35400324605990D980DF0B7F9034600287FF46D
:10E3640067AF059B581E791E069B03EB060E10F83B
:10E37400013F8C4611F8012F93427FF429AF714578
:10E38400F5D1BBEB060BC9D16CE70CAB5246394651
:10E394000D980DF0B0F910B9A5EB0A0581E7044614
:10E3A40009E71049039800F02FFA00231C4622E7DE
:10E3B4000C49039800F028FA002F7FF42EAF0023B5
:10E3C4001C46C9E6141C0200641B02008C1B0200DC
:10E3D400A41B0200E41B0200CC1B0200581C020018
:10E3E400541B02006C1C02002DE9F04188B0074662
:10E3F400294B029300238DF80C30022906D02749BB
:10E4040000F002FA002008B0BDE8F08153681B78E0
:10E414008DF80B3007A902A80DF058FC48B902AAE0
:10E424001F49384600F01CFA01246426DFF8748082
:10E434000EE002AA1C49384600F012FA0920E2E76D
:10E4440022464146384600F00BFA0134802C19D09C
:10E45400E5B201960123009304AB3246294607989E
:10E464000DF057FC0028EBD00228EED1E2B20F49A0
:10E47400384600F0F5F907980DF035FC7E2D04D8E8
:10E484000020C0E70135EDB2F5E70949384600F050
:10E49400BBF90020B7E700BF49324330001D02003A
:10E4A400A81C0200D01C0200901C0200E41C020004
:10E4B400A40C02002DE9F047A6B08146404B03931B
:10E4C40000238DF81030032973DD0F461646536878
:10E4D4001B788DF80F3025A903A80DF0F7FB002851
:10E4E4003ED1B06800F070F9824610F0800F3ED142
:10E4F40006F1080405AD06F5FE760DF1110303EBF4
:10E50400070854F8040F00F05FF9FF2838D805F81D
:10E51400010B454501D0B442F3D15FFA8AFA534660
:10E5240003AA2849484600F09BF94FF47A730193F3
:10E53400033FFFB2009705AB6422514625980DF0C6
:10E5440008FC024630B30C2829D002282CD01E49DE
:10E55400484600F085F925980DF0C5FB00202CE015
:10E5640003AA1A49484600F07BF9092025E0184916
:10E57400484600F075F925980DF0B5FB0E201CE017
:10E5840002461449484600F06BF925980DF0ABFBA0
:10E594000E2012E01049484600F036F9DBE70F4937
:10E5A400484600F031F9D6E70D49484600F02CF909
:10E5B400D1E70C4900F028F9002026B0BDE8F08727
:10E5C40049324330941D0200D41D0200901C020005
:10E5D400341D0200541D0200A40C0200B81D0200E8
:10E5E400C41D0200E81D02002DE9F047A6B0044650
:10E5F4004A4B039300238DF81030042906D0484970
:10E6040000F002F9002026B0BDE8F08715465368F3
:10E614001B788DF80F3025A903A80DF057FB60BBBC
:10E62400A86800F0D1F8074610F0800F2CD1E868F4
:10E6340000F0CAF8064680282FD8FFB200903B4667
:10E6440003AA3849204600F00BF94FF47A7301937A
:10E65400F3B2009305AB6422394625980DF059FBBB
:10E664000246002846D1C6B305AF0025DFF8B890AE
:10E67400DFF8B880DFF8B8A01CE003AA2D492046D3
:10E6840000F0EEF80920BEE72B49204600F0E8F838
:10E6940025980DF028FB0E20B5E780222749204657
:10E6A40000F0DEF825980DF01EFB0E20ABE70135D7
:10E6B400AE4212D017F8012B4946204600F0D0F89C
:10E6C400A8FB0523DB08C3EB0313EB1A072BEED1DE
:10E6D4005146204600F0C4F8E9E71949204600F005
:10E6E400BFF81849204600F08FF825980DF0FBFA82
:10E6F400002088E70C2806D0022809D012492046B9
:10E7040000F0AEF8F1E71149204600F07DF8ECE79F
:10E714000F49204600F078F8E7E700BF493243305C
:10E72400941E0200601E0200881E020089888888E8
:10E73400901E0200901C0200341D0200301E0200D4
:10E74400500E0200A40C0200D41D0200B81D0200E9
:10E75400C41D020070B50546022905D0174900F012
:10E7640053F80024204670BD144630200EF016FBEA
:10E7740060680EF019FA024608B9012408E004465C
:10E784000F49284600F06CF8ECE720460CF084F9B9
:10E794000EF06EFB0028F8D0012602E030460CF0A3
:10E7A4007BF90EF065FB04460028F7D10EF0B0FAB1
:10E7B4000449284600F054F8D4E700BFE41E0200E0
:10E7C400D41E0200A40C020000B583B00023019300
:10E7D4000378302B0AD0242B0BD1013001AA08492D
:10E7E4000FF0D1FE019803B05DF804FB4378782B59
:10E7F40004D001AA03490FF0C6FEF3E70230EDE7A7
:10E80400141F0200300C020070B584B005460C469B
:10E81400124E09E04FF0FF33009302AB022231465F
:10E8240028680DF0C9FEB0B914F8013B8DF80F301B
:10E8340073B10A2BEED00D2BF6D04FF0FF330093BB
:10E8440002AB01220DF10F0128680DF0B5FEEAE7D5
:10E8540028680DF0D9FE04B070BD00BF181F020077
:10E864000EB410B5ADF5037D044685AA52F8041B19
:10E87400019202A80FF038FF02A92046FFF7C4FF57
:10E884000DF5037DBDE8104003B070472DE9F04F4E
:10E89400ADB0834601A80FF091FF9DF80440002C11
:10E8A4006AD000273E4601ADB8464FF0010AB9468A
:10E8B4000CE085F8009008F10108B8F1090F2FDC8D
:10E8C4002B464F464E465D1C5C7834B31EB1222C59
:10E8D400EFD02B46F7E720460FF059FD034650B121
:10E8E40085F80090B7B108F10108B8F1090F17DCF9
:10E8F40037462B46E7E7222C07BF6B1C56461E46BD
:10E904002B46002FDFD12CAA02EB880242F8283CC8
:10E914005746D8E73E462B46D5E70FB108F1010824
:10E92400B8F1000F2BD0229C207830B10FF0ECFC12
:10E93400207014F8010F0028F8D1229DDBF8204143
:10E94400206838B129460FF05BFF58B154F8080F1E
:10E954000028F7D12A460B495846FFF781FF4FF0AC
:10E96400FF3006E06368002BF4D022AA41465846E3
:10E9740098472DB0BDE8F08F4FF0FF30F9E74FF026
:10E98400FF30F6E71C1F0200D1F81831002B40F0CD
:10E99400AC802DE9F04387B00C46554EDFF8548126
:10E9A400554F2AE00023C4F81031C4F80C31314625
:10E9B4002046FFF729FF24E041462046FFF724FFC5
:10E9C400D4F820512A684AB1DFF8309149462046EC
:10E9D400FFF746FF55F8082F002AF7D1D4F80C3179
:10E9E400234400221A7204F1080239462046FFF734
:10E9F40037FFD4F81831002B73D1D4F81031002B21
:10EA0400D0D13223009304AB01220DF11701206809
:10EA14000DF0E6FD0228ECD09DF81750002DE8D04B
:10EA24003F2DC9D00D2D1CD00A2D1AD0082D27D06A
:10EA3400D4F80C317F2BDCD88DF80C504FF0000942
:10EA44008DF80D9003A92046FFF7DEFED4F80C21C3
:10EA5400531CC4F80C3122441572234483F80890E3
:10EA6400C7E727492046FFF7CFFED4F80C31C3B9D6
:10EA740094F8893013BB4FF0FF33C4F81031B8E772
:10EA8400D4F80C31002BB4D01E492046FFF7BCFE4D
:10EA9400D4F80C31013BC4F80C31234400221A721F
:10EAA400A7E704F108058122294604F189000FF043
:10EAB40029FE29462046FFF7E9FEDCE704F189092F
:10EAC4004A4611492046FFF7CBFE04F1080581228E
:10EAD400494628460FF016FE29462046FFF7D6FE83
:10EAE400C9E7002007B0BDE8F0830020704700BFED
:10EAF400341F0200381F0200481F0200401F02009A
:10EB0400181F0200501F0200541F02002DE9F0419B
:10EB140082B0002841D00D4617461E4680464FF469
:10EB240092700DF025FD0446002838D0C0F800800E
:10EB3400C0F820610023C0F80C314FF0FF32C0F858
:10EB4400102180F88930C0F81431C0F81831C0F8A9
:10EB54001C3100F58A700BF0ADFF064660B1D4F8A5
:10EB64001401B8B920460DF00BFD002405B12C604A
:10EB7400304602B0BDE8F081231D019303230093C6
:10EB840023463A46074908480CF0A0F906460028EF
:10EB9400ECD0E4E70BF0DDFFE4E71826E8E7042611
:10EBA400E6E700BF601F02008DE9000008B5094BCD
:10EBB4001B6803B108BD4FF407600DF0DDFC064B84
:10EBC4001860064B00221A605A60024B4FF0FF3265
:10EBD4001A60EFE7107A17A0147A17A0187A17A012
:10EBE40030B583B00446FFF7E1FF174B53F82450C8
:10EBF40025B32B685B6901A92846984700BB019B94
:10EC040013F0030F0CD0114B1B684FF4876202FB07
:10EC140004F400221A552B685B6901A92846984719
:10EC2400019B03F0010013F0020F18BF40F0020033
:10EC340013F0040F05D040F0040002E0012000E0CE
:10EC4400012003B030BD00BF187A17A0147A17A0B2
:10EC540030B583B004460D46FFF7A8FF012C1FD83A
:10EC6400104B53F8243013B10A2003B030BD0D4BC0
:10EC740043F8245004F130038DF804303A238DF81E
:10EC8400053000258DF80650074B1B68012201A9A9
:10EC94004FF4876000FB043001F02AF92846E4E7CA
:10ECA4000620E2E7187A17A0147A17A010B50446D4
:10ECB400FFF77CFF084B53F8240050B103681B692D
:10ECC4000021984708B1012010BD2046FFF788FFB6
:10ECD400FAE70120F8E700BF187A17A02DE9F84FEA
:10ECE4001D463C4B53F82080B8F1000F5ED00C4613
:10ECF400174611F0030F2CD17F2D1AD97F264FF020
:10ED04000009D8F80030D3F818A023463246394613
:10ED14004046D047022853D00C2853D0002853D162
:10ED24007F3D7F3704F57E4448460BF0B5FE7F2DCA
:10ED3400E7D8D8F800309E6923462A46394640462B
:10ED4400B047022842D00C2842D0051E18BF012526
:10ED54002DE04FF4876303FB00F000F237201E4BD5
:10ED64001B6803EB000929F003092E462F444FF0DA
:10ED7400010A4FF4007BB91BB6B1D8F800309D6985
:10ED84004B4652464046A8470546022812D00C2856
:10ED940012D098B95A46494620460FF0B3FC04F500
:10EDA4000074013EE7D102E0042500E00425284672
:10EDB400BDE8F88F0325FAE70325F8E70125F6E710
:10EDC4000325F4E70325F2E70125F0E70325EEE741
:10EDD4000325ECE7187A17A0147A17A02DE9F84F49
:10EDE4000D4611461A46274B53F82060002E3CD09E
:10EDF40015F0030F2BD04FF4876303FB00F000F2F0
:10EE04003720214B1F68074427F00307144601EB02
:10EE140002084FF4007BA8EB0409B4B15A46294612
:10EE240038460FF06FFC3368D3F81CA03B46012230
:10EE340049463046D047022819D00C2819D0D0B9F9
:10EE440005F50075013CE6D10DE004200BE03368C4
:10EE5400DC692B463046A04702280ED00C280ED081
:10EE6400003818BF0120BDE8F88F0420FBE7032019
:10EE7400F9E70320F7E70120F5E70320F3E7032090
:10EE8400F1E700BF187A17A0147A17A030B585B03F
:10EE940003460C461A4951F8200070B3154624B9AC
:10EEA400022B04D8204605B030BD042C10D00368D2
:10EEB4005B6A01A99847022819D00C2819D0D0B947
:10EEC400012C08D0022C0AD0032C0CD00424E9E72E
:10EED400022BE7D9EBE7019B2B600446E2E7029B98
:10EEE4002B800446DEE7039B2B600446DAE7032409
:10EEF400D8E70324D6E70424D4E70420D3E700BFEB
:10EF0400187A17A008B50B4B53F8200058B10368C2
:10EF14005B6A9847022808D00C2808D0003818BF2C
:10EF24000120800008BD0420FCE70320FAE7032049
:10EF3400F8E700BF187A17A0C378827842EA032260
:10EF4400437843EA0223007840EA032070470170C3
:10EF54000B0A43700B0C8370090EC17070470239A1
:10EF64008369023B8B4283BF4389C06A01FB030070
:10EF740000207047826A131D490A00684089B1FB6A
:10EF8400F0F1506848B1814205D3091A53F8080FCB
:10EF94000028F8D170475868084470470146006853
:10EFA40000B3024612F8013B202B1ED93A2BF9D1AB
:10EFB4000378A3F1300C5FFA8CFCBCF1090F02D981
:10EFC4004FF0FF3070470230824202D04FF0FF30E2
:10EFD4007047A3F13000012802DD4FF0FF30704785
:10EFE4000A6070474FF0FF307047014B1878704744
:10EFF400207A17A038B50D46044698B103689BB132
:10F004001A78A2B18188DA88914203D009200024B9
:10F014002C6038BD5878FFF7E3FD10F0010009D1EA
:10F024002468F5E70920F3E71C460920F0E70920E6
:10F034000024EDE709200024EAE770B505790DB94D
:10F04400284670BD044600F134060123026B3146A4
:10F054004078FFF7C3FE054688B900232371216B6E
:10F06400E269636ACB1A9342EAD2E378022BE7D1CE
:10F0740001230A4431466078FFF7B0FEE0E701253A
:10F08400DEE738B5036B8B4201D1002038BD04465E
:10F094000D46FFF7D2FF0028F8D101232A4604F1D8
:10F0A40034016078FFF71AFE00281CBF01204FF0DE
:10F0B400FF352563EAE72DE9F04105460C46FFF7E5
:10F0C400BCFF10B10120BDE8F08121462846FFF7BE
:10F0D40046FF0646286305F134074FF40072002109
:10F0E40038460FF038FB6B8900246BB100244FF0D5
:10F0F40001084346321939466878FFF76FFE18B99C
:10F1040001346B89A342F4D86889001B18BF01201D
:10F11400D9E7000038B50446FFF78FFF50B92378CC
:10F12400032B08D0002211466078FFF7AFFE0038A9
:10F1340018BF012038BD6379012BF3D104F13405E4
:10F144004FF40072002128460FF005FB552384F884
:10F154003232AA2384F833320E492846FFF7F7FEE9
:10F164000D4904F50670FFF7F2FE216904F50770F6
:10F17400FFF7EDFEE16804F50870FFF7E8FE226A88
:10F1840001322263012329466078FFF727FE00231A
:10F194006371C7E752526141727241612DE9F047D0
:10F1A400012940F2828006460C46154683698B424B
:10F1B4007FD90378022B49D0032B5BD0012B7AD162
:10F1C40001EB5108416A01EB5821FFF75AFF07464A
:10F1D40000286BD106F1340908F1010AC8F30808C4
:10F1E40014F0010F1AD019F8083003F00F0343EAA2
:10F1F400051309F8083001233371716A01EB5A21B0
:10F204003046FFF73EFF002857D1CAF308034B44AA
:10F21400C5F307121A700123337147E009F8085047
:10F2240001233371716A01EB5A213046FFF729FF3C
:10F23400002844D1CAF3080A09EB0A03C5F30322E0
:10F2440019F80A1021F00F010A43E3E7416A01EBC0
:10F254001421FFF716FF074640BB06F13403640090
:10F2640004F4FF7419191D55C5F307224A700123CC
:10F2740033711BE0416A01EBD411FFF702FF07462B
:10F28400A0B925F0704506F13403A40004F4FE741B
:10F294001C442046FFF750FE00F0704129432046ED
:10F2A400FFF755FE0123337100E002273846BDE81D
:10F2B400F0870227FAE70227F8E70746F6E707464A
:10F2C400F4E78A76C2F30723CB760378032B00D0C6
:10F2D4007047120C0A75120A4A75F9E7012956D9C2
:10F2E400F8B50C460568AB698B4252D92B78022BD2
:10F2F4002AD0032B39D0012B4DD101EB5106696A79
:10F3040001EB56212846FFF7BCFE10B14FF0FF3049
:10F3140040E0771CC6F308062E4496F83460696A08
:10F3240001EB57212846FFF7ACFEB0BBC7F3080733
:10F334002F4497F8343046EA032014F0010F14BF29
:10F344000009C0F30B0025E0696A01EB142128468B
:10F35400FFF797FE20BB3435640004F4FF742B19C7
:10F364005B78285D40EA032014E0696A01EBD4115C
:10F374002846FFF786FEB0B905F13400A40004F472
:10F38400FE742044FFF7D8FD20F0704002E0012015
:10F3940070470120F8BD0120FCE74FF0FF30F9E78A
:10F3A4004FF0FF30F6E74FF0FF30F3E7B1F5001F01
:10F3B40045D22DE9F04106460D4611F01F0F40D10C
:10F3C400D0F80080016184683CB998F80030022BC1
:10F3D4001FD9D8F82830E3B11C46B8F80A305F02C8
:10F3E400B5EB432F10D321463046FFF777FF044691
:10F3F400B0F1FF3F29D0012829D9D8F81830834229
:10F4040027D9ED1BAF42EED921464046FFF7A7FDB1
:10F4140006E0B8F80830B3EB551F14D9D8F8280023
:10F42400B0617461B8B100EB5520B06108F13408E3
:10F43400C5F308014144F1610020BDE8F0810220D8
:10F4440070470220F9E70220F7E70120F5E70220E0
:10F45400F3E70220F1E70220EFE72DE9F04105464A
:10F4640006680F4659B9F468002C76D0B369A342F4
:10F4740098BF01243369002B66D0A0464EE0FFF705
:10F484002DFF0346012862D9B0F1FF3F5CD0B26979
:10F49400824259D83369002B56D07C1CA24298BFB3
:10F4A400022421462846FFF719FF034601284BD0C2
:10F4B400B0F1FF3F48D038B1F468012C4FD9B3699B
:10F4C400A34298BF3C46D8E7BCB14FF0FF32214677
:10F4D4003046FFF763FE034688BB47BBF4603269DE
:10F4E400B369023B9A429CBF02F1FF3232617379E5
:10F4F40043F001037371234626E0B8463C460DE011
:10F5040021462846FFF7EAFE03460028DDD00128FD
:10F514001AD0B0F1FF3F17D044451CD00134B36971
:10F52400A342EDD8B8F1010F13D90224E8E722462B
:10F5340039463046FFF732FE03460028CED0012B71
:10F5440014BF01234FF0FF331846BDE8F0810123B7
:10F55400FAE70023F8E70023F6E701248AE73C46AC
:10F564008BE72DE9F0410C460568012931D906469F
:10F574001146AB69A3422FD90AB900270AE04FF01C
:10F58400FF322846FFF70AFE84460028F5D025E01E
:10F59400A24223D9A04621463046FFF79FFE0446E7
:10F5A400F8B1012820D0B0F1FF3F20D03A464146BF
:10F5B4002846FFF7F3FD844680B92B69AA69911E9A
:10F5C4008B42E5D201332B616B7943F001036B71FC
:10F5D400DEE74FF0020C01E04FF0020C6046BDE89C
:10F5E400F0814FF0000CF9E74FF0020CF6E74FF012
:10F5F400010CF3E72DE9F843044606680569203554
:10F60400B5F5001F03D300238361042014E088466A
:10F614008369002B45D0C5F308073FB901338361E3
:10F62400416979B93389B3EB551F07D9256106F1CF
:10F6340034033B44E3610020BDE8F8830023836185
:10F644000420F9E77389013B13EA5523EED1FFF750
:10F6540045FE8146012826D9B0F1FF3F25D0B36984
:10F66400834212D8B8F1000F17D061692046FFF722
:10F67400F4FE8146D8B101281BD0B0F1FF3F1AD067
:10F6840001463046FFF717FDB8B9C4F8149049464F
:10F694003046FFF764FCA061C8E70023A36104209F
:10F6A400CAE70420C8E70220C6E70120C4E7072010
:10F6B400C2E70220C0E70120BEE70120BCE7F8B59D
:10F6C400044606680021FFF771FE054658BB012772
:10F6D40005E039462046FFF78DFF054618BBA169B2
:10F6E4003046FFF7CEFC0546E8B9E3691B78E52B05
:10F6F40001D0002BEDD1A1693046FFF7C2FC0546CD
:10F70400A8B920220021E0690FF025F8E369216AF5
:10F71400626A19605A60218D94F82A2019819A72BC
:10F724000123337103E0042D03D0002DE3D02846D8
:10F73400F8BD0725FBE7F8B504460F4605684FF00A
:10F74400040C002605E031462046FFF753FF8446AB
:10F7540010BBA169D1B12846FFF793FC8446D8B900
:10F76400E3691A78B2B1DB7A03F03F03A371E52AA7
:10F77400E9D02E2AE7D00F2BE5D023F02003082B65
:10F7840014BF00230123BB42DDD107E0BCF1000F0D
:10F7940004D001E04FF0040C0023A3616046F8BDDF
:10F7A40038B50446002303714FF0FF330363FFF7BA
:10F7B40068FC00286FD194F8333294F8320240EA9E
:10F7C400032594F83430EB2B0AD01833DBB2012B29
:10F7D40006D94AF655239D4214BF0320022038BDA2
:10F7E4004AF655239D420AD094F8402094F83F30BD
:10F7F40043EA02235A1E1A4218D00320EFE70822D4
:10F804002A4904F186000EF034FE002845D094F80D
:10F81400402094F83F3043EA02235A1E1A4240D152
:10F82400B3F5007F3FD194F8413004E0B3F5007F95
:10F8340035D194F84130002BCBD05A1E1A42C8D18E
:10F8440094F8432094F8423053EA0223C1D094F848
:10F854004430013B012BBCD894F8462094F8453041
:10F8640053EA0223B5D094F8482094F8473043EA89
:10F8740002237F2B06D804F15400FFF75DFBB0F59B
:10F88400803FA6D394F84B2094F84A3053EA0223DD
:10F894009FD00020A3E70420A1E700209FE70320D6
:10F8A4009DE702209BE7022099E700BF641F020046
:10F8B4002DE9F04F85B00E46154600230B60FFF787
:10F8C4006DFB0028C0F22281BE4B53F82040002C6F
:10F8D40000F02181346005F0FE0523786BB1607877
:10F8E400FFF77EF910F0010F07D1002D00F00F8112
:10F8F40010F0040518BF0A2509E10023237060787D
:10F90400FFF7D4F910F0010640F007811DB110F0A3
:10F91400040F40F0048100212046FFF741FF022834
:10F9240000F09E80042800F0FC80012800F2FB8097
:10F9340094F8402094F83F3043EA02231BB2B3F515
:10F94400007F40F0F28094F84B2094F84A3053EA58
:10F95400022704D104F15800FFF7EEFA0746D4F861
:10F964003090E76194F8448084F8038008F1FF3311
:10F97400DBB2012B00F2DB8094F841506581002D4D
:10F9840000F0D7806B1E2B4240F0D58094F84620BF
:10F9940094F8453043EA02230FFA83FB9A46238105
:10F9A40013F00F0F40F0C98094F8483094F84700E2
:10F9B40050EA032003D104F15400FFF7BDFA94F890
:10F9C400432094F8423053EA022300F0B88007FB46
:10F9D40008F803EB1A1242449042C0F0B280801A35
:10F9E400B0FBF5F1A842C0F0AE807748814200F246
:10F9F400AC804FF6F570814200F2B38040F6F570AA
:10FA0400814200F2EB8002314B44A161C4F82090A2
:10FA140063624A44E262BAF1000F00F09C8008EB92
:10FA2400030201EB410001F0010303EB5003012148
:10FA3400A26203F2FF13B7EB532FC0F08A804FF09A
:10FA4400FF332361E3608023637121705F4A13886D
:10FA540001339BB21380E38000236361354656E093
:10FA640004F5FD776D4604F23A29A8463846FFF7B7
:10FA740063FA48F8040B1037B945F7D105F11007BC
:10FA84004FF0030808E02046FFF78AFE01287FF6BE
:10FA94004FAFAF423FF446AF55F8041B0029F2D1F3
:10FAA4004046F6E709F101012046FFF7EAFA58BBA0
:10FAB4000023637194F8332294F8323243EA022328
:10FAC4001BB2434A934201D00321BEE704F1340040
:10FAD400FFF732FA3F4B984201D00321B5E704F512
:10FAE4000670FFF729FA3C4B984201D00321ACE79A
:10FAF40004F50770FFF720FA206104F50870FFF79A
:10FB04001BFAE0600321A0E703219EE70B252846AA
:10FB140005B0BDE8F08F0C25F9E70325F7E70A25C2
:10FB2400F5E70125F3E70D25F1E70D25EFE70D25B1
:10FB3400EDE70D25EBE70D25E9E70D25E7E70D25B5
:10FB4400E5E70D25E3E70D25E1E70D25DFE70D25C5
:10FB5400DDE70D25DBE70D25D9E70D25D7E70D25D5
:10FB6400D5E78D1CA561C4F820904B4463624A44D8
:10FB7400E26294F85F2094F85E3043EA02231FFAAD
:10FB84008BFB5BEA030BE8D104F16000FFF7D4F9C7
:10FB9400A062AB0003F2FF13B7EB532FD7D34FF0A0
:10FBA400FF332361E3608023637194F8652094F844
:10FBB400643043EA02231BB2012B3FF473AF0321E9
:10FBC40043E700BF247A17A0F5FFFF0F227A17A09E
:10FBD40055AAFFFF525261417272416102314B4496
:10FBE400A161C4F8209063624A44E262BAF1000F52
:10FBF400B5D003EB08024B00022119E738B5002306
:10FC04004B728369002B37D005460C464FF0000C2D
:10FC140062462E2006E004EB0C014B720CF1010C41
:10FC24000B2A0FD0E9698B5C0132202BF8D0052B0D
:10FC340008BFE523092AEED104EB0C0148720CF14C
:10FC4400010CE8E7A44400238CF80930EB69DB7A63
:10FC540003F03F032372E8691C30FFF76DF920605D
:10FC6400EB69DA7D9B7D43EA0223E380EB695A7EEC
:10FC74001B7E43EA0223A38038BD0246C87E8B7EE6
:10FC840043EA00201378032B00D070474A7D0B7D94
:10FC940043EA022340EA0340F7E700002DE9F04F6E
:10FCA40085B004460E46026801920B782F2B03D0D0
:10FCB4005C2B01D0536908E033461E4613F8012B30
:10FCC4002F2AFAD05C2AF8D00023A36033781F2BA4
:10FCD40004D904F120074FF0203B96E0802384F8F8
:10FCE4002B3000212046FFF761FB8246BDE02E2326
:10FCF40084F8203073782E2B0AD12E2384F82130F7
:10FD0400B3782E2B02D14FF0060AAEE0032200E0B6
:10FD140002222F2B00F0AD805C2B00F0AA80202B58
:10FD2400F1D81644242384F82B302568002120467A
:10FD3400FFF73CFB8246002840F087804FF00B0918
:10FD44004FF0000832E0029C08F1FF33334400E036
:10FD54000B46591C5A782F2AFAD05C2AF8D0039AF9
:10FD6400C2F1010213441E44B9F1000FCBD094F840
:10FD74002030E52B04BF052384F82030202D0BD937
:10FD84003378202B8CBF002301239B00CBE705F0A5
:10FD94007F05554B5D5D8CE00423C4E74146204656
:10FDA400FFF728FC8246002840F09880A169284685
:10FDB400FFF767F98246002840F09080E0690378F5
:10FDC400002B00F08980C37A03F03F03A37190F8FD
:10FDD4000BA01AF0080AE1D14A4639460EF049FB55
:10FDE4000028DBD194F82B3013F0040F3DD1A37914
:10FDF40013F0100F26D0019800F134012369C3F3E6
:10FE040008031944FFF739FFA060C7F800B0C7F82A
:10FE140004B0C7F807B035782E2D3FF468AF202D15
:10FE24007FF671AF03964FF000094FF0080A4FF0C8
:10FE34000108029434462DE013F0040F08BF4FF07C
:10FE4400050A12E04FF0050A0FE094F82B30BAF1DE
:10FE5400040F0AD113F0200FEED013F0040FD4D006
:10FE6400802384F82B304FF0000A504605B0BDE8DB
:10FE7400F08F1644202356E7BAF10B0F3FF443AF3B
:10FE84004FF008094FF00B0A08F1010814F8015F5C
:10FE9400202D26D92F2D3FF456AF5C2D3FF453AFC0
:10FEA4002E2DE9D0CA457FF62EAF15F0800F7FF4D2
:10FEB4006EAF29460D480EF079FB00287FF423AF7E
:10FEC400A5F16103DBB2192B9CBF203DEDB207F80D
:10FED400095009F10109D7E74FF0040A94F82B30CF
:10FEE400B5E7029C464442E7947D0300701F02007C
:10FEF40010B584B0019000911446039103A8FFF754
:10FF04004DF800281ADB0E4B53F8203023B10022A1
:10FF14000B4941F820201A70019B2BB15870002224
:10FF24001A70074A42F8203014B9204604B010BDB4
:10FF3400002201A96846FFF7BBFCF7E70B20F5E7B1
:10FF4400247A17A02DE9F0478EB00191002800F023
:10FF5400C5801446054602F03F073A4602A901A8A7
:10FF6400FFF7A6FC064628B100232B6030460EB0EE
:10FF7400BDE8F087DDF80880CDF80C80019903A86E
:10FF8400FFF78CFE0346002840F0CC809DF9373003
:10FF9400002BC0F2CD8014F01C0F00F0D2809DF82D
:10FFA400123013F0110F40F0958014F0040F0CD0B0
:10FFB4000826D9E7042B40F0C28003A8FFF77FFB93
:10FFC400002840F0858047F0080717F0080F34D167
:10FFD400D8F830302B62DDF82890C5F824904946D3
:10FFE4004046FFF74AFE0446A86009F11C00FEF7EC
:0CFFF400A3FF8146E8600021A962C5F867
:020000021000EC
:100000000080B8F80630AB802F746974E9616961CB
:1000100005F12C0A4FF4007250460EF09EFB17F0CB
:10002000200FA5D0B9F1000FA2D0C5F81490B8F8F0
:100030000A305F02B9EB432F5BD8234666E001F03C
:10004000A2FA044601460A980E30FEF782FF2146C6
:100050000A981630FEF77DFFDDF8289049464046A5
:10006000FFF70DFE0446202389F80B3000220A9981
:100070004046FFF728F900210A981C30FEF769FF77
:10008000012388F8043014B947F04007A2E7D8F8F4
:1000900030900022214603A8FFF765FA08B1064612
:1000A00064E749464046FEF7EEFF013CC8F80C40C5
:1000B0000028E9D0064659E700EB5922EA610123FE
:1000C000514698F80100FEF70BFE00283FF450AFB0
:1000D00001264BE7064649E7072647E7042645E79A
:1000E000092645E70226AC6140E7A9EB07094F4521
:1000F0000BD221462846FFF7F3F804460128F1D930
:10010000B0F1FF3FF1D10126EDE70346AB61C9F342
:100110000803002B3FF42CAF21464046FEF721FF99
:100120000028C9D1022621E714F01C0F7FF444AF48
:100130001E461BE714F01C0F08BF0623F8D0062646
:1001400014E71E4612E79DF8123013F0100FC5D1C8
:1001500014F0020F3FF43EAF13F0010F3FF43AAF3B
:10016000072603E72DE9F04F87B004460F46934674
:1001700098460023C8F8003005A9FEF73DFF064663
:10018000002840F0A980667C002E40F0A580237CEA
:1001900013F0010900F0BF80E36862699B1A9B4578
:1001A00028BF9B46BBF1000F00F0968004F12C03A2
:1001B0000193CDF808900396BA4655E0A36A1BB1A7
:1001C0002046FEF7D9FE5FE0A1692046FFF788F8D8
:1001D0005AE0022666747FE0DDF80890012363741C
:1001E0004E4679E00226667476E094F91030002BD2
:1001F00001DB6D022CE0E069C01BA842F9D24FF48C
:10020000007204F12C010AEB40200EF07DFAF0E7B9
:10021000E269BA420DD094F91030002B60DB012363
:100220003A4604F12C0199F80100FEF759FD002827
:1002300069D1E7616169C1F30801C1F500755D45E8
:1002400028BF5D462A46019B194450460EF05CFAD1
:10025000D8F800302B44C8F80030AA4463692B4416
:100260006361BBEB050B54D06169C1F30803002B3C
:10027000E0D1DDF81490B9F80A60013E16EA512683
:1002800008D100299AD1A0680128A2D9B0F1FF3F76
:10029000A2D0A061A1694846FEF763FE0746002888
:1002A000A0D03744BBF5007FB2D34FEA5B25B9F845
:1002B0000A3006EB5B229A4288BF9D1B2B463A46CA
:1002C000514699F80100FEF70BFD00288DD0DDF8AE
:1002D0000890012363744E46304607B0BDE8F08FA6
:1002E000012304F12C0199F80100FEF779FD20B9F2
:1002F000237C03F07F03237491E7DDF8089001234A
:1003000063744E46E8E7DDF80890012363744E46B7
:10031000E2E7039EE0E70726DEE72DE9F04F85B030
:1003200004460F46154698460023C8F8003003A936
:10033000FEF762FE824600284BD194F811A0BAF174
:10034000000F46D1237C13F0020F00F0DB806369BD
:10035000EB4228BFDD43002D00F0CF8004F12C03D9
:100360000193A2E0A36A002B37D02046FEF704FEDB
:10037000002800F0C280012834D0B0F1FF3F36D011
:10038000A061A36803B9A06094F91030002B33DB9F
:10039000A1695846FEF7E5FD814600283FD0B144EB
:1003A000B5F5007F56D36B0A0093BBF80A3006EB15
:1003B00055229A4284BF9B1B0093009B4A463946B4
:1003C0009BF80100FEF70CFD70B34FF0010A84F8B2
:1003D00011A0504605B0BDE8F08FA1692046FFF797
:1003E0003EF8C5E74FF0020A84F811A0F1E74FF09C
:1003F000010A84F811A0ECE70123E26904F12C0161
:100400009BF80100FEF7ECFC20B9237C03F07F038E
:100410002374BDE74FF0010A84F811A0D9E74FF02B
:10042000020A84F811A0D4E7E169A1EB0901009B5D
:10043000994202D3009B5E0227E04FF4007207EB63
:10044000412104F12C000EF05FF9237C03F07F03BF
:100450002374EFE7E3694B4503D06269E3689A428E
:100460003CD3C4F81C906069C0F30800C0F5007666
:10047000AE4228BF2E4632463946019B18440EF044
:1004800043F9237C63F07F032374D8F800303344AE
:10049000C8F800303744636933446361E2689A42C4
:1004A00038BF1A46E260AD1B27D06169C1F308036B
:1004B000002BD8D1DDF80CB0BBF80A60013E16EA7B
:1004C00051267FF461AF00297FF44CAFA06800286B
:1004D0007FF451AF2046FEF7C2FF49E701234A46A9
:1004E00004F12C019BF80100FEF7FAFB0028B8D0BC
:1004F0004FF0010A84F811A06BE7237C43F040031E
:10050000237466E74FF0070A63E70000012801D96A
:100510000D207047024B53F820300B6000207047CD
:10052000247A17A000B583B001A9FFF7EFFF10B13F
:1005300003B05DF804FB0198FEF781FDF8E7F0B524
:1005400083B0044601A9FEF757FD78B9237C13F068
:1005500040000BD013F0800F0AD101F014F80546CB
:10056000019E216A3046FEF78EFD78B103B0F0BDE2
:100570000123E26904F12C0101984078FEF730FC78
:1005800028BB237C03F07F032374E6E7676AFB7ACA
:1005900043F02003FB72A26839462068FEF793FE01
:1005A000E16807F11C00FEF7D4FC294607F11600AC
:1005B000FEF7CFFC0023BB74FB740123337130467C
:1005C000FEF7AAFD237C23F040032374CEE701202D
:1005D000CCE710B582B00446FFF7B1FF08B102B016
:1005E00010BD01A92046FEF707FD0028F7D12060C5
:1005F000F5E72DE9F04F83B004460E4601A9FEF75A
:10060000FBFC054678B9657C6DB9A36A002B00F048
:100610008780B6F1FF3F0AD0E3689E4228BF1E469E
:100620006661002E3FD1284603B0BDE8F08F9846A2
:1006300058F804BBD4F80890B9F1000F27D04FF058
:10064000020A4946002701370E462046FEF748FEBB
:100650000146012815D9B0F1FF3F15D00136864279
:10066000F1D00AF1020AD34505D3434643F8087B8B
:10067000C8F804909846019B9B698B4209D989462A
:10068000DFE702256574CEE701256574CBE74FF0FF
:10069000020AA36AC3F800A0DA4500F2F180002341
:1006A000C8F80030BFE706F1FF3841462046FEF7A4
:1006B00063FC0146A061019F3846FEF752FCD0B1B1
:1006C000C6F30806002EAED07E89013E06EA582603
:1006D0000644E269B242A6D094F91030002B0DDB3B
:1006E0000123324604F12C017878FEF7F9FA054629
:1006F00098B9E66197E70225657494E7012304F150
:100700002C017878FEF76CFB20B9237C03F07F0383
:100710002374E5E70125657485E70125657482E7A3
:10072000E368B34205D2227C12F0020F40F0AA80A7
:100730001E46636900226261002E3FF474AFDDF84B
:100740000490B9F80A804FEA482873B1013B721E41
:10075000B2FBF8F2B3FBF8F18A4206D3C8F100020B
:1007600013406361F61AA76903E0A768002F35D02C
:10077000A76187B1464554D8636933446361C6F3C2
:100780000803002B67D039464846FEF7EAFB0028ED
:100790005ED000EB56276369E268934204D9E360B8
:1007A000227C42F040022274C3F30803002B3FF482
:1007B0003AAFE269BA423FF436AF94F91030002BF9
:1007C0004BDB01233A4604F12C0101984078FEF7F7
:1007D00087FA0546002850D1E76124E7002120462A
:1007E000FEF73DFE0746012804D0B0F1FF3F04D0DC
:1007F000A060BDE70225657415E70125657412E761
:1008000039462046FEF76CFD0746B7F1FF3F19D089
:10081000012F1AD9D9F81830BB4216D9A761B045B3
:10082000AAD2A6EB0806636943446361237C13F0F4
:10083000020FE5D039462046FEF711FE0746002894
:10084000E3D1A8E701256574EDE602256574EAE6C3
:1008500002256574E7E61F469DE7012304F12C019C
:1008600001984078FEF7BCFA20B9237C03F07F039F
:100870002374A6E701256574D5E601256574D2E6E3
:100880001125D0E663690022626158E730B585B072
:10089000019188B30446002203A901A8FFF70AF8D2
:1008A000034620B100222260184605B030BD039DEA
:1008B000256001992046FFF7F3F9034698B994F9AA
:1008C0002B30002B08DBA37913F0100F10D0E16957
:1008D0002846FFF7D4F9A060EB88A38000212046CA
:1008E000FEF766FD0346042B04D0002BDCD0D9E7CD
:1008F0000523D7E70523D5E70923D5E770B582B0EF
:1009000004460D4601A9FEF777FB034640B955B1F1
:1009100000212046FEF711FF034610F0FB0608D029
:10092000184602B070BD00212046FEF741FD034687
:10093000F6E729462046FFF763F900212046FEF737
:100940005BFE042814BF03463346E9E72DE9F04F68
:1009500089B001900F4600911446002207A901A812
:10096000FEF7A8FF824638B9079E26603369B5694D
:10097000AA1E934204D83B60504609B0BDE8F08FF0
:100980003478012C06D0D6F824900024274606F1AE
:1009900034082AE003960225002703E00135B369F5
:1009A000AB4232D9294603A8FEF79AFCB0F1FF3FCB
:1009B00033D0012833D00028F0D10137EEE709F118
:1009C000010B49463046FEF75EFB58BBD9460EE0A8
:1009D00008EB0400FEF7B2FA30F0704308BF0137AD
:1009E0000434C4F30804013D0FD0002CE7D0337861
:1009F000022BEDD108EB04035A7818F8043053EABF
:100A0000022308BF01370234EBE7009B1F60376108
:100A1000737943F001037371AEE7A246ACE74FF080
:100A2000020AA9E78246A7E7F0B59BB0019002222F
:100A300019A901A8FEF73EFF08B11BB0F0BD199C33
:100A40000E9401990EA8FFF72BF90028F5D19DF817
:100A5000633013F0200F3AD113F0800F39D19DF895
:100A60003E5015F0010F36D1159F39462046FFF74D
:100A700006F9064615F0100F11D0636983422CD099
:100A800003940590002103A8FEF792FC0028D4D11E
:100A9000002103A8FEF751FE08B30428CDD10E9D16
:100AA00014992846FEF7EFFA0028C6D1E5233B70DB
:100AB00001232B711EB92046FEF72EFBBDE7002255
:100AC00031460EA8FEF74FFD0028B6D1F3E7062009
:100AD000B3E70620B1E70720AFE70720ADE707201F
:100AE000ABE72DE9F04192B00190022211A901A8D3
:100AF000FEF7E0FE044618B1204612B0BDE8F081D2
:100B0000119B0693019906A8FFF7CAF80446E8B1BD
:100B10000428F1D19DF8433013F0200F18D1119B18
:100B20000293002102A8FEF79AFC054600286ED029
:100B3000012D0FD0B5F1FF3F0ED1012400F023FDB0
:100B40000022294602A8FEF70EFDD5E70824D3E7C8
:100B50000624D1E70224F1E700F015FD07462946F7
:100B60001198FEF7AAFA04460028E9D1119C04F175
:100B700034064FF02033C4F83530C4F83930A4F8C7
:100B80003D304FF02E0884F83480102384F83F3035
:100B9000394604F14A00FEF7DCF92A463146204680
:100BA000FEF791FB606BA16BE26B236C6065A16546
:100BB000E2652366606CA16CE26C236D6066A166E1
:100BC000E266236784F85580089A04F154012046B0
:100BD000FEF779FB0123237106A8FEF772FD044698
:100BE0000028ADD139460D981630FEF7B2F9119CA8
:100BF0002A460D992046FEF766FB0D9B1022DA72FD
:100C0000012323712046FEF787FA044674E700F0BB
:100C1000BAFC072494E770B5A2B001900091684631
:100C2000FEF7BEF9022221A901A8FEF743FE08B192
:100C300022B070BD219D1695019916A8FFF730F8D6
:100C40000028F5D19DF8833013F0A00F01D00620C5
:100C5000EEE71D9C0DF10C0C20686168A268E3684A
:100C6000ACE80F0020696169A269E369ACE80F0094
:100C70000DF1580EBEE80F00ACE80F00BEE80F0003
:100C8000ACE80F009EE807008CE8070000990BA86D
:100C9000FFF706F858B90D9A189B9A4201D0082020
:100CA000C6E70F9A1A9B9A4203D00820C0E704288F
:100CB000BED10BA8FEF705FD0028B9D11299DDF8C9
:100CC0001960DDF81D00DDF82120DDF82530C1F8C0
:100CD0000D60C1F81100C1F81520C1F81930BDF838
:100CE00029209DF82B30A1F81D20CB779DF81730D7
:100CF00013F0100F08BF43F02003CB7201232B71B8
:100D0000CB7A13F0100F18D0189A0D9B9A4214D07A
:100D10002846FEF7B4FF01462846FEF722F90146B1
:100D200008B9022084E72846FEF7ADF900287FF4D1
:100D30007FAF95F855302E2B0FD0169E1C9930465C
:100D4000FEF7A1F900287FF473AFE5232370012398
:100D500033712846FEF7E0F96AE70D9A05F1540170
:100D60002846FEF7B0FA01232B71E6E72DE9F04F94
:100D700095B00D900D46019200930DA8FEF710F965
:100D80000028C0F28883A34B53F820300BB1002217
:100D90001A70C4B22046FDF78BFF10F0010F40F02F
:100DA0007C8310F0040F40F07C83002D00F0A183C1
:100DB0006B681393002B00F09F83139A531EB3F5B7
:100DC000004F01D21A4201D00123139395F80190EC
:100DD00009F1FF33DBB2022B28BF4FF00109D5F830
:100DE000088008F1FF33B3F5004F2DD218F00F0F34
:100DF00018BF4FF40078EE68B6F1807F27D8731ED5
:100E0000334218BF0026009BB3F5007FC0F04B8330
:100E1000019B002B00F049832D780023129312AA26
:100E200001212046FEF734F8002840F0408315F0F9
:100E300008030A930DD1129B3F2B40F23A833F3BAC
:100E400012933F23029306E04FF40078D3E7002685
:100E5000D9E700230293129B7F2B40F22C83B6F537
:100E6000813F34BF760A802615F00203079341D0F4
:100E700005F00105C5F10305EBB20693CB4600F082
:100E800082FB0B90DDF848A0C8F316110591029A79
:100E9000531C0993CB180493139B03F1FF3EC3F13A
:100EA000000C02F1200308930C94069C032C2CD018
:100EB000002E54D03246BAFBF2F340F6F5718B4265
:100EC0005AD9991C490001F2FF11490A049B01FB00
:100ED0000B300EEB000303EA0C031B1AB3FBFBF50C
:100EE0000BFB1535002D4ED0013B029D02350395BD
:100EF00002274BE015F0010F00F0DF82022306937A
:100F0000BCE71646D2E70324D0E7DEB13246BAFB8F
:100F1000F2F18B0003F207235B0AA1F57F41F6395A
:100F20003D48814200F2CB82089903FB0B1000EB95
:100F30000E0505EA0C052D1A05F120076918039125
:100F4000002127E04FEA5A403449012213468342E8
:100F5000DDD8520031F8023F002BF8D1D7E74FEA35
:100F60001A302F4901231A468342A4D8520031F87F
:100F7000023F002BF8D19EE703EB43010131490802
:100F8000033101249FE7099D03950127B3FBFBF380
:100F90000B440599029D401B00EB02108245C0F0F6
:100FA00090827818AAEB00000BFB1300B0FBF2F064
:100FB000032C12D0022C35D14FF6F575A8421BD95F
:100FC000002E40F08E825200402A9AD9079B002BB7
:100FD00099D1802A0ED8164668E74FF6F575A842D3
:100FE00020D8002E40F06F82012A01D956085DE713
:100FF0000E2053E20E2051E240F6F575A84235D896
:10100000002E40F062825600802E7FF64FAF0E20F9
:1010100044E200BF247A17A0FFFFFE0F747D030097
:10102000647D03003D4607910592049307462346DD
:1010300006940C9C012B20D140F6F573984200F2E7
:1010400046824FF400720021019E30460DF085FB70
:10105000BB4B03CB306071601A889B783281B372CE
:101060009DF81420EBB2C5F307201FE03D46079121
:1010700005920493074606940C9C4FF400720021DD
:10108000019E30460DF069FBAD4B03CB30607160C3
:101090001A889B783281B3729DF81420EBB2C5F3A5
:1010A00007200699032908BF4FF000080221019D7F
:1010B00029736A73AB73E87385F8109085F8118013
:1010C000C8F3072885F81280BAF5803F80F0AE801B
:1010D00085F813A0CAF307232B750B9B53449A463C
:1010E000F823019A53753F231376FF2393760299D1
:1010F00002F11C00FDF72DFF069B032B00F09D80E5
:101100005146019D05F12700FDF723FF049BAB75B8
:10111000C3F30723EB75802385F82430292385F852
:101120002630884E0FCEC5F82B00C5F82F10294663
:10113000C5F83320C5F837303288B378A5F83B209E
:1011400085F83D30552385F8FE31AA2385F8FF3117
:101150000123029A2046FDF743FE002840F0B981A2
:10116000009B4FEA53286FF308031A460021019EA3
:1011700030460DF0F2FA069B012B734B18BF6FF04F
:101180000703029300254FF40079AA46039FCDF888
:101190000CB0B346069B032B00F0BF800299584663
:1011A000FDF7D7FE049E00953546464528BF4546C7
:1011B0002B463A4659462046FDF712FE002840F0DD
:1011C0008A814A46514658460DF0C7FA2F44761B8D
:1011D000EAD1009D0135039BAB42DBD1079B059A09
:1011E0000699032908BF13461E46DDF804903546CC
:1011F000464528BF45462B463A4649462046FDF718
:10120000EFFD002840F069812F44761BEFD1069A4C
:10121000032A00F0A180129BB3F5803F80F0C080CC
:10122000022A14BF01230423009397E05146019B37
:1012300003F12000FDF78DFE4FE75146019D05F1BA
:101240004300FDF786FE049905F12400FDF781FEB9
:10125000022105F12C00FDF77CFE4FF0010C85F812
:1012600030C0062385F83230802385F840302923AA
:1012700085F84230354E0FCEC5F84700C5F84B1003
:10128000C5F84F202946C5F853303288B378A5F801
:10129000572085F85930552385F8FE31AA2385F863
:1012A000FF316346029A2046FDF79AFD08B10120FE
:1012B000F4E00123029DAA1D019E31462046FDF760
:1012C0008FFD4FF40072002130460DF046FA2049A0
:1012D0003046FDF73EFE1F4906F5F270FDF739FE78
:1012E000791E06F5F470FDF734FE022106F5F6705E
:1012F000FDF72FFE5523314686F8FE31AA2386F8E6
:10130000FF310123EA1D2046FDF76AFD0123099AFA
:1013100031462046FDF764FD22E76FF0070158468D
:10132000FDF717FE4FF0FF310BF10400FDF711FE42
:101330006FF070410BF10800FDF70BFE32E700BFC4
:10134000801F0200A01F0200F8FFFF008C1F020098
:1013500052526141727241610C2300930A9B002B2F
:1013600040F08E80129B1093002311930FAA01214D
:101370002046FDF78DFD002840F0B980DDF83C9057
:101380006A4B99450FD908254FF63E436D0015F07D
:10139000FF0500F0B780B9FBF5F29A42F6D8B2E04B
:1013A00006230093DAE74FF40072002101980DF054
:1013B000D4F9B9F13F0F56D90825AAE0A9EB0704E3
:1013C000002C4DD039463046FDF7C3FD2146301D77
:1013D000FDF7BFFD009B06F8043CB7FBFBF3B3FB36
:1013E000F5F205FB123106F8071CC3EB8313FB1A59
:1013F0000133910821F03F010B4306F8063C06F843
:10140000052C27447B1EB3FBFBF2B2FBF5F105FB79
:10141000112006F8030CC2EB82129B1A01338A08D2
:1014200022F03F02134306F8023C06F8011C029B1F
:101430009E4217D06FB31036B9450FD95AF8044BF6
:10144000642C05D81DBF6423B9FBF3F35C434C4601
:101450003B199945B2D39F42B2D9AFE7444602E067
:10146000444600E044465523019981F8FE31AA2301
:1014700081F8FF31012300222046FDF7B1FC70BB4B
:10148000002211462046FDF703FD003818BF012059
:1014900004E04446E7E70B2000E0032015B0BDE878
:1014A000F08F0A20FAE71120F8E71120F6E7012073
:1014B000F4E70E20F2E70E20F0E71320EEE70E200F
:1014C000ECE70E20EAE70E20E8E70E20E6E70E2024
:1014D000E4E70120E2E70120E0E70120DEE7012068
:1014E000DCE7079B0BB10324E0E40E20D6E70120E4
:1014F000D4E7002313930E4D13AA03212046FDF7D2
:10150000C7FC5AE4FF254FF40072002101980DF04A
:1015100024F90DF1400A019B03F5E37603F5FB7313
:1015200002933F27BB46A04688E700BFF7E10700CC
:10153000847D030010B582B0044668460BF0AAF81B
:10154000B0B99DF80230E3719DF80130A3719DF8A8
:1015500000306371002323719DF80530E3709DF81E
:101560000430A370BDF806300120238002B010BD06
:101570000020E071A0710C2363710123E370A3705C
:101580004FF4FA63F1E700B583B00023CDF80230E1
:10159000ADF806306846FFF7CDFF9DF802209DF8B4
:1015A00003301B0443EA42539DF8052043EAC2235B
:1015B0009DF8062043EA42139DF8072043EA5203B0
:1015C000BDF80000A0F2BC7043EA406003B05DF8D3
:1015D00004FB13282FD8DFE800F031300A0C0E107E
:1015E000121416181A1C1E20222426282A2C0B201E
:1015F00070470D20704709207047092070470E2062
:101600007047082070470F2070470E207047112048
:1016100070470E207047122070470A207047132031
:1016200070470220704711207047042070470A203D
:1016300070470E207047FF20704710207047C1F39D
:10164000452303F2BC730380C1F34313837001F09D
:101650001F01C170704710B50446043009F02CFA20
:101660000023C4F83432C4F86434C4F89436C4F89F
:10167000C43810BD08B54FF0FF31406809F084FA56
:1016800008BD08B5406809F099FA08BD2DE9F8438E
:1016900005460F4616469846FFF7ECFF2C464FF0DE
:1016A000000CD4F8340258B10CF1010C04F50C74A0
:1016B000BCF1040FF5D12846FFF7E3FF012044E019
:1016C0004FF40C730CFB03322A444FF0FF3151608E
:1016D0000FFA8CF405F1080903FB0499022E1DD0C2
:1016E000032E09D0012239464846FEF72DFC064656
:1016F000E0B9C8F8004022E00A2239464846FEF721
:1017000023FC064690B9C8F8004018E0C8F800402D
:10171000D9F80C104846FEF76CFF10E0122239464B
:101720004846FEF711FC06460028EFD04FF40C7334
:1017300004FB03332B4400225A60C8F800202846DB
:10174000FFF79FFF3046FFF744FFBDE8F88303290A
:1017500016D870B50546164600F108044FF40C7310
:1017600003FB0144D4F82C3263B1FFF783FFE36835
:1017700033602846FFF785FF0020FFF72AFF70BD82
:101780000E2070470320FAE7032919D870B50546E3
:10179000164600F108044FF40C7303FB0144D4F81F
:1017A0002C327BB1FFF766FF31462046FEF721FF62
:1017B00004462846FFF765FF2046FFF70AFF70BD85
:1017C0000E2070470320FAE7032916D870B50546A6
:1017D000164600F108044FF40C7303FB0144D4F8DF
:1017E0002C3263B1FFF746FF636933602846FFF789
:1017F00048FF0020FFF7EDFE70BD0E20704703206C
:10180000FAE703291BD870B50546164600F108040F
:101810004FF40C7303FB0144D4F82C328BB1FFF767
:1018200029FFA6624FF0FF312046FEF7E2FE044694
:101830002846FFF726FF2046FFF7CBFE70BD0E209F
:1018400070470320FAE703291AD870B5054600F15E
:1018500008044FF40C7303FB0144D4F82C328BB111
:10186000FFF708FF2046FEF7B4FE06460023C4F843
:101870002C322846FFF705FF3046FFF7AAFE70BD61
:101880000E2070470320FAE703291CD8F8B5054657
:1018900017461E4600F108044FF40C7303FB014485
:1018A000D4F82C328BB1FFF7E5FE069B3246394661
:1018B0002046FEF757FC04462846FFF7E2FE204686
:1018C000FFF787FEF8BD0E2070470320FAE70329D3
:1018D0001CD8F8B5054617461E4600F108044FF41B
:1018E0000C7303FB0144D4F82C328BB1FFF7C2FE1A
:1018F000069B324639462046FEF70FFD0446284631
:10190000FFF7BFFE2046FFF764FEF8BD0E207047CC
:101910000320FAE738B505460C46FFF7ABFE204634
:10192000FFF782F804462846FFF7ABFE2046FFF794
:1019300050FE38BDD1F8240138B110B50C460AF07C
:1019400021FE0020C4F8240110BD0E20704770B5A0
:1019500005460C461646FFF78DFE31462046FFF73A
:101960005AF904462846FFF78CFE2046FFF731FE61
:1019700070BD38B505460C46FFF77CFE2046FFF7E4
:10198000B0F804462846FFF77CFE2046FFF721FE0C
:1019900038BD38B505460B78202B03D111F8013F2F
:1019A000202BFBD0303BDCB2092C11D84B783A2BE2
:1019B00018BF00242846FFF75DFE2046FEF7B2FD63
:1019C00004462846FFF75DFE2046FFF702FE38BDBD
:1019D0000024EFE770B582B005460E461446FFF7C7
:1019E00049FE01AA04F10C013046FEF7AFFF06469E
:1019F00040B9019A9369023BA360538963604FF435
:101A0000007323602846FFF73CFE3046FFF7E1FDF8
:101A100002B070BD70B505460C461646FFF72AFEAB
:101A2000303C3146E0B2FDF76FFA04462846FFF736
:101A300028FE2046FFF7CDFD70BD70B5ADF5007DE9
:101A400005460C461646FFF715FE4FF400736A462E
:101A500031462046FFF78AF904462846FFF711FE73
:101A6000002C0CBF20462D200DF5007D70BDF8B573
:101A7000D1F82471002F00F0918006460C46FFF744
:101A8000F9FD002387F8353007F12C013846FEF7C1
:101A900035FF05463046FFF7F4FD002D79D197F864
:101AA0003530002B7DD0002384F8013197F8343095
:101AB000C3F3001384F8013197F8342012F0010FBA
:101AC0001CBF43F0020384F8013197F8343013F05F
:101AD000040F05D094F8013143F0040384F8013178
:101AE00097F8343013F0020F05D094F8013143F029
:101AF000080384F8013197F8343013F0200F05D033
:101B000094F8013143F0100384F80131398E04F563
:101B10008870FFF794FD7B8E002684F81761DA0A3F
:101B200084F81421C3F3451284F8152103F01F0330
:101B300084F81631398E04F58470FFF780FD7B8EB2
:101B400084F80F61DA0A84F80C21C3F3451284F893
:101B50000D2103F01F0384F80E31398E04F58C70CB
:101B6000FFF76DFD7B8E84F81F61DA0A84F81C2173
:101B7000C3F3451284F81D2103F01F0384F81E31BE
:101B800007F1350120460CF01BFEFB6AC4F8043156
:101B900005E02846FFF71DFD054600E00E25284616
:101BA000F8BD0925FBE7F8B505460F461646442063
:101BB0000AF0E0FC0446442200210CF0CEFDC6F8F9
:101BC0002441A4B12846FFF755FD39462046FEF7CB
:101BD0005DFE04462846FFF754FD1CB12046FFF782
:101BE000F8FCF8BD31462846FFF741FFF9E704202D
:101BF000F7E7000008B500231A460249024809F039
:101C0000E1FB08BD147E0300941702002DE9F04F9C
:101C100085B081460C4616460E9A5F1A002FB8BF53
:101C20007F42A2EB060ABAF1000FB8BFCAF1000A60
:101C30008B42B4BF4FF0FF3301230393B242B4BFD2
:101C40004FF0FF3201220292574509DB07EBD775AF
:101C50006D100193002303939B464FF000081AE098
:101C60000AEBDA756D10DDF808B03B4657469A4628
:101C7000002302930193F0E75544AF4204DCED1BCF
:101C8000039B1C44029B1E44019B1C445E4408F1C0
:101C90000108474517DBD9F80830A342ECDCD9F836
:101CA0001030A342E8DBD9F80C30B342E4DCD9F8B9
:101CB0001430B342E0DBB9F83C30324621464846A6
:101CC00000F0CAF9D8E705B0BDE8F08F08B5436A5F
:101CD000194409B2C36A994205DC836A1A4412B2F4
:101CE000036B9A4200DD08BD838F00F0B5F9FAE777
:101CF0002DE9F04F85B081460E98D9F824400C4468
:101D0000D9F8286016445F1A002FB8BF7F42A0EBB5
:101D1000020ABAF1000FB8BFCAF1000A9942CCBF5B
:101D20004FF0FF33012303938242CCBF4FF0FF32C9
:101D300001220292574509DB07EBD7756D1001931D
:101D4000002303939B464FF000081AE00AEBDA7574
:101D50006D10DDF808B03B4657469A4600230293C3
:101D60000193F0E75544AF4204DCED1B039B1C4498
:101D7000029B1E44019B1C445E4408F10108474538
:101D800017DBD9F80830A342ECDCD9F81030A342B5
:101D9000E8DBD9F80C30B342E4DCD9F81430B342B4
:101DA000E0DBB9F83C3032462146484600F054F9B1
:101DB000D8E705B0BDE8F08F70B582B004460E4696
:101DC000856A036B9D420DDC616AE26A0132521A38
:101DD000009233462A46204600F086F90135226BF0
:101DE000AA42F1DA02B070BD2DE9F04F85B0044689
:101DF0000E980F9EBDF8507050EA060571D4109DE4
:101E00008D426EDA119D95426BDA21606260236526
:101E1000E3650023A4F85830A060E660109B2361BE
:101E20006561BDF84C30A387E787BDF85430A4F84E
:101E30004030129BC3186362129BF318A362109B7D
:101E4000129A9B1AE362AB1A2363109B1B1AA3EB33
:101E50004203E361AB1BA3EB42032362002A34DDA0
:101E6000129B03EB000A0546331A0293109B03EB07
:101E70000009119B03EB000BA0460397029B5E1920
:101E8000A9EB050700963B46324629464046FFF738
:101E9000BDFEABEB050400943B4632463946404656
:101EA000FFF7B4FE00942B46224639464046FFF722
:101EB000ADFE00962B46224629464046FFF7A6FE79
:101EC00001355545DAD14446039F169B012B0DD0B1
:101ED0000023A364626A6263A26AA263636401204E
:101EE00001E00020606505B0BDE8F08F394620466E
:101EF000FFF762FFECE72DE9F04182B00746089D4D
:101F0000994202DC18460B460146AA4202DC2846EA
:101F100015460246786ABE6AC4188442B8BF0446B1
:101F20003544B542B8BF354600EB0108FB6A984519
:101F3000A8BF984616443B6B9E42A8BF1E4600951C
:101F400043462A4621463846FFF760FE0096434640
:101F50002A4641463846FFF759FE00962346324648
:101F600041463846FFF752FE009523463246214649
:101F70003846FFF74BFE7B6C9BB90134A04510DD62
:101F80000135AE420DDDA8EB0408CDF80080B7F8AE
:101F900040302A462146384600F0A6F80135AE42C8
:101FA000F3D102B0BDE8F08170B58AB004460125D6
:101FB0000895BDF854600796BDF850600696BDF8C8
:101FC0004C600596129E0496119E0396109E0296F2
:101FD0000F9E01960E9E0096FFF706FFE5640AB07D
:101FE00070BD30B58BB0044600250895BDF854503F
:101FF0000795BDF850500695BDF84C500595129DBB
:102000000495119D0395109D02950F9D01950E9DC0
:102010000095FFF7E9FE0123E3640BB030BD818733
:102020007047A0F8401070474164704710B41368BF
:10203000846A1B1B13600B68426A9B1A0B6010BCFE
:1020400070471368D0F828C0634413600B68426A75
:1020500013440B607047000010B40B4C94F900401F
:1020600014B10468641A611E084C94F9004014B15C
:102070004468A21A013A046804FB0211026D22F8B6
:10208000113010BC704700BF2D7A17A02C7A17A012
:1020900070B58446049E059C114890F9000028B153
:1020A000DCF80000051B691AC01A031B0D4890F9E3
:1020B000000028B1DCF80400821A013A801B461E99
:1020C000DCF85000DCF8005006FB053302FB05117C
:1020D000620000EB410100EB43000CF015FB70BD0A
:1020E0002D7A17A02C7A17A030B4029C0E4D95F9CA
:1020F000005015B105686D1A291B0C4D95F900505B
:1021000015B14568AA1A013A056805FB0211026D6E
:1021100002EB4102601E2CB122F8023B0138B0F103
:10212000FF3FF9D130BC70472D7A17A02C7A17A049
:1021300030B58E469DF80C40B0F83CC01C4991F972
:10214000001011B141688A1A013A056805FB02F2D4
:10215000016D01EB4202174991F90010A9B1A5EBFD
:102160000E05013D02EB4501621ED2B264B1520080
:1021700082F00102D2430A44002BB8BFA1F800C08C
:1021800002395B008A42F7D130BD02EB4E01621E7C
:10219000D2B2002CF8D0013201EB4202002BB8BFC2
:1021A000A1F800C002315B009142F7D1ECE700BF1B
:1021B0002C7A17A02D7A17A070B50D469DF8104007
:1021C000B0F83CC0B0F83EE01C4991F9001011B1E4
:1021D00041688A1A013A066806FB02F2016D01EBBA
:1021E0004202174991F90010A9B1761B013E02EB9A
:1021F0004601621ED2B26CB1520082F00102D2439B
:102200000A443EEA230028BF604621F802095B0029
:102210009142F6D170BD02EB4501601EC0B2002CA8
:10222000F8D0013001EB40003EEA230228BF6246AD
:1022300021F8022B5B008842F6D1EBE72C7A17A03D
:102240002D7A17A038B584461846049D154B93F98E
:1022500000301BB1DCF804309A1A013ADCF8004077
:1022600002FB04F3DCF8502002EB430E0E4B93F913
:10227000003083B1641A05F1FF3C5DB10EEB4401FF
:10228000831E31F8022D23F8022F0CF1FF3CBCF124
:10229000FF3FF6D138BD6A000EEB41010CF034FA75
:1022A000F8E700BF2C7A17A02D7A17A070B48C46DF
:1022B000039C049E174991F9001011B141688A1AD4
:1022C000013A056805FB02F2016D01EB4202124979
:1022D00091F9001081B1A5EB0C05013D02EB450120
:1022E00046B1981913F8012B34F8122021F802296D
:1022F0009842F7D170BC704702EB4C01002EF9D028
:10230000981913F8012B34F8122021F8022B984267
:10231000F7D1EFE72C7A17A02D7A17A0024B18708F
:10232000024B1970704700BF2D7A17A02C7A17A0A6
:1023300010B4446A21444163836A1A4482638C4224
:1023400005DD4463934207DD836310BC7047C46AB4
:10235000A142C8BF4463F5E7036B9A42C8BF8363D9
:10236000F3E710B4436B446A1B1B0B60836B816AF9
:102370005B1A136010BC704770B582B004460E46FD
:10238000856A0D44036B9D420FDC616AE26A521A52
:1023900001320192AB1B00930B462A462046FFF701
:1023A00077FE0135236BAB42EFDAA56B236B9D42C1
:1023B0000DDC616AE36A5B1A01330093E38F2A46FE
:1023C0002046FFF791FE0135236BAB42F1DA02B0F4
:1023D00070BD10B50446436A4363826CB2F90030A5
:1023E000816B0B448363B2F90010026B5818904262
:1023F0000EDDD21A891A5B1AA3632046FFF7BCFFD1
:10240000A36BA26CB2F90010226B58189042F0DC5A
:1024100010BD2DE9F04F87B006460A2928D0836CFD
:102420009A78A1EB02099B6813F80930426B1344B8
:10243000C26A93421FDCB16CCB68FBB133F8193030
:10244000B1F9002002FB03F34A6802EB4302B1F941
:102450000030002B7BDD09F101035800831E04933B
:10246000012302934FF0000B05900392DA4659E0E6
:10247000FFF7AFFF71E0FFF7ACFFDCE7B1F9003029
:1024800009FB03F34A6802EB4302E0E703F1FF3B79
:102490004FEA2B1B06E003F1FF3B4FEA2B1B01E049
:1024A0004FF0000BB48E029B002B34D00BF10108CF
:1024B0000BFB0AA707F10047013F039B03EB47070C
:1024C000002514E0B26C926812F80910A1EB051116
:1024D00012E0B26BC9B200911B045244214630464F
:1024E000FFF76AFE1034A4B20135454513D037F822
:1024F000023FAB45E6DD1021F26C002AE9D0B26B59
:10250000C9B200911B04524421463046FFF710FE29
:10251000E8E7002302930AF1010AB16CB1F9003037
:10252000534514DD8B6813F80930002BB8D0CA6806
:10253000002AABD00599515A0498125A8A1AB3EB63
:10254000021FA8DB002AE4DD02F1FF3BAAE78B684B
:1025500013F80920736B1344736307B0BDE8F08F61
:1025600038B505460C46097839B938BD2846FFF715
:1025700030FF14F8011F0029F7D00A29F6D0AB6C00
:102580009A788A42F5D8DB788B42F2D32846FFF757
:1025900040FFEEE738B504460D4611461A46FFF7F0
:1025A000C7FE29462046FFF7DBFF38BD2DE9F04185
:1025B00006460F4690461A460C78ACB18E4600206F
:1025C00002E01EF8014F84B10A2C0ED0B56C95F8CC
:1025D00002C0A445F5D8E978A142F2D3A4EB0C04DB
:1025E000AB681B5D1844ECE7002008EBD87800EBE3
:1025F000D0704010C0EB68013046FFF799FE3946B5
:102600003046FFF7ADFFBDE8F08181647047836C11
:10261000B3F900007047836C9A788A4208D8D8785A
:10262000884201D200207047891A9B68585C704725
:10263000002070472DE9F04383B00446806C236A84
:102640000333B0F900C0634548DB0D46002945D08F
:10265000B4F84080B4F83C90E78FE66CA4F84020D2
:10266000E287A287B0F9003002330093E3690022C9
:1026700011462046FFF73FFC636A02336363A36A97
:102680000133A363A4F83C90A4F84080E7870123BA
:10269000E36429462046FFF763FFE664A36CB3F9C1
:1026A000002003320092E36A00212046FFF720FB5E
:1026B000A26CB2F90030E1680B440433E360B2F974
:1026C0000030A16A0B440433A362B2F90010043154
:1026D000226A521A2262626A6263A36303B0BDE88F
:1026E000F083C164704770B50C46097859B106464D
:1026F00000253046FFF78FFF054414F8011F00291D
:10270000F7D1284670BD0025FBE72DE9F0410546CD
:102710000C461646F6F7D8FAAB68002B34D00246C2
:1027200020462B4602E02033996849B39C42FAD0F8
:102730005988DF883944B4F802C0E788BC444FEABE
:102740006C0CCCEB610C2188A78839444FEA6108F6
:10275000B3F800E09F88BE444FEA6E0EBEEB610FF7
:1027600034BFA8EB0E0EAEEB080E9445DBD2BCFBDB
:10277000F6F1714588BF1846714588BF6246D2E7B9
:10278000A04201D0BDE8F081F6F79EFA0746AB689B
:102790003BB3204603E02035AB68002BF2D0A542C6
:1027A000F9D06288E3881A4452102188A38819441A
:1027B0004FEA610C2B88B5F804E073445B10B3EB6F
:1027C000610F34BFACEB0303A3EB0C039742E2D9D8
:1027D000B2FBF6F1994288BF2846994288BF174656
:1027E000D9E72046CEE72DE9F04105460C461746CD
:1027F000F6F76AFAAB68002B34D026462B4602E087
:1028000020339A684AB39C42FAD06288E1880A442D
:10281000B3F802C0D9888C444FEA6C0CCCEB620C44
:102820002288A1880A444FEA6208B3F800E0998838
:102830008E444FEA6E0EBEEB620F34BFA8EB0E0E55
:10284000AEEB080E8445DBD2BCFBF7F2724588BFC5
:102850001E46724588BF6046D2E7A64202D0304687
:10286000BDE8F081F6F730FA8046AB683BB3264608
:1028700003E02035AB68002BF1D0A542F9D0F6F784
:1028800023FA6B88EA881344A0EB63002288A388AC
:102890001A4451102B88B5F804C063445B10B3EBA5
:1028A000620F34BFCB1A5B1A8045E2D9B0FBF7F256
:1028B0009A4288BF2E469A4288BF8046D9E726466C
:1028C000CDE72DE9F04105460C461746F6F7FFF92E
:1028D000AB68002B34D026462B4602E020339A68A2
:1028E0004AB39C42FAD02288A1880A44B3F800C0B7
:1028F00099888C444FEA6C0CCCEB620C6288E188BE
:102900000A444FEA6208B3F802E0D9888E444FEADD
:102910006E0EBEEB620F34BFA8EB0E0EAEEB080ED0
:102920008445DBD2BCFBF7F2724588BF1E46724578
:1029300088BF6046D2E7A64202D03046BDE8F081AB
:10294000F6F7C5F98046AB683BB3264603E0203571
:10295000AB68002BF1D0A542F9D0F6F7B8F92B8877
:10296000AA881344A0EB63006A88EB881A445110CC
:102970006388B4F806C063445B10B3EB620F34BFE6
:10298000CB1A5B1A8045E2D9B0FBF7F29A4288BFB6
:102990002E469A4288BF8046D9E72646CDE72DE9E4
:1029A000F04105460C461646F6F791F9AB68002B48
:1029B00034D0024620462B4602E02033996849B3C2
:1029C0009C42FAD019889F883944B4F800C0A7887F
:1029D000BC444FEA6C0CCCEB610C5988DF8839445D
:1029E0004FEA6108B4F802E0E788BE444FEA6E0E91
:1029F000BEEB610F34BFA8EB0E0EAEEB080E944594
:102A0000DBD2BCFBF6F1714588BF1846714588BF23
:102A10006246D2E7A04201D0BDE8F081F6F757F94F
:102A20000746AB683BB3204603E02035AB68002B7C
:102A3000F2D0A542F9D02A88AB881A44521069888E
:102A4000EB8819444FEA610C6388B4F806E07344DC
:102A50005B10B3EB610F34BFACEB0303A3EB0C03D0
:102A60009742E2D9B2FBF6F1994288BF28469942D3
:102A700088BF1746D9E72046CEE70346806818B9D5
:102A80000FE02033986868B118888842F9D8988890
:102A90008842F6D358889042F3D8D8889042F0D331
:102AA0001846704770472DE9F04182B080460C46C9
:102AB00000F07AFDA368002B43D0203436E054F8B0
:102AC000103C93B134F8203C019334F81E3C009341
:102AD0006A4601A94046FFF7B4FABDF80020BDF8E8
:102AE000041054F8100C00F00DFB57F8186C3178F6
:102AF00029B300254046FFF78EFD054416F8011F57
:102B00000029F7D137F81A3C37F8202C37F81C1C6D
:102B10000A446D080233C5EB620257F8181C4046A0
:102B2000FFF738FD203454F8183C53B1A4F12000CD
:102B3000274654F8043C002BC1D09847F2E7002503
:102B4000E0E702B0BDE8F081F0B585B006460C467E
:102B50001546536803939368029302AA03A9FFF7EB
:102B600065FA2B68022B36D0AB68012B40F08481CC
:102B70009E4B1F68002F00F0E3809D4F7988304600
:102B8000FFF74FFA79883046FFF749FA01213046BE
:102B9000FFF74AFA954B1868838842880188C088F5
:102BA00000903046FFF7A7F900213046FFF73CFAC6
:102BB0006B680D2B00F05081A3F57E42032A00F2D2
:102BC00053811346032B00F25181DFE813F0FB0021
:102BD000E7001D013101EB68012B2FD0854B1B68ED
:102BE00013B1844B00221A60EB68002B40F0408147
:102BF000814B1F68002F00F0CE80FB68002B00F097
:102C000039817D4D00242C6001213046FFF70CFAFC
:102C1000774B59883046FFF702FABB887A883988A3
:102C2000F88800903046FFF766F921463046FFF7F6
:102C3000FBF9FB68384698472C60ACE06B681BB921
:102C4000AB68002B00F01A81BDF80820BDF80C100D
:102C50002046FFF712FF0446674B1B68834200F0D3
:102C60000D81D3B1624F79883046FFF7DAF9798860
:102C70003046FFF7D4F901213046FFF7D5F95E4B16
:102C80001868838842880188C08800903046FFF722
:102C900032F900213046FFF7C7F9584B00221A607D
:102CA000E4B1534B19883046FFF7B9F9012130469A
:102CB000FFF7BAF9A38862882188E088009030463F
:102CC000FFF719F900213046FFF7AEF9A38A13F098
:102CD000010F03D0494B4FF0FF321A60464B1C6086
:102CE000464B1B68002B3FF47FAF424B1B6863B918
:102CF000404B4FF0FF321A6008F09AF8404B1860D2
:102D0000404B4FF4FA721A606EE73D4B186808F0BA
:102D10009DF83C4B1B689842FFF466AFB3F5FA7F11
:102D200006D0FA2B08D008F083F8354B18605BE723
:102D3000344BFA221A60F6E7324B4B221A60F2E764
:102D4000A16879B139464FF4A062638820880344B2
:102D50009A4288BF21469A4228BF1A462034A36867
:102D6000002BF2D1214B1960214B19883046FFF717
:102D700056F901213046FFF757F91C4B1868838834
:102D800042880188C08800903046FFF7B4F80021DF
:102D90003046FFF749F9384605B0F0BD134D022221
:102DA00029682046FFF7FBFD2968884203D00F4BB6
:102DB00018600027D8E701222046FFF7F0FD2860C1
:102DC0000027D1E7094D022229682046FFF779FD47
:102DD0002968884203D0054B18600027C4E7012208
:102DE0002046FFF76EFD28600027BDE7307A17A068
:102DF00090000010407A17A0347A17A094000010B9
:102E0000387A17A03C7A17A0204D02222968204664
:102E1000FFF7E9FC2968884203D01C4B18600027A3
:102E2000A2E701222046FFF7DEFC286000279BE78F
:102E3000164D022229682046FFF767FC2968884260
:102E400003D0124B186000278EE701222046FFF7BF
:102E50005CFC2860002787E70C4B1F6800221A6083
:102E6000FB68384698477FE700277DE700277BE728
:102E7000002790E700278EE700278CE7044B1B68AC
:102E8000002B7FF432AF002785E700BF307A17A010
:102E90009400001030B585B004460D4610461A4621
:102EA000694607F076FF30B96A4629462046FFF7A3
:102EB0004BFE05B030BD0020FBE708B5C2B2C0F341
:102EC0000721C0F30740F5F731FF08BD2DE9F04FAA
:102ED00087B004460F460392D0F80E20D0F80A308F
:102EE000D0F812A0D0F81690C18BD0F82E00E5696A
:102EF000B0F5807F3DD889B2ADB2082D3ED1CAF180
:102F0000000505F0030B0E32224488B1151FDFF8CF
:102F1000108102EB8002161F0493059155F8040FEF
:102F2000FFF7CBFF28F8020BB542F7D1049B0599B8
:102F30001C44012929D0002967D1B9F1000F6DD0B7
:102F4000039B5D1E4D44DFF8DC80354ED344B9460B
:102F500057469A460197009623462A4649464046D8
:102F6000FFF7A4F95C44AA4505F1FF35F2D1012031
:102F700008E02D480BF0D8FA002003E02B480BF0B6
:102F8000D3FA002007B0BDE8F08FB9F1000F41D0AF
:102F900003994A1E9144DFF88880CDF80CB023468F
:102FA0005446CA4689462CE003F1020B5E7801962E
:102FB000CDF800805B46524679191A48FFF776F93A
:102FC00035440BEB060316F0010F18BF0133A54281
:102FD00010D21E78002EE7D003F1020B5B7800962A
:102FE00038F81330524679190E48FFF77DF835440A
:102FF0005B46ECE7039A13440AF1FF31D1450BD04D
:103000008A460025002CE4D1F4E709480BF08CFA3D
:103010000020B7E70120B5E70120B3E70120B1E7C1
:10302000447A17A0507C17A0C01F0200EC1F0200BA
:103030002020020010B5084B1A69D96801FB02F282
:10304000D96D01EB42045200204600F08BFA204675
:10305000F5F766FE10BD00BF447C17A008B5024B13
:10306000D86DF5F75DFE08BD447C17A02DE9F0474B
:10307000134B1C69D3F80CA0D3F85C9007F0D8FE72
:103080000546104FA61E04F1FF380AE0A8EB000029
:103090000AFB00F009EB4000F5F742FE012007F0C3
:1030A000FDFC07F0C5FE431B04FB03F3A7FB032352
:1030B000D809B6EBD31FE9D2FFF7D0FFBDE8F08700
:1030C000447C17A0898888882DE9F04383B00A9F43
:1030D000BDF82C805D1C6D1ABA420DDC0E461446FC
:1030E000DFF81C9000954346224631464846FEF7DD
:1030F000FBFF0134A742F5DA03B0BDE8F08300BF5F
:10310000507C17A02DE9F04FADF5097D0491914653
:103110008279437903EB0223B3F5807F6FD80646AB
:1031200082890392B0F80EA003EB430B6BB1044607
:1031300008AD0BEB0007A27CE17C207DF5F7F6FDE6
:1031400025F8020B0334BC42F5D1BAF1000F56D07A
:10315000C8460AF1FF32039901F1120301FB023361
:103160005B44F51809EB0A030593274E0DF1200B7C
:1031700032E052B309F1010A049CCDF8188007959A
:1031800017F8013B3BF813502B464A462146304680
:10319000FEF762FF04F101082B464A4641463046DD
:1031A000FEF75AFF2B46524641463046FEF754FF83
:1031B0002B46524621463046FEF74EFF0234029B14
:1031C0009F42DDD1DDF81880079D08F1010809F163
:1031D0000209059B984512D00295039AAD1A2F4615
:1031E0000A4B1B68002BC4D1039B0193CDF800B0A0
:1031F0002B46424604993046FFF758F8E5E70DF5AF
:10320000097DBDE8F08F00BF507C17A0447C17A05B
:103210002DE9F04706460846154B1C69D3F80C808B
:1032200008FB04F25200D96D00F09CF907F000FE93
:103230000546104F04F1FF3A4FF0010909E05044F0
:1032400008FB00F006EB4000F5F76AFD484607F082
:1032500025FC07F0EDFD431B04FB03F3A7FB032351
:10326000D809B4EBD31FEAD8FFF7F8FEBDE8F08722
:10327000447C17A0898888882DE9F04198B00546DC
:103280000C4690461F466022104968460BF03CFAF7
:103290001495BFB11E9E03362744BFB225460134A4
:1032A000A4B216F8032C16F8021C16F8010CF5F758
:1032B0003DFD0346424629466846FEF7CDFE0336ED
:1032C000BC42EBD118B0BDE8F08100BF507C17A024
:1032D0002DE9F04F8DB0039117461D46264BD3F8CC
:1032E0001090DE680BAA012108F092F920B10124A8
:1032F00020460DB0BDE8F08F0AAB122205A90B984D
:1033000008F0E4F968BB06FB09F202EB42086AB375
:1033100006EB460B00241FFA86FA19E05E46C34509
:1033200028BF46460AAB324629460B9808F0CEF92C
:10333000F0B90134A9EB04020095534692B2002182
:103340000398FFF799FFA14514D0B8EB060806D003
:10335000002FE3D03B68002BE0D0022402E00024E1
:1033600000E001240B9808F08DF9C1E70024F9E78B
:103370000124F7E70024F5E7447C17A043880B44B9
:103380009BB24380C2888A4224BF521AC280C2883C
:103390009A4238BFC380704703880B449BB20380B6
:1033A00082888A4224BF521A828082889A4238BF19
:1033B0008380704738B504460D46FFF7EDFF294678
:1033C0002046FFF7DBFF38BD00B5A1B18C46018870
:1033D000ACF800108188ACF804104188ACF80210F9
:1033E000114489B2ACF80610B0F806E0714528BF68
:1033F0007146ACF806101A4443881A4492B2C38846
:103400009A4228BF1A4642805DF804FB00B5A1B17C
:103410008C460188ACF800108188ACF80410C18893
:10342000ACF80610891A89B2ACF80210B0F802E0C4
:10343000714538BF7146ACF802101A44C3889B1A14
:103440009BB24288934238BF1346C3805DF804FBA9
:1034500000B5B1B18C460188ACF80010114489B2B6
:10346000ACF80410B0F802E0ACF802E0B0F806E006
:10347000ACF806E0B0F804E0714528BF7146ACF83E
:1034800004101A4403881A4492B283889A4228BFCF
:103490001A4602805DF804FB00B5C1B18C468188F4
:1034A000891A89B2ACF80010B0F804E0ACF804E076
:1034B000B0F802E0ACF802E0B0F806E0ACF806E0E4
:1034C000B0F800E0714538BF7146ACF80010134405
:1034D0008288D21A92B203889A4238BF1A468280F2
:1034E0005DF804FB03880B8083888B80B0F802C0F2
:1034F000C3880133A3EB0C039BB2934206D8A1F817
:1035000002C0B0F806C0A1F806C070479B1A0CEBC9
:10351000630C1FFA8CFCA1F802C0013A94441FFA14
:103520008CFCF0E743884B80C388CB80B0F800C0A8
:1035300083880133A3EB0C039BB2934206D8A1F816
:1035400000C0B0F804C0A1F804C070479B1A0CEB8F
:10355000630C1FFA8CFCA1F800C0013A94441FFAD6
:103560008CFCF0E708B50BF0CFF808BD38B5044681
:10357000094D6C22014628460BF0C6F894F9081054
:1035800094F90400FEF7CAFEEB6D03B138BD0348A1
:1035900000F0C4F9FAE700BF447C17A04C200200F9
:1035A00000487047507C17A008B5014660220248C9
:1035B0000BF0AAF808BD00BF507C17A02DE9F04120
:1035C000A4B080460F461646F5F781FB0446F5F792
:1035D0007BFB0546CDF824800A970B96F5F77AFB1E
:1035E00003464FF4F84207920022069247F6FF7115
:1035F00005910492691E0391611E0291019200924D
:103600002A4621460CA8FEF7ECFC09A8FFF7AEFFFE
:1036100024B0BDE8F081000010B4064C20600648DC
:10362000016006490A60064A1360019A054B1A6058
:1036300010BC7047B07C17A0207D17A01C7D17A080
:10364000187D17A0147D17A030B5A3B007F0C4F9FA
:1036500020A9234808F0BFFD00283CD1FFF7A0FFB8
:103660000146602208A80BF04FF821AA01212098FA
:1036700008F0D5FD1B4D29681B4C22684FF4F84318
:10368000079300230693059302200490501E039095
:10369000481E029001930093219B1448FEF784FC7E
:1036A0002A68134B1B685B08C3EB5203114A136073
:1036B0002268114B1B685B08C3EB52030F4A13606F
:1036C0000121209808F0BBFD08A8FFF76DFF07F067
:1036D00088F923B030BD0A4800F020F9BEE700BFEA
:1036E000D0000200187D17A0147D17A0B47C17A08D
:1036F000207D17A0A40000101C7D17A0A0000010C2
:103700007020020070B59CB0464B1C68464B1D688B
:1037100007F062F91BA9454808F05DFD002856D165
:1037200001211B9808F08BFDFFF73AFF014660224C
:1037300003A80AF0E9FF3E48FFF736FF3D4B1B6840
:10374000002B4CDD3C4A1668364A10683B4A12682A
:10375000013A3118194491423DD9921B31490A600E
:103760005B42344A1360364B1B68002B4ADD354AF6
:1037700016682D4A1068344A1268013A3118194403
:1037800091423BD9921B28490A605B422C4A136044
:103790000120F5F7A7FA284B1B6800220192294A5D
:1037A00012682A44009223442A462146FFF78CFCE3
:1037B0001D4B1A681B4B1968244B1868FFF786FBD2
:1037C00003A8FFF7F1FE07F00CF91CB070BD20480C
:1037D00000F0A4F8A4E71844124B1860C3E7114A9C
:1037E0001268DA4203D413440E4A1360BBE70D4A51
:1037F000002111605B420F4A1360B4E718440A4B82
:103800001860C5E7084A1268DA4203D41344064A2E
:103810001360BDE7044A002111605B42084A13604F
:10382000B6E700BFA4000010A0000010D000020006
:10383000B47C17A09C000010207D17A0187D17A055
:10384000980000101C7D17A0147D17A0B07C17A055
:103850007020020000B59DB007F0BEF81BA9164805
:1038600008F0B9FC20BB01211B9808F0E8FCFFF729
:1038700097FE0146602203A80AF046FF0F48FFF7B3
:1038800093FE0120F5F72EFA0D4B1B6800210191E4
:103890000C4A1268013A0092013B0A46FFF714FCF9
:1038A00003A8FFF781FE07F09CF81DB05DF804FB4C
:1038B000054800F033F8D6E7D0000200B47C17A02A
:1038C000187D17A0147D17A07020020000B583B0EA
:1038D00001A9074808F07FFC30B90021019808F0E1
:1038E000AEFC03B05DF804FB024800F017F8F4E703
:1038F000D000020070200200014B1860704700BF2A
:10390000287D17A0014B1860704700BF247D17A0C9
:10391000014B1868704700BF247D17A008B509F057
:10392000AFFA08BD08B50C4602680A4B1A60426837
:103930005A6082689A60C268DA6002691A614269F4
:103940005A6182699A61C269DA612046F4F752FCD1
:10395000FBE700BFD4000010094B1B6873B110B522
:10396000084B18680368DC69074B1B68012207498C
:103970000968A047024B00221A6010BD704700BFC3
:103980002C7D17A0447D17A0347D17A0307D17A093
:1039900010B5074A074B1360074B18680368DC6AC9
:1039A0000D238221A047054B04221A7010BD00BFD1
:1039B0005C7D17A055534253987D17A0587D17A0E2
:1039C00038B50C4B9B68984228BF184604460A4BF2
:1039D00018680368DD6AA3B2084A8221A847084B29
:1039E00002221A70074B9A68121B9A6000221A73FF
:1039F00038BD00BF6C7D17A0987D17A0AC7D17A0C7
:103A0000587D17A05C7D17A04978FE2909D0FF29B1
:103A10000ED1002107480170118019604FF0FF306E
:103A2000704705491960012313804FF0FF3070473C
:103A300000207047587D17A08C7D17A008B54FF463
:103A4000FA6007F02BF8044D4FF0FF342868036844
:103A50005B6D21469847F9E7987D17A02DE9F04F57
:103A600083B0374B1F68402F28BF4027354B1D6858
:103A7000354B1B68EA199A4203D95F1B334B03226B
:103A80001A70A7B33E46DFF8C880DFF8C8A0DFF899
:103A9000C8B00197C14619E0FFF75EFFCAF8007091
:103AA0002E4B186803689B699C46DBF800300122A6
:103AB00039466746B847DBF800102246414448467D
:103AC0000AF022FEA1442544361B0FD0244B5C682B
:103AD000B5FBF4F704FB1758A4EB0804B44228BF65
:103AE0003446DAF800309F42E5D0D5E7019F1D4B00
:103AF00018680368DC6ABBB2154A8221A047114AE4
:103B000013683B4413600E4A1368DB1B13601649AD
:103B10008A68D21B8A6073B90C4B02221A70124B4E
:103B200000221A73114B1B6813B1114A1068984791
:103B300003B0BDE8F08F054B1B78012BF8D0EEE702
:103B4000547D17A0507D17A04C7D17A0587D17A05D
:103B5000AC7D17A0307D17A0347D17A0447D17A041
:103B6000387D17A0987D17A05C7D17A0A07D17A0B9
:103B70009C7D17A008B5154B1B78013B032B15D86E
:103B8000DFE803F00212151F114BDB7B282B0DD150
:103B9000104B1B6813B1104A10689847FFF75EFF7F
:103BA000012006F07BFF01E0FFF7F2FE08BD0B4BA2
:103BB000186803681B6B4FF0FF329847FFF7E8FE69
:103BC000F4E7024B00221A70F0E700BF587D17A0FF
:103BD0006C7D17A0A07D17A09C7D17A0987D17A0D5
:103BE000184A517C937C1B0443EA0163117D0B430B
:103BF000D17C43EA01235B0213490B60917DD37DA5
:103C000043EA01235B0211490B609268934216D08C
:103C100010B50F4C206803681B6B4FF0FF328221F8
:103C20009847206803681B6B4FF0FF3205219847C7
:103C3000084B02221A73FFF7ABFE002010BD4FF0B5
:103C4000FF3070476C7D17A0507D17A0547D17A0E2
:103C5000987D17A05C7D17A008B5104B9B689BB1A1
:103C60000E4B93F90C30002B15DB0D4B18680368D5
:103C70001B6B4FF0FF32052198470A4B02221A7343
:103C8000FFF786FE002008BD064B02221A73FFF7DD
:103C90007FFE0020F7E74FF0FF30F4E76C7D17A0C0
:103CA000987D17A05C7D17A02DE9F04F83B00C46DE
:103CB000A74B186803689D6A4023A64AA84787B2A5
:103CC000A54BDB7B2F2B00F08982A44A12783AB3F4
:103CD000052A40F08A822A2B40F094823E46A04B6F
:103CE0001B68A04A1268F918914240F2ED81D31A7C
:103CF00001939A4B04221A70954B186803681B6B4A
:103D00004FF0FF3205219847954B1D68002F00F0BA
:103D10000A82DFF84092DFF850A2DFF850B2F0E1FB
:103D20003846202F28BF20205FB18A498A4A0023C5
:103D300011F8014B02F8014B01339842F8D81F2FBC
:103D400012D0834C206803681B6B4FF0FF32822136
:103D50009847206803681B6B4FF0FF320521984796
:103D60007E4B06221A704DE27B4B1A68804B9A42BA
:103D7000E7D1804A784B59685160996891605B7BC4
:103D80002BB9754B9B7B013BDBB20F2B05D9794BD4
:103D900001221A73FFF7FCFD34E26F4BDB7B2F2B04
:103DA00034D82F2B00F28A81DFE813F04700880116
:103DB00088015C00880188018801880188018801E8
:103DC00088018801880188018801880188018801AB
:103DD0007D008801880188018801880188018801A7
:103DE000C100880188018801820188018801880159
:103DF0008801E60088010401880188011F0188010B
:103E00003D01880188018801880159015A2B40F041
:103E10005581FFF721FF002800F0F4814D4B00226F
:103E20001A70062159709A70DA701A715A719A7163
:103E3000DA710820FFF7C4FDE4E169B1464B93F95C
:103E40000C30002B424B186803681B6B4FF0FF329D
:103E5000B4BF822105219847464B00221A73FFF711
:103E600097FDCFE1FFF7F8FE002800F0CB81394B3A
:103E700070221A7000225A7006219970DA701A7135
:103E80005A719A710A21D9711A725A729A72DA7237
:103E9000282119735A739A73DA731A745A74122098
:103EA000FFF78EFDAEE1FFF7D7FE002800F0AA81F4
:103EB000284B002119708020587099700122DA7007
:103EC00020221A7158719971D971462119724421B1
:103ED000597249209872DA721A735A739A73DA73A4
:103EE00075201874452058745A209874DA744D203F
:103EF0001875532058759A75D975692119767321EB
:103F000059766B219976DA761A775A779A77DA7733
:103F1000312183F820102E2183F82110302183F8DD
:103F2000221083F823202420FFF74AFD6AE1FFF7DF
:103F300093FE002800F06681064B03221A700022CF
:103F40005A709A70DA700420FFF73AFD5AE100BF08
:103F5000987D17A0AC7D17A06C7D17A0587D17A089
:103F6000507D17A04C7D17A0387D17A0307D17A07D
:103F7000555342435C7D17A0FFF76EFE002800F00A
:103F80004181A24B00221A705A709A700821D97090
:103F90009F490968080E1871080C5871080A987131
:103FA000D971022119725A729972DA720C20FFF7D4
:103FB00007FD27E1FFF750FE002800F02381944B16
:103FC00019684A1E914B100E1870100C5870120A86
:103FD0009A700139D97000221A715A7102219971AF
:103FE000DA710820FFF7ECFC0CE1FFF7F9FD00287F
:103FF00000F00881874B93F90C30002B0DDB864BCA
:10400000186803681B6B4FF0FF3205219847834BFC
:1040100002221A73FFF7BCFCF4E0814B01221A70F4
:10402000FFF71CFDEEE0FFF7DBFD002800F0EA8063
:10403000784B93F90C30002B03DB794B05221A7077
:10404000E0E0754B186803681B6B4FF0FF3282216C
:104050009847724B02221A73FFF79AFCD2E06D4A1E
:10406000507C937C1B0443EA0063107D0343D07CA7
:1040700043EA00235B026B480360907DD37D43EAF3
:1040800000235B02684A1360002940F09980FFF723
:104090007FFCB7E0604B186803681B6B4FF0FF3282
:1040A000822198475D4B02221A73FFF771FCA9E049
:1040B0005A4B00221A73FFF76BFCA3E0574B012207
:1040C0001A73FFF765FC9DE001971DE6FFF744FCBE
:1040D000CBF80080554B18682246494638440AF010
:1040E00013FB534B4FF0FF321A60A1442544361B9B
:1040F000DAF80420B5FBF2F302FB13539F420FD80A
:104100008EB1DAF80440B5FBF4F804FB1857E41B51
:10411000B44228BF3446DBF800309845DAD0D5E702
:10412000FFF71AFCECE73F4A136801980344136059
:104130003D4A13681B1A136038498A68121A8A604C
:104140001BB1374B1B78042B5CD1344B00221A7304
:10415000384B1B6813B1384A10689847FFF718FCB2
:1041600050E03C46354B1A682E4B1B683B4493424B
:104170000BD9D41B2A4B04221A70274B18680368EA
:104180001B6B4FF0FF3205219847264A13682344E2
:104190001360254A13681B1B136020498A68121B91
:1041A0008A601BB11E4B1B78042B2BD1244B1B6840
:1041B000B3FA83F35B09194A1373FFF7E9FB21E0B4
:1041C000144B93F90C30002BFFF664AF144B05220F
:1041D0001A701B4B4FF0FF321A6013E0104B1B7824
:1041E000002B3FF49DAD052BBBD00B4B186803682B
:1041F0001B6B4FF0FF3221469847084B02221A737F
:10420000FFF7C6FB03B0BDE8F08F00BFAC7D17A081
:10421000387D17A06C7D17A0987D17A05C7D17A036
:10422000587D17A0507D17A0547D17A0347D17A08E
:104230002C7D17A0A07D17A09C7D17A04C7D17A0FA
:10424000487D17A070B584B0154604683B4B1C60D0
:104250003B4B19603B493C4807F02EF9034610B12F
:10426000184604B070BD3949364B186807F010F98C
:1042700003460028F4D103A9284607F01DF9034698
:104280000028EDD13249039807F002F903460028CF
:10429000E6D12F4B186803681B6900219847034635
:1042A0000028DDD12A4B186803685B6A29499847C2
:1042B00003460028D4D1274B58681B6800FB03F342
:1042C000254A136008F056F9244B1860244B4FF030
:1042D000FF321A600025234B1D601C4C20680368C8
:1042E0001B692149984720680368204A0092DE6CC8
:1042F0002B461F4A0121B047206803685B6C1D4AAA
:1043000082219847206803685B6C1B4A0521984707
:10431000206803685B699847206803689B69984731
:10432000164B0193042300932B464FF480721449DB
:10433000144806F0CDFD034692E700BFA07D17A00C
:104340009C7D17A0947D17A0F0150200987D17A002
:10435000447D17A0387D17A04C7D17A0347D17A091
:10436000307D17A02C7D17A094310400093A01007C
:10437000A47D17A0753B0100A93C0100907D17A00A
:10438000A42002003D3A010008B50F4B1B685A6893
:1043900051681032C1F3026152F8212022F00F025D
:1043A0001204120C197B0F2999BFC1F11001CA40E8
:1043B00010398A4059690A60DA69126803F1080104
:1043C0009869904708BD00BFFC7D17A08161C2615C
:1043D0000020704770B505460C46162001F06AFAB9
:1043E00005F1080694E80F0086E80F004FF48050AE
:1043F00004F0A4FAAB6801269E40F4F785FC6A68D5
:10440000431E1249A1FB0313DB0D01331B0203F40E
:10441000FE4333432969003918BF012143EAC163D0
:1044200043F40013136063790BB9002070BD6A6810
:10443000216801238B40D360162001F02BFA6A68B3
:104440001368617943EA01631360EEE773252FADCA
:1044500008B50346064A4260064A106016201862F4
:10446000054B0322054901F063FA002008BD00BF97
:1044700000400340FC7D17A0900802008943010022
:1044800008B5074B1B6803B108BD054B4FF0FF3261
:104490001A6000231A460349034806F075FDF3E746
:1044A000F87D17A04432040090080200094B1B68F5
:1044B00003B1704710B50446064B4FF0FF321A6047
:1044C00000F092FDFFF7DCFF01220349204604F0D3
:1044D00041FA10BDF47D17A03C320400094B1B6863
:1044E00003B1704710B50446064B4FF0FF321A6017
:1044F00000F07AFDFFF7C4FF01220349204604F0D3
:1045000029FA10BDF07D17A034320400094B1B6856
:1045100003B1704710B50446064B4FF0FF321A60E6
:1045200000F062FDFFF7ACFF01220349204604F0D2
:1045300011FA10BDEC7D17A02C320400032809D815
:10454000DFE800F0020A04060420704710207047DC
:1045500020207047002070470820704748F205036C
:1045600099420AD00B4B99420CD041F22103994257
:104570000DD10020084B18607047074B15221A60B8
:1045800000207047044B36221A60002070470E202E
:10459000704700BFB71DC1040000092008B50846D8
:1045A000FFF7CCFF08B90E2008BD03490B68034391
:1045B0000B600020F8E700BF0000092008B508469E
:1045C000FFF7BCFF08B9002008BD03490B6823EAC8
:1045D00000030B60F7E700BF00000920014B5960A2
:1045E0000020704700000920012A12D0022A02D0C0
:1045F000EAB10E2070475A1E4BB1144851F8043BE3
:104600008360013AB2F1FF3FF8D1002070470020EB
:1046100070475A1E4BB10D4831F8023B0381013AF5
:10462000B2F1FF3FF8D1002070470020704753B12E
:1046300010B40B44054C11F8010B20728B42FAD1D7
:10464000104610BC70471046704700BF000009209C
:10465000024B9B680B600020704700BF00000920E0
:104660000020704708B5074B1B6803B108BD054B18
:104670004FF0FF321A6000231A460349034806F040
:1046800083FCF3E7007E17A05C320400A817020049
:1046900003460020986040F6E4425A6070470000EC
:1046A000890189B283680BB141F48031014B1960F3
:1046B0000020704700C0084043688B420CD3890239
:1046C000B1FBF3F1890189B283680BB141F4803108
:1046D000024B1960002070470620704700C0084058
:1046E000034B1B68C3F389130B600020704700BFA6
:1046F00000C00840054B1B68C3F38913426802FBE6
:1047000003F39B0A0B600020704700BF00C0084005
:10471000003918BF01214942816000207047416083
:10472000002070470A4B1B6803B1704710B5044660
:10473000074B4FF0FF321A6000231A46054906481E
:1047400006F022FC01220549204604F003F910BDC1
:10475000047E17A08C320400081702008432040083
:1047600038B504460368B3F1004F11D0B3F1104FD0
:104770007BD0B3F1184F00F08380524AD2F83C311D
:1047800023F0070343F00103C2F83C314E4D09E02A
:104790004C4AD2F8783223F0070343F00103C2F801
:1047A00078324A4D474AD2F8603223F0070343F08B
:1047B0000103C2F86032D2F8643223F0070343F0F9
:1047C0000103C2F86432217A481CC0B2636833FA2C
:1047D00000F207D013465B08FDD1B2FA82F3C91A82
:1047E0002131C8B200F07AF8E3681A1E18BF01221E
:1047F000237A43EA821343F088032B602369002B5A
:1048000049D0013BAB606369013B1E2B46D863690D
:10481000013B03F01F03EB60A369013B1E2B41D852
:10482000A369013B03F01F032B61E369013B0E2BDE
:104830003CD8E369013B03F00F036B60236A023B42
:104840001D2B37D8236A023B03F01F036B61636A99
:10485000013B0E2B32D8636AAB611D4AD2F8A031FE
:1048600043F00103C2F8A03138BD164AD2F87C32B9
:1048700023F0070343F00103C2F87C32154D91E7A2
:10488000104AD2F8383123F0070343F00103C2F88D
:104890003831114D86E70023AB60B4E70320F3F70E
:1048A000A9FCB4E70320F3F7A5FCB9E70320F3F76D
:1048B000A1FCBEE70320F3F79DFCC3E70320F3F759
:1048C00099FCC8E700C0024060C2092000C209206C
:1048D00000C00F4020C2092040C20920034618280A
:1048E00028BF1823013BDBB260B107491944890096
:1048F000064A136823F0070343F0010342F8043B20
:104900008A42F6D1704700BF81B0001000C2024059
:104910000346202828BF2023013BDBB260B10749B2
:1049200019448900064A136823F0070343F0010382
:1049300042F8043B8A42F6D1704700BF61B00010D4
:1049400080C102400346017E044A52F821100A69E0
:1049500022F001020A6100205860704714330400FD
:104960004368E3B1104BDA69017E01238B401A42A0
:1049700017D10D4A9360017E01238B401361027EA3
:104980000A4B53F82230C2681A6002695A604269C1
:104990009A604268DA6082681A61002070470D20D0
:1049A00070470D20704700BF00000820143304003A
:1049B0001C289DBF034B53F82000C0F30E0047F6A0
:1049C000FF7070473433040038B504460D468968DB
:1049D000C160296901612868A969C1F30B0101431C
:1049E000E86960616262A3620AB141F0004141F08E
:1049F000C04161606B68E361E96821626868431CDB
:104A000018BF01235B00B1F1FF3F18BF43F0010362
:104A1000297D19B102292AD001292BD0DB0282B3CA
:104A200043F4404343F00103A3606868B0F1FF3FE3
:104A30000BD0FFF7BDFF47F6FF73984224D040002C
:104A400000F01E00A3680343A360E868B0F1FF3FD5
:104A50001CD0FFF7ADFF47F6FF73984218D08001D6
:104A600000F47070A3680343A360002038BD43F0D6
:104A70000403D3E7B0F1FF3F0CBF43F0040304236A
:104A8000CCE743F00103CFE70E20EFE70020EDE78E
:104A90000E20EBE708B50846FFF78AFF47F6FF73DD
:104AA000984205D001238340024A1362002008BDCA
:104AB0000920FCE70000082008B50846FFF778FF4A
:104AC00047F6FF73984205D001238340024A5362A0
:104AD000002008BD0920FCE70000082008B50846B2
:104AE000FFF766FF47F6FF73984205D00123834026
:104AF000024A9362002008BD0920FCE7000008205C
:104B000008B50846FFF754FF47F6FF73984205D0F3
:104B100001238340024AD362002008BD0920FCE73C
:104B2000000008204FF0FF307047000010B5044629
:104B30000E4BDA68017E01238B401A4214D10B4AD6
:104B4000526813420CBF012100214900636A0BB176
:104B5000A06A9847227E012303FA02F203498A6081
:104B6000227E93400B6110BD0121EFE70000082079
:104B700008B5284B1B6813F0010F23D1254B1B6888
:104B800013F0020F23D1234B1B6813F0040F23D122
:104B9000204B1B6813F0080F23D11E4B1B6813F02A
:104BA000100F23D11B4B1B6813F0200F23D1194B7F
:104BB0001B6813F0400F23D1164B1B6813F0800FB6
:104BC00023D108BD144B1868FFF7B0FFD6E7124B8E
:104BD0005868FFF7ABFFD6E70F4B9868FFF7A6FFC3
:104BE000D6E70D4BD868FFF7A1FFD6E70A4B186947
:104BF000FFF79CFFD6E7084B5869FFF797FFD6E70A
:104C0000054B9869FFF792FFD6E7034BD869FFF78A
:104C10008DFFD6E700000820107E17A038B50446A7
:104C20000D46124A1378013313704FF0005003F011
:104C300085FE1A2000F054FE68B10D4B01221A6364
:104C400025760020606060626061E0602061094B51
:104C500043F8254038BD084B002208491A2000F0CF
:104C600067FE1A2000F016FEE7E700BF307E17A0AF
:104C700000000820107E17A0F4200200714B0100F4
:104C800008B50021FFF7CAFF08BD08B50121FFF7ED
:104C9000C5FF08BD08B5074B1B6803B108BD054B30
:104CA0004FF0FF321A6000231A460349034806F00A
:104CB0006BF9F3E70C7E17A0E4320400E016020063
:104CC00008B5074B1B6803B108BD054B4FF0FF3219
:104CD0001A6000231A460349034806F055F9F3E722
:104CE000087E17A0B4320400E81602000346044A06
:104CF000426000209860D860024A136018617047D3
:104D000004390400507E17A00346034A4260002085
:104D10009860D86018617047603804000346044A00
:104D2000426000209860D860024A136018617047A2
:104D3000BC3704004C7E17A00346034A42600020A3
:104D40009860D86018617047183704000346034A1A
:104D5000426000209860D860186170477436040083
:104D60000346034A426000209860D860186170478B
:104D7000D0350400002070470020704700207047A5
:104D80004368DA6813680B43136000207047436878
:104D9000DA68136823EA0103136000207047436850
:104DA0005B6819600020704743689B6819600020A9
:104DB000704743681B681B680B40136000207047F6
:104DC0001F2919D8436803EB8103596AB1B1042A3A
:104DD00016D8DFE802F0031509050700102204E0E9
:104DE000082202E0182200E000220B6823F01803DA
:104DF00013430B60002070470E2070470720704758
:104E0000072070471F290DD8072A0DD8436803EBE8
:104E10008103596A51B10B6823F0070313430B60F8
:104E2000002070470E20704706207047072070470B
:104E30001F290AD8436803EB81035B6A3BB11B68F7
:104E400003F007031360002070470E20704707200F
:104E5000704707207047436842B95A691068C9B261
:104E600001238B400343136000207047012AFBD1CC
:104E70001A691068C9B201238B4003431360F3E73A
:104E800043684AB958690368C9B201228A4023EAD3
:104E90000203036000207047012AFBD118690368F0
:104EA000C9B201228A4023EA02030360F2E74368A1
:104EB0001A6AC9B201238B40136000207047072093
:104EC00070470720704707207047406800EB81005B
:104ED000416AB9B1052A04D8DFE802F016050B03D0
:104EE0000311072070470B6843F080030B6000201C
:104EF00070470B6823F080030B60002070470B6045
:104F0000002070470720704710467047036923EA66
:104F100001030361002070470369194214BF4FF079
:104F2000FF3000207047000070B5044616461D464D
:104F3000064B01220649262000F0FAFCA660E56037
:104F4000262000F0A7FC002070BD00BFBC2102009D
:104F5000AD4F010008B503690B4203D10B43036158
:104F6000002008BD0248FEF7D9FC0A20F9E700BF7F
:104F7000C4210200F8B50446466883689BB1F36912
:104F80001D68B3691F6825B1A36800222946E0683F
:104F9000984727B1A36801223946E0689847336AE9
:104FA0003D431D60F8BD00F009FBE8E708B50B4B79
:104FB000D3F8803013F0010F06D1084BD3F88030BE
:104FC00013F0040F05D108BD054B1868FFF7D2FF99
:104FD000F3E7044B1868FFF7CDFFF4E700800240C9
:104FE000507E17A04C7E17A00B4B1B6803B1704777
:104FF00000B583B0084B4FF0FF321A6001AB0022BE
:105000000649074805F0C0FF0199002006F086FC1C
:1050100003B05DF804FB00BF487E17A074350400A0
:10502000B40902000B4B1B6803B1704700B583B095
:10503000084B4FF0FF321A6001AB002206490748C7
:1050400005F0A2FF0199012006F068FC03B05DF8AD
:1050500004FB00BF447E17A018350400BC09020001
:105060000B4B1B6803B1704700B583B0084B4FF082
:10507000FF321A6001AB00220649074805F084FFA1
:105080000199022006F04AFC03B05DF804FB00BF62
:10509000407E17A0BC340400C40902000B4B1B68FF
:1050A00003B1704700B583B0084B4FF0FF321A6070
:1050B00001AB00220649074805F066FF019903206D
:1050C00006F02CFC03B05DF804FB00BF3C7E17A08B
:1050D00060340400CC0902000B4B1B6803B170471D
:1050E00000B583B0084B4FF0FF321A6001AB0022CD
:1050F0000649074805F048FF0199042006F00EFC18
:1051000003B05DF804FB00BF387E17A00434040030
:10511000D40902000B4B1B6803B1704700B583B084
:10512000084B4FF0FF321A6001AB002206490748D6
:1051300005F02AFF0199052006F0F0FB03B05DF8A9
:1051400004FB00BF347E17A0A8330400DC09020072
:105150000020704770B505460E46408C06F078FC7E
:105160000446A88C06F074FC30B1B4FA84F040090F
:1051700040423060002070BD4FF0FF30F9E7000082
:1051800010B50B4B43604FF0FF3383620024846102
:10519000084B186007230384074B032207490A20A2
:1051A00000F0C6FB0A2000F075FB204610BD00BFD2
:1051B00000C00140607E17A044110200ED540100C0
:1051C00010B50B4B43604FF0FF33836200248461C2
:1051D000084B186013230384074B032207490B2055
:1051E00000F0A6FB0B2000F055FB204610BD00BFD1
:1051F00000C005405C7E17A068110200FD5401004C
:1052000038B504460D46F3F77FFD0E4AA2FB002396
:105210009B09B3FBF5F39BB2B5F5C87F0AD0B5F592
:105220007A7F4FEA530303BFDA1C6261033B636179
:10523000236138BD5B0803F108026261083B23610A
:10524000F7E700BFD34D621010B50446038C012070
:10525000984003F073FB63686C229A61A3685988D5
:105260006068FFF7CDFF636840221A6010BD10B57B
:10527000044681608361C2610B785B0003734B68F5
:1052800003610B7A037500234375836201230B7757
:10529000FFF7DAFF636820221A6010BD10B50446DC
:1052A00081608361C2610B785B0043F0010303738B
:1052B0000B6903610B7D0375002343758362012332
:1052C0000B77FFF7C1FF636820221A6010BD10B58D
:1052D000044642685368DBB2083B502B00F2F5806D
:1052E000DFE813F05100F300F300F300F300F300E4
:1052F000F300F3005100F300F300F300F300F300B8
:10530000F300F3005C00F300F300F300F300F3009C
:10531000F300F3006400F300F300F300F300F30084
:10532000F300F3007400F300F300F300F300F30064
:10533000F300F3009200F300F300F300F300F30036
:10534000F300F300A200F300F300F300F300F30016
:10535000F300F300A500F300F300F300F300F30003
:10536000F300F300B200F300F300F300F300F300E6
:10537000F300F300C200F300F300F300F300F300C6
:10538000F300F300D900037B9360436820229A6105
:1053900000234375636808229A6110BD437D01694B
:1053A000CB5C9360436820229A61F3E720239361EA
:1053B000436810221A60836802221A774FF0FF3385
:1053C000836283698168C0699847E3E7437D01335D
:1053D000DBB24375017D99420FD820239361436866
:1053E00010221A60836800221A774FF0FF3383621D
:1053F00083698168C0699847CCE70169CB5C936099
:10540000436820229A61C5E72023936143681022F4
:105410001A60836802221A774FF0FF338362836930
:105420008168C0699847B5E720231360B2E720235D
:105430009361437D0133027D934243684FF0040240
:10544000ACBF9A611A60A5E72023936143681022DC
:105450001A60836802221A774FF0FF3383628369F0
:105460008168C069984795E79168437D027D9A42BB
:1054700003D90269581C6075D154636820229A616F
:10548000637D0133227D934263684FF00402ACBF19
:105490009A611A607EE79168437D027D9A4203D942
:1054A0000269581C6075D154636820229A61636850
:1054B00010221A60A36800221A774FF0FF33A3620C
:1054C000A369A168E069984764E720239361436872
:1054D00004221A60836802221A774FF0FF33836236
:1054E00083698168C069984754E7000008B5024B9A
:1054F0001868FFF7ECFE08BD607E17A008B5024BE8
:105500001868FFF7E4FE08BD5C7E17A0104B1B680F
:1055100003B1704730B583B004460D460C4B4FF0D5
:10552000FF321A6001AB00220A490B4805F02CFD3E
:1055300003220A49204603F00DFA032208492846AF
:1055400003F008FA019B9D845C8403B030BD00BF6A
:10555000587E17A0D439040044110200483A0400D0
:10556000303A0400104B1B6803B1704730B583B06C
:1055700004460D460C4B4FF0FF321A6001AB00227F
:105580000A490B4805F000FD03220A49204603F0B2
:10559000E1F903220849284603F0DCF9019B9D84C8
:1055A0005C8403B030BD00BF547E17A0A83904004E
:1055B00068110200183A0400003A040072B6FEE7CF
:1055C00008B5002301200D4900E0013313F0800FDE
:1055D000FBD103F01F0200FA02F2C1F88020BFF3F2
:1055E0004F8FBFF36F8F0133202BEFD14FF4A47295
:1055F0000021034809F0B1F808BD00BF00E100E058
:10560000647E17A008B5024B5B68984708BD00BFD1
:10561000647E17A008B5024BDB68984708BD00BF41
:10562000647E17A008B5024B5B69984708BD00BFB0
:10563000647E17A008B5024BDB69984708BD00BF20
:10564000647E17A008B5024B5B6A984708BD00BF8F
:10565000647E17A008B5024BDB6A984708BD00BFFF
:10566000647E17A008B5024B5B6B984708BD00BF6E
:10567000647E17A008B5024BDB6B984708BD00BFDE
:10568000647E17A008B5024B5B6C984708BD00BF4D
:10569000647E17A008B5024BDB6C984708BD00BFBD
:1056A000647E17A008B5024B5B6D984708BD00BF2C
:1056B000647E17A008B5024BDB6D984708BD00BF9C
:1056C000647E17A008B5024B5B6E984708BD00BF0B
:1056D000647E17A008B5024BDB6E984708BD00BF7B
:1056E000647E17A008B5024B5B6F984708BD00BFEA
:1056F000647E17A008B5024BDB6F984708BD00BF5A
:10570000647E17A008B5024BD3F88430984708BDD3
:10571000647E17A008B5024BD3F88C30984708BDBB
:10572000647E17A008B5024BD3F89430984708BDA3
:10573000647E17A008B5024BD3F89C30984708BD8B
:10574000647E17A008B5024BD3F8A430984708BD73
:10575000647E17A008B5024BD3F8AC30984708BD5B
:10576000647E17A008B5024BD3F8B430984708BD43
:10577000647E17A008B5024BD3F8BC30984708BD2B
:10578000647E17A008B5024BD3F8C430984708BD13
:10579000647E17A008B5024BD3F8CC30984708BDFB
:1057A000647E17A008B5024BD3F8D430984708BDE3
:1057B000647E17A008B5024BD3F8DC30984708BDCB
:1057C000647E17A008B5024BD3F8E430984708BDB3
:1057D000647E17A008B5024BD3F8EC30984708BD9B
:1057E000647E17A008B5024BD3F8F430984708BD83
:1057F000647E17A008B5024BD3F8FC30984708BD6B
:10580000647E17A008B5024BD3F80431984708BD51
:10581000647E17A008B5024BD3F80C31984708BD39
:10582000647E17A008B5024BD3F81431984708BD21
:10583000647E17A008B5024BD3F81C31984708BD09
:10584000647E17A008B5024BD3F82431984708BDF1
:10585000647E17A008B5024BD3F82C31984708BDD9
:10586000647E17A008B5024BD3F83431984708BDC1
:10587000647E17A008B5024BD3F83C31984708BDA9
:10588000647E17A008B5024BD3F84431984708BD91
:10589000647E17A0282809D840B2410900F01F00F3
:1058A00001238340024A42F82130704772B6FEE776
:1058B00000E100E028280ED840B2430900F01F00A4
:1058C000012282402033054941F82320BFF34F8F46
:1058D000BFF36F8F704772B6FEE700BF00E100E0D4
:1058E000292808D8054B03EBC0035868003818BFB7
:1058F0000120404270470020704700BF647E17A01F
:1059000040B2002809DB0631C900C9B200F160408D
:1059100000F5614080F80013704700F00F00063179
:10592000C900C9B2014B1954704700BF14ED00E023
:1059300028280DD838B50B461146074C04EBC00299
:1059400055683DB944F830005360FFF7D9FF38BDC2
:1059500072B6FEE772B6FEE7647E17A010B5084B7C
:105960005C6A14F0040F07D0064B1A68D2F818329C
:1059700013B1D2F81C029847014B9C6210BD00BFC6
:1059800000800820B07F17A008B503460D4A916932
:1059900041F001019161916941F400619161D0F898
:1059A000080238B1D3F8102232B10268526AD3F833
:1059B0000C129047002008BD0268926AD3F80C12BE
:1059C0009047F7E70080082008B503460D4A916923
:1059D00021F001019161916921F400619161D0F898
:1059E000080238B1D3F8102232B10268926AD3F8B3
:1059F0000C129047002008BD0268526AD3F80C12BE
:105A00009047F7E700800820072070474160024B6D
:105A100019610020704700BF00800820FF2924D8AA
:105A200010B49B0903F47873BDF8044043EAD4230F
:105A3000520802F4F84213434FEA510C11F0010FDF
:105A40000DD0CA1C30F8122042EA0342084C44F838
:105A50002C20043120F81130002010BC70470A1DA2
:105A600030F8122043EA0242F0E70620704700BFF8
:105A700000820820D0F818324BB1064AD36923F0CF
:105A80000403D3610023C0F81832C0F81C32002090
:105A9000704700BF0080082070B504460E461546CA
:105AA000D0F818320BB1FFF7E5FFC4F81862C4F85C
:105AB0001C52034AD36943F00403D361002070BD34
:105AC0000080082010B5104B03604FF02043436066
:105AD0000024C0F80842C0F80C42C0F810420A2363
:105AE000C0F81432C0F81842C0F81C42074B1860C6
:105AF000074B032207492520FFF71AFF2520FFF750
:105B0000C9FE204610BD00BF183C0400B07F17A09E
:105B1000BC2202005D590100F8B506460D46012081
:105B200002F00CFF684A936923F001039361EB884C
:105B3000013B1B029BB2A9880139090401F47F01D2
:105B40000B436988013943EA01632989090901394D
:105B50008900C9B20B4313602B8A013BC3F30903CD
:105B6000A989090401F47F010B43698943EA0163B0
:105B7000E9890139890289B20B435360AB8C002B50
:105B800043D0013B9B0103F4F8636A690AB143F413
:105B90008043AA690AB143F40053EA690AB143F4A5
:105BA00080532A6A0AB143F400632A78042A37D062
:105BB000052A3ED0032A2AD029890139434A02EA1C
:105BC000014242EA03070024F3F79AF8A31CB0FB52
:105BD000F3F02B6C834202D201340F2CF4D13C43FE
:105BE000394A94606B8A7BB3013B43F48033D360C2
:105BF000354B0022DA616B78013B062B28D8DFE8B1
:105C000003F035292B2D2F3133000023BDE72A89DE
:105C10009208013A2D4901EA024242EA0307D2E71B
:105C20002A89D208013A294901EA024242EA0307D5
:105C3000C9E72A8902EB4202D210013A234901EA5C
:105C4000024242EA0307BEE71F4B0022DA60CFE7B9
:105C500000230CE004230AE0062308E00E2306E0FC
:105C6000082304E00C2302E00A2300E0022395F855
:105C70003820012A08BF43F480732A78032A1FD0F2
:105C800004D9042A04D143F0500301E043F0200377
:105C9000AA6A0AB143F080030B4A93610C4B0021BE
:105CA00002F5806243F8041B9342FBD1EB6B7360F7
:105CB000054A1361074B084AC3F888210020F8BD44
:105CC00043F01003E4E700BF008008200000FF035A
:105CD0000082082000C00F40090C010038B50446BE
:105CE00008461546C4F8081201219140C4F80C1268
:105CF000C4F81032049AC4F8142293B103689B6A62
:105D00009847D4F8080203685B6B0022E9B2984711
:105D1000D4F808020368DB69D4F80C129847002015
:105D200038BD03685B6A9847EBE70000674B1B6868
:105D300003B1704730B585B00446644B4FF0FF3275
:105D40001A6003AB00226249624805F01DF9012286
:105D50006149208802F01CFE01226049208902F07E
:105D600017FE01225E49608802F012FE01225D49A1
:105D7000E08802F00DFE01225B49A08802F008FED7
:105D800001225A49608902F003FE02225849A08983
:105D900002F0FEFD02225749E08902F0F9FD0222DD
:105DA0005549208A02F0F4FD03225449608A02F02A
:105DB000EFFD02225249A08A02F0EAFD0322514976
:105DC000E08A02F0E5FD03224F49208B02F0E0FD5E
:105DD00003224E49608B02F0DBFD03224C49A08B6D
:105DE00002F0D6FD03224B49E08B02F0D1FD0322E5
:105DF0004949208C02F0CCFD03224849608C02F016
:105E0000C7FD02224649A08C02F0C2FD022245498C
:105E1000E08C02F0BDFD02224349208D02F0B8FD66
:105E200002224249608D02F0B3FD01224049A08D5B
:105E300002F0AEFD01223F49E08D02F0A9FD0122F2
:105E40003D49208E02F0A4FD01223C49608E02F003
:105E50009FFD01223A49A08E02F09AFD01223949A4
:105E6000E08E02F095FD01223749208F02F090FD6F
:105E700001223649608F02F08BFD01223449A08F48
:105E800002F086FDE08F4FF6FF73984201D105B016
:105E900030BD05F0F3FD236CA3B1E08F05F05EFD8E
:105EA000E08F05F067FD039DE08F000A05F00AFD15
:105EB0000146636C0093236C94F83E202846FFF75C
:105EC0000DFFE4E7E08F05F03DFDE9E7AC7F17A0AB
:105ED000183C0400DC170200103C0400083C0400DD
:105EE000003C0400F83B0400F03B0400E83B0400E5
:105EF000D83B0400C83B0400B83B0400A03B0400AE
:105F0000903B0400783B0400603B0400483B0400E5
:105F1000303B0400183B0400003B0400E83A040056
:105F2000D83A0400C83A0400B83A0400A83A040079
:105F3000A03A0400983A0400903A0400883A040019
:105F4000803A0400783A0400703A0400683A040089
:105F5000603A040030B4B1FBF2F101FB02F4164BDD
:105F600003EB4403154CA34222D94FF0000C124D11
:105F70000CF1010C02FA0CF301FB03F305EB4303F4
:105F8000A342F5D8013941EA4C1141600123036075
:105F9000AA23C3605523C360836813F4806FFBD0CA
:105FA00003230360AA23C3605523C36030BC70473A
:105FB0004FF0000CE6E700BF00A1B3F60071C60980
:105FC00038B50446614B4FF4A0421A602022C3F852
:105FD000A0211A46D2F8A03113F0400FFAD0227C4B
:105FE0005A4BC3F8A821627C013AC3F80021227BF6
:105FF000C3F80C21237B002B6CD02268544B1A6011
:10600000E37B524DC5F80431226861685148FFF7BF
:10601000A1FFD5F8043143F48073C5F8043101239E
:10602000C5F808312268A1684B48FFF793FFD5F8FF
:106030000831A27B43EA0223C5F80831A3691A1E7E
:1060400018BF0122E37C43EA0222237D013B1B01AE
:10605000DBB21343C5F8C831D5F8883013F4807F1C
:106060003AD0D5F8883003F01F03394A126803FB91
:1060700002223648D0F8043103F01F03B2FBF3F3D9
:1060800036490B60D0F8A81101F01F01B2FBF1F105
:10609000334C2160D0F8001101F001010131B2FB55
:1060A000F1F230490A60D0F8082112F4407F16D18D
:1060B000274A12682549D1F8081101F01F01B2FBE7
:1060C000F1F229490A60294A93421CD81F4B3A220F
:1060D0001A6038BD264A91E71D4B1A68C9E71B4A6A
:1060E000D2F8082102F44072B2F5807F174A0CBF43
:1060F000D2F88810D2F8A81001F01F01144A1268D3
:1061000001FB0222D6E71B4A934204D20F4B41F215
:106110003A021A60DDE7184A934204D20B4B42F26E
:106120003A021A60D5E7154A934204D8074B43F266
:106130003A021A60CDE7124A9342044B94BF44F2EC
:106140003A0245F23A021A60C3E700BF00C00F40AE
:106150000401001080C00F40A0C00F4000010010DB
:10616000FC000010F8000010F4000010FF2C3101BA
:10617000001BB700005A620200879303FFB3C404F8
:10618000008C864730B5049C4068003B18BF012353
:10619000039D0DB143F002030CB143F004034469C5
:1061A00001EB410E4FF0070C0CFA0EFC24EA0C0434
:1061B0004461446903FA0EF323434361104BD3F85F
:1061C000A83103F01F03B2FBF3F2062906D8DFE87B
:1061D00001F0040A0C0E10121400826101238B409E
:1061E0000365002030BDC261F8E70262F6E7426253
:1061F000F4E70264F2E74264F0E78264EEE700BF8E
:1062000000C00F4030B583B0964645680024EC606E
:106210006B6823F009036B600A4BD3F8A83103F0D5
:106220001F0C01944FF0FF33009323460A46BEFB38
:10623000FCF1FFF7A7FFAC6009236B60204603B0B9
:1062400030BD00BF00C00F404268D06C012303FA8C
:1062500001FC20EA0C00D064D06C08318B40034371
:10626000D364002070474068C36C083101228A4023
:1062700023EA0203C3640020704707207047000030
:1062800008B5034B4360202002F058FB002008BDF6
:106290000040014008B5034B4360402002F04EFB34
:1062A000002008BD0080014008B5074B1B6803B102
:1062B00008BD054B4FF0FF321A6000231A46034910
:1062C000034804F061FEF3E7C07F17A0983C040088
:1062D000B0170200084B1B6803B1704710B50446A5
:1062E000054B4FF0FF321A60FFF7DEFF0222034931
:1062F000204602F02FFB10BDBC7F17A0643C0400B9
:1063000008B5074B1B6803B108BD054B4FF0FF32C2
:106310001A6000231A460349034804F035FEF3E7E8
:10632000B87F17A0743C0400B8170200084B1B6824
:1063300003B1704710B50446054B4FF0FF321A60A9
:10634000FFF7DEFF03220349204602F003FB10BDE6
:10635000B47F17A04C3C04004FF0FF334360002093
:10636000704700008C46114B5A69996958699042F0
:10637000FAD198698842F7D102F03F038CF80230D5
:10638000C2F305238CF80130C2F304428CF80020DC
:1063900001F01F038CF80530C1F303238CF804309F
:1063A000C1F30B43ACF806300020704700400240B8
:1063B0004368002B0CBF02221222124B1A728A78F9
:1063C00083F820204A7883F824200A7883F828204C
:1063D0004A7983F82C200A7983F83820CA889A876A
:1063E00093F85C2042F0100283F85C204368002B95
:1063F0000CBF01221122034B1A72034A5A65002076
:10640000704700BF00400240CDDC55AA30B583B0D4
:1064100005460C466946FFF7A5FF9DF80030172B8F
:106420001ED89DF801303B2B1AD89DF802303B2B2B
:1064300016D89DF80430013BDBB20B2B10D89DF829
:106440000530013BDBB21E2B0AD8BDF8062042F214
:106450000F739A4204D8074B5A6D074B9A4206D0E5
:1064600021462846FFF7A4FF172003B030BD0020C7
:10647000FBE700BF00400240CDDC55AA70B50446E2
:106480000D4616464FF4007002F058FA65601E4B38
:106490001A7A02F002021A721A7A42F002021A7290
:1064A0001B7A13F0020F08D10125174C284604F07F
:1064B000F5FA237A13F0020FF8D0134B1A7A02F090
:1064C00001021A721B7A13F0020F08D001250E4C3C
:1064D000284604F0E3FA237A13F0020FF8D10A4BAE
:1064E0001E641A7A42F001021A721B7A13F0010F2D
:1064F00008D10125044C284604F0D0FA237A13F081
:10650000010FF8D0002070BD004002400C4B1B680A
:1065100003B1704730B583B004460D46084B4FF0C9
:10652000FF321A6001AB00220649074804F02CFD37
:106530002A4621460198FFF7A1FF03B030BD00BFF6
:10654000C47F17A0BC3C040070140200B1F5802F7A
:1065500032D370B5054684464FEA914E4FF48070B1
:106560000024A3B22A46138001339BB25380043225
:106570008342F8D105F580650134013080B274455D
:10658000EFD34FF4803600250CF5806431462A465F
:10659000DCF8000093B20B4383420FD10CF1040CE2
:1065A000013201F580316445F2D1013506F58036BE
:1065B0007545E9D3012002E001207047002070BD3D
:1065C0000A2100200D4A03E0DBB21844013910D043
:1065D000D2F8E03143F48043C2F8E031D2F8E03140
:1065E00013F4004FF0D1D2F8E03113F4004FFAD099
:1065F000EAE7034BA3FB0030C008704700C00F4020
:10660000CDCCCCCC2DE9F04F87B08346002205924B
:1066100003920492059B05934168C34B196001687E
:10662000C24B1960C24BD3F8A01121F00201C3F88C
:10663000A011D3F8C41041F40061C3F8C41041F2B2
:106640001001C3F8DC11BB4B012119609A602020B6
:10665000FEF75EF90F20FEF741F9B74AD2F8603233
:1066600023F0070343F00103C2F86032D2F864322A
:1066700023F0070343F00103C2F86432DBF804306F
:10668000B3F5000F0DD0B3F1807F37D0B3F1007FA9
:1066900002D14FF4A94106E0A848FDF73FF90021D7
:1066A00001E04FF4A641DBF80030B3F1204F28D0D1
:1066B000B3F1304F00F01A81B3F1404F00F0488140
:1066C0009D4BD3F83C2122F0070242F00102C3F8AF
:1066D0003C21D3F85C2122F0070242F00102C3F80A
:1066E0005C21D3F86C2122F0070242F00102C3F8CA
:1066F0006C21904BC3F86011914C1FE04FF4AA41FC
:10670000D1E78D4BD3F8782222F0070242F0010244
:10671000C3F87822D3F8502122F0070242F0010298
:10672000C3F85021D3F8602122F0070242F00102A1
:10673000C3F860217F4BC3F80011824C7E4AD2F827
:10674000403123F0070343F00103C2F84031D2F88F
:10675000443123F0070343F00103C2F844319BF8AE
:106760000A30002B40F01281D2F8483123F00703A1
:1067700043F00103C2F848316F4BD3F8702122F087
:10678000070242F00102C3F87021D3F8742122F00D
:10679000070242F00102C3F87421D3F8782122F0F5
:1067A000070242F00102C3F87821D3F87C2122F0DD
:1067B000070242F00102C3F87C215E4D40F2022341
:1067C000C5F804310126AE62DBF81830013B2B63BB
:1067D000DBF81C30013B6B63DBF82030013BAB6323
:1067E000DBF82430013BEB63DBF828302B64DBF86B
:1067F0002C30013B6B64DBF83030013BAB64DBF8E1
:106800003430013BEB64DBF83830013B2B65DBF8BF
:106810003C30013B6B65DBF84030013BAB6540F23F
:1068200083132B62C82002F047F94FF480732B6268
:106830006E6200230293029BFF2B06D800BF029BCF
:1068400001330293029BFF2BF8D9DBF80C303E4A50
:10685000A2FB03239B09DBF8102002FB03F3DBF808
:106860001420B3FBF2F31B090133324A53620023B5
:106870000293029B3F2B06D800BF029B0133029379
:10688000029B3F2BF8D92B4B80221A62DBF8043095
:10689000B3F1007FDBF800300CBF43F4883343F4DE
:1068A00008431B68059300230293029B3F2B06D8E5
:1068B00000BF029B01330293029B3F2BF8D90025B6
:1068C0001C4B1D62236843F400232360012002F067
:1068D000F3F8FFF775FE0390DBF800A0DBF80490F7
:1068E000FF27A8462C460197114E60E0124BD3F8C3
:1068F0007C2222F0070242F00102C3F87C22D3F886
:10690000542122F0070242F00102C3F85421D3F8C7
:10691000642122F0070242F00102C3F86421054B12
:10692000C3F82011094C09E7080100100C01001000
:1069300000C00F4000C0092000C002402423020014
:1069400060C1092000C10920D34D621020C1092077
:106950006B4BD3F8382122F0070242F00102C3F852
:106960003821D3F8582122F0070242F00102C3F87F
:106970005821D3F8682122F0070242F00102C3F83F
:106980006821604BC3F840115F4CD7E65C4AD2F8EF
:106990004C3123F0070343F00103C2F84C31EBE61E
:1069A000019BFF2B16D004460135202D15D0D6F8BB
:1069B000DC3123F01F032B43C6F8DC314946504637
:1069C000FFF7C4FD0128EBD0012C02BFA0462F46E3
:1069D0000024E9E704460195E6E7B8F1010F0ED07F
:1069E000012C25D0494AD2F8DC3123F01F0343F0B3
:1069F0001003C2F8DC314648FCF790FF0AE0019B27
:106A00003B445B084149D1F8DC2122F01F021343CB
:106A1000C1F8DC31DBF800A0DBF804904FF0FF0890
:106A200000273C46CDF804803D46384EBB460BE07F
:106A3000019B1F335B08E5E7012C02BF2746A846F0
:106A40005C460135202D15D0D6F8DC3123F4F853FF
:106A500043EA0523C6F8DC3149465046FFF776FD88
:106A60000128E9D1019BFF2B01D00446E9E7044648
:106A70000195E6E7012F0ED0012C3DD0234AD2F834
:106A8000DC3123F4F85343F48053C2F8DC3120485E
:106A9000FCF744FF0BE0019B43445B081B49D1F822
:106AA000DC2122F4F85242EA0323C1F8DC31FFF77B
:106AB00087FD04901548D0F8DC21039E0499039DBE
:106AC000049C02F01F0306FB03F3B3FBF1F303F096
:106AD0001F0302F4F85105FB01F1B1FBF4F101F4DD
:106AE000F8510B4322F4F85222F01F021343C0F86E
:106AF000DC3107B0BDE8F08F019B1F335B08CDE7A9
:106B000000C0024000C0092040C1092000C00F4061
:106B10002423020010B5044643689A689168CBB2FA
:106B200011F0010F0BD010E0A368082120699847ED
:106B300063689A689168CBB211F0010F05D1C3F375
:106B40004203012BF0D0022B00D010BD1168E36886
:106B5000C9B220699847EBE708B5024B1868FFF700
:106B6000D9FF08BDD47F17A008B5024B1868FFF7FE
:106B7000D1FF08BDD07F17A043689B681960002033
:106B8000704700000346044A1060044A4260002037
:106B90001861D86098607047D47F17A0DC3D04006E
:106BA0000346044A1060044A426000201861D8601D
:106BB00098607047D07F17A0C83D04000B46143082
:106BC00003C883E803000020704743689B68C9B28C
:106BD00019610020704743689B689B69DBB20B60BA
:106BE0000020704743689B685B6913F0600F0CBF1F
:106BF00001200020704708B543681868FEF75AFE68
:106C0000002008BD08B543681868FEF743FE002061
:106C100008BD38B50C46456800F11403D1E9000100
:106C200083E80300F2F770F823681B01B0FBF3F070
:106C3000AA68D36843F08003D360AB68C2B21A601D
:106C4000AB68C0F307205860AB68DA680022DA60EE
:106C5000A379042B51D8DFE803F02C031A20260077
:106C6000AA68D36843F00803D3606379012B24D06A
:106C7000022B44D0002B44D1AB68DA68DA60237968
:106C8000053B032B3FD8DFE803F01E262C32AA6811
:106C9000D36843F01803D360E7E7AA68D36843F0EA
:106CA0002803D360E1E7AA68D36843F03803D360D0
:106CB000DBE7AB68DA68DA60D7E7AA68D36843F045
:106CC0000403D360DBE7AB68DA68DA60E0790028B8
:106CD00018BF072038BDAA68D36843F00103D3600A
:106CE000F4E7AA68D36843F00203D360EEE7AA682A
:106CF000D36843F00303D360E8E70E20EAE70720F8
:106D0000E8E70E20E6E70720E4E72DE9F84305462B
:106D10000E4690461F4644682068FEF7CBFD6B6820
:106D2000187C4FF0010909FA00F001F007FE6B68CA
:106D3000187C09FA00F001F001FEC5F80C80AF6084
:106D40002E61F1F7E1FF0646F1F7D6FF0001B6FB31
:106D5000F0F0A36807229A60A268D36843F080032A
:106D6000D360A368C2B21A60A368C0F3072058605A
:106D7000A36810229A62A268D36823F08003D360CC
:106D8000A2680323D360A26853602B681B68227932
:106D9000E1682068FEF7CCFD0020BDE8F883000024
:106DA00038B50D4B1B6803B138BD05460C460A4B80
:106DB0004FF0FF321A6000231A460849084804F0D1
:106DC000E3F802220749284601F0E2FD02220649C3
:106DD000204601F0DDFDE7E7CC7F17A0243E04004C
:106DE000F0160200B83D0400A83D0400F8B51C46AA
:106DF0001E4B1B6803B1F8BD06460F4615461B4BDC
:106E00004FF0FF321A6000231A461949194804F05E
:106E1000BBF803221849304601F0BAFD0322174996
:106E2000384601F0B5FD04221549284601F0B0FDB1
:106E300003221449204601F0ABFD03221249BDF89C
:106E4000180001F0A5FD03221049BDF81C0001F057
:106E50009FFD03220E49BDF8200001F099FD042298
:106E60000C49BDF8240001F093FDC4E7C87F17A0CA
:106E7000F03D0400F8160200903D0400783D040047
:106E8000583D0400403D0400283D0400103D04002E
:106E9000F83C0400D83C040008B50346426A2AB115
:106EA000C0690268526A196A904708BDC0690268E1
:106EB000926A196A9047F8E708B50346426A2AB110
:106EC000C0690268926A196A904708BDC069026881
:106ED000526A196A9047F8E70346044A4260044A36
:106EE0001060002098610E225A61704700800840AF
:106EF000DC7F17A040680B7B082B0AD88260C36830
:106F000013F0010FFBD0C36813F0100FF7D18068A6
:106F1000704713888360C36813F0040FFBD0806848
:106F2000704708B50846FFF7C7FF08BD0B7B082B65
:106F30006AD8F0B583B08E468C68002C66D0436862
:106F40000968DEF804004FF0000C6E46FF2523E0D0
:106F50009D609D609D609D609D609D609D609D6049
:106F6000DA6812F0010FFBD0DA6812F0100FF7D1D7
:106F70009A6802709A6842709A6882709A68C270C1
:106F80009A6802719A6842719A6882719A68C271AD
:106F90000830BC46644534D9DEF80420002A08BF16
:106FA00030460CF10807A74215D8DEF80020002A69
:106FB000CED00A789A604A789A608A789A60CA78BD
:106FC0009A600A799A604A799A608A799A60CA794D
:106FD0009A600831C4E7DEF8002082B111F8012B75
:106FE0009A60DA6812F0010FFBD0DA6812F0100F25
:106FF000F7D19A6800F8012B0CF1010CCAE79D60EB
:10700000EFE7002003B0F0BD0E2070470020F9E745
:1070100030B4416803699D689A6AAC1A186800B375
:10702000032C0DD98418825C8A6062788A60A27809
:107030008A60E2788A609A6A04329A6230BC704749
:1070400054B10244284412F8014B8C609C6A01340C
:107050009C629042F7D1F1E74B6923F008034B6142
:10706000ECE7032C08D9FF228A608A608A608A6074
:107070009A6A04329A62E1E754B1013CFF208860C9
:107080009A6A01329A62013CB4F1FF3FF7D1D5E729
:107090004B6923F008034B61D0E780697047F8B56E
:1070A00045680469EB6913F0FF0F2BD006460127F2
:1070B0000BE0591CE162D054E26AA3689A4210D2F4
:1070C0002F62EB6913F0FF0F1CD013F0060F1AD0DC
:1070D000E36AA268934204D2A8686268002AE8D1F1
:1070E000EEE77069FEF7E6FB03232B626B69002471
:1070F0006C613069FFF7E0FEB461B36813B13169C8
:10710000F0689847F8BD13F0080F02D1DBB22B628C
:10711000D7E73046FFF77CFFD3E7000008B5024B06
:107120001868FFF7BCFF08BDDC7F17A0F8B505465F
:107130000E464468C8690368DB69096A9847336981
:10714000EA699A420FD102236360E36813F0100FDB
:10715000FBD1E36813F0040F04D0A368E36813F0D5
:10716000040FFAD1F8BDEB6102232361F1F7CCFDE6
:107170002369164AA2FB0025AD09326902FB03F31D
:10718000B5FBF3F5114F00E00135F1F7BDFD2269C4
:10719000A7FB00139B0905FB02F2B3FBF2F3326974
:1071A0009342F1D805B1013DB3691A1E18BF0122FF
:1071B0007369003B18BF01239B0143EAC213327B72
:1071C000013A134343EA05232360BCE7D34D621021
:1071D0002DE9F04782B006460D464468002301932E
:1071E00091F83090019B01934069FEF763FB2946BB
:1071F0003046FFF79BFF2846FFF74EFE2B7B012B07
:107200000DD0082B00F2A7802F68D5F80480AB685A
:10721000FBB109F0010900264FF0FF0A65E0E368C1
:1072200013F0100FFBD1E36813F0010FF7D02B68B8
:10723000B3B11B78A360E36813F0100FFBD1E368D0
:1072400013F0010FF7D0A36801936B680BB1019A9B
:107250001A702846FFF730FE002002B0BDE8F08724
:10726000FF23E7E72846FFF717FE49E017F8013B41
:10727000A360E36813F0100FFBD1E36813F0010F74
:10728000F7D0B8F1000F4ED0331DAA68934222D830
:10729000B9F1000F1FD1A36888F80030A36888F8FF
:1072A0000130A36888F80230A36888F803300336F9
:1072B00008F1040815E0331DAA68934208D8B9F113
:1072C000000F05D1FF23A360A360A360A360D0E7F4
:1072D000C4F808A0CDE7A36808F8013BB9F1000F96
:1072E00035D10136AB68B342B3D9E36813F0100F60
:1072F000FBD1E36813F0010FF7D0B9F1000FB1D162
:10730000002FD8D0331DAA689342AFD8B9F1000F2F
:10731000ACD13B78A3607B78A360BB78A360FB789B
:10732000A3600437A5E7331DAA6893420CD8B9F1CE
:10733000000F09D1A3680193A3680193A368019387
:10734000A36801930336CCE7A3680193C6E72846F8
:10735000FFF7B2FDC5E729686A68AB68002B3FF408
:1073600078AF00204FF6FF7708E0A76015E0A3682C
:1073700001930130AB6883427FF66BAFE36813F093
:10738000100FFBD1E36813F0010FF7D00029ECD008
:107390000B4633F8021BA1601946E36813F0100F87
:1073A000FBD1E36813F0010FF7D0002ADFD0A66805
:1073B000134623F8026B1A46DBE710B50C46FFF7BD
:1073C000B5FE2046FFF768FD10BD2DE9F8431F46C6
:1073D0000B7B082B24D804460D469046D0F8049029
:1073E0004069FEF767FA0026AE62EE62C4F80880D4
:1073F000E760256129462046FFF798FE2846FFF7FB
:107400004BFD4FF0FF33A3610E23C9F81430204623
:10741000FFF7FEFD6069FEF73DFA3046BDE8F883F0
:107420000E20FBE72DE9F0411A4C24680CB1BDE8B1
:10743000F0810746884616461D46164B4FF0FF3230
:107440001A60154C00231A461449204603F09CFD8F
:1074500003221349384601F09BFA042211492846B9
:1074600001F096FA03221049404601F091FA0322F6
:107470000E49304601F08CFA4FF4001001F05EFA2C
:10748000234601220A490E20FEF752FA0E20FEF78B
:1074900011FACCE7D87F17A000170200C03E040005
:1074A000A83E0400883E0400703E0400583E0400DC
:1074B0001D7101004268136F23F003030B43136730
:1074C00000207047012908D84268136F23F00C038D
:1074D00043EA81031367002070470920704703299E
:1074E00010D84368D86B023149004FF0030C0CFAF6
:1074F00001FC20EA0C00D863D86B8A400243DA63AF
:10750000002070473B20704743685A6842F00202EF
:107510005A605A6822F002025A6070474268536803
:1075200043F00103536070474268536823F001033E
:107530005360704770B5044643681D68EEB215F09D
:10754000010F03D083680BB1C068984715F0020F94
:1075500003D023690BB16069984715F0040F03D07D
:10756000A3690BB1E069984715F0080F03D0236AAF
:107570000BB1606A984763681E6070BD08B5024B26
:107580001868FFF7D7FF08BDEC7F17A008B5024BBE
:107590001868FFF7CFFF08BDE87F17A0002303603E
:1075A00043608360C360036143618361C36170476B
:1075B00010B504464FF040234360044B836208300B
:1075C000FFF7ECFF024B1C60002010BD34400400AC
:1075D000EC7F17A010B50446054B4360054B836252
:1075E0000830FFF7DBFF044B1C60002010BD00BF1C
:1075F0000000094024400400E87F17A0032932D886
:10760000F8B50C4617461D464668836A1B7B012069
:10761000984001F093F9072F27D847F3000101F0B4
:107620000201C7F34003194317F0040F18BF41F0DC
:107630000401736904EB44000722824023EA020339
:1076400073617369814019437161F1F759FB074612
:10765000F1F75AFBB7FBF0F7B5FBF7F5063446F840
:1076600024500020F8BD3B2070470820FAE7F8B509
:107670000D4616461C464768836A1B7B01209840CE
:1076800001F05CF9032D24D8231E18BF0123069AAC
:107690000AB143F00203079A0AB143F004037A697E
:1076A00005EB45000721814022EA01027A617A69EF
:1076B000834013437B61F1F723FB0446F1F724FB7E
:1076C000B4FBF0F4B6FBF4F6063547F8256000206D
:1076D000F8BD3B20FCE703291BD810B5044600EB9E
:1076E000C1018A60CB60034600F120019A6892B91B
:1076F00008338B42FAD1A36A1888FEF7DBF8002022
:1077000014E0A06A8368012241680088FEF710F93E
:1077100007E03B207047A36A1888FEF7E1F80028CD
:10772000EFD0A36A1888FEF7B5F8002010BD00005E
:10773000174B1B6803B1704710B50446144B4FF04C
:10774000FF321A6000231A461249134803F01CFC4A
:1077500002221249208801F01BF902221049608898
:1077600001F016F902220F49A08801F011F9022256
:107770000D49E08801F00CF900221146208901F042
:1077800007F900221146608901F002F910BD00BF1F
:10779000E47F17A0F03F0400D4170200AC3F0400C0
:1077A0009C3F04008C3F04007C3F0400174B1B6887
:1077B00003B1704710B50446144B4FF0FF321A6006
:1077C00000231A461249134803F0DEFB0422124933
:1077D000208801F0DDF802221049608801F0D8F815
:1077E00003220F49A08801F0D3F803220D49E08855
:1077F00001F0CEF803220C49208901F0C9F80322D8
:107800000A49608901F0C4F810BD00BFE07F17A0ED
:10781000BC3F0400001602005C3F04004C3F040023
:10782000343F04001C3F0400043F0400EC3E04000D
:10783000044AD2F8003231EA0303FAD1014BC3F80B
:107840000812704700C0082008B5064B3022C3F864
:107850000822090441F4A061C3F810121021FFF7B7
:10786000E7FF08BD00C0082038B505461446FFF7FD
:10787000EBFF240444F48074034BC3F8104210213E
:107880002846FFF7D5FF38BD00C0082008B50A46D6
:10789000F321FFF7E9FF08BD01F00F03084AD2F812
:1078A0003402C90941EA430101238B400343C2F872
:1078B0003432D2F8043243F00403C2F80432704781
:1078C00000C0082001F00F020648D0F83432C90980
:1078D00041EA420101228A4023EA0203C0F834321D
:1078E000704700BF00C00820034600209860586021
:1078F000014A1360704700BFF47F17A0031D03C93E
:1079000083E803000020704708B50122FE21FFF73D
:10791000ABFF08BD08B50022FE21FFF7A5FF08BD9B
:1079200038B5054641F080042246D021FFF79CFF80
:107930002246D0212846FFF797FF38BDF8B5074605
:10794000084601F00F04C90941EA4401800000F033
:107950003C0040F001001E4CC4F828022046D0F83C
:10796000206216F4006FFAD016F4806F2CD0C6F3A4
:107970000906174CD4F8285215F0010F1BD0D4F883
:107980001852002AF6D0032B0AD91570280A507015
:10799000280C90702D0ED570043B9BB20432E9E7A1
:1079A000002BE7D0134402F8015B2D0A9A42FAD16A
:1079B0001A460023DEE73846FFF746FFF221384635
:1079C000FFF742FF30B2F8BD4FF0FF30FBE700BFDA
:1079D00000C0082070B5064608461D4601F00F039A
:1079E000C90941EA4301800000F03C0040F0020078
:1079F0001D4BC3F82802C3F82452EDB1D3F8283246
:107A000013F0020F27D00432174B12F8010C12F8B2
:107A1000024C240444EA006412F8040C044312F8F3
:107A2000030C44EA0024C3F81C42D3F828020432B1
:107A300010F0020FE9D10EE00B4BD3F8283213F00F
:107A4000020F08D0084B0020C3F81C02D3F82822EC
:107A500012F0020FF8D13046FFF7F6FEFA21304659
:107A6000FFF7F2FE284670BD00C0082008B501F0FF
:107A70000F03C90941EA4301003A18BF012241F04E
:107A80004001FFF7F1FE08BD70B5054601F00F0398
:107A9000C90941EA43042146FFF7D6FE240444F411
:107AA0000074064EC6F8104220212846FFF7C0FE9B
:107AB000D6F8140200F0010070BD00BF00C008201D
:107AC000007B704770B5054601F00F03C90941EA14
:107AD00043040B49D1F844620123A3403343C1F866
:107AE0004432C1F84842C1F84C224FF48071FFF78C
:107AF0009FFE002244F040012846FFF7B5FE70BD0E
:107B000000C0082010B44068047854B9002012E086
:107B1000022906BF42881A801C800CE020440478A9
:107B200044B190F801C08C45F8D1002AF0D0013A58
:107B300092B2F3E7002010BC704700002DE9F84333
:107B4000804687681B4B0422C3F8082200241D4688
:107B500001264FF020090AE0610807EBC1031B6C06
:107B600013B1C9B2386898470134202C1DD0D5F81C
:107B7000302206FA04F31A42F6D0C5F838324946E4
:107B80004046FFF755FED5F81422D2B214F0010F8B
:107B9000E2D0610807EBC103DB6B002BE4D041EAC4
:107BA000C411C9B238689847DEE71820FDF772FEA5
:107BB000BDE8F88300C00820F8B505464FF0004046
:107BC00000F0BCFE1D4B1B22C3F8F42F1A46D2F85E
:107BD000F83F03F01B031B2BF9D1184B0322C3F80A
:107BE0001021402200212846FFF76CFF402280210F
:107BF0002846FFF767FF20212846FFF747FE0024AD
:107C000002E00134102C16D0E6B22746AB6803EB35
:107C1000C403DB6B23B146F080012846FFF73CFE2E
:107C2000AB6803EBC7031B6C002BEAD03146284638
:107C3000FFF732FEE5E700F033FEF8BD00C0082094
:107C4000F8B51A4B1C68C4B1A668194BD3F800529A
:107C500015F0080F12D115F0040F07D0B3682BB13F
:107C60001820FDF727FEB3683068984715F0010F1C
:107C700003D00F4B0122C3F80822F8BD1F4608238A
:107C8000C7F80832FE212046FFF7DEFD094BC7F892
:107C9000103220212046FFF7CBFDD7F8141273686D
:107CA000002BD8D0C9B230689847D4E7F47F17A02A
:107CB00000C008200002FE0008B50122D821FFF70D
:107CC000D3FD08BD08B50022D821FFF7CDFD08BDC2
:107CD00070B5054644680E4631B1237863B928462D
:107CE000FFF7EAFF2E7370BDFFF7ECFFFAE723788A
:107CF0001C442378002BF2D06378052BF7D1A2889F
:107D0000A1782846FFF7DEFEF1E738B504461546B0
:107D1000FFF706FE29462046FFF7DAFF257338BD38
:107D2000144B1B6803B1704710B50446114B4FF05C
:107D3000FF321A6000231A460F49104803F024F955
:107D400001220F49208800F023FE01220D4960889E
:107D500000F000FE00221146A08800F019FE01226A
:107D60000949E08800F014FE01220849208900F04A
:107D70000FFE10BDF07F17A064400400C017020082
:107D80005C400400544004004C40040044400400A3
:107D900038B51D4BDA681C69144029D0054614F02B
:107DA000400F1CD043691A6812F4803F0FD01B6843
:107DB00013F0010F1DD001234376C3691BB11B686B
:107DC0000BB1006A98476B694FF480321A606B6997
:107DD0001A6812F4801F1CBF4FF480121A6014F04E
:107DE000020F03D0EB69DB68286A9847064BDC601A
:107DF00038BD02234376C369002BE4D05B68002BB7
:107E0000E1D0006A9847DEE700C008200023036045
:107E100043608360024B1A68C2601860704700BFFD
:107E2000008017A0034640689A688A4206D310B4BF
:107E300044185C60521A9A6010BC7047002070476A
:107E400008B5FFF7EFFF08BD034600201876044A87
:107E50005A619860D861186201229A76704700BF13
:107E600054C00820034601220276044941610020E3
:107E70009860D86118629A76704700BF58C0082091
:107E8000C3684360036983607047000070B582B0C7
:107E9000364C26688E4234D000240194019D344C27
:107EA00024682A4342F0704242F480222260314A20
:107EB00012680025156063605560A2609560DDF86A
:107EC00018C00CF1FF3C6344E360D5608B6803F09D
:107ED00002031C438C604A608E421BD0264B1B68F9
:107EE0008B4222D0254B1B688B421ED0244B9962BB
:107EF0009A6842F004029A605A6842F020025A607E
:107F00001DE01AB94FF000740194C7E74FF04074B8
:107F10000194C3E71A4B19629A6842F002029A6010
:107F20005A6842F010025A6009E0154B99629A684B
:107F300042F004029A605A6842F004025A60C3692F
:107F40009B680799006A984702280BD0084B1B686A
:107F50001A68B2F1805F07D31B6813F0804F0CBF23
:107F6000FF20152002B070BD0020FBE72C8017A079
:107F7000188017A0148017A0208017A01C8017A0BD
:107F800000C00820C261016200207047407E704737
:107F900010B582B08E460F4909680C6824F47F5CE6
:107FA0002CF03F0C4CEA0E0CD20102F47E524CEA4B
:107FB00002020A60827E1AB90A6842F400520A601C
:107FC000059A0192049A00924FF40022FFF75EFF97
:107FD00002B010BD248017A010B582B08E460F49A4
:107FE00009680C6824F47F5C2CF03F0C4CEA0E0C02
:107FF000D20102F47E524CEA02020A60827E1AB971
:108000000A6842F400520A60059A0192049A0092AA
:108010004FF48012FFF73AFF02B010BD288017A07E
:1080200010B582B08E460F4909680C6824F47F5C55
:108030002CF03F0C4CEA0E0CD20102F47E524CEABA
:1080400002020A60827E1AB90A6842F400520A608B
:10805000059A0192049A00924FF40022FFF716FF4E
:1080600002B010BD1C8017A010B582B08E460F491B
:1080700009680C6824F47F5C2CF03F0C4CEA0E0C71
:10808000D20102F47E524CEA02020A60827E1AB9E0
:108090000A6842F400520A60059A0192049A00921A
:1080A0004FF48012FFF7F2FE02B010BD208017A03F
:1080B000B2F5807F09D8064B19680B686FF31A4335
:1080C00043EA02430B60002070473B20704700BF2B
:1080D0002C8017A012F0800F0DD10E48006841EAE5
:1080E000034141EAC21141F4006101600A4B1B687F
:1080F00019600020704709480068D20102F47E52DE
:1081000041EA03410A4342F480520260044B1B6877
:108110001A60EEE7248017A01C8017A0288017A003
:10812000208017A04369186880F40070C0F34020D5
:10813000704700000B4601BB1F4A11680A6842F4F1
:1081400000520A601D4A11680A6842F400520A602F
:108150001B4A11680A6842F400520A60194A116801
:108160000A6842F400520A60174A11680A6842F429
:1081700000520A608376002070470F4A11680A682F
:1081800022F400520A600D4A11680A6822F4005273
:108190000A600B4A11680A6822F400520A60094A10
:1081A00011680A6822F400520A60074A11680A68D6
:1081B00022F400520A60DDE72C8017A0288017A067
:1081C000248017A0208017A01C8017A02DE9F04163
:1081D00082B005468846BDF82C700C9E1D4C206868
:1081E00003709DF820304370BDF82410023000F079
:1081F00099FB2068BDF82810043000F093FB20683C
:108200003946063000F08EFB019608230093236860
:108210000022114909682846FFF738FEB8B957B956
:108220000196002300934FF480120B4909682846F9
:10823000FFF72CFE0BE00196009743464FF4002217
:10824000054909682846FFF721FE0028E8D002B05A
:10825000BDE8F0810C8017A02C8017A030B587B046
:108260000C4642F210730493002103910291019491
:10827000052300930B460A46FFF7A8FF054610B1F9
:10828000284607B030BD022000F016FC034B1A68E8
:10829000136823F07F0323431360F1E72C8017A0BA
:1082A00010B586B00C9C0494BDF828400394BDF82A
:1082B00024400294BDF820400194009313460A46DE
:1082C0000B99FFF783FF06B010BD00B587B042F2EF
:1082D0001073049300230393029392B20192092234
:1082E00000920A461946FFF771FF07B05DF804FBDC
:1082F00010B50446642002F0D1FB6269136843F0B4
:1083000010031360642002F0C9FB044B1A68136861
:108310006FF31A4343F40023136010BD2C8017A0A1
:108320002DE9F04F85B006466B4B43604FF4005388
:1083300083604FF0004000F001FB337E002B40F0E3
:10834000B980664B1B22C3F8F42F1A46D2F8F83FC7
:1083500003F01B031B2BF9D1604B0322C3F8102140
:108360004FF480713046FFF75DFD04465C4B1860AA
:1083700010213046FFF756FD80465A4B18601021F9
:108380003046FFF74FFD0746574B18601021304627
:10839000FFF748FD554B0190186010213046FFF75C
:1083A00041FD8346524B186010213046FFF73AFDDD
:1083B0008246504B186010213046FFF733FD0546CA
:1083C0004D4B186010213046FFF72CFD81464B4B7A
:1083D000186080213046FFF725FD494B186058464C
:1083E000FFF714FD5046FFF711FD2846FFF70EFD7D
:1083F0004846FFF70BFD0198FFF708FD0023C8F87A
:108400000030C8F80430C8F80830C8F80C303B60B9
:108410007B60BB60FB601A4644F82350C4F8803090
:10842000C4F884200133202BF6D100230293029B51
:10843000312B12D800220392039BB3F57A6F06D238
:10844000039B01330393039BB3F57A6FF8D3029B2D
:1084500001330293029B312BEDD9204B00225A604D
:108460001A629A6201229A60264A5A6342F62722C9
:108470001A645A6822F0C00242F080025A604FF437
:1084800080321A659C61337E13BB1F4B1E60134BF9
:10849000D968DA680A43DA601C4A1A6100247476E3
:1084A00000F0FEF97368F360B3683361204605B0ED
:1084B000BDE8F08F012B7FF453AF084B0122C3F8C6
:1084C000F42F1A46D2F8F83F13F0010FFAD047E71D
:1084D0000F4B1E60DBE700BF0000002000C008203B
:1084E000108017A0188017A0148017A02C8017A048
:1084F000288017A0248017A0208017A01C8017A018
:108500000C8017A0DF2E7827088017A0420000807B
:10851000048017A0F0B583B005460E460C9F1E4C94
:10852000206803709DF820304370BDF8241002309D
:1085300000F0F8F92068BDF82810043000F0F2F9D6
:1085400020680B9B99B2063000F0ECF901970823E4
:10855000009323680022114909682846FFF796FC1A
:1085600060B96EB101970B9B009333464FF48012B4
:108570000A4909682846FFF789FC08B103B0F0BD35
:108580000197002300934FF400220449096828460C
:10859000FFF77CFCF2E700BF0C8017A02C8017A02F
:1085A00010B586B00C9C0494BDF828400394BDF827
:1085B00024400294BDF820400194009313460A46DB
:1085C0000B99FFF7A7FF06B010BD10B586B00A9C47
:1085D0000494099C03940024029443EA0223019327
:1085E0000623009380230A460899FFF793FF06B0FD
:1085F00010BD00B587B08C461946099B0493089BB3
:1086000003930023029342F4407292B20192062334
:10861000009380236246FFF77DFF07B05DF804FBFF
:1086200008B5054B186808B1FFF7B2FB034B186893
:1086300008B1FFF7ADFB08BD088017A0048017A0A4
:10864000374B1B6803B1704710B50446344B4FF0ED
:10865000FF321A6000231A463249334802F094FC74
:1086600001223249208800F075F9012230496088E2
:1086700000F070F901222F49A08800F089F9012249
:108680002D49E08800F084F901222C49208900F06E
:108690007FF902222A49608900F07AF902222949E9
:1086A000A08900F075F901222749E08900F070F9EE
:1086B00001222649208A00F06BF901222449608AB0
:1086C00000F066F901222349A08A00F061F9012235
:1086D0002149E08A00F05CF901222049208B00F05A
:1086E00057F901221E49608B00F052F901221D4901
:1086F000A08B00F04DF901221B49E08B00F048F9F6
:1087000001221A49208C00F043F902221849608C9A
:1087100000F03EF901221749A08C00F039F910BD94
:10872000FC7F17A008420400180802009C410400C6
:10873000944104008C410400844104007C41040005
:108740006C4104005C410400544104004C410400AD
:10875000444104003C410400344104002C41040025
:10876000244104001C410400144104000C41040095
:10877000FC400400F4400400374B1B6803B1704711
:1087800010B50446344B4FF0FF321A6000231A46EE
:108790003249334802F0F8FB01223249208800F0C8
:1087A000D9F800221146608800F0F2F801222E4923
:1087B000A08800F0EDF801222C49E08800F0E8F8EC
:1087C00000221146208900F0E3F80022114660895A
:1087D00000F0DEF800221146A08900F0D9F800224E
:1087E0001146E08900F0D4F800221146208A00F0FA
:1087F000CFF800221146608A00F0CAF80022114624
:10880000A08A00F0C5F800221146E08A00F0C0F806
:1088100000221146208B00F0BBF800221146608B2D
:1088200000F0B6F800221146A08B00F0B1F801224A
:108830000F49E08B00F0ACF801220E49208C00F0CB
:10884000A7F801220C49608C00F0A2F801220B4924
:10885000A08C00F09DF810BDF87F17A0A441040083
:1088600068080200EC400400E4400400DC4004001E
:10887000D4400400CC400400C4400400BC400400C8
:1088800008B5064BD3F8F83F13F0020F02D1FFF7FB
:10889000C7FE08BDFFF7D4F9F9E700BF00C0082004
:1088A00008B51820FDF71CF800B108BD044B0322E1
:1088B00004491820FDF73CF81820FCF7EBFFF4E71B
:1088C000B024020081880100CBB20370C1F30723FA
:1088D0004370C1F307438370C1F30761C1707047F0
:1088E0000346C278002062F307009A7862F30F20F3
:1088F0005A7862F317401B7863F31F60704700BF1C
:10890000C1F307630370C1F307434370C1F3072347
:108910008370C9B2C17070470378407843EA002081
:10892000704700BFCBB20370C1F30721417070479D
:10893000C1F307230370C9B241707047034B1A6833
:1089400010431860024BC3F8C4007047889117A009
:1089500000C00F4038B562B105460C46531EDBB26D
:10896000013301EBC3022388AB4206D008349442A2
:10897000F9D10648FAF7D2FF38BD284603F07EF851
:1089800062680521284603F055F8F5E7B424020093
:1089900038B54FF6FF73984210D005460C46531E6B
:1089A000DBB242B1013301EBC3022388AB4206D0F4
:1089B00008349442F9D10648FAF7B0FF38BD28468A
:1089C00003F05CF862680521284603F033F8F5E708
:1089D000B424020000BF00BF00BF00BF00BF00BF43
:1089E00000BF00BF00BF00BF00BF00BF00BF00BF8F
:1089F00000BF00BF00BF00BF00BF00BF00BF00BF7F
:108A000000BF00BF00BF00BF00BF00BF00BF00BF6E
:108A100000BF00BF00BF00BF00BF00BF00BF00BF5E
:108A200000BF00BF00BF00BF00BF00BF00BF00BF4E
:108A300000BF00BF00BF00BF00BF00BF00BF00BF3E
:108A400000BF00BF00BF00BF00BF00BF00BF00BF2E
:108A500000BF00BF00BF00BF00BF00BF00BF00BF1E
:108A600000BF00BF00BF00BF00BF00BF00BF00BF0E
:108A700000BF00BF00BF00BF00BF00BF00BF00BFFE
:108A800000BF00BF00BF00BF00BF00BF00BF00BFEE
:108A900000BF00BF00BF00BF00BF00BF00BF00BFDE
:108AA00000BF00BF704700BF10B540F28A24FFF737
:108AB00091FF013CFBD110BD30B110B5441EFFF752
:108AC000F3FF013CFBD210BD704700BF4FF4FA73B7
:108AD00001FB03F39B08B3F1807F05D283688B42CF
:108AE00004D2C16000207047062070470E207047F6
:108AF000024BD3F8800140F38000704700C00F4064
:108B0000064AD2F8803143F00403C2F880314FF0B6
:108B10008042137803F0FB031370704700C00F40CE
:108B20004068704743683BB14FF08043AA221A72F5
:108B300055221A72002070470820704748B14FF044
:108B40008043AA221A721A7842F004021A7000BFF7
:108B5000FDE70A207047034600205860D8609860FF
:108B600070474368F3B94FF0FF3343604FF08043E1
:108B70001A7802F0F3021A70C2684FF4FA7101FB1E
:108B800002F292085A60C2688068121A01FB02F26F
:108B900092089A6103221A70AA221A7255221A7236
:108BA00000207047082070474FF4FA7301FB03F36D
:108BB0009B08B3F1807F05D2C3688B4204D98160E2
:108BC00000207047062070470E20704708B5074BFD
:108BD0001B6803B108BD054B4FF0FF321A6000233C
:108BE0001A460349034802F0CFF9F3E7308017A093
:108BF0006C4204001016020082B0002301934FF073
:108C0000080383F31188BFF36F8FBFF34F8F019B6E
:108C1000002BFCD002B0704706480068006880F363
:108C2000088862B661B6BFF34F8FBFF36F8F00DF66
:108C300000BF000008ED00E04FF0807340F8043CF6
:108C400021F0010140F8081C034B40F80C3C40F8AF
:108C5000202C4038704700BFF98B01000000000055
:108C6000074B19680868B0E8F00F80F30988BFF374
:108C70006F8F4FF0000080F311884EF00D0E70479B
:108C8000688217A04FF0080383F31188BFF36F8F3A
:108C9000BFF34F8F024A136801331360704700BF60
:108CA000A8000010034A1368013B13600BB983F35B
:108CB00011887047A80000100000000000000000AC
:108CC000EFF30980BFF36F8F0D4B1A6820E9F00FA7
:108CD00010602DE908404FF0080080F3118801F082
:108CE0003DFA4FF0000080F31188BDE80840196894
:108CF0000868B0E8F00F80F30988BFF36F8F704702
:108D0000688217A008B54FF0080383F31188BFF3FA
:108D10006F8FBFF34F8F01F05DF828B14FF0E02364
:108D20004FF08052C3F8042D002383F3118808BD4F
:108D300010B54FF0E02400232361A361EFF7E0FFBB
:108D4000044BA3FB00239B09013B636107232361C1
:108D500010BD00BFD34D621010B54FF0E023D3F823
:108D6000202D42F47F02C3F8202DD3F8202D42F0AD
:108D70007F42C3F8202D0024C3F81C4DFFF7D8FF15
:108D8000044B1C60FFF748FF01F0E8F9FFF734FFE0
:108D9000204610BDA800001070B5431E13F10A0F45
:108DA00050D800F1080410F0070305D0A3F1090220
:108DB000A24247D31030C41A00F0F2FF354B1B68B3
:108DC000002B45D0002C37DD334B1E68A64235D32F
:108DD00032490B6801E0194613465A68A24202D292
:108DE0001A68002AF7D12B4A12689A4228D00D68D7
:108DF00008351A680A605868001B102805D91A1926
:108E000050605C60086818510A605968761A2248F8
:108E100006602348006886423CBF2148066041F056
:108E20000041596000221A601E4A13680133136022
:108E300001F0AEF8284670BD0025F9E70025F7E7F8
:108E40000025F5E700F0ACFF124B1B6803BB0024C4
:108E5000EFF75EFF144A12F0070F05D0D31D23F081
:108E60000703D21A10441A460C4B1A6000215960AD
:108E70001318083B23F00703064803605960196084
:108E8000991A51601360064B1960034B196099E7FA
:108E90000025CDE7448017A0408017A0488017A088
:108EA0003C8017A0388017A0989117A0002847D0C1
:108EB00038B5044650F8043C002B00DB38BD50F8B0
:108EC000082C002AFAD1A0F1080523F0004340F84D
:108ED000043C00F065FF54F8041C1A4A13680B4464
:108EE0001360194B1A461B689D42FBD8506802EB71
:108EF000000C65450FD054F8040C29188B4213D090
:108F00002B60AA4218BF1560104A13680133136022
:108F100001F03EF8D2E701445160084611448B420B
:108F200001D01360F0E71546094909688B4205D066
:108F30005B6803446B6013681B68E1E70B46DFE77F
:108F4000704700BF408017A0488017A0348017A04A
:108F5000448017A000F1080343604FF0FF328260A5
:108F6000C3600361002303607047002303617047FF
:108F700043684B609A688A609A685160996008619A
:108F8000036801330360704710B40C68B4F1FF3F0D
:108F900016D000F10803C2681268944204D35B68DB
:108FA0005A681268A242FAD95A684A604A689160BF
:108FB0008B605960086103680133036010BC70471F
:108FC0000369F1E7036942688168916082684168DA
:108FD00051605A68824204BF82685A60002202616E
:108FE0001A68013A1A601868704710B50446FFF70E
:108FF00049FEA46BFFF756FEB4FA84F0400910BD99
:1090000070B504461546866B026C5AB903681BB1ED
:1090100000200136A66370BD806801F02BFA0023A2
:10902000A360F6E76DB9406805F06EFB6368226CDB
:1090300013446360A268934219D32368636028468F
:10904000E7E7C06805F060FB226C5142E3689B1AB9
:10905000E3602268934202D2A3680B44E360022DCE
:1090600001D00020D5E726B1013E0020D1E72846F7
:10907000CFE70020CDE708B50346026C62B1084691
:10908000D9681144D960D3F808C0614524BF196874
:10909000D960D96805F038FB08BD70B50546FFF703
:1090A000F1FD95F8454064B2002C0FDD05F1240672
:1090B00002E0013C64B24CB16B6A3BB1304601F056
:1090C000B7F80028F5D001F05DF9F2E7FF2385F845
:1090D0004530FFF7E7FDFFF7D5FD95F8444064B252
:1090E000002C0FDD05F1100602E0013C64B24CB12A
:1090F0002B693BB1304601F09BF80028F5D001F018
:1091000041F9F2E7FF2385F84430FFF7CBFD70BD4E
:10911000002843D038B50D460446C36B002B3FD022
:109120006FF00042B2FBF3F3026C934201D20020D5
:1091300037E0FFF7A7FD2268216CE36B01FB03F327
:10914000D018A0600020A06362605B1A1A44E2603D
:10915000FF2384F8443084F84530B5B923691BB93E
:10916000FFF7A0FD01201CE004F1100001F060F801
:109170000028F5D04FF0E0234FF08052C3F8042DC3
:10918000BFF34F8FBFF36F8FEAE704F11000FFF7D3
:10919000E1FE04F12400FFF7DDFEE1E70020704767
:1091A000002038BDB0B138B50D461C4603469CB111
:1091B0006AB151B1012184F846102260E36325644D
:1091C0002046FFF7A5FF204638BD0020FCE729B95F
:1091D0002246EFE7002070472046F5E71046F3E708
:1091E00070B508B30C4606466FF00043B3FBF0F3CE
:1091F0008B421CD301FB00F00F4B984219D848302A
:10920000FFF7CAFD054680B1002380F8463014B14F
:1092100000F1480300E003462B60EE632C6401215B
:109220002846FFF775FF00E00025284670BD0025A1
:10923000FBE70025F9E700BFB7FFFF7F50B110B58E
:109240000C46884208D302220021FFF7C9FF20B153
:10925000846302E000207047002010BD2DE9F04338
:1092600085B00446884601921D4600273E4636E0FA
:109270002A4641462046FFF7C3FE636A83B948B1D8
:109280004FF0E0234FF08052C3F8042DBFF34F8F0F
:10929000BFF36F8FFFF706FD012005B0BDE8F08337
:1092A00004F1240000F0C4FF0028F3D04FF0E023C5
:1092B0004FF08052C3F8042DBFF34F8FBFF36F8F71
:1092C000E8E7FFF7EFFC0020E7E702A801F01EF84F
:1092D00012E02046FFF7E1FE00F05AFE0127FFF7FB
:1092E000D1FCA26BE36B9A42C2D3022DC0D0019B8A
:1092F000002BE6D0002FE8D0FFF7D4FC00F050FDA3
:10930000FFF7C0FC94F8440040B2B0F1FF3F08BF43
:1093100084F8446094F8450040B2B0F1FF3F08BFC4
:1093200084F84560FFF7BEFC01A902A800F0FAFF2F
:10933000F8B9FFF7A7FCD4F83890E76BFFF7B2FC59
:10934000B945C6D1019904F1100000F043FF204651
:10935000FFF7A3FE00F01CFE0028BFD14FF0E02372
:109360004FF08052C3F8042DBFF34F8FBFF36F8FC0
:10937000B4E72046FFF791FE00F00AFE00208CE7DC
:1093800048B108B5002181600160C1600B460A4602
:10939000FFF764FF08BD704710B5024600210120A9
:1093A000FFF71EFF0446FFF7EBFF204610BDF8B5A0
:1093B000044617461A46EFF311854FF0080383F36E
:1093C0001188BFF36F8FBFF34F8F806BE36B9842B1
:1093D00005D3022A03D0002085F31188F8BD94F844
:1093E000456076B2A36B2046FFF70AFEB6F1FF3F59
:1093F0000CD1636A0BB90120EEE704F1240000F000
:1094000017FF68B177B101203860E5E700F0DCFCB8
:10941000864209D2013676B284F845600120DBE746
:109420000120D9E70120D7E70120D5E7F8B5EFF310
:1094300011854FF0080383F31188BFF36F8FBFF3DB
:109440004F8F836BC26B9A421FD904460E4690F829
:1094500045707FB201338363B7F1FF3F0BD1436A9D
:109460000BB9012012E0243000F0E2FE88B196B181
:10947000012030600AE000F0A7FC87420DD20137DE
:109480007FB284F84570012000E0002085F3118848
:10949000F8BD0120FAE70120F8E70120F6E72DE901
:1094A000F04184B004468846019200273E4637E0EA
:1094B00041462046FFF7DFFD013DA56323692BB937
:1094C000FFF7F0FB012004B0BDE8F08104F11000CB
:1094D00000F0AEFE0028F3D04FF0E0234FF08052B2
:1094E000C3F8042DBFF34F8FBFF36F8FE8E7FFF78B
:1094F000D9FB0020E7E702A800F008FF1AE02046A9
:10950000FFF7CBFD00F044FD09E02046FFF7C5FD65
:1095100000F03EFD2046FFF768FD002844D10127FA
:10952000FFF7B0FBA56B002DC2D1019B002BDED055
:10953000002FE0D0FFF7B6FB00F032FCFFF7A2FBF4
:1095400094F844305BB2B3F1FF3F08BF84F8446045
:1095500094F845305BB2B3F1FF3F08BF84F8456033
:10956000FFF7A0FB01A902A800F0DCFE0028CCD187
:109570002046FFF73AFD0028C1D0019904F12400EC
:1095800000F028FE2046FFF788FD00F001FD0028CE
:10959000C5D14FF0E0234FF08052C3F8042DBFF344
:1095A0004F8FBFF36F8FBAE700208CE7F0B585B01F
:1095B0000446019100263746354642E0013BA3634D
:1095C00023683BB123694BB9FFF76CFB012630469A
:1095D00005B0F0BD00F0E2FFA060F3E704F1100079
:1095E00000F026FE0028EFD04FF0E0234FF080522D
:1095F000C3F8042DBFF34F8FBFF36F8FE4E7FFF77E
:1096000051FB0026E3E702A800F080FE23E0FFF70D
:1096100039FBA06800F0CCFE0646FFF743FB40E0B4
:109620002046FFF73AFD00F0B3FC09E02046FFF7C3
:1096300034FD00F0ADFC2046FFF7D7FC002847D1F1
:109640000127FFF71FFBA36B002BB7D1019B002B5A
:10965000D5D0002FD7D0FFF725FB00F0A1FBFFF7F7
:1096600011FB94F844305BB2B3F1FF3F08BF84F8BC
:10967000445094F845305BB2B3F1FF3F08BF84F823
:109680004550FFF70FFB01A902A800F04BFE002890
:10969000CCD12046FFF7A9FC0028C1D02368002BBD
:1096A000B5D0019904F1240000F094FD2046FFF7A5
:1096B000F4FC00F06DFC0028C2D14FF0E0234FF025
:1096C0008052C3F8042DBFF34F8FBFF36F8FB7E7FE
:1096D000002E3FF47CAFFFF7D5FA616A19B1236B16
:1096E0001968C1F10701A06800F00AFFFFF7DAFA74
:1096F00000266CE72DE9F041EFF311854FF00803E8
:1097000083F31188BFF36F8FBFF34F8F866B26B93A
:10971000002085F31188BDE8F0810446174690F8D3
:1097200044804FFA88F8FFF7A6FC013EA663B8F123
:10973000FF3F0CD123690BB90120EAE704F11000C7
:1097400000F076FD78B187B101203860E1E700F0E4
:109750003BFB80450BD208F101084FFA88F884F8EA
:1097600044800120D5E70120D3E70120D1E7012083
:10977000CFE710B50446FFF785FAA46BFFF792FA1E
:10978000204610BD01B330B50D46104B00210A46EE
:109790001C4609E00D4901EBC2010D60486030BD77
:1097A000013208331E2A0CD0D3F804E08645F1D0EC
:1097B0000029F5D154F832E0BEF1000F08BF194678
:1097C000EEE70029E9D1EAE7704700BF508017A013
:1097D0000023084951F83320824203D001331E2B65
:1097E000F8D17047044A002142F8331002EBC3025B
:1097F00051607047548017A0508017A010B50446E0
:10980000FFF7E6FF94F8463003B110BD2046FFF79E
:109810004DFBFAE770B504460D461646FFF732FADF
:1098200094F844305BB2B3F1FF3F04BF002384F8E7
:10983000443094F845305BB2B3F1FF3F04BF0023DE
:1098400084F84530FFF72EFAA36B1BB12046FFF7D3
:1098500024FC70BD3246294604F1240000F0C8FC07
:10986000F4E70000074B1B681B6823B9064B4FF059
:10987000FF321A607047034B1B68DB681A68024BA3
:109880001A607047B08117A0488117A02DE9F843EE
:1098900006461F46DDF824800A9C02F18042013A08
:1098A000256B05EB820525F0070579B10B4601F123
:1098B000FF3C04F1330E0F331CF8012F0EF8012F7B
:1098C0000AB19C45F8D1002384F84330089B062B4D
:1098D00028BF06239946E3626364201DFFF745FB1A
:1098E00004F11800FFF741FB2461C9F10703A361EC
:1098F00064623A4631462846FFF79EF92060B8F187
:10990000000F01D0C8F80040BDE8F88370B50446E8
:10991000FFF7B8F9374A136801331360364B1B68F9
:10992000002B42D0354B1B683BB9334B1B68DA6ABE
:10993000E36A9A429CBF304B1C60314A1368013382
:109940001360E36A2F49086801229A4002430A60C3
:109950002D4A03EB830302EB83035B68A3609968E2
:10996000E1609868211D41609960E36A03EB83011F
:10997000880002EB81016161115801311150FFF73C
:1099800091F91E4B1B687BB11B4B1B68DA6AE36ABB
:109990009A4209D24FF0E0234FF08052C3F8042DD1
:1099A000BFF34F8FBFF36F8F70BD134B1C601368F5
:1099B000012BC2D1144D05F18C062846FFF7CAFAD7
:1099C0001435B542F9D1114E3046FFF7C3FA104DA8
:1099D0002846FFF7BFFA0F48FFF7BCFA0E48FFF71B
:1099E000B9FA0E48FFF7B6FA0D4B1E600D4B1D601D
:1099F000A3E700BF688117A0688217A05C8117A049
:109A00004C8117A0608117A0DC8117A0C88117A026
:109A1000B48117A0988117A0848117A06C8117A02A
:109A2000B08117A0AC8117A010B5044690F855304E
:109A300013B1012B07D010BD006BFFF737FA20469A
:109A4000FFF734FAF7E7FFF731FAF4E780B5154C82
:109A5000154F164EDFF858802368A3B1FFF712F9AF
:109A6000FB68DD68281DFFF7ADFA3368013B336002
:109A70002368013B2360FFF715F92846FFF7D4FF61
:109A80002368002BEAD1D8F80030012BE4D94FF03D
:109A9000E0234FF08052C3F8042DBFF34F8FBFF384
:109AA0006F8FD9E7808117A0848117A0688117A0E4
:109AB000DC8117A02DE9F04104460D462C4B1E68B1
:109AC0002C4B1F682C4BD3F800802C4B18680430AB
:109AD000FFF778FA48B9294B1A6829490B68D06A08
:109AE0000122824023EA02030B60B4F1FF3F0DD054
:109AF0003444224B1B685C60A6421DD91F4B196879
:109B000004314046FFF740FABDE8F0810DB31D4A2D
:109B100051681A4B1868816018688C68C4601868AE
:109B20008C68043060601868043088601B685A6173
:109B3000136801331360E7E7104B196804313846A6
:109B4000FFF722FA104B1B68A342DDD90E4B1C60B5
:109B5000DAE7731E094A126853609E42CED8074B5B
:109B6000196804313846FFF70FFA074B1B68CBE73B
:109B7000648117A0B08117A0AC8117A0688217A0DC
:109B8000608117A06C8117A0488117A02DE9F043D0
:109B900087B00E460F9F109C00210591DCB1054651
:109BA00091469846BFB15822204604F0D6FD27635F
:109BB000022384F8553000230393029405AB0193EC
:109BC0000E9B009343464A4631462846FFF75EFE09
:109BD0002046FFF79BFE059807B0BDE8F0832DE90E
:109BE000F04385B005460E46144698469000FFF7B0
:109BF000D3F810B381465820FFF7CEF80746C8B116
:109C00005822002104F0A9FDC7F8309000230393E7
:109C100002970D9B01930C9B0093434622463146CD
:109C20002846FFF733FE3846FFF770FE012005B0E7
:109C3000BDE8F0834846FFF739F94FF0FF30F6E70B
:109C400038B50446FFF71EF8002C38D0251D2846ED
:109C5000FFF7B8F970B9E26A02EB82039B0023496F
:109C6000CB583BB922480368012101FA02F223EAEA
:109C700002030360A36A1BB104F11800FFF7A2F905
:109C80001C4A1368013313601B4B1B68A34219D095
:109C90001A4A1368013B1360FFF7E4FDFFF702F86F
:109CA000154B1B68A34202D02046FFF7BDFE144BA4
:109CB0001B681BB1104B1B68A3420CD038BD0E4B68
:109CC0001C68C3E729460F48FFF752F90E4A13688C
:109CD00001331360E2E74FF0E0234FF08052C3F806
:109CE000042DBFF34F8FBFF36F8FE7E7DC8117A021
:109CF000608117A04C8117A0688217A0688117A007
:109D00005C8117A0848117A0808117A010B58CB04A
:109D10001C4908AA11F8013B02F8013B002BF9D1BC
:109D200000240594069407AA06A905A8E6F768FE8C
:109D3000059B0293069B019300942346079A08A96A
:109D40001148FFF723FF114B186018B100F0ACFD6C
:109D5000012803D00E4B1B680CB010BD4FF0080358
:109D600083F31188BFF36F8FBFF34F8F094B4FF011
:109D7000FF321A60084B01221A60084B1C60FEF784
:109D8000EBFFE7E7D82402004D9A0100448117A0B9
:109D90009C420400488117A05C8117A0648117A031
:109DA000024A136801331360704700BF408117A057
:109DB000014B1868704700BF648117A0014B1868F9
:109DC000704700BF648117A0014B1868704700BF3F
:109DD000688117A0634B1B68002B40F0BD802DE904
:109DE000F047614B1C6801341C6094B15F4B1B68E9
:109DF000A34200F29E805E4B1B681B68B3B100203B
:109E00005B4D07465B4E4FF0010E5B49DFF86CC1BE
:109E100067E0574A11685A4B186810601960594A30
:109E2000136801331360FFF71DFDDFE700204F4B80
:109E30004FF0FF321A607DE04C4B1A607AE09A6A6C
:109E4000D3F81C90D3F820A0C9F808A0D3F820902C
:109E5000D3F81CA0C9F804A0D2F804A003F1180993
:109E6000CA4504BFD3F82090C2F804909F62D2F88C
:109E7000009009F1FF39C2F80090DA6AD6F800A024
:109E80000EFA02F949EA0A09C6F8009002EB8202CA
:109E900001EB820252689A60D2F80890C3F80C90E5
:109EA000D2F80890C9F80480C2F80880DA6A02EB98
:109EB000820801EB8809C3F8149051F8288008F152
:109EC000010802EB820241F82280DCF80080DA6AA5
:109ED000D8F82C309A4288BF01202B681B68002BD1
:109EE000A5D02B68DB68DB685A689442A4D35A6912
:109EF000D3F80880D3F80C90C8F80890D3F80C80F9
:109F0000D3F80890C8F80490D2F8049003F104083C
:109F1000C14504BFD3F80C90C2F804905F61D2F839
:109F2000009009F1FF39C2F800909A6A002A86D1A0
:109F3000A3E70020114B1B68DB6A03EB83039B0044
:109F40000D4AD358022B28BF01200F4B1B68002B52
:109F500018BF0120BDE8F0870C4A13680133136075
:109F600000207047408117A0648117A0488117A086
:109F7000B08117A0608117A0DC8117A0688217A0AC
:109F8000AC8117A0508117A0548117A0588117A049
:109F90002DE9F843FEF776FE5B4B1A68013A1A602A
:109FA0001B68002B40F0A780584B1B68002B00F06B
:109FB000A880574B1B68002B7BD0554D002455487B
:109FC00001265549554FDFF858C1EB68DB689A6A9E
:109FD000D3F81CE0D3F82080CEF80880D3F820E036
:109FE000D3F81C80CEF80480D2F8048003F1180E58
:109FF000F04504BFD3F820E0C2F804E09C62D2F838
:10A0000000E00EF1FF3EC2F800E05A69D3F808E024
:10A01000D3F80C80CEF80880D3F80CE0D3F8088091
:10A02000CEF80480D2F8048003F1040EF04504BF9A
:10A03000D3F80C80C2F804805C61D2F8008008F18B
:10A04000FF38C2F80080DA6AD0F8009006FA02F809
:10A0500048EA0908C0F8008002EB820201EB8202A4
:10A0600052689A60D2F80880C3F80C80D2F8088051
:10A07000C8F804E0C2F808E0DA6A02EB820E01EBED
:10A080008E08C3F8148051F82EE00EF1010E02EB99
:10A09000820241F822E0D7F800E0DA6ADEF82C30DC
:10A0A0009A4288BFCCF800602B68002B8DD1FFF757
:10A0B000D9FB1C4B1C686CB1194E012501E0013C19
:10A0C00005D0FFF787FE0028F9D03560F7E7154B7C
:10A0D00000221A60124B1C6874B1104B1B684FF0C1
:10A0E000E0234FF08052C3F8042DBFF34F8FBFF32E
:10A0F0006F8F012400E00024FEF7D4FD2046BDE868
:10A10000F8830024F8E700BF408117A0688117A0FA
:10A11000988117A0608117A0DC8117A0688217A022
:10A12000548117A0588117A010B550B94FF0E02303
:10A130004FF08052C3F8042DBFF34F8FBFF36F8FE2
:10A1400010BD0446FFF72CFE00212046FFF7B2FCAD
:10A15000FFF71EFF0028F3D1E8E70000184B1B684B
:10A160001BB1184B01221A607047164B00221A606F
:10A17000154B1B68B3FA83F3DBB2C3F11F03134A19
:10A1800003EB830102EB810148684068486049683D
:10A1900003EB830002EB8002083291420AD003EB0A
:10A1A00083030A4A02EB83035B68DA68084B1A6090
:10A1B0001B687047054A02EB8002D1685160EEE7E8
:10A1C000408117A0548117A0608117A0DC8117A0DF
:10A1D000688217A010B50C46044B19681831FEF7B9
:10A1E000D3FE01212046FFF765FC10BD688217A051
:10A1F00070B544680D4B1D68EC611D68A6682E6241
:10A200001D68A668183575601D681835A5601B683F
:10A210009862036801330360002A0CBF08464FF0C0
:10A22000FF301146FFF746FC70BD00BF688217A0E3
:10A2300030B4C368DB689A6AD969186A8860196A99
:10A24000D8694860516803F11800814204BF196A57
:10A25000516000219962116801391160254A126824
:10A26000002A3AD15A699968D8688860D96898688C
:10A2700048605168181D814204BFD96851600021AF
:10A280005961116801391160DA6A1B4C2568012196
:10A29000914029432160194902EB820201EB8202BD
:10A2A00052689A609468DC60946860609060DA6AD2
:10A2B00002EB8200840001EB8000586108590130F4
:10A2C00008510F4A1168DA6ACB6A9A4283BF0120AB
:10A2D0000C4B1860002030BC70470B4A5168D961A4
:10A2E0008C681C628C68606088609A6211680131B9
:10A2F0001160E6E7408117A0608117A0DC8117A0FC
:10A30000688217A0548117A0988117A0034B1B687F
:10A310000360034B1B684360704700BF508117A068
:10A32000648117A038B505460C46FEF7ABFC134B0D
:10A330001A682368B3F1FF3F1BD0696810480068B2
:10A34000D5F800C0844505D0914203D8002323608E
:10A3500001240FE0501A834203D800232360012414
:10A3600008E09B1A0B4423602846FFF7CFFF002428
:10A3700000E00024FEF796FC204638BD648117A05B
:10A38000508117A0014B01221A607047548117A019
:10A39000054B1B6833B1054B1868B0FA80F04009D3
:10A3A00040007047012070475C8117A0408117A0D2
:10A3B000002856D070B50446C36A2B4A1268D26A88
:10A3C000934245D28269002A05DB274A1268D26A85
:10A3D000C2F107028261616903EB8303234A02EB46
:10A3E0008303994205D0204B1B68DB6AE36201209E
:10A3F00036E0251D2846FEF7E5FD38B91C490B68F7
:10A40000E06A0122824023EA02030B60164B1B68BC
:10A41000DB6AE36216490E68012000FA03F2324358
:10A420000A60124A03EB830302EB83035B68A360B9
:10A430009968E16099684D609D60E36A03EB830170
:10A440008D0002EB8101616151590144515107E0D6
:10A45000054B1B68406CDB6A98422CBF0020012032
:10A4600070BD0020704700BF688217A0DC8117A074
:10A47000608117A000283BD070B50446836C013B77
:10A480008364C16A426C914234D00BB1002070BD2C
:10A49000051D2846FEF796FD38B917490B68E06A96
:10A4A0000122824023EA02030B60636CE362C3F182
:10A4B0000702A26110490E68012000FA03F232433C
:10A4C0000A600E4A03EB830302EB83035B68A3601D
:10A4D0009968E16099684D609D60E36A03EB8301D0
:10A4E0008D0002EB81016161515901445151CEE768
:10A4F000002070470020CAE7608117A0DC8117A008
:10A50000002846D038B50446436C994238BF1946F6
:10A51000C36A8B4202D0826C012A00D038BDC1626E
:10A520008269002AA4BFC1F107018161416903EB7F
:10A530008303184A02EB83039942EFD1051D284695
:10A54000FEF740FD38B914490B68E06A01228240E9
:10A5500023EA02030B60E36A0F49086801229A406C
:10A5600002430A600B4A03EB830302EB83035B683D
:10A57000A3609968E16099684D609D60E36A03EBB0
:10A580008301880002EB8101616111580131115092
:10A59000C4E77047DC8117A0608117A0034B1868DF
:10A5A00010B1836C01338364704700BF688217A0C9
:10A5B00008B54160006191420CD8D21A83699A4271
:10A5C00001D3012008BD011D094B1868FEF7DCFC12
:10A5D0000020F7E79A4201D2994206D2011D054BAD
:10A5E0001868FEF7D1FC0020ECE70120EAE700BF85
:10A5F000108317A0148317A070B504460D461646A5
:10A6000004E0A3691D44236A20469847A1692B46AC
:10A61000324629442046FFF7CBFF0028F1D170BD18
:10A6200070B505460E460D4B1B68DB68DC68201DC7
:10A63000FEF7C8FC94F8243013F0040F07D123F080
:10A64000010384F82430236A2046984770BD3246BF
:10A6500029462046FFF7D0FFF5E700BF148317A077
:10A66000F8B50546FFF7A4FB0446104B1B68834270
:10A6700005D800232B600D4B1C602046F8BD0C4B09
:10A680001B681A685AB14FF0FF37094EDB6818682B
:10A690003946FFF7C5FF33681A68002AF6D1054A24
:10A6A00010680349086013600123E3E7048317A0DF
:10A6B000148317A0108317A02DE9F04186B05B4EDC
:10A6C0005B4D33681F68002F00F08B80DB681F68CC
:10A6D000FFF766FB02A8FFF7C3FF0446029A4AB9D8
:10A6E000874200F28E80FFF753FC21463846FFF781
:10A6F00097FF01E0FFF74CFC0023029303930493C0
:10A7000005931C4606E005990498039B9847029B15
:10A71000002B09DA224602A92868FEF7C0FE0028AD
:10A72000CFD0029B002BEEDB049F7B6913B1381D59
:10A73000FEF748FC01A8FFF793FF8046029B013B10
:10A74000082BE7D8DFE803F0050529303F05052988
:10A75000300097F8243043F0010387F82430039B3E
:10A76000B969024619443846FFF722FF0028D1D0C4
:10A7700097F8243013F0040F07D123F0010387F872
:10A7800024303B6A38469847C4E7BB694246039980
:10A7900019443846FFF730FFF3E797F8243023F0E9
:10A7A000010387F82430B5E797F8243043F001031C
:10A7B00087F824300399B9610346024601443846BC
:10A7C000FFF7F6FEA6E797F8243013F0020F04D047
:10A7D00023F0010387F824309CE73846FEF766FB38
:10A7E00098E7FFF7DDFA02A8FFF73AFF0446029B5D
:10A7F000002B7FF47FAF0F4B1B681A68B2FA82F20E
:10A800005209391B2868FFF705F8FFF7C1FB00283C
:10A810007FF472AF4FF0E0234FF08052C3F8042D65
:10A82000BFF34F8FBFF36F8F66E700BF148317A08E
:10A830000C8317A0108317A030B583B0FEF722FA5F
:10A84000114B1B681BB1FEF72DFA03B030BD0F4D45
:10A850002846FEF77FFB0E4C2046FEF77BFB0D4B98
:10A860001D600D4B1C60002300930C4B0C4A102103
:10A870000520FEF797FC044B18600028E3D0094937
:10A88000FEF780FFDFE700BF0C8317A02C8317A023
:10A89000188317A0148317A0108317A06C8217A029
:10A8A000B48217A0E024020010B588B0FFF7C4FFFF
:10A8B0000F4B1B68D3B100240594069407AA06A980
:10A8C00005A8E6F7A9F8059B0293069B01930323CD
:10A8D00000932346079A07490748FFF757F9074BA4
:10A8E0001860001B18BF012008B010BD0020FBE756
:10A8F0000C8317A0E8240200B9A60100088317A062
:10A900002DE9F0410746884616461D462820FEF7E9
:10A9100043FA0446A0B1002380F82430FFF78CFFEF
:10A920002760C4F81880E561069B2362201DFEF7AE
:10A930001CFB2EB194F8243043F0040384F8243037
:10A940002046BDE8F08100000E4B1B68C3B100B586
:10A9500085B0009101920290052903DD002005B029
:10A960005DF804FBFFF714FD02284FF000030CBF55
:10A97000069A1A46694603480068FEF76FFCEEE740
:10A98000002070470C8317A010B50446FEF77AF933
:10A9900094F8244004F00104FEF784F9204610BD29
:10A9A00008B50120FEF7F8FC034B18600120FEF704
:10A9B000F3FC024B186008BDB48417A0B08417A044
:10A9C00008B5044B4FF0FF321A60FFF79FF90020E3
:10A9D00008BD00BFAC00001008B5FFF7E1F900208A
:10A9E00008BD08B5FFF7D4FA002008BD30B585B022
:10A9F00004464FF0FF31174B1868FEF7D7FD02AB46
:10AA0000009300231A4603A9204601F003F90546E6
:10AA100028B99DF80C30032B18BF032509D000235B
:10AA20001A4619460B480068FEF718FC284605B080
:10AA300030BD204601F09CF8054600231A46194611
:10AA400004480068FEF70AFC002DEFD10298FFF7DA
:10AA5000F7F8EBE7B08417A070B584B004460E4E4B
:10AA60004FF0FF313068FEF7A1FD0025009503ABE4
:10AA700002AA2946204601F0CDF82B462A4629464F
:10AA80003068FEF7EBFB03992046029B984720466F
:10AA9000FFF7ACFFFEE700BFB48417A008B5054B75
:10AAA0001B681BB1FFF740FB002008BDFEF704F850
:10AAB000FAE700BFAC00001070B584B00446002374
:10AAC0000393036003A801F023F8054610B128465C
:10AAD00004B070BD039B2360032200210120FEF718
:10AAE0007FFB064660B100231A461946FEF7B6FB07
:10AAF0000023009332460421039801F065F8E6E74D
:10AB0000039801F035F8002323600425DFE7F0B552
:10AB100085B004460F46154600230393036003A83F
:10AB200000F0F6FF064610B1304605B0F0BD039BBD
:10AB3000236029463846FEF781FB024630B1009774
:10AB400001230421039801F03FF8EDE7039801F099
:10AB50000FF80426E8E730B585B0044600210091DF
:10AB60000B4603AA01F056F8054610B1284605B079
:10AB700030BDFFF715F90398FEF740FE204600F0C0
:10AB8000F7FFFFF705FAF1E710B584B00C46002394
:10AB9000009303AA02A901F03DF820B99DF80830FE
:10ABA000042B02D0032004B010BD21460398FEF709
:10ABB000FDFCB0FA80F040094000F4E700B585B034
:10ABC0000023009303AA02A901F024F89DF808309D
:10ABD000042B03D0032005B05DF804FB00231A46C4
:10ABE00019460398FEF73AFBB0FA80F04009C0001E
:10ABF000F1E700B587B00023009305AA04A901F08E
:10AC000031F89DF81030042B03D0032007B05DF815
:10AC100004FB03A90598FEF709FCB0FA80F040098F
:10AC2000C000F3E770B584B005460E46144603A88D
:10AC300000F06EFF039B2360044610B1204604B071
:10AC400070BD002231462846FEF7CAFA024630B1EE
:10AC5000002300930521039800F0B6FFEEE7039868
:10AC600000F086FF0424E9E730B585B004460021F2
:10AC700000910B4603AA00F0CDFF054610B128460F
:10AC800005B030BD0398FEF7B9FD204600F070FF17
:10AC9000F5E770B584B00C460023009303AA02A91F
:10ACA00000F0B8FF054630B926786EB99DF8083037
:10ACB000052B03D00325284604B070BD002103985E
:10ACC000FEF760FD3546F6E79DF80830052B01D00C
:10ACD0000325F0E721460398FEF754FDEBE770B536
:10ACE00084B00C4615460023009303AA02A900F085
:10ACF00091FF064620B99DF80830052B03D00326A6
:10AD0000304604B070BD00232A4621460398FEF762
:10AD1000A5FA0128F4D0002814BF0B260226EFE77D
:10AD200010B586B00C460023009305AA04A900F0D4
:10AD300099FF20B99DF81030052B02D0032006B0F2
:10AD400010BD002303AA21460598FEF730FBB0FA98
:10AD500080F040094000F2E730B585B00C4615465A
:10AD60000023009303AA02A900F054FF20B99DF824
:10AD70000830052B02D0032005B030BD01232A4640
:10AD800021460398FEF76AFAB0FA80F040094000C5
:10AD9000F2E730B585B00C4615460023009303AAB0
:10ADA00002A900F037FF20B99DF80830052B02D02A
:10ADB000032005B030BD2A4621460398FEF76FFBFD
:10ADC000B0FA80F040094000F3E710B586B00C46B9
:10ADD0000023009305AA04A900F044FF20B99DF8C0
:10ADE0001030052B02D0032006B010BD03AA214667
:10ADF0000598FEF77FFCB0FA80F040094000F3E7C9
:10AE000030B585B00C460023009303AA02A900F0D8
:10AE100001FF054620B99DF80830052B03D0032516
:10AE2000284605B030BD0398FEF7A3FC2060F7E785
:10AE300008B5054B5B68C3F3080313B9FEF7B8FF09
:10AE400008BDFEF7BBFFFBE700ED00E010B50446D0
:10AE5000FEF7AEFF001B10BDF8B505460E461746BF
:10AE6000184B1B687BB14FF0FF31164B1868FFF78A
:10AE70008BFE154B1C6854B10E2C0ED9114B186863
:10AE8000FFF79CFEF8BD0F48FFF716FEEBE74FF407
:10AE9000B47200210D4803F060FC04EB44020B4B3C
:10AEA00003EBC20EF44628686968AA68EB68ACE850
:10AEB0000F00CEF814708EF811600134024B1C6044
:10AEC000DCE700BF448317A0408317A0488317A086
:10AED0002DE9F04784B080460C4615461F469DF884
:10AEE00030A00D9E002302934FF0FF31234B1868D2
:10AEF000FEF75CFB4FF0FF31214B1868FEF756FB65
:10AF000002A800F005FE8146A0B100231A461946AA
:10AF10001B480068FEF7A2F900231A461946174895
:10AF20000068FEF79BF90EB1029B3360484604B0FF
:10AF3000BDE8F08705F1140203AB0193CDF800A042
:10AF4000029B92B221460F48FEF749FE012807D026
:10AF5000029800F00DFE002302934FF03809D4E769
:10AF6000039B00933B4642460321029800F02CFECF
:10AF70002A4651462046FFF76FFFC6E7B08417A068
:10AF8000B48417A059AA01002DE9F0410C461C49D0
:10AF90000F68312F03D901242046BDE8F081164601
:10AFA0001D461849002341F8373001EBC7014860BE
:10AFB000E06801F0E3FAE26813490B6813440B60A0
:10AFC0008046D8B1CC2103F0C8FBC8F80040A36884
:10AFD00040469847044668B90A4B43F837800DB19C
:10AFE000C5F800800EB1C6F80080054A1368013329
:10AFF0001360D1E7404601F0C5FACDE70424CBE762
:10B00000BC8417A0C08417A0B88417A02DE9F04114
:10B0100088460E4B1E68AEB1054600240C4F57F80B
:10B020003410284603F0EEFB28B10134B442F6D1C7
:10B030000023092002E0074B53F83430C8F80030F1
:10B04000BDE8F08100230920F8E700BFBC8417A009
:10B05000C48417A0C08417A010B582B00C4600F0BD
:10B060002BFA08B102B010BD01A9206800F010FA57
:10B07000F8E700B583B001A900F00AFA03B05DF863
:10B0800004FB10B582B00C4601A900F001FA20B90A
:10B09000019803681B692146984702B010BD10B59E
:10B0A00082B00C4600F008FA034610B1184602B010
:10B0B00010BD01A9206800F0EBF903460028F5D186
:10B0C000019803681B6998470346EFE700B583B012
:10B0D00001A900F0DDF918B9019803685B69984788
:10B0E00003B05DF804FB00B583B001A900F0D0F90E
:10B0F00018B901980368DB69984703B05DF804FB51
:10B1000000B583B001A900F0C3F918B9019803682C
:10B110009B69984703B05DF804FB10B582B00C46FC
:10B1200001A900F0B5F920B9019803685B6A2146CE
:10B13000984702B010BD00002DE9F0470646124CBA
:10B1400001250020A046114F4FF0FF390FE049467E
:10B150005B7B98F8012002FB03F387FB03C21A44D0
:10B16000C2F3C712D04701350C34052D0AD023464F
:10B17000D4F814A0BAF1000FF5D0E8B2002EE6D151
:10B180002169E5E7BDE8F087548617A081808080BB
:10B190002DE9F84F04460A46264B00EB400103EB2D
:10B1A00081014A705F78D3F80480D0B100EB400190
:10B1B000204B03EB81039B68002B38D0B8F1000FC4
:10B1C00032D108461B4901EB8001496807FB02F2B6
:10B1D0001948A0FB0202C2F3C71220469847BDE8F7
:10B1E000F88F1D460126DFF850904FF0FF3A0DE032
:10B1F00051465B7B07FB03F389FB03C21A44C2F38E
:10B20000C712D84701360C35052E0BD02B46D5F882
:10B2100014B0BBF1000FF5D0F0B2B8F1000FE7D1D8
:10B220002969E6E72046DAE74FF0FF31CEE7002054
:10B23000D5E700BF548617A08180808038B50446CA
:10B24000134B597800EB400203EB82034FF0FF32BF
:10B250005A60A8B100EB40020D4B03EB82039D68DE
:10B260009DB10B4B03EB82035A7801FB02F2094BB1
:10B27000A3FB0232C2F3C7124FF0FF31A84738BD1B
:10B280001046FFF759FF2046F9E70020F7E700BF17
:10B29000548617A08180808038B50446144B5878B6
:10B2A000596804EB440203EB820300225A60C4B1E4
:10B2B00004EB44020E4B03EB82039D68B5B10C4BCB
:10B2C00003EB82035A7800FB02F20A4BA3FB023223
:10B2D000003918BF0121C2F3C71249422046A847CE
:10B2E00038BD1046FFF728FF2046F9E70020F7E7B2
:10B2F000548617A081808080194B1B6823BB10B433
:10B30000184A4FF0000C64465FFA8CF31370B3FADE
:10B3100083F35B09DB01537054600CF1010C0C32B8
:10B32000BCF1050FF0D10E4B4FF0FF321A60431EF7
:10B33000DBB2032B05D800EB40000A4B03EB800384
:10B340009960002010BC7047431EDBB2032B05D868
:10B3500000EB4000034B03EB800399600020704733
:10B36000508617A0548617A000B583B0ECF73CFFB9
:10B3700000F026FF01F08AFDECF73AFF074B01933E
:10B380000323009300234FF4807205490548FFF71B
:10B390009FFDFFF715FB03B05DF804FB908617A037
:10B3A000F02402004D7E000008B5ECF70BFFECF72F
:10B3B000F5FEECF717FFECF7D3FEECF7D9FEECF750
:10B3C00012FF08BD2DE9F04385B080460C4691463A
:10B3D0001F4603A800F09CFB054618B1284605B09F
:10B3E000BDE8F083E06801F0C9F80646F8B1E2680C
:10B3F000CC2103F0B2F9144AE36811680B441360DE
:10B400003460A368304698470546A8B9CDF8008057
:10B41000234632460621039800F0D6FB07B13E6072
:10B42000B9F1000FDAD0039BC9F80030D6E70398D2
:10B4300000F09EFB0425D1E7304601F0A3F8039805
:10B4400000F096FBCAE700BF948617A030B587B01E
:10B4500005464FF0FF33059306240CE004AB009340
:10B4600000231A461946039800F0D4FB2946049895
:10B4700003F0C8F948B105AA03A9204600F012FC60
:10B480000028EBD0002007B030BD4FF0FF30FAE7C6
:10B4900010B584B00C460023039300930A4603A919
:10B4A00000F0B8FB9DF80C30062B1DBF0023236075
:10B4B0000320002004B010BD2DE9F04184B0074600
:10B4C0000D464FF0FF33039300230B6006260DF16A
:10B4D00008080CE0CDF8008000231A4619462868B9
:10B4E00000F098FB3946029803F08CF940B103AAAA
:10B4F0002946304600F0D6FB04460028EAD009244D
:10B50000204604B0BDE8F08110B582B00C46FFF7CC
:10B51000D3FF08B102B010BD01A92068FFF7B8FF42
:10B52000F8E7F0B583B00E4615461C4601A9FFF7B3
:10B53000AFFF30B9019803685F6923463246294658
:10B54000B84703B0F0BDF0B583B00E4615461C46B3
:10B5500001A9FFF79DFF30B9019803689F69234651
:10B5600032462946B84703B0F0BD000008B5074B86
:10B570001B6833B14FF0FF31044B1868FFF704FB31
:10B5800008BD0248FFF798FAF4E700BF9C8617A0B1
:10B5900008B5024B1868FFF711FB08BD9C8617A081
:10B5A0000020034B1860034B1860034B1860704772
:10B5B000A08617A09C8617A0988617A070B506468F
:10B5C0000C460C2000F0D6FFF0B10546204603F0F3
:10B5D00040F9013000F0CEFFA86080B1214603F0B1
:10B5E000EFF8291D3046FFF753FF084C23682B6006
:10B5F000FFF7BCFF2560FFF7CBFF002070BD28469A
:10B6000000F0C0FF0420F9E70420F7E7A08617A0A8
:10B610002DE9F04383B080460C461746FFF7A6FF9E
:10B62000164B1D6835B36E683368D3F8109001ABC4
:10B63000224641463046C847044628B1FFF7A8FFD6
:10B64000204603B0BDE8F0830C2000F093FF40B12A
:10B65000019A426085600A4A116801601060386092
:10B66000ECE733685B69396868689847FFF790FFD3
:10B670000424E5E7FFF78CFF0A24E1E7A08617A082
:10B68000988617A070B50546FFF770FFAB6858683D
:10B6900003685B696968984706460B4B1C6844B1B0
:10B6A000A5420DD0234624681CB1A542FAD12268D8
:10B6B0001A60FFF76DFF204600F064FF304670BD52
:10B6C0002268014B1A60F4E7988617A0F0B583B0A2
:10B6D00004460D4616461F46FFF748FFA368586804
:10B6E0006168036800979C6933462A46A047044670
:10B6F000FFF74EFF204603B0F0BD2DE9F04184B0C6
:10B7000005460E4617461C46FFF730FFAB685868E3
:10B710000368D3F81C80696854B100943B463246F4
:10B72000C0470446FFF734FF204604B0BDE8F0816F
:10B7300003ACF2E738B504460D46FFF717FFA368E0
:10B74000586803681B6B2A46616898470446FFF7F0
:10B750001FFF204638BD000038B504460D46FFF7F0
:10B7600005FF094B1B6853B1586803689B6C2A4658
:10B77000214698470446FFF70BFF204638BDFFF7E8
:10B7800007FF0A24F9E700BFA08617A038B50446D2
:10B790000D46FFF7EBFE094B1B6853B15868036871
:10B7A000DB6C2A46217898470446FFF7F1FE2046D5
:10B7B00038BDFFF7EDFE0A24F9E700BFA08617A009
:10B7C00010B582B00C46FFF777FE034610B118465D
:10B7D00002B010BD01A92068FFF75AFE03460028F9
:10B7E000F5D1019803681B6998470346EFE700B558
:10B7F00083B001A9FFF74CFE18B9019803685B6993
:10B80000984703B05DF804FBF0B583B00E461546CB
:10B810001C4601A9FFF73CFE30B9019803689F69F7
:10B8200023462A463146B84703B0F0BDF0B583B091
:10B830000E4615461C4601A9FFF72AFE30B90198AD
:10B840000368DF6923462A463146B84703B0F0BD96
:10B8500030B583B00C46154601A9FFF719FE28B98B
:10B86000019803681B6A2A462146984703B030BDF9
:10B8700030B583B00C46154601A9FFF709FE28B97B
:10B88000019803689B6A2A462146984703B030BD59
:10B8900010B582B00C4601A9FFF7FAFD20B9019856
:10B8A0000368DB6A2146984702B010BD044B03F1E0
:10B8B000A001002243F8042F8B42FBD1704700BF48
:10B8C000A08617A0FF280BD010B50446272803D860
:10B8D000044B53F8240010BD0348F8F71FF8F7E7AE
:10B8E00000207047A48617A0F824020010B5044673
:10B8F000272805D8064B53F824402CB1204610BD0C
:10B900000448F8F70BF8F5E70348F8F707F8F5E708
:10B91000A48617A0F82402000C25020008B5074BE6
:10B9200053F8203023B9054B43F82010002008BD00
:10B930000348F7F7F3FF0A20F9E700BFA48617A032
:10B940002C25020010B50446000AFFF7CFFFE4B231
:10B9500003685B6A0121A140984710BD10B50446F9
:10B96000000AFFF7C3FFE4B203689B6A0121A1400C
:10B97000984710BD10B50446000AFFF7B7FFE4B2C0
:10B980000368DB690121A140984710BD10B504464A
:10B99000000AFFF7ABFFE4B203681B6A0121A14074
:10B9A000984710BD38B504460D46000AFFF79EFFC4
:10B9B00003681B6B2A46E1B2984738BD38B5044688
:10B9C0000D46000AFFF792FF03685B6B2A46E1B25F
:10B9D000984738BD38B504460D46000AFFF786FF84
:10B9E0000368DB6B2A462146984738BD38B50446C4
:10B9F0000D46000AFFF77AFF03681B6C2A462146B2
:10BA0000984738BD10B50446000AFFF76FFF03687A
:10BA10005B6C2146984710BDF8B504460D461646A6
:10BA2000000AFFF763FF03689F6B33462A462146EF
:10BA3000B847F8BDF8B504460D461646000AFFF7AC
:10BA400055FF03689F6C33462A46E1B2B847F8BDFC
:10BA500010B582B00446000AFFF748FF00230193A7
:10BA6000E4B20368DB6A01AA0121A140984701986A
:10BA7000003818BF0120404202B010BD10B5044686
:10BA8000000AFFF733FF4FF6FF739C4205D0E4B284
:10BA90000368DB6C0121A140984710BD10B5044636
:10BAA000000AFFF70FFF4FF6FF739C4206D0E4B287
:10BAB00003689B6D0121A140984710BD4FF0FF30F6
:10BAC000FBE7000010B50F4C4FF416620021204632
:10BAD00002F043FE012323600B4A13600B4B9522B7
:10BAE0001A60234604F515624FF0AA344FF0BB30BC
:10BAF0004FF0CC315C619861D96110339342F9D138
:10BB000010BD00BF4C8717A0488717A0448717A017
:10BB100038B50546FDF7B6F8124B1C68F4B1124B68
:10BB20001B6812490133962B28BF01231A018A583A
:10BB3000002AF7D10C4A13602B60013C094A1460BB
:10BB400019010A4A02EB03130220505000245C60E2
:10BB50009C60DC60FDF7A6F8204638BDFDF7A2F832
:10BB60000120FAE7448717A0488717A04C8717A041
:10BB700038B5431E942B21D80446FDF783F82301E2
:10BB80000F4AD35CB3B10E4B220103EB0414002522
:10BB90009D504FF0AA3363604FF0BB33A3604FF06A
:10BBA000CC33E360074A136801331360FDF77AF87A
:10BBB000284638BDFDF776F80320FAE70320F8E7BA
:10BBC0004C8717A0448717A02DE9F843441E942CF6
:10BBD0001CD80F4690461E464FEA00190C4D05EB47
:10BBE0000014FDF74FF815F809305BB145F80970FE
:10BBF000C4F80480A660089BE360FDF753F80020BA
:10BC0000BDE8F883FDF74EF80320F9E70320F7E7D6
:10BC10004C8717A02DE9F8461D46431E942B1DD8CE
:10BC20000E4617464FEA001ADFF8349009EB00146D
:10BC3000FDF728F816B159F80A3033600FB1636880
:10BC40003B600DB1A3682B60089B13B1E368089AB1
:10BC50001360FDF727F80020BDE8F8860320FBE716
:10BC60004C8717A030B4029C451E942D14D84FEA7F
:10BC7000001C0B4D05EB001011B155F80C500D6078
:10BC80000AB1416811600BB182681A6034B1C368AF
:10BC90002360002030BC70470320FBE70020F9E759
:10BCA0004C8717A010B41368084C0133952B08D8A3
:10BCB0004FEA031C14F80CC08445F6D10B60002039
:10BCC00000E00920136010BC704700BF4C8717A02C
:10BCD00010B582B00C46FFF7EFFB08B102B010BD03
:10BCE00001A92068FFF7D4FBF8E700B583B001A9EC
:10BCF000FFF7CEFB03B05DF804FB10B582B00C4635
:10BD000001A9FFF7C5FB20B9019803681B6921460B
:10BD1000984702B010BD70B58AB00E4614461D4655
:10BD200009A9FFF7B5FBA0B98DF8046005959DF84A
:10BD300038308DF818300F9B0793ADF8064000237C
:10BD400002938DF80C300493099803681B6901A9CC
:10BD500098470AB070BD70B58AB00E4614461D46AD
:10BD600009A9FFF795FBA0B98DF8046002959DF82D
:10BD700038308DF80C300F9B0493ADF8064000234B
:10BD800005938DF818300793099803681B6901A97A
:10BD900098470AB070BD38B50D46D0F804413CB1A3
:10BDA0002946606802F02EFD10B12468002CF7D1FE
:10BDB000204638BD38B50C4651B115468C683CB1AB
:10BDC0002946606802F01EFD10B12468002CF7D1EE
:10BDD000204638BDF8B504460E46FFF7DCFF0546A1
:10BDE00008B12846F8BD102000F0C4FB0546002825
:10BDF000F7D0D4F80431ABB1D4F808311860C4F8E6
:10BE000008010027EF60AF60304602F022FD0130EC
:10BE100000F0B0FB044668602F6040B1314602F08C
:10BE2000CFFCDEE7C4F80801C4F80401E9E72846BE
:10BE300000F0A8FB2546D4E770B50C461646FFF780
:10BE4000B9FF054608B1284670BD0C2000F092FBF2
:10BE500005460028F7D0E3688BB11860E0603046F3
:10BE600002F0F7FC013000F085FB04466860002317
:10BE7000AB602B6030B1314602F0A2FCE3E7E0603A
:10BE8000A060ECE7284600F07DFB2546DBE70000DC
:10BE90002DE9F04FC5B001908A4600270297BB46B6
:10BEA0003B463D464FF080090DF10C0815E0CDF8FA
:10BEB000089002AB4A4641465046FFF707FC029BFA
:10BEC000002B00F09780002840F09580002307E0C9
:10BED0005B2C04BF012500273346029A9A42E6D91B
:10BEE0005E1C18F803400D2CF6D0052DF4D801A3E4
:10BEF00053F825F0D1BE01000DBF010043BF010082
:10BF00005BBF0100A3BF0100DBBF01005D2C08D0B7
:10BF10007F2FE1DC07F588736B4403F8844C01370D
:10BF2000DAE707F588730DEB0307002307F8843C75
:10BF300023A90198FFF74EFF00285FD002250027B4
:10BF4000CAE75B2C53D0204602F023FA0028C3D165
:10BF50008DF88C4003250127BEE7204602F019FA30
:10BF600000900028B8D13D2C08D07F2FB4DC07F515
:10BF700088736B4403F8844C0137ADE707F5887389
:10BF80000DEB0307002307F8843C23AA019BD3F899
:10BF900008111846FFF750FF834678B3009F042529
:10BFA0009AE7204602F0F5F9B8B10A2C94D10022A4
:10BFB00007F588736B4403F8842CDBF8080008B19C
:10BFC00000F0E0FA781C00F0D5FACBF8080023A9BD
:10BFD00002F0F6FB022500277EE70A2CE7D007F5E2
:10BFE00088736B4403F8844C0137052574E70125F9
:10BFF000002771E7002045B0BDE8F08F0420FAE784
:10C0000070B582B005460C4600230B6002F021FC9F
:10C01000802829D84FF4867000F0ACFA064638B371
:10C020004FF48672002102F098FB802229463046A8
:10C0300002F0CDFA01AA01212846FFF7E9FA0546E8
:10C0400028B109280DD0304600F09CFA0DE0019986
:10C050003046FFF71DFF05460198FFF713FB002D43
:10C06000F1D12660002500E00E25284602B070BD03
:10C070000425FAE738B3F8B50746D0F80461F6B9F5
:10C08000384600F07FFA0020F8BD284600F07AFA22
:10C090005CB125462468686808B100F073FAA868A6
:10C0A0000028F2D000F06EFAEFE73468706800F014
:10C0B00069FA304600F066FA002CE1D02646B468F2
:10C0C000002CE6D1F1E70320704770B138B50C467B
:10C0D0000546084602F0BDFB802808D8214605F138
:10C0E000810002F06DFB002038BD032070470E2058
:10C0F000FAE700001A6030B370B50D461C460646DC
:10C1000090F881300BB92B2070BD00F18101FFF751
:10C1100042FE01462A463046FFF74CFEA8B1806831
:10C120000378242B09D0302B02D14378782B04D00C
:10C1300002F0CCFA20600020E6E72246044902F033
:10C1400024FA0020E0E7032070470020DCE700BF6E
:10C15000141F0200F8B516461C4658B30F46054694
:10C1600090F8813003B300F18101FFF714FE01461E
:10C170003A462846FFF71EFE80B18668304602F038
:10C1800068FB069B984228BF184605460246314682
:10C19000204602F0B9FA00206055F8BD314620462D
:10C1A00002F00EFB0020F8E71146204602F008FBE3
:10C1B0002B20F2E71146184602F002FB0320ECE7C1
:10C1C00008B500F0E3F9FFF77DFCFFF76FFBFEF722
:10C1D000E7FB002008BD10B582B00C46FFF76CF9F4
:10C1E000034610B1184602B010BD01A92068FFF740
:10C1F0004FF903460028F5D1019803681B69984759
:10C200000346EFE700B583B001A9FFF741F918B97C
:10C21000019803685B69984703B05DF804FB30B58B
:10C2200083B00C46154601A9FFF732F928B90198E9
:10C2300003681B6A2A462146984703B030BD10B5F3
:10C2400082B00C4601A9FFF723F920B901980368D1
:10C250005B6A2146984702B010BD00B583B001A9C2
:10C26000FFF716F918B9019803689B6A984703B05D
:10C270005DF804FB00B583B001A9FFF709F918B90F
:10C2800001980368DB6A984703B05DF804FB10B5BA
:10C2900082B00C4601A9FFF7FBF820B901980368AA
:10C2A0001B6B2146984702B010BD30B583B00C46D9
:10C2B000154601A9FFF7ECF828B9019803685B6BF4
:10C2C0002A462146984703B030BD00002DE9F047CB
:10C2D00082B0694B4FF0FF321A600024674B1C603C
:10C2E000674B1C70674B1C60A046674F644D1E4631
:10C2F0001FE02B78072B00F2B180DFE803F01F343A
:10C30000405D69829F13614B1B680BB3FEF790FD84
:10C3100004460023594A13605B4A1360584A137855
:10C32000013313703220FEF7B9FB3368002B40F065
:10C3300099803B68002BDCD000232B704F4B1B688F
:10C34000002BE0D0524B5B6A002BDCD09847DAE739
:10C35000504B1968504B1868FFF799FF4B4B4FF043
:10C36000FF321A60D2E7FEF763FD001B484B5B68A3
:10C370009842D7D9424A137801331370D2E7DFF8D5
:10C3800014A1DFF8149101AA5146D9F80000FFF773
:10C390008CFFDAF800104908D9F80000FFF777FFA2
:10C3A0003A4B00221A60354B4FF0FF321A60344A84
:10C3B000137801331370B5E7FEF73AFD001B344BD9
:10C3C0009B689842AED92E4A137801331370A9E7BF
:10C3D0002F4B9B6903B198472D4BDB6903B19847FD
:10C3E000FEF726FD80462B4B19682B4B1868FFF78C
:10C3F0004EFF264B00221A60214A13780133137036
:10C4000090E7FEF715FDA0EB0800214B1B68984252
:10C410000BD8FEF70DFD001B1D4BDB68984281D940
:10C42000174A1378013313707CE7FEF701FD80464D
:10C43000174BDB69002BECD09847EAE70021164B3D
:10C440001868FFF724FF114B00221A60104B1B6A7B
:10C4500098470B4A13780133137063E7084B0022A7
:10C460001A705FE7064B09221A70034B00221A600C
:10C4700002B0BDE8F08700BFB49017A0B89017A035
:10C48000F09017A0B09017A0C09017A0B0000010B7
:10C49000C49017A0AC9017A0EC9017A0164B1B6887
:10C4A0000BB12920704730B585B00446134B186096
:10C4B000134DAE468C46BCE80F00AEE80F00BCE85A
:10C4C0000F00AEE80F009CE803008EE80300322363
:10C4D0002B616B6103AA0B492046FFF7E6FE0A4B6E
:10C4E0000193042300930023802208490848FEF7A3
:10C4F000EFFC05B030BD00BFB49017A0EC9017A0C2
:10C50000C49017A0AC9017A0BC9017A040250200C3
:10C51000CDC2010038B50C4B1B6893B10B4B4FF0EB
:10C52000FF321A600A4B1B78092B07D00125084CF3
:10C530002846FEF7B3FA2378092BF9D1054B0022E0
:10C540001A60002038BD00BFB49017A0B09017A0AB
:10C55000F09017A0B89017A0024B4FF0FF321A606E
:10C56000704700BFC09017A0014B1868704700BF0C
:10C57000B89017A008B5FCF70FFC08BD08B5FCF78C
:10C580000BFC08BD08B5FCF791FC08BD704710B561
:10C5900082B00C46FEF790FF034610B1184602B079
:10C5A00010BD01A92068FEF773FF03460028F5D1EE
:10C5B000019803681B6998470346EFE7F0B585B01B
:10C5C0000F4616461D4603A9FEF762FF40B90398C1
:10C5D00003680A9A00921C6A2B4632463946A047E5
:10C5E00005B0F0BDF0B585B00F4616461D4603A94F
:10C5F000FEF74EFF40B9039803680A9A0092DC697F
:10C600002B4632463946A04705B0F0BD00B583B091
:10C6100001A9FEF73DFF18B9019803685B6A9847C6
:10C6200003B05DF804FB10B582B00C46FEF744FF82
:10C6300008B102B010BD01A92068FEF729FFF8E794
:10C6400000B583B001A9FEF723FF03B05DF804FB3A
:10C6500010B582B00C4601A9FEF71AFF20B9019867
:10C6600003681B692146984702B010BD08B506490A
:10C670000648FEF721FF00B108BD0549024B1868C6
:10C68000FEF706FFF8E700BFF89017A0701402004D
:10C69000F49017A010B50446074B1B6833B1064B46
:10C6A000186803681B692146984710BDFFF7DEFF35
:10C6B0000028F4D0F9E700BFF49017A010B50446A5
:10C6C000074B1B6833B1064B186803685B6921464A
:10C6D000984710BDFFF7CAFF0028F4D0F9E700BF64
:10C6E000F49017A010B582B00C46FEF7E5FE0346A5
:10C6F00010B1184602B010BD01A92068FEF7C8FEAF
:10C7000003460028F5D1019803681B699847034642
:10C71000EFE730B583B00C46154601A9FEF7B8FE29
:10C72000034630B9019803689B6921469847034640
:10C7300010B1184603B030BD2846FEF7AFF9019896
:10C7400003689B69002198470346F2E710B582B061
:10C750000C4601A9FEF79CFE20B9019803689B696D
:10C760002146984702B010BD08B54FF0FF31024B8B
:10C770001868FEF709FA08BD049117A008B5024B26
:10C780001868FEF71BFA08BD049117A010B50446FF
:10C790000A4B186828B14368A3420DD000680028EE
:10C7A000F9D10C20FFF7E6FE30B1044B1A680260A5
:10C7B000446000228260186010BD00BF089117A07D
:10C7C00010B582B00C4601A9FEF762FE20B90198AF
:10C7D00003689B692146984702B010BD2DE9F043DC
:10C7E00089B06420FEF75AF9DFF89490DFF894805E
:10C7F0003FE0FFF7B1FEFFF7B7FE20B14FF0FF3388
:10C80000C8F8003002E0D8F80030B3B1049B13F050
:10C81000010F0ED024683CB304A96068FFF7D0FF75
:10C820000028F7D1049B13F0010FE2D1D8F80030B3
:10C830001BB10023C8F80030ECE7A568002DE9D053
:10C8400002270026049B03F001030097059A01923A
:10C85000069A02920393324669466868FEF73FFAE9
:10C860002D68002DEED1D5E7FFF788FF0A20FEF7EF
:10C8700015F9FFF779FFD9F80040002CCCD1F3E788
:10C88000089117A0FC9017A000B583B001A9FEF78E
:10C89000FFFD18B901980368DB69984703B05DF89C
:10C8A00004FB00B583B001A9FEF7F2FD18B90198A9
:10C8B00003685B6A984703B05DF804FB30B583B04A
:10C8C0000C46154601A9FEF7E3FD28B90198036857
:10C8D0001B6A2A462146984703B030BD38B5044646
:10C8E0000D46FFF741FF2046FFF750FF60B10446B9
:10C8F0000820FFF73FFE58B14560A2680260A060C3
:10C90000FFF73CFF002038BDFFF738FF0420FAE7AF
:10C91000FFF734FF0420F6E770B584B005460C46F7
:10C9200016461C4B1B6843B121462846FEF7C4FD42
:10C930000546C8B1284604B070BD174B00221A60E6
:10C940001648FEF7B9F818B9124B4FF0FF321A60CB
:10C95000134B01930423009300234FF48072114979
:10C960001148FEF7B5FADFE703A92068FEF790FD4E
:10C9700005460028DED1039803681B6998470546E1
:10C980000028D7D1002ED5D031682068FFF7A6FF48
:10C99000D0E700BF0C9117A0089117A0049117A031
:10C9A000009117A04C250200DDC7010038B50546EF
:10C9B0000C46FFF7D9FE2846FFF7E8FE01468068DF
:10C9C00098B1002200E018464368A34207D00368EC
:10C9D0000246002BF7D108E003688B6003E0002AD1
:10C9E000FAD003681360FFF7CDFDFFF7C7FE002004
:10C9F00038BD30B583B004460D4601A9FEF748FDA9
:10CA000008B103B030BD29462046FFF7CFFF01989B
:10CA100003685B699847F4E730B583B00C46154668
:10CA200001A9FEF735FD28B9019803689B6A2A46DB
:10CA30002146984703B030BD10B582B00C46FEF7D2
:10CA40003BFD08B102B010BD01A92068FEF720FD32
:10CA5000F8E710B582B00C4601A9FEF719FD20B920
:10CA6000019803681B692146984702B010BD00B5C4
:10CA700083B001A9FEF70CFD18B9019803689B6902
:10CA8000984703B05DF804FB00B583B001A9FEF739
:10CA9000FFFC18B9019803685B6A984703B05DF81A
:10CAA00004FB00B583B001A9FEF7F2FC18B90198A8
:10CAB0000368DB6A984703B05DF804FB70B5042A8D
:10CAC0000ED0002A3BD02C4B1C68601CA30004F144
:10CAD000020C013A92B29444284C294E294D25E08B
:10CAE000264B1B6893B1244B1A68264B1B6803EB3B
:10CAF00082031A680A605A684A609A688A60DB682A
:10CB0000CB601D4A13680433136018E01A4B1A688F
:10CB10001B4B1B6803EB8203EBE73268D2580A60B9
:10CB2000421C04330431624507D010462268002AB3
:10CB3000F3D02A68D2580A60F2E70F4B18600E4B08
:10CB40001B68FF2B12D90C4B00221A600B4B1B6881
:10CB50006BB10D4A4FF0FF311160B3FA83F35B09FB
:10CB6000064A1360094B1868FEF743F870BD084A7F
:10CB70004FF0FF311160F0E7749117A0B80000107A
:10CB8000789117A07C9117A06C9117A0109117A015
:10CB9000B400001008B50B464FF48062014602480D
:10CBA0000068FEF793FD08BD849117A070B582B0B0
:10CBB000194A0121FEF72CFD044610B1204602B0AF
:10CBC00070BD4FF0FF35154B1D60154E33462C22BE
:10CBD000144911480068FEF779FD3146124B186878
:10CBE000FFF7D8FF1149124B1868FFF7D3FF002356
:10CBF000104A1360104A1360104A1360104A1560FF
:10CC0000104A0192032200924FF480520E490F48BD
:10CC1000FEF75EF9D2E700BF849117A0189117A024
:10CC2000809117A0209117A07C9117A0BC00001044
:10CC3000789117A06C9117A0B4000010749117A000
:10CC4000B8000010649117A0542502008DCC01009B
:10CC500010B5094B186803689B6998470024074B77
:10CC60001C60074B1868FEF70DFD064B1C60064B59
:10CC70001868FDF7BBFE10BD589117A01C9117A0B6
:10CC8000849117A0189117A0649117A0F8B5184BBC
:10CC9000186803685B699847164B4FF0FF321A60BB
:10CCA000154C164E164F174D02E0174B1B689BB9DB
:10CCB0002368D3B13368C3B14FF0FF313868FDF753
:10CCC00063FF2B68002BF0D02146104B1868FFF74C
:10CCD00061FF00232B60E8E708490D4B1868FFF758
:10CCE00059FF094B00221A60E2E7FFF7B1FFF8BDD8
:10CCF000589117A01C9117A0809117A0BC0000109C
:10CD0000109117A06C9117A0B40000107C9117A08F
:10CD1000789117A008B5194B186803681B690021A2
:10CD2000984728B1154B186803681B69002198477C
:10CD3000134B1B68CBB9134B1868FFF723FC124B3E
:10CD40001868FFF71FFC114B1868FEF7BFF90123A5
:10CD50000F4A13600F4A13600F4B4FF0FF321A60F7
:10CD60000E4B1868FDF7F7FE08BD3021074B186819
:10CD7000FEF7D3F9024B00221A60DCE7609117A09E
:10CD8000149117A07C9117A0789117A0689117A013
:10CD9000809117A0BC000010B8000010109117A0DF
:10CDA00038B5044624492548FEF779F9002839D0DA
:10CDB000234B1C70234C21462348FEF77DFB234D5B
:10CDC00029462068FEF764FB0446286803681B694F
:10CDD0000121984724B1286803681B6901219847FD
:10CDE0004FF48060FFF7C6FB194B18604FF480606A
:10CDF000FFF7C0FB174B1860174D29461748FEF781
:10CE00005BFB174C21462868FEF742FB206803684D
:10CE10001B69144998471448FDF74EFE134B002236
:10CE20001A6038BD2146044B1868FEF776F9104B9E
:10CE30004FF0FF321A60BBE7689117A0A0170200FD
:10CE4000709117A05C9117A05C250200609117A05B
:10CE50007C9117A0789117A0549117A06825020023
:10CE6000589117A0BDCA0100109117A01C9117A0DE
:10CE7000149117A0014B1868704700BF1C9117A0B0
:10CE800008B50A242046EBF7B5F9FBE7024BD3F8C7
:10CE9000C420024B1A60704700C00F40889117A051
:10CEA0009D22002808BF704744BF404242F4807270
:10CEB000B0FA80F18840521A41064FEA102008BFAC
:10CEC00010F0010F00EBC25088BF013070470042E4
:10CED00004BF0146704710F000424FEA125242F47C
:10CEE000806242F01D0200D54042B0FA80F18840D5
:10CEF000521AC30A400503EB02517047002808BFCD
:10CF000070474FF09D02FFF7D3BF004204BF0146B8
:10CF100070474FF4806242F01D02B0FA80F1884001
:10CF2000521AC30A400503EB0251704750EA01034D
:10CF300008BF704711F000424FEAD25242F0BD02E2
:10CF400040F104800023404263EB0101002902BF4D
:10CF500001460020203AB1F5803F3FBF103A090456
:10CF600041EA10410004B1F1807F3FBF083A090255
:10CF700041EA10610002B1F1805F3FBF043A09014C
:10CF800041EA1071000111F0404F01BF023A8900DF
:10CF900041EA9071800009425EBF490041EAD071C8
:10CFA000013A002818BF41F0010148064FEA11215B
:10CFB00008BF11F0010F01EBC25088BF013070476C
:10CFC00050EA010308BF70474FF0BD02FFF7BEBF34
:10CFD00041000DD2090E7F390AD4D1F11F0104D4CA
:10CFE000000240F00040C84070476FF000007047FA
:10CFF00000207047420019D2120E7F3A16D4202A20
:10D0000007DAD2F11F02000240F00040D0400021B8
:10D010007047D2F13F020CDB010241F0004161FA9E
:10D0200002F021FA02F180EA01007047002000219D
:10D0300070476FF00000014670474A000ED2520D53
:10D04000A2F54072FF3A09D4D2F11F0208D4C902F6
:10D0500041EA505040F00040D040704700207047F7
:10D060006FF000007047C0F3C751094208BF00F0DD
:10D07000004042004FEA40704FEA121118BF01F120
:10D08000605128BF81F000414FF08073D34238BF18
:10D09000704701F1605118BF41F4002170474FF40F
:10D0A000001313EB410F24D24FEA4102B2F1E043E7
:10D0B00024BFB3F5001CDCF1FE5C0DD901F000418A
:10D0C0004FEAC00241EA5070B2F1004F40EB8300DA
:10D0D00008BF20F00100704711F0804F04BF01F03D
:10D0E0000040704701F0004040F0FE4040F4000076
:10D0F000704701D10042F5D049004FEAC10141EA31
:10D1000010704FEA300040F48000704780F000401B
:10D1100081F0004181F000414FF07F4C90EA010F17
:10D120003DD4431A3CBFC01AC918BCEB400F7FD98D
:10D130001CEA400F30D0C20DB2EBD153182BC8BF40
:10D140007047000240F000401CEB410F4FEA4121C4
:10D150004FEA310138BF01F00041C3F1200C01FA60
:10D160000CFCD940401832BF013A5FEA300040F071
:10D1700001005CEA406C04BF10F4807F20F0800066
:10D18000000A40EBC2504FF0807111EB400F38BFE6
:10D190007047C00DC005704700F00040704781F037
:10D1A0000041431A3EBF83F00043C01AC918BCEBCC
:10D1B000400F3AD9C20DA2EBD1531CEB400F4FEAFE
:10D1C00040204FEA300038BF00F000401CEB410F18
:10D1D0004FEA41214FEA310138BF01F00041C3F16C
:10D1E000200C11FA0CFC21FA03F118BF41F00101E7
:10D1F000401A08BF70474FEA1223D2B2B0FA80F14A
:10D200008840521AC1B2000A20F4000040EAC2501D
:10D2100040EAC370802940F1000008BF20F00100FF
:10D22000002AC8BF7047D8077047BCEB410F03D036
:10D23000BCEB400F08BF70474FF0FE4040F4400089
:10D2400070474FF0FF0C1CEAD0521EBF1CEAD153AE
:10D25000FF2AFF2B2AD090EA010F4FF0004C4CEA36
:10D2600001214CEA0020A0FB01C11A444CBF4FF041
:10D2700000430023B1F1004F62F17F0238BF490043
:10D280004CEA416CFE2A09D253EA11204CEAC07CD8
:10D2900028BFBCF1010340EBC2507047124244BFAB
:10D2A00018467047FF2043EAC050704710EACC5F31
:10D2B00008BF00F0004011EACC5F08BF01F0004158
:10D2C0000CEAD153FF2A18BFFF2B03D0484000F0CF
:10D2D0000040704700281EBFB0F1004F0029B1F197
:10D2E000004F12D0FF2A02D15FEA402C0DD1FF2B54
:10D2F00002D15FEA412C08D180EA010000F0004031
:10D3000040F0FE4040F4000070474FF0FE4040F413
:10D3100040007047FF2313EAD0521EBF13EAD153D7
:10D3200092F0FF0F93F0FF0F00F0B580D21A02F1D8
:10D330007F0281EA000C0CF0004C4FF0004343EAFE
:10D34000002043EA01214FEADC5C4FEA50034FEA38
:10D3500051015B1A3CBF013A01EB4303D1EB43039C
:10D3600038BFCB184CEB0C0CD1EB430338BFCB18B8
:10D370004CEB0C0CD1EB430338BFCB184CEB0C0C33
:10D38000D1EB430338BFCB184CEB0C0CD1EB430370
:10D3900038BFCB184CEB0C0CD1EB430338BFCB1888
:10D3A0004CEB0C0CD1EB430338BFCB184CEB0C0C03
:10D3B000D1EB430338BFCB184CEB0C0CD1EB430340
:10D3C00038BFCB184CEB0C0CD1EB430338BFCB1858
:10D3D0004CEB0C0CD1EB430338BFCB184CEB0C0CD3
:10D3E000D1EB430338BFCB184CEB0C0CD1EB430310
:10D3F00038BFCB184CEB0C0CD1EB430338BFCB1828
:10D400004CEB0C0CD1EB430338BFCB184CEB0C0CA2
:10D41000D1EB430338BFCB184CEB0C0CD1EB4303DF
:10D4200038BFCB184CEB0C0CD1EB430338BFCB18F7
:10D430004CEB0C0CD1EB430338BFCB184CEB0C0C72
:10D44000D1EB430338BFCB184CEB0C0CD1EB4303AF
:10D4500038BFCB184CEB0C0CD1EB430338BFCB18C7
:10D460004CEB0C0CD1EB430338BFCB184CEB0C0C42
:10D47000C91A8B425CEBC250002A09DDFF2A38BF73
:10D4800070474FF07F400CF0004C4CEA5000704762
:10D490000CF00040704703EAD15393F0FF0F08D11E
:10D4A00092F0FF0F1BD05FEA412C14D04FF44000E4
:10D4B0001DE092F0FF0F05D14FF07F43B3EB400F1B
:10D4C00010D00CD193F0000F08BF92F0000F06D0DF
:10D4D00093F0000F06D0484000F0004070474FF432
:10D4E000400004E0484000F0004040F4000040F0FC
:10D4F000FE40704750EA0102520007D0884203D133
:10D50000400010F1807F01D9002070470120704752
:10D5100042004B0012F1807F94BF13F1807F0CE03A
:10D5200050EA0102520008D003D2884280414042B2
:10D53000704781428041404270470020704742005E
:10D540004B0012F1807F94BF13F1807F0CE050EA12
:10D55000010252000AD003D281428041013070475B
:10D560008842804101307047002070470120704799
:10D5700042004B0012F1807F94BF13F1807F0CE0DA
:10D5800050EA0102520008D003D281428041404259
:10D5900070478842804140427047002070474200F7
:10D5A0004B0012F1807F94BF13F1807F0CE050EAB2
:10D5B000010252000AD003D28842804101307047F4
:10D5C0008142804101307047002070470120704740
:10D5D00081F0004183F0004383F00043F0B491EA0E
:10D5E000030F00F18E80841A71EB030603D2121927
:10D5F0007341001BB1414FF07F4646F4600616EAC6
:10D60000410F08BF62E0B6EB410F98BF69E04FEAF7
:10D610001154A4EB1357B14341F4801116EA430FA0
:10D6200007BF00230022B34343F48013D7F1200641
:10D6300034D303FA06F5401941F1000122FA07F547
:10D64000401923FA07F541EB050102FA06F211F43D
:10D65000001F19D121F4801101EB0451F0BCB2F18B
:10D66000004F08BF10EA500F50F1000041F10001D7
:10D670004FF07F4343F46003B3EB410F88BF704723
:10D68000090D09050020704749085FEA30005FEA8C
:10D69000320228BF42F001020134DBE7203F402F75
:10D6A00019D223FA07F5401941F10001C7F120060C
:10D6B000124218BF012203FA06F52A43C7E711EA0E
:10D6C000560F04BF00200021F0BC704701F000415C
:10D6D0000020F0BC704721F4801101EB0451F0BC34
:10D6E0007047004218BF41F00101B6EB410F04BF83
:10D6F000F0BC70474FF0FE4141F478010020F0BCCF
:10D70000704783F00043841A71EB030705D287F05A
:10D710000047001BB94112197B415FF07F4656F468
:10D72000600616EA430FCAD0B6EB410F40F28C8078
:10D730000C0DA4EB1357C90241EA5051C00241F04D
:10D740000041DB0243EA5253D20243F00043D7F1D7
:10D7500020065AD302FA06FCFA4003FA06F52A43D9
:10D76000FB401CEA0C0F18BF42F00102801A9941DD
:10D77000E30A6405640D11F0404F2ED427D100292F
:10D7800002BF01460020203C00295BD0B1F5803F5C
:10D790003FBF103C090441EA10410004B1F1807F11
:10D7A0003FBF083C090241EA10610002B1F1805F0D
:10D7B0003FBF043C090141EA1071000111F0404FE4
:10D7C00001BF023C890041EA9071800009425FBFBD
:10D7D000013C490041EAD0714000002C11DD4205B6
:10D7E00021F00041C00A40EA4150C90A41EAC37130
:10D7F000460872F1004250F1000051EB0451F0BCB8
:10D8000070470020D907F0BC7047A7F12007202FF0
:10D810000CD2C7F1200603FA06F5FB402A4318BFD5
:10D8200043F00103C01A61F10001A1E721F00041BA
:10D83000C00A40EA4150C90A01EB0451F0BC7047EC
:10D8400000200021F0BC7047004218BF41F00101E8
:10D85000B6EB410F7FF44EAFB6EB430F3FF44AAF48
:10D86000F0BC7047F0B5574F81EA030517EA010E87
:10D870001EBF9EEA070F17EA030494EA070F64D05D
:10D880004EEAD57EA64421EA470141F4801123EAFD
:10D89000470343F48013A1FB0247A0FB036536193D
:10D8A0007D41A1FB034747F10003A0FB0217F619D6
:10D8B000654153F10003094218BF46F001061427E1
:10D8C000B3F5007F47F1000734BF3F4A3F4ABEEB44
:10D8D000020E31D4C7F1200403FA04F105FA04F072
:10D8E00025FA07F2114326FA07F2104316FA04F458
:10D8F00021F480114FEA5E0741EA47010AD0B4F1F2
:10D90000004F50F1000041F10001B4F1004F08BF99
:10D9100020F001002B4F1EEA070F10D041EACE7114
:10D92000BE453CBFBDE8F04070472649002041EAB3
:10D93000CE71BDE8F04070471EEB020EF5D44FEA01
:10D94000CE710020BDE8F0407047394204BF01F0BD
:10D9500000410020004218BF41F001013B4204BFDA
:10D9600003F000430022124218BF43F0010307EA0C
:10D970000304BC4218BF9EEA070F05D005F0004122
:10D980000020BDE8F040704721F0004123F0004343
:10D99000B9420FD8BB420DD8002918BF002B09D0BF
:10D9A00005F0004141F0FE4141F470010020BDE866
:10D9B000F04070474FF0FE4141F478010020BDE88F
:10D9C000F04070470000F07F0000F03F0000E03FB3
:10D9D000F0B581EA030E0EF0004E814F17EA4105C3
:10D9E0001EBF95EA070F17EA430494EA070F00F0F9
:10D9F000C5806D0DA5EB545707F580674FF00046C5
:10DA000046EAC12444EA5054C00246EAC32343EA2A
:10DA10005253D202801A9C4104D2001864418018EB
:10DA20005C41013F5B084FEA32020025002140F0D3
:10DA300001004FF0070604E0801A9C4136D34041B4
:10DA40006441801A9C4136D340416441801A9C4114
:10DA500036D340416441801A9C4136D340416441F1
:10DA6000801A9C4136D340416441013E17D0801A50
:10DA70009C4136D340416441801A9C4136D3404199
:10DA80006441801A9C4136D340416441090201EB54
:10DA900015612D02454020F0FF004540CCE7801A7B
:10DAA0009C4156D335E080185C41C8D200186441CF
:10DAB00080185C41C8D20018644180185C41C8D20B
:10DAC0000018644180185C41C8D200186441801875
:10DAD0005C41C8D200186441013E17D080185C41F7
:10DAE000C8D20018644180185C41C8D20018644153
:10DAF00080185C41C8D200186441090201EB15612D
:10DB00002D02454020F0FF004540CCE780185C41E5
:10DB10001FD3420918BF44F00104490101EBD5614C
:10DB200000F01F0000EB451021F4801141EA0E01C6
:10DB3000013041F10001244208BF20F00100B7F597
:10DB4000006F3EDA013F49DD01EB0751BDE8F040CF
:10DB50007047490101EBD56100F01F0000EB451053
:10DB600021F4801141EA0E01B7F5006F29DA013F77
:10DB700034DD01EB0751BDE8F0407047004218BFAB
:10DB800041F00101124218BF43F00103B7EB410F0E
:10DB90002CBFB7EB430F1CE0B7EB410F04BFB7EB53
:10DBA000430F16E017EA410F04BF17EA430F10E0D6
:10DBB00017EA410F12D017EA430F02D0B7EB430F19
:10DBC0000CD04EF0FE4141F470010020BDE8F04061
:10DBD00070474FF0FE4141F47801F6E77146F4E7F3
:10DBE0000000E0FF4FF4001C1CEB410F98BF1CEB42
:10DBF000430F11D851EA030C50EA4C0C5CEA020CBA
:10DC00000AD004D2904299418041404270478242FA
:10DC10008B41804140427047002070474FF4001C08
:10DC20001CEB410F98BF1CEB430F11D851EA030CBA
:10DC300050EA4C0C5CEA020C0AD004D282428B41BE
:10DC40008041404270479042994180414042704734
:10DC50000020704700F0004070474FEA4000B0F1EC
:10DC60007F4F0CBF0120002070470128494111F56A
:10DC7000001F0CBF01200020704741000020B1F1BF
:10DC80007F4F18BF50EB00007047000038B50D46BD
:10DC900000210446FFF72EFC78B9C4F3C7537F3B3D
:10DCA0000FD4162B11DC0A49204641FA03F31C401D
:10DCB0002146FFF72FFA2C6038BD002420462C6047
:10DCC00038BD204600242C6038BD00202C6038BDB3
:10DCD000000080FF000000002DE9F04100220F4607
:10DCE00000230646FFF77EFF4DA3D3E9002327F06C
:10DCF0000045B0F100082946304618BF4FF0010832
:10DD00003446FFF78BFF60B347A3D3E900233046C7
:10DD10002946FFF7A7FD0022594BFFF75FFCFFF7ED
:10DD20008CF900F0010383EA0808FFF7EEF840A33E
:10DD3000D3E9002306460F46FFF794FD22462B4603
:10DD4000FFF74CFC3CA3D3E9002304460D463046C4
:10DD50003946FFF787FD22462B46FFF73FFC044676
:10DD60000D4622462B4620462946FFF77BFD34A36D
:10DD7000D3E9002306460F46FFF774FD32A3D3E92B
:10DD80000023FFF729FC32463B46FFF76BFD30A32B
:10DD9000D3E90023FFF722FC32463B46FFF762FD42
:10DDA0002DA3D3E90023FFF717FC32463B46FFF7CC
:10DDB00059FD2BA3D3E90023FFF710FC32463B4665
:10DDC000FFF750FD28A3D3E90023FFF705FC3246F7
:10DDD0003B46FFF747FD26A3D3E90023FFF7FEFBF1
:10DDE00032463B46FFF73EFD23A3D3E90023FFF76E
:10DDF000F3FB32463B46FFF735FD22462B46FFF745
:10DE000031FD22462B46FFF7E9FBB8F1000F02D0A7
:10DE100001F100431946BDE8F08100BFAFF3008077
:10DE20004AD8124DFB21F93F83C8C96D305FD43FFA
:10DE300000000000002209C09EE59E4BEFAEE23ECE
:10DE400095DF9369FF80E83C9C4908DC20E46A3D4B
:10DE500030D46A683C12E63DABC05D4B45E65A3EA5
:10DE600063F024A5E31DC73E1A3E011AA0012A3F14
:10DE7000B01011111111813F555555555555C53FDC
:10DE80000000E03F30B50D46044683B0002128462F
:10DE9000FFF730FB00284BD12046FFF7EEFE10B114
:10DEA000204603B030BD2846FFF7E7FE002846D1E4
:10DEB00020460021FFF71EFB0028F1D12046FFF786
:10DEC000CCFE002839D12846FFF7C7FE0028E7D14D
:10DED000284600F053F8054620462946FFF71AFA6F
:10DEE00001A9FFF7D3FE01992846FFF7AAF90146D9
:10DEF0002046FFF70FF90346002120461C46FFF796
:10DF000037FB00B321462846FFF719FB20B1204616
:10DF10002946FFF7FFF8044620460021FFF7F8FAEC
:10DF20000028BDD020462946FFF7F6F80446B7E79B
:10DF300000F0D6F90F4B1B6803600F4CB0E72C467E
:10DF4000204603B030BD204605F10041FFF7F7FA47
:10DF500020B120462946FFF7DFF80446204600217D
:10DF6000FFF706FB00289BD020462946FFF7D2F892
:10DF7000044695E7D84404000000C07F20F000402C
:10DF8000704700004FF07F43B3EB400F1FD94100B3
:10DF900008BF704703EA4002120E7F3A11DB172ACE
:10DFA000A8BF70470B4BD340184220EA030018BFAC
:10DFB00010F0004F08BF70474FF40001D1404018E7
:10DFC000704710F0004F0CBF00200348704718BF87
:10DFD00002487047FFFF7F00000080BF0000C07F45
:10DFE0004FF07F43B3EB400F98BF704713EA4002F6
:10DFF00004BF00F00040704711EB1262DCBF00F07C
:10E0000000407047FF2A3CBF00EBC1507047400002
:10E010004FEA330070474FF07F43B3EB400F98BF98
:10E02000704713EA400207D0120E7E3A0A6020EAD7
:10E03000530040F07C5070470A6000F00040704789
:10E0400053EA020C61D02DE9F04BB3FA83F51E00C0
:10E0500007BFB2FA82F502FA05F403FA05F4164690
:10E06000C5F120051EBF22FA05F73C43203556EACC
:10E07000044C4FEA144418BF0134A3464FF0000982
:10E08000C846904271EB030C39D3094207BFB0FA7E
:10E0900080F700FA07F6B1FA81F701FA07F6C7F13F
:10E0A00020071EBF20FA07FC46EA0C062037B6FB05
:10E0B000FBFC7F1B103F07F01F04C4F120060CFA85
:10E0C00004F42CFA06F644BF34460026202FA4BFE1
:10E0D0002646002454EA060C08BF012418EB040865
:10E0E00049EB0609A4FB027CC01B06FB02CC04FB27
:10E0F00003CC71EB0C01904271EB030CC5D20B46C3
:10E10000024649464046BDE8F08BB2FBF3F2000000
:10E110007F2805D8034B185C034B5B5C18407047A5
:10E12000002070475444040044440400A0F16103FB
:10E13000192B98BF20387047A0F14103192B98BFC5
:10E14000203070477F2805D8034B185C034B5B5C7D
:10E1500018407047002070475444040044440400B1
:10E16000A0F16103192B98BF20387047A0F141033B
:10E17000192B98BF203070477F299ABF017001206A
:10E180006FF02E0070475AB10A787F2A0AD800B182
:10E190000260002119605960501A18BF01207047B1
:10E1A000002070476FF02E00704708B5037833B138
:10E1B00043681A7832B15A1C4260187801E043680B
:10E1C000984708BD4FF0FF30FBE7000070B5041E14
:10E1D00007DB002CC8BF00261ADD00200E490F4DBA
:10E1E00006E064420126F8E764100835002C07DDDC
:10E1F00014F0010FF8D0D5E90023FFF733FBF3E764
:10E200002EB102460B4600200349FFF7E1FB70BD2B
:10E2100000200149FBE700BF0000F03FF844040084
:10E2200070B5041E07DB002CC8BF002618DD4FF0B8
:10E230007E500D4D06E064420126F8E76410043577
:10E24000002C06DD14F0010FF8D02968FEF7F9FF65
:10E25000F4E726B101464FF07E50FFF75BF870BD42
:10E260004FF07E50FBE700BFDC44040010B50446CD
:10E270000846A2684AB12368616803F1010C8C4525
:10E2800008BF00208B4208D2D054E3682BB121682C
:10E290006268914201D22146984723680133236086
:10E2A00010BD70B54C1E09D41646C5B2294630467D
:10E2B000FFF7DCFF013CB4F1FF3FF7D170BD10F078
:10E2C000100F08D108B510F4007F0CBF20203020BB
:10E2D000FFF7E7FF08BD70470028B8BF404270470E
:10E2E00000B5EAF733FD024B18445DF804FB00BFAC
:10E2F00008000000034B1868034B002808BF1846AD
:10E30000704700BF8C9117A0C000001010B50446E4
:10E31000FFF7F0FF43689B685B682046984710BD95
:10E3200038B504460D46FFF7E5FF43689B681B6858
:10E3300029462046984738BD08B50721FFF7F0FF6A
:10E3400008BD08B50621FFF7EBFF08BD08B504219D
:10E35000FFF7E6FF08BD38B504460D46FFF7F6FFA8
:10E3600030B1A4F13000A842A8BF4FF0FF3038BD53
:10E370002046FFF7E6FF10B1A4F15700F3E720466F
:10E38000FFF7DAFF10B1A4F13700ECE74FF0FF30F0
:10E39000E9E708B50821FFF7C3FF08BD2DE9F04FF5
:10E3A00083B001908B4692460446264614F8015BE2
:10E3B000E5B12846FFF7EDFF0028F6D1302D15D145
:10E3C000B31C257805F0DF02582A06D0BAF1000FF9
:10E3D0004DD056464FF0010A06E03AF0100242D105
:10E3E000F31C6578924610261C4603E0BAF1000F34
:10E3F0001BD10A264FF000084746C1463146284641
:10E40000FFF7A9FF002814DB08FB0600030C07FB3D
:10E4100006371FFA80F8B7F5803F28BF4FF0010993
:10E4200014F8015B4FF0010AE8E756464FF0000A86
:10E43000E0E7BBF1000F07D0BAF1000F01D0631E77
:10E440000193019BCBF80030B9F1000F04D148EAE9
:10E45000074003B0BDE8F08FFFF742FF22230360BF
:10E460004FF0FF30F5E756464FF0010ABCE74FF09A
:10E47000010A0826B8E7A2B310B594460F2A19D9A5
:10E4800002460B4640EA010414F0030F02D00CF1DF
:10E49000FF3C12E019461046043204330C68D0F8F1
:10E4A00000E0A645F3D1ACF1040CBCF1040FF1D8A7
:10E4B00010461946BCF1010C0FD00A4603468444AD
:10E4C0001146184601330132047891F800E0744592
:10E4D00003D16345F4D11846114600780B78C01A71
:10E4E00010BD0020704700000FB410B586B008AB17
:10E4F00053F8044B0593002303936FF000430293FA
:10E50000084B0493EAF726FC059A214601A800F07F
:10E51000D1F90446EAF71FFC204606B0BDE81040DA
:10E5200004B07047D180000070B50546EAF712FCD0
:10E53000013D002615F8010F48B13146E9F7C8FD45
:10E540000446B0F1FF3FF5D1EAF705FC06E00021F3
:10E550000A20E9F7BDFD0446EAF7FDFB204670BD41
:10E560000EB400B586B007AA52F8041B05920390BA
:10E57000002304936FF00043029301A800F09AF97E
:10E5800006B05DF804EB03B070470EB400B584B07C
:10E5900005AA52F8041B019201238DF8083003905C
:10E5A00002A801F053FB04B05DF804EB03B0704720
:10E5B000037833B1CAB29A4208D010F8013F002B59
:10E5C000F9D111F0FF0F18BF002070477047BAB1A2
:10E5D00000B59446013903469E4611F8012F03F811
:10E5E000012B22B1BCF1010CF6D15DF804FBBCF1AA
:10E5F000010FFAD9E64403F8012B9E45FBD1F4E75D
:10E600007047037853B159B10144034613F8012F01
:10E6100012B18B42FAD10B46181A70470346FBE73A
:10E620000346F9E72DE9F04782B0804689469246D5
:10E630000446274614F8015B002D3BD02846FFF71F
:10E64000A8FE06460028F4D12B2D15D1524601A96B
:10E650002046FFF7A3FE0346B9F1000F20D0019A30
:10E66000A24208BF4246C9F80020CEB1002B10DB01
:10E67000584202B0BDE8F0872D2D1BD1524601A9AA
:10E680002046FFF78BFE0346B9F1000FEED00126BE
:10E69000E5E7FFF725FE222202604FF00040E8E7A1
:10E6A0001846002BE5DAFFF71BFE222303606FF00C
:10E6B0000040DEE7524601A93846FFF76FFE0346E9
:10E6C000B9F1000FECD03C460026C8E738B5044647
:10E6D000FFF706FE05680A2200212046FFF7A2FF89
:10E6E0000446FFF7FDFD0560204638BD00B585B046
:10E6F0000290002303936FF000430193684600F0FB
:10E70000D9F805B05DF804FB844640EA010313F034
:10E71000030F18D18446202A0BD32DE9F007B1E866
:10E72000F807A0E8F807A2F12002202AF7D2BDE8F6
:10E73000F007042A07D351F8043B40F8043BA2F148
:10E740000402042AF7D2002A05D011F8013B00F890
:10E75000013B013AF9D1604670478446002A2DD02A
:10E7600010F0030F04D000F8011B013A26D0F7E7A0
:10E77000C9B241EA012141EA0141202A12D3A2F1A2
:10E7800020022DE9F0030B460C460D460E460F46BF
:10E7900088468946A0E8FA03203AFBD2BDE8F00398
:10E7A00020320BD0042A05D340F8041B043A05D0CC
:10E7B000042AF9D200F8011B013AFBD160467047E8
:10E7C000024610F0030F16D111F0030F13D12DE9FB
:10E7D000F0004FF001374FF0803351F8044BA4EBB9
:10E7E000070525EA04051D4002D142F8044BF4E771
:10E7F000A1F10401F0BC11F8013B02F8013B002B30
:10E80000F9D1704710F0030F19D111F0030F16D191
:10E810002DE970004FF001364FF0803350F8044B73
:10E8200051F8045BAC4205D1A4EB060525EA0405CA
:10E830001D40F3D0A0F10400A1F1040170BC10F858
:10E84000012B11F8013BD21A01D1002BF7D1104650
:10E85000704700F1010110F0030F11D010F8012BE7
:10E86000002A23D010F0030F0AD010F8012B002A41
:10E870001CD010F0030F03D010F8012B002A15D084
:10E880002DE970004FF001324FF0803350F8044B07
:10E89000A4EB020525EA04051D4000D1F6E7A0F12E
:10E8A000040070BC10F8012B002AFBD1A0EB010082
:10E8B000704700002DE9F04F8DB08346079200238A
:10E8C00003600E4616F8011B002900F0D4861D4691
:10E8D00009E05846FFF7CAFC3446264616F8011BE5
:10E8E000002900F0C8862529F3D1002707E05E281B
:10E8F0006FD147F4805701E047F040072646344681
:10E9000014F8010B3028F2D81F2862D9A0F1200397
:10E91000102B34D801A252F823F000BFF9E801000F
:10E920007FE901007FE9010061E901007FE9010061
:10E930007FE901007FE9010067E901007FE901004B
:10E940007FE901007FE901006DE901007FE9010035
:10E9500073E901007FE901007FE9010079E9010025
:10E9600047F08007CAE747F40047C7E747F02007AA
:10E97000C4E747F01007C1E747F40077BEE72A284D
:10E9800027D1079B1A1D07921B68002BBCBF5B4257
:10E9900047F010072078B41C23EAE37A2E282DD004
:10E9A00000264C2800F0D380A0F16803DBB2122BC4
:10E9B0004AD8A0F16803122B46D8DFE803F0CD4512
:10E9C0004545C3454545454545454345454545457B
:10E9D0004300A0F13003DBB2092B88BF0023DBD852
:10E9E000002303EB8303303800EB430314F8010BDF
:10E9F000A0F13002D2B2092AF3D9CDE720782A2833
:10EA00000AD1079B1A1D07921E6860780234002EF7
:10EA1000C7DB47F48077C4E70134A0F13003DBB2F1
:10EA2000092B88BF0026F4D8002606EB860630386E
:10EA300000EB460614F8010BA0F13003DBB2092B02
:10EA4000F3D9E4E714F8010B782800F29180DFE8AD
:10EA500010F022068F008F008F008F008F008F0034
:10EA60008F008F008F008F008F008F008F008F002E
:10EA70008F008F008F008F008F008F008F008F001E
:10EA80008F008F008F008F008F008F008F008F000E
:10EA90008F008F008F008F008F008F009E008F00EF
:10EAA0008F008F008F008F008F008F008F008F00EE
:10EAB0008F008F008F008F008F008F008F008F00DE
:10EAC0008F008F008F008F008F008F008F008F00CE
:10EAD0008F008F008F008F008F008F009E01BC0180
:10EAE000C2018F008F008F008F008F008F008F007A
:10EAF0008F008F008F008F008F008F008F008F009E
:10EB00008F0007018F008F008F008F008F008F0014
:10EB10008F008F008F008F00A3003C01A001BE0179
:10EB2000C4018F003C018F008F008F008F00B40064
:10EB30002801FA008F008F00C7008F0034018F007A
:10EB40008F00240114F8010B47F001077CE747F020
:10EB5000020714F8010B77E72078682803D0013406
:10EB600047F0040770E747F00807607802346BE766
:10EB70009C4BD3F80080B8F1000F3FF4AEAE07AB6A
:10EB80000193009653463A465946C047A5E62521CB
:10EB90005846FFF76BFBA0E6079B1A1D07921E78ED
:10EBA0000AF1FF3A5A4651463846FFF788FB31468C
:10EBB0005846FFF75BFBB94639E017F0080F07D05E
:10EBC000DBF80020079B191D07911B681A7084E66B
:10EBD000079B1A1D07921B68DBF800201A607CE671
:10EBE000079B1A1D07921B687F4A002B14BF98468B
:10EBF000904627F4007917F4807F00F0E2813146D7
:10EC00004046FFF7FEFC0546AAEB050A5A46514668
:10EC10004846FFF754FBA5B14646454416F8011B8C
:10EC20005846FFF723FBB542F8D14FF0FF3519F0F6
:10EC3000100F3FF452AE5A4651462020FFF731FBE9
:10EC40004BE6013DF3E7079B1A1D07921B6817F07F
:10EC5000800F14BF2325002547F48078082658E04C
:10EC600047F4005818F0800F19D043F2580543F2CA
:10EC70007803782808BF1D4618F4807F01D028F457
:10EC80000078079B1A1D07921B6818F0040F78D1B3
:10EC900018F0080F18BFDBB274E0B846E2E70025B1
:10ECA000EAE717F0800F14BF3025002517F4807FA6
:10ECB00000F0038527F40078E3E717F4807F00F085
:10ECC000FF8427F400780025DBE747F48048079BA2
:10ECD0001A1D07921B6817F0040F0AD01BB2002BF5
:10ECE0000CDB17F0200F40F0F684C7F380156D01A0
:10ECF00006E017F0080F18BF5BB2F0E75B422D2566
:10ED000017F4807F00F0EA8428F40078582800F097
:10ED10004584A0F16401C9B201228A4033490A4204
:10ED200040F02C8432490A4240F038846F2840F089
:10ED300076841A4600275BB108A9002703F0070371
:10ED4000303301F8013B0137D2081346002AF5D1D0
:10ED5000F61B26EAE676AAEB0609A9EB0709FF2DC2
:10ED600040F2638409F1FF3930215846FFF77EFAFB
:10ED700009F1FF3905F07F015846FFF777FA00F0F7
:10ED800057BC9BB218F4807FBED10126BEE747F482
:10ED9000005747F480630393079B073323F007036F
:10EDA00003F108020792D3E90001FEF778F907465C
:10EDB000039B13F4807F1DD0EEB903F44066B6F5D3
:10EDC000406F14BF0026012615E047F4005747F4B2
:10EDD00000630393E0E747F4005747F4406303936D
:10EDE000DAE700BF909117A074250200210002000D
:10EDF0000010100006263846FEF72FFF002840F0CE
:10EE0000C9803846FEF739FF0590002840F0E780BA
:10EE10003846FEF71FFF28B1039B43F060030393BE
:10EE200007F100470BA93846FFF7F5F80B9B03EBFA
:10EE30004303A14A82FB0312DB17C3EBA2030B932C
:10EE400000213846FEF756FB002800F0D680039BD1
:10EE500003F440630693B3F5806F0AD0B3F5406FB7
:10EE600040F033820B9BB34203DA13F1040F80F2BC
:10EE70002C820B984042FFF7D3F901463846FEF743
:10EE8000E0F9074680460021FEF734FB00283DD11B
:10EE90003846FEF7E2FE002840F0C7808749384632
:10EEA000FEF77DFBA8B10B9B03F10108DFF80C9284
:10EEB00049463846FEF72EFA0746CDF8108008F18D
:10EEC00001084946FEF76BFB0028F1D1B846049BC8
:10EED0000B9347464FF07E514046FEF719FBA8B111
:10EEE0000B9B03F1FF384FF07E5974493846FEF70B
:10EEF000A8F90746CDF8108008F1FF384946FEF71B
:10EF000007FB0028F1D1B846049B0B93002E00F0BC
:10EF1000AC80069BB3F5406F00F0A6807042FFF70F
:10EF20007FF94FF07C51FEF78CF94146FEF7F4F87B
:10EF300007466249FEF733FB002840F0A580039B9B
:10EF400003F40863B3F5006F00F0C880039B23F45B
:10EF50000063049306F10509AAEB090A05960AF174
:10EF6000FF3A039B13F4805F00F0AC810B9E544B7F
:10EF700083FB0623A3EBE67303EB4303F31A02338D
:10EF8000042B00F2DD80DFE813F0DD008E019A0132
:10EF9000DD008E0100213846FEF7BAFAB0B90399B8
:10EFA00011F4005F474A484B0CBF9046984611F059
:10EFB000200F08BF08F10108039B23F4807929F48E
:10EFC00000794046FFF745FC05461DE6039B13F418
:10EFD000005F3E4A3E4B0CBF90469846ECE70399D3
:10EFE00011F4005F3B4A3C4B0CBF9046984621F41D
:10EFF0008079E4E70B9B01330B930B980130FFF70B
:10F000000FF901463846FEF7B3FA0028F2D102E0C4
:10F010000B9B013B0B930B98FFF702F90146384617
:10F02000FEF776FA0028F3D111E700213846FEF703
:10F030006FFA80B9039A12F4005FDFF88880224BE0
:10F0400018BF984612F0200F08BF08F10108039B73
:10F0500023F48079B3E7039B13F4005F1B4A1C4B36
:10F060000CBF90469846F2E7013E7042FFF7D8F891
:10F070004FF07C51FEF7E5F84146FEF74DF80746A4
:10F080000E49FEF78CFA38B10B9B01330B930B49F9
:10F090003846FEF73FF90746002E7FF450AF039B3A
:10F0A00023F400630493AAF1050A039B13F0800381
:10F0B0007FF455AF059354E767666666000020410C
:10F0C00056555555942502008C25020084250200D2
:10F0D0007C250200A02502009C250200092EA8BF65
:10F0E00009263046FFF79CF83946FEF7AAF8FDF7E7
:10F0F0006FFF03460028D2D0BC4AA2FB0012D20800
:10F1000002EB8202B0EB420F7FF420AFB749B14669
:10F11000A1FB0323DB08013E00F0D682A1FB030222
:10F12000D20802EB8202B3EB420FF0D0039B23F430
:10F130000063049309F10409AAEB090A05960EE796
:10F14000A8460AE0AA493846FEF77BF80746013E82
:10F150000B960AF1FF3A4FF00208059B23EAE3738E
:10F160000593039B13F0600F18BF0AF1FF3A0B9849
:10F17000FFF7B2F86328C8BF0AF1FF3A3D463846A8
:10F18000FDF726FF0746FDF7B9FE01462846FDF7C5
:10F19000C1FF06902AEAEA75049B13F4047F00F08D
:10F1A0004D81049B13F0200F00F0548113F0400FA9
:10F1B0000CBF2B212D215846FFF758F8049B13F064
:10F1C000100F00F051818B4B03EBC80900264FF064
:10F1D000300A4346A0461C46013C59F8083DD9F880
:10F1E00004209F4276EB0201C0F04A815146013172
:10F1F000C9B2FF1A9F4276EB0200F8D25846FFF7D9
:10F2000035F8002CE8D14446049B13F4006640F026
:10F210003981059B002B40F04481049B13F0800F43
:10F2200040F03C82049B13F4806F2FD013F4005FF6
:10F230000CBF652145215846FFF718F80B9B002BA2
:10F24000C0F27E812B215846FFF710F80B9B632BF1
:10F2500000F37E810B9B684E86FB0312D917C1EB2E
:10F26000A2013031C9B25846FFF700F80B9B86FB6C
:10F270000326DA17C2EBA60202EB8202A3EB4203DB
:10F2800003F13001C9B25846FEF7F0FF002D3FF4FC
:10F2900024AB2026013D31465846FEF7E7FF002DFE
:10F2A000F8D1FFF71ABB55493846FDF7CAFF0746A4
:10F2B000023E0B96AAF1020A4FF003084DE74FF009
:10F2C00001084AE74FF001084BE7039A12F4806FF8
:10F2D0002DD00B9B0E2B29DC0133F51A092DA8BF6D
:10F2E000092512F0800F01D02E4620E0B3427AD0DB
:10F2F0004FF07C56DFF8F8804FF000092846FEF703
:10F300008FFF01463846FDF79CFF3146FDF704FFAD
:10F31000FEF738FE4146FEF7B5FD4946FEF7EAF82E
:10F3200000286FD0013DE9D12E4600E0059E039BE9
:10F3300023F4806304930B9B7042A3F10802824282
:10F34000C8BFA3F10900FEF76BFF4FF0FF31FEF7D6
:10F3500047FE01463846FDF7DFFE0690069D0B98F6
:10F360000130FEF75DFF01462846FEF718F910B19F
:10F370000B9B01330B930B98002856DB092843DCC9
:10F380002846FDF725FE0746FDF7B8FD014628464D
:10F39000FDF7C0FE069000230B9300203D46092F89
:10F3A00048D9174B4FF0010808F1010853F8081F1E
:10F3B0005A688D4270EB0202F6D206EB08090B9BED
:10F3C0009944AAEB0909039B03F08003334318BF58
:10F3D00009F1FF39039B13F0600F00F0658109F11B
:10F3E000FF3A0596D6E62E46A1E700BFCDCCCCCCA1
:10F3F0000000204160450400676666660000C84260
:10F40000684504002E4692E7A0F109030B93C0F172
:10F410000900FEF705FF01462846FDF712FFFDF73C
:10F42000D7FD0746059B0693B7E700270B974FF0DC
:10F430000108C2E74FF00108BFE70596002D3FF431
:10F44000B0AE2026013D31465846FEF70FFF002D95
:10F45000F8D1A6E6049B13F0400F3FF4AFAE202195
:10F460005846FEF703FFA9E6002D3FF4ACAE302668
:10F47000013D31465846FEF7F9FE002DF8D1A2E6CF
:10F480005146BBE60B9B002B7FF7C3AE3027013BF9
:10F490000B9339465846FEF7E9FE0B9B002BF6DC32
:10F4A000B7E62E215846FEF7E1FE059F092FA8BFBB
:10F4B000092727EAE777059BA3EB070986B10B9895
:10F4C000381AFEF7ADFE0699FDF7BBFEFDF780FD8D
:10F4D00006463FB3DFF80CA20AEBC708002715E089
:10F4E0003846FEF79DFE0699FDF7ABFEFDF770FD71
:10F4F0000646EEE70131C9B2F61A9E4277EB0200EA
:10F50000F8D25846FEF7B2FEC2450BD058F8083D77
:10F51000D8F804209E4277EB020101D33021E9E7BD
:10F520003021EEE7B9F1000F3FF47CAE30264F46B4
:10F53000013F31465846FEF799FE002FF8D171E69B
:10F540002D215846FEF792FE0B9B5B420B937DE606
:10F55000654E86FB0312D917C1EB62113031C9B277
:10F560005846FEF783FE0B9B86FB0326DA17C2EB99
:10F570006612642101FB12330B936BE619460027D8
:10F58000002B3FF4E5AB002708F4004E4FF02C09A8
:10F59000DFF858C17346A6461C4630E01A46002BD9
:10F5A00040D008A9002708F40050DFF844E1DFF854
:10F5B00044C10BE003F00F031EF8033001F8013BD8
:10F5C000013712091346002A3FF4C2AB0028F1D0DC
:10F5D00003F00F031CF80330F0E707F130030DEBE5
:10F5E0000300ACFB0132D20802EB8203A1EB430320
:10F5F000303300F8103C013709290DD91146002C91
:10F60000EBD007F00303032BE7D107F130036B4482
:10F6100003F8109C0137E0E77446FFF799BB002719
:10F62000FFF796BB0027FFF793BB002D7FF4A0AB3D
:10F630005A4649464046FEF742FE5A463146302079
:10F64000FEF72FFE7D1E0BD408AB1F4417F8011DDB
:10F650005846FEF70BFE08ABBB42F7D14FF0FF3523
:10F6600018F0100F3FF439A95A4649462020FEF7FA
:10F6700018FEFFF732B9DBF808303BB1DBF80020A9
:10F68000DBF804108A423CBF00219954DBF80000EB
:10F690000DB0BDE8F08F4FF0FF30F9E72E2158464E
:10F6A000FEF7E4FD059F06E729EAE975039B13F4DD
:10F6B000047F3FF4C2AE059680E5B846FFF7E1BA95
:10F6C000B8460025FFF7DDBA039B23F400630493DB
:10F6D000AAF1050AE9E42B25FFF712BB0126FFF783
:10F6E00018BB00BF604504001F85EB51CDCCCCCCCE
:10F6F000404504005045040010B504460B7833B172
:10F70000B0F1FF3F05D04B68013B4B6001E08B68D7
:10F710009847204610BD2DE9F04707460D46904614
:10F7200099464FF0FF3601363846FEF73EFD044657
:10F73000FEF72FFE0028F6D1B4F1FF3F2FD018F0CE
:10F74000010834D12B681A1D2A60D3F800A0B9F142
:10F75000000F26DD35464E440AE001353846FEF7F7
:10F7600024FD0446731B002B0CDDB0F1FF3F09D0D4
:10F770002046FEF70EFE28B9B8F1000FEDD10AF8C9
:10F78000014BEAE739462046FFF7B6FFB8F1000F14
:10F7900002D100238AF800302846BDE8F0872546CC
:10F7A000FAE739462046FFF7A7FF3546F1E7B9F1FA
:10F7B000000FC8BF4FF0000ACCDC39462046FFF7E7
:10F7C0009BFF3546E8E72DE9F84306461F46DDF87E
:10F7D000209012F0010519D10B681A1D0A60D3F8A8
:10F7E00000803046FEF7E1FCB0F1FF3F37D0002F3C
:10F7F00026DDFF2826D8420900F01F0359F82240D1
:10F800001C4114F0010420D0002414E04FF0000843
:10F81000E7E701343046FEF7C8FCA74214D0FF28C2
:10F8200013D8430900F01F0259F8233043FA02FCB1
:10F830001CF0010F09D0002DEBD108F8010BE8E70F
:10F84000002402E0002400E03C463146FFF754FF6C
:10F8500015B9002388F800302046BDE8F883044637
:10F86000FAE72DE9F04F83B00746009193461E4614
:10F87000DDF830904FF0FF35AA4601353846FEF7E7
:10F8800094FC0446FEF785FD0028F5D1B4F1FF3F56
:10F8900000F090802BF4C068B9F1000F40F38F8026
:10F8A0001BF0800F10D02B2C03D02D2C0CD148F442
:10F8B00080680AF102053846FEF777FC044609F134
:10F8C000FF39B9F1000F7ADD302C36D0002E08BF99
:10F8D0000A26A9444FF0000A31462046FEF73BFDB8
:10F8E00000280BDB48F400780AFB060A013538468D
:10F8F000FEF75BFC04464D45EED14D4639462046A9
:10F90000FFF7FAFE18F4007F56D018F0010F10D15F
:10F9100000990B681A1D0A601B6808F49062B2F522
:10F92000906F08BFCAF1000A18F0100F3AD083F8A0
:10F9300000A0284603B0BDE8F08F48F4007301939F
:10F9400009F1FF3A05F1010B3846FEF72EFC04469B
:10F95000BAF1000F03DD20F02003582B0CD0E6B9DC
:10F960005D46D146DDF804800826B9F1000FD8BF06
:10F970004FF0000AADDCC1E736F0100304D05D465D
:10F98000D146DDF80480A4E7A9F102090235384622
:10F99000FEF70BFC04461026E7E75D46D146DDF88E
:10F9A0000480E2E718F0080F14BFA3F800A0C3F822
:10F9B00000A0BEE72546BCE76FF00105B9E716B920
:10F9C0004FF0000A9AE739462046FFF795FE6FF0A0
:10F9D0000105AEE72DE9F04F87B0074605911546C2
:10F9E0001E464FF0FF34A04601343846FEF7DDFBDB
:10F9F0008346FEF7CEFC01900028F4D1BBF1FF3F17
:10FA000000F0CD8025F4E065002E40F3CD80BBF101
:10FA10002B0F04D0BBF12D0F0BD145F4806508F1FD
:10FA200002043846FEF7C1FB8346013E002E40F338
:10FA3000BB80013E019B04934FF000084FF000098A
:10FA400029E05846FEF782FC002800F0CE8045F4FD
:10FA500000730293B24600227A4B40464946FDF7B6
:10FA600001FF80468946ABF13000FDF730FA42468F
:10FA70004B46FDF7B3FD8046894615F4807F15D1CE
:10FA8000029D01343846FEF790FB8346013EBAF1F1
:10FA9000000F40F3AF80BBF12E0FD2D115F4807F61
:10FAA00040F08B8045F48075B246EAE7029D98E00D
:10FAB00015F4007F00F09E8025F420653846FEF79F
:10FAC00074FB83462B2805D02D2801D0013407E094
:10FAD00045F4006502343846FEF767FB8346013E75
:10FAE000002E29DD264442F2107ACDE90289B9467A
:10FAF0003746019E5846FEF729FCC8B145F400750B
:10FB0000B6F57A7FDDBF06EB8606ABF1300B0BEB6B
:10FB10004606564601344846FEF747FB8346BC423C
:10FB2000E8D101963E464F46DDE90289344603E0BE
:10FB300001964F46DDE9028915F4006F049B019A96
:10FB400014BF9B1A9B18049354E01846FEF73EFB23
:10FB500002460B4640464946FDF784FE80468946EC
:10FB60004FE0FEF7BDFB384B1B6803604FE040469B
:10FB70004946FDF794FA0646FEF76FF848B915F0C6
:10FB8000010F5AD105990B681A1D0A601B681E6087
:10FB900053E0FEF7A5FB2C4B1B680360EFE75C46C8
:10FBA0004BE06FF0010448E039465846FFF7A4FDEA
:10FBB0004FF000084FF0000923E02E20FEF7C6FBAF
:10FBC00098B145F40075B24600221E4B40464946A6
:10FBD000FDF748FE00224FF08043FDF7FDFC804614
:10FBE0008946049B013B04934BE72BF02003452BF4
:10FBF0003FF45EAF39465846FFF77EFD049B002B6D
:10FC0000A3D140464946FEF730F80028A9D115F4A3
:10FC1000806F02D009F10043994615F4007FC0D0EF
:10FC200015F0040FA3D015F0010F06D105990B684C
:10FC30001A1D0A601B68C3E90089204607B0BDE8A9
:10FC4000F08F00BF00002440D44404002DE9F04FA1
:10FC50008DB081460C4603924FF0000AD3462578BA
:10FC600095B1671C252D33D02846FEF792FB78B955
:10FC70004846FEF79AFA0446854220D04946FFF7E7
:10FC80003BFDB4F1FF3F1ED058460DB0BDE8F08FEC
:10FC90003C4617F8010BFEF77CFB0028F8D101E089
:10FCA0000AF1010A4846FEF780FA0546FEF771FBA5
:10FCB0000028F5D149462846FFF71EFDCFE70AF197
:10FCC000010A3C46CBE7BBF1000F08BFA346DBE7C8
:10FCD00063782A2B06BFA71C4FF001084FF00008DD
:10FCE000002607E006EB8606303D05EB460648F0A9
:10FCF000200827463C4614F8015B2846FEF726FB01
:10FD000002900028EED118F0200F08BF6FF00046D7
:10FD10006C2D0CD04C2D00F0BD80682D0BD12578BA
:10FD2000682D00F0BC80BC1C48F0080803E0257872
:10FD300048F00408BC1C253D532DA5D801A353F859
:10FD400025F000BFA9FE010089FC010089FC01002B
:10FD500089FC010089FC010089FC010089FC01008B
:10FD600089FC010089FC010089FC010089FC01007B
:10FD700089FC010089FC010089FC010089FC01006B
:10FD800089FC010089FC010089FC010089FC01005B
:10FD900089FC010089FC010089FC010089FC01004B
:10FDA00089FC010089FC010089FC010089FC01003B
:10FDB00089FC010089FC010089FC010089FC01002B
:10FDC00089FC01005BFF010089FC01005BFF010071
:10FDD00089FC010089FC010089FC010089FC01000B
:10FDE00089FC010089FC010089FC010089FC0100FB
:10FDF00089FC010089FC010089FC010089FC0100EB
:10FE000089FC010089FC010089FC010089FC0100DA
:10FE1000EBFF010089FC010089FC0100FDFF0100EE
:10FE200089FC010089FC010089FC010089FC0100BA
:10FE300089FC010089FC010089FC0100D3FE01005E
:10FE400037FF01005BFF01005BFF01005BFF01006A
:10FE500089FC010069FF010089FC010089FC0100A7
:10FE600089FC010089FC01007BFF0100A7FF010064
:10FE7000B9FF010089FC010089FC0100CBFF0100F2
:10FE800089FC0100D9FF010089FC010089FC010007
:10FE9000EBFF0100257848F04408BC1C4BE748F014
:10FEA00010086578FC1C46E74846FEF77EF90546D3
:10FEB00025280BD04946FFF71FFCB5F1FF3F7FF423
:10FEC000E3AEBBF1000F08BFAB46DDE60AF1010A65
:10FED000C5E618F0200F00F0D18018F001050DD113
:10FEE000039B1A1D03921F68029D002E3FF4CCAEA7
:10FEF000002E1ADD56440AE00126F1E70027F4E758
:10FF0000BBF1000F08BF8346BEE6B2450CD00AF134
:10FF1000010A4846FEF749F9B0F1FF3FF0D0002D45
:10FF2000F3D107F8010BF0E7B246002D7FF497AE4E
:10FF30000BF1010B93E600960A2348F0800203A917
:10FF40004846FFF78EFC0028C0F28F8018F0010FA2
:10FF500008BF0BF1010B824481E63346424603A9F8
:10FF60004846FFF737FDEEE70096002348F0800291
:10FF700003A94846FFF775FCE5E718F0010F7FF489
:10FF80006EAE039B1A1D03921B6818F0100F02D06F
:10FF900083F800A063E618F0080F14BFA3F800A0D0
:10FFA000C3F800A05BE60096082348F0800203A98E
:10FFB0004846FFF756FCC6E70096102328F01E02BD
:10FFC00003A94846FFF74DFCBDE73346424603A967
:10FFD0004846FFF7A0FBB6E700960A2348F08002E8
:10FFE00003A94846FFF73DFCADE70096102348F013
:10FFF000800203A94846FFF734FCA4E725785E2D6C
:020000022000DC
:1000000025D001342022002104A8FEF7A6FB0122FE
:10001000002D3FF439AE6B090CA901EB830305F009
:100020001F0502FA05F553F8201C0D4343F8205C28
:1000300014F8015B5D2DEBD1029B6BB904AB00930F
:100040003346424603A94846FFF7BDFB7BE7657888
:10005000023401230293D5E703AB0BA953F8042F15
:10006000D2431A608B42F9D1E8E7B0F1FF3F7FF449
:100070000BAEBBF1000F08BF834605E618F0010583
:0C0080003FF43AAF2E46002734E700BFE3
:10008C0075455A28746D2920416363656C65726FE0
:10009C006D657465722044656D6F6E7374726174F6
:1000AC00696F6E00457869740000000041636365F8
:1000BC006C44656D6F000000546F756368736372F8
:1000CC0065656E004C434400416363656C30000011
:1000DC0025732043533A20307825303858202D2072
:1000EC00474343204275696C74206F6E2025303273
:1000FC00752F253032752F2530347500537065619E
:10010C006B65720075455A28746D292042726967B7
:10011C0068746E65737320436F6E74726F6C00003D
:10012C0053637265656E205361766572204F6E2F36
:10013C004F666600546F75636873637265656E20F5
:10014C0043616C6962726174696F6E0043616C69C2
:10015C0062726174696F6E206572726F722C20709E
:10016C006C656173652074727920616761696E2EAC
:10017C000000000041636375726174656C792070D6
:10018C0072657373207468652063656E7465722084
:10019C006F6620746865000072656420616E64206F
:1001AC007768697465207461726765742073686F11
:1001BC00776E2E004265666F7265207573696E6787
:1001CC002074686973206465766963652C20746893
:1001DC006520746F7563680073637265656E206D5E
:1001EC007573742062652070726F7065726C792003
:1001FC0063616C696272617465642E00303A494DBA
:10020C004147452E52415700313A494D4147452E01
:10021C0052415700436F756C64206E6F7420777277
:10022C0069746520696D61676520746F2055534250
:10023C002044726976650000436F756C64206E6FA4
:10024C007420777269746520746F20555342204472
:10025C0072697665206F722053442043617264008A
:10026C00436F756C64206E6F7420777269746520AF
:10027C00746F20555342204472697665000000006B
:10028C004E6F20555342204472697665206F722060
:10029C0053444361726420666F756E6421000000E4
:1002AC00436F756C64206E6F74207772697465206F
:1002BC00746F205344204361726421005772697437
:1002CC0065206572726F722100000000496D6167D4
:1002DC00652066696C65206E6F7420666F756E6440
:1002EC00206F6E20555342204472697665210000C0
:1002FC00496D6167652066696C65206E6F74206658
:10030C006F756E64206F6E2055534220447269766F
:10031C0065206F72205344204361726421000000F9
:10032C004E6F20555342204472697665206F7220BF
:10033C005344204361726420666F756E6421000023
:10034C00496D6167652066696C65206E6F74206607
:10035C006F756E64206F6E2053442043617264216C
:10036C000000000052656164206572726F7221009A
:10037C0075455A28746D2920447261772044656D47
:10038C006F6E7374726174696F6E0000436F6C6F83
:10039C00720000004C6F61640000000053617665D0
:1003AC0000000000436865636B696E67204D6963EC
:1003BC00726F20534443617264202E2E2E20000055
:1003CC002020496E73657274204D6963726F2053DF
:1003DC004443617264207769746820534C494445E6
:1003EC00532F534C494445532E5458542066696C32
:1003FC00652E000020204C6F6F6B696E67202E2ECF
:10040C002E000000313A534C494445532F534C496C
:10041C004445532E5458540020204C6F6F6B696E1A
:10042C0067202E2E2E20466F756E64210000000072
:10043C0020204C6F6F6B696E67202E2E2E204E6F16
:10044C007420706C756767656420696E210000000C
:10045C004E6F7420706C756767656420696E000060
:10046C0020204C6F6F6B696E67202E2E2E204F75DF
:10047C0074206F66206D656D6F72793F213F0000AF
:10048C00496E7465726E616C204572726F720000F9
:10049C0020204C6F6F6B696E67202E2E2E204E6FB6
:1004AC007420726561647921000000004E6F742025
:1004BC00526561647900000020204C6F6F6B696E8F
:1004CC0067202E2E2E204E6F7420666F756E642161
:1004DC00000000004E6F7420466F756E64000000C3
:1004EC0020204C6F6F6B696E67202E2E2E2045726C
:1004FC00726F722100000000526561642F5772699F
:10050C007465204572726F72000000004E6F2053AC
:10051C004C494445532E54585400000020204C6F35
:10052C006F6B696E67202E2E2E2054696D656F756A
:10053C007421000054696D656F75740043686563C0
:10054C006B696E6720416363656C65726F6D657472
:10055C006572202E2E2E2000436865636B696E67D2
:10056C0020416363656C65726F6D65746572202ED6
:10057C002E2E204E6F7420666F756E642100000065
:10058C004E6F7420666F756E64000000436865637F
:10059C006B696E6720416363656C65726F6D657422
:1005AC006572202E2E2E20466F756E642E00000074
:1005BC00436865636B696E672054656D7065726125
:1005CC0074757265202E2E2E0000000054656D701F
:1005DC003000000052656164204661696C656400FE
:1005EC00436865636B696E672054656D70657261F5
:1005FC0074757265202E2E2E2025642E25303364C2
:10060C0020430000436865636B696E672054656D19
:10061C007065726174757265202E2E2E2025642EE5
:10062C002530336420432028434F4C4421290000BB
:10063C0025642E2530336420432028434F4C442915
:10064C0000000000436865636B696E672054656D3C
:10065C007065726174757265202E2E2E2025642EA5
:10066C002530336420432028484F542129000000B2
:10067C0025642E2530336420432028484F5429000C
:10068C0025642E253033642043000000454550522C
:10069C004F4D3000436865636B696E67204545506C
:1006AC00524F4D202E2E2E005265616420457272E1
:1006BC006F7200005772697465204572726F720018
:1006CC00566572696679204572726F72000000007F
:1006DC00436865636B696E6720534452414D202E0D
:1006EC002E2E00002020436F727265637420736994
:1006FC007A6521003078253038580000202046617A
:10070C00696C656420534452414D205465737421C7
:10071C000000000030782538780000002020436865
:10072C0065636B696E67205152590000426C6F63B0
:10073C006B204572617365002020426C6F636B20E7
:10074C004572617365000000426C6F636B205772D9
:10075C006974650020205772697465207465737420
:10076C000000000048656C6C6F200000576F726CC5
:10077C006420000048656C6C6F20576F726C6420AD
:10078C0000000000436865636B696E67204E4F5232
:10079C0020466C617368204D656D6F7279202E2E2A
:1007AC002E000000466C61736830000020204572FA
:1007BC00726F7220436F6465202564210000000075
:1007CC00436865636B696E672055534220486F73AD
:1007DC00742028506F72742041292E2E2E20000078
:1007EC002020496E7365727420666C617368206496
:1007FC007269766520776974682054455354555353
:10080C00422E5458542066696C652E00555342484C
:10081C006F73743A506F727441000000303A544553
:10082C0053545553422E5458540000004E6F2054CC
:10083C004553545553422E54585400004368656335
:10084C006B696E672055534220486F737420285093
:10085C006F72742042292E2E2E20000055534248D0
:10086C006F73743A506F7274420000004261636B94
:10087C006C69676874204D6F6E69746F72202E2ED0
:10088C002E00000041444330000000004261636BC5
:10089C006C69676874204D6F6E69746F7220414487
:1008AC0043206E6F7420466F756E6421000000004B
:1008BC004261636B6C69676874204D6F6E69746F0D
:1008CC007220414443206261642072656164696EE8
:1008DC00672100004E6F2052656164696E670000ED
:1008EC004261636B6C69676874204D6F6E69746FDD
:1008FC007220286F6E3A2025642025252C206F66E7
:10090C00663A20256420252529000000256425252C
:10091C0020256425250000002564252520284E4F20
:10092C0054204F4E290000002564252520284E4FC9
:10093C0054204F4646290000566F6C746167652041
:10094C004D6F6E69746F72202E2E2E00566F6C7464
:10095C00616765204D6F6E69746F7220414443204E
:10096C006E6F7420466F756E64210000566F6C7448
:10097C00616765204D6F6E69746F7220414443202E
:10098C006261642072656164696E67210000000019
:10099C00566F6C74616765204D6F6E69746F722051
:1009AC0028256420252529004750494F3000000098
:1009BC004750494F310000004750494F320000006A
:1009CC004750494F330000004750494F3400000056
:1009DC004750494F350000004750494F3600000042
:1009EC004750494F370000002020666C6970202565
:1009FC00642900002020706173734E756D626572FE
:100A0C00202564002020726567696F6E20256400C4
:100A1C00202070426C6F636B4D656D6F7279202571
:100A2C00702C20626C6F636B53697A65202575009E
:100A3C002020706173734E756D6265722025642C75
:100A4C00206F766572616C6C426C6F636B202564F1
:100A5C00202857524954494E4729000030782530F8
:100A6C003858202857726974696E67290000000095
:100A7C002020706173734E756D6265722025642C35
:100A8C00206F766572616C6C426C6F636B202564B1
:100A9C00202852454144494E4729000030782530E2
:100AAC003858202852656164696E6729000000007F
:100ABC0020206F766572616C6C426C6F636B2025C5
:100ACC00642C20627974654F666673657420257595
:100ADC0020657870656374656420307825782C20E7
:100AEC00676F7420307825780000000046756C6CB8
:100AFC0020636865636B206F66204E4F5220466CF6
:100B0C00617368204D656D6F7279202E2E2E00005A
:100B1C0075455A28746D29204D756C7469536C6930
:100B2C00646573686F772044656D6F6E7374726162
:100B3C0074696F6E000000003C204E6F2044726997
:100B4C00766520466F756E64203E00003C204E6F2B
:100B5C0020534C494445532E5458542066696C65B7
:100B6C0020666F756E64203E000000003C205368C8
:100B7C006F77206E6F7420666F756E6420696E20BF
:100B8C00534C494445532E494E492066696C6520A7
:100B9C003E00000025753A2F0000000025735756C3
:100BAC00534C4944253032752E5447410000000007
:100BBC0025753A2F534C494445532F534C494445C2
:100BCC00532E54585400000025753A2F534C494469
:100BDC0045532F534C494445532E494E4900000070
:100BEC0075455A4755492D313738382D37305756BA
:100BFC00540000006E756D53686F77730000000031
:100C0C0064656661756C74005469746C6525640068
:100C1C004469722564000000536C69646520257575
:100C2C00206F662025750000534C494445532F25F1
:100C3C00732F000025753A25735756534C4944259C
:100C4C003032752E5447410053534D4C6F61640044
:100C5C0075455A28746D292054656D7065726174E0
:100C6C007572652044656D6F6E7374726174696F13
:100C7C006E0000002533642E253031645F43000084
:100C8C002533642E253031645F4600003A20000085
:100C9C00425553590A000000504153533A204F4BD0
:100CAC000A0000004641494C3A20496E76616C6955
:100CBC00640A00003078253038580A0050415353EC
:100CCC003A203078253038580A0000004641494C0B
:100CDC003A203078253038580A0000004641494CFB
:100CEC003A20496E636F7272656374205061726151
:100CFC006D65746572730A004641494C3A20496E21
:100D0C00636F727265637420706172616D65746576
:100D1C0072730A004F4E00004F4646005041535329
:100D2C003A20566572626F73652025730A000000C5
:100D3C004641494C3A204661696C656420746F20C9
:100D4C00657261736520666C6173680A000000004F
:100D5C004641494C3A204661696C656420746F20A9
:100D6C007265616420666C6173680A004641494C87
:100D7C003A20466C617368206E6F74204572617303
:100D8C0065640A004641494C3A204661696C6564C9
:100D9C0020746F20777269746520666C6173680AC1
:100DAC00000000004641494C3A204D656D6F727948
:100DBC0020436F6D70617265204661696C65640AD1
:100DCC00000000004641494C3A20466C6173682093
:100DDC004E6F7420456E61626C65640A0000000001
:100DEC004641494C3A20556E6B6E6F776E20506FB2
:100DFC0072742025640A00004641494C3A20466929
:100E0C00727374204750494F204C6F636B6564209C
:100E1C00616E6420696E2D757365210A00000000F7
:100E2C004641494C3A205365636F6E6420475049E4
:100E3C004F204C6F636B656420616E6420696E2D6E
:100E4C00757365210A0000004641494C3A205374E1
:100E5C0075636B20484947480A0000004641494CDD
:100E6C003A20537475636B204C4F570A00000000F6
:100E7C004641494C3A2052657665727365643F0A67
:100E8C00000000004641494C3A20546869726420C5
:100E9C004750494F204C6F636B656420616E642032
:100EAC00696E2D757365210A000000004641494C9E
:100EBC003A205472696767657265640A0000000025
:100ECC004641494C3A204E6F7420496E6372656DF1
:100EDC00656E74696E670A00736574004641494C0F
:100EEC003A204E6F74205365740A000050415353DE
:100EFC003A204F4B000000002C205365636F6E644A
:100F0C00733A2025750A00004641494C3A204E6F31
:100F1C007420496E6372656D656E74696E6700004E
:100F2C00504153533A20253032583A253032583AF2
:100F3C00253032583A253032583A253032583A2535
:100F4C003032580A000000004641494C3A204D41CD
:100F5C0043206164647265737320746F6F206C6FCF
:100F6C006E67210A000000004641494C3A204D4171
:100F7C0043206164647265737320746F6F207368AF
:100F8C006F7274210A0000004641494C3A204D41D1
:100F9C00432061646472657373206661696C656477
:100FAC0020746F207361766520636F727265637451
:100FBC006C790A00504153533A2025642E25642E37
:100FCC0025642E25640A00004641494C3A204950BC
:100FDC00206164647265737320746F6F206C6F6E24
:100FEC0067210A004641494C3A204950206164640B
:100FFC007265737320746F6F2073686F7274210A3B
:10100C00000000004641494C3A204950206164647C
:10101C0072657373206661696C656420746F2073EC
:10102C0061766520636F72726563746C790A000077
:10103C004641494C3A2049502047617465776179A3
:10104C00206164647265737320746F6F206C6F6EB3
:10105C0067210A004641494C3A20495020476174A7
:10106C0065776179206164647265737320746F6F46
:10107C002073686F7274210A000000004641494CCD
:10108C003A20495020476174657761792061646426
:10109C0072657373206661696C656420746F20736C
:1010AC0061766520636F72726563746C790A0000F7
:1010BC004641494C3A204950204D61736B20616484
:1010CC00647265737320746F6F206C6F6E67210A86
:1010DC00000000004641494C3A204950204D6173B4
:1010EC006B206164647265737320746F6F20736816
:1010FC006F7274210A0000004641494C3A20495055
:10110C00204D61736B20616464726573732066613A
:10111C00696C656420746F207361766520636F72EF
:10112C00726563746C790A00504153533A202564FC
:10113C0020487A0A000000004932433000000000C9
:10114C004641494C3A20436F756C64206E6F742095
:10115C006F70656E20493243300A000049324331CA
:10116C00000000004641494C3A20436F756C6420E6
:10117C006E6F74206F70656E20493243310A000027
:10118C0049324332000000004641494C3A20436F3B
:10119C00756C64206E6F74206F70656E20493243DD
:1011AC00320A00004641494C3A20627573206E7534
:1011BC006D626572206D75737420626520302C2011
:1011CC00312C206F7220320A0000000020202020D9
:1011DC002020466F726D61743A2049324342414E71
:1011EC0047203C4932432042757320233E203C73F8
:1011FC007065656420696E206B487A3E0A000000B9
:10120C004641494C3A207370656564206D75737462
:10121C00206265202731303027206F722027343030
:10122C00302720696E206B487A0A00000A546573D7
:10123C0074204661696C6564206F6E2062797465F8
:10124C002025640A000000004641494C3A20496EB2
:10125C00636F727265637420706172616D65746521
:10126C0072732E0A00000000436F6E736F6C650082
:10127C000A447269766520256320696E666F726D0B
:10128C006174696F6E3A0A0053746F7261676520FE
:10129C004D656469756D205265706F72743A0A20E1
:1012AC0020536563746F72733A2025750A00000031
:1012BC002020536563746F722053697A653A202538
:1012CC00750A2020426C6F636B2053697A653A2053
:1012DC0025750A002020546F74616C2053697A655F
:1012EC003A2025662050420A000000002020546F4E
:1012FC0074616C2053697A653A2025662054420A41
:10130C00000000002020546F74616C2053697A65D2
:10131C003A2025662047420A000000002020546F26
:10132C0074616C2053697A653A202566204D420A17
:10133C000000000046696C652053797374656D205C
:10134C005265706F72743A00202042797465732074
:10135C0050657220536563746F723A2025750A20AC
:10136C0020536563746F72732050657220436C75E3
:10137C00737465723A2025750A00000020204E75A2
:10138C006D20436C75737465727320546F74616C4B
:10139C003A2025750A20204E756D20436C757374A8
:1013AC0065727320467265653A2025750A00000047
:1013BC002020436F756C64206E6F742072656164BD
:1013CC002066696C652073797374656D000000008C
:1013DC0020204E6F7420696E697469616C697A653E
:1013EC006420796574000000496E2050726F67723A
:1013FC0065737300446F6E650000000050415353D9
:10140C00000000004641494C00000000536B69701D
:10141C000000000050494E47000000005344524168
:10142C004D0000004E4F52005350494649000000F9
:10143C004750494F000000003556000033564552C6
:10144C0052000000454550524F4D000054454D5040
:10145C0000000000524553455400000053444341E2
:10146C0052440000525443005553423000000000D7
:10147C005553423100000000564552424F5345200F
:10148C005B302F315D000000424C000054530000D3
:10149C005453535441545553000000005453434C7F
:1014AC0045415200434F4C4F52000000434F4C4FAC
:1014BC00524359434C450000414C49474E000000F3
:1014CC00414343454C000000535045414B455200AD
:1014DC00414D5000415544494F44414300000000E8
:1014EC00574156504C4159004D41434144445200E0
:1014FC00495041444452000049504D41534B000067
:10150C004950474154455741590000004932435016
:10151C00524F42450000000049324357524954454E
:10152C0000000000493243524541440046494C45B5
:10153C0054455354575249544500000049324342D4
:10154C00414E470043524300454E440075455A20D6
:10155C004755492054657374204D6F646500000035
:10156C0075455A204755492044656D6F202D2054F0
:10157C00657374204D6F64650000000025326400B3
:10158C002F00000025303264000000003A000000FB
:10159C0075455A28746D292054696D6520262044A0
:1015AC006174652044656D6F6E7374726174696FDC
:1015BC006E00000048656172740000000C75455A9D
:1015CC00204755492044656D6F20322E31352E3021
:1015DC0030300A00454550524F4D205365747469A4
:1015EC006E6773005553424465766963650000006D
:1015FC004D53310054696D65723200004D61696E56
:10160C00000000005761746368646F67000000009D
:10161C0043686B73756D000075455A20475549201A
:10162C0044656D6F20322E31352E30303000000085
:10163C00536C69646573686F77000000447261775E
:10164C000000000075455A204755492044656D6FD0
:10165C0020322E31352E303030202D2053657474CD
:10166C00696E6773000000004272696768746E658A
:10167C007373000043616C696272617465000000F1
:10168C00457869742F5265736574000075455A204E
:10169C004755492044656D6F20322E31352E303040
:1016AC0030202D2041707073000000004163636591
:1016BC006C65726F6D6574657200000054696D65C0
:1016CC00202620446174650054656D7065726174E8
:1016DC00757265004750444D413000004750444DF1
:1016EC0041310000554152543000000055415254D4
:1016FC00310000005353503000000000444143308F
:10170C00000000004261636B6C6967687400000044
:10171C00436865636B696E6720525443202E2E2EEE
:10172C00000000005254432077617320696E76618B
:10173C006C69642C20726573657420746F20303171
:10174C002F30312F323030392031323A30303A307C
:10175C0030000000525443206572726F72202325B2
:10176C0064212020436F756C64206E6F7420636855
:10177C0065636B2076616C6964697479210A000079
:10178C00525443204F4B0000464154465300000036
:10179C004D533000414D5030000000004352433057
:1017AC000000000050574D300000000050574D31E4
:1017BC0000000000555342446576696365436F6EC3
:1017CC0074726F6C6C65720054696D6572300000D8
:1017DC004C4344436F6E74726F6C6C657200000006
:1017EC00416363656C65726F6D657465723A4672C0
:1017FC0065657363616C653A4D4D41373435353AE7
:10180C0049324300416363656C65726F6D65746545
:10181C00723A53543A4C49533344483A4932430090
:10182C004144433A47656E6572696300417564696A
:10183C006F416D703A4E58503A383535315400007E
:10184C001C20406080000000417564696F416D7020
:10185C003A4E58503A4C4D3438313130000000007B
:10186C004261636B6C696768743A47656E6572694F
:10187C00633A50574D0000004352433A47656E653A
:10188C00726963004441433A47656E65726963004F
:10189C004B466C6173680000454550524F4D3A4EB3
:1018AC0058503A4C5043313778785F343078780060
:1018BC00466C6173683A5370616E73696F6E3A531C
:1018CC003239474C3036344E39303A3136426974FD
:1018DC00000000004750444D413A47656E657269FF
:1018EC00630000004932433A47656E6572696300D4
:1018FC00424C5F54696D6572000000004C43443AE1
:10190C005469616E6D615F544D30373052424847B7
:10191C0030343A38426974004C43443A5469616E2D
:10192C006D615F544D3037305242484730343A493C
:10193C0031354269740000004C43443A5469616E7D
:10194C006D615F544D3037305242484730343A3134
:10195C0036426974000000004D533A555342000062
:10196C005254433A47656E657269630053657269F8
:10197C00616C3A47656E6572696300005350493A71
:10198C0047656E657269630054656D70657261744C
:10199C007572653A4E58503A4C4D3735410000003F
:1019AC0054696D65723A47656E6572696300000033
:1019BC00546F6E6547656E657261746F723A4E58FE
:1019CC00503A47656E657269635F50574D00000071
:1019DC00546F75636873637265656E3A47656E65BF
:1019EC007269633A3457697265000000555342447A
:1019FC0065766963653A4E58503A4C5043313778A6
:101A0C00785F34307878000047656E657269633AA8
:101A1C00555342486F7374005761746368646F6701
:101A2C003A47656E657269630000000044414320CB
:101A3C00417564696F0000004D7574655461736B7A
:101A4C00000000004641494C3A20467265717565AC
:101A5C006E6379206D757374206265203120746F0C
:101A6C00203130303030300A000000004641494C03
:101A7C003A2053616D706C652072617465206D75D0
:101A8C007374206265203130303020746F20313017
:101A9C00303030302E2020557375616C6C792032CB
:101AAC00323130300A0000004641494C3A2054692A
:101ABC006D6572206572726F722025640A000000D9
:101ACC004641494C3A204E6F7420656E6F756768BD
:101ADC00206D656D6F727920746F2063726561740F
:101AEC00652073616D706C650A0000004641494CBD
:101AFC003A20496E636F7272656374207061726113
:101B0C006D65746572732E0A415544494F444143C7
:101B1C00203C6672657175656E63793E203C73611D
:101B2C006D706C6520726174653E203C6D73207421
:101B3C006F20706C61793E203C74696D6572206415
:101B4C0072697665723E0A005465737420232564AD
:101B5C002057726974650A0046696C6520257320EC
:101B6C0063616E6E6F74206265206F70656E2066A7
:101B7C006F722077726974696E67210A0000000029
:101B8C004641494C3A2046696C6520577269746528
:101B9C00204572726F720A0046696C6520257320AD
:101BAC0063616E6E6F74206265206F70656E206667
:101BBC006F722072656164696E67210A0000000013
:101BCC004641494C3A2046696C6520526561642057
:101BDC004572726F720A00004641494C3A204D69B9
:101BEC00736D61746368206174206F6666736574CD
:101BFC00202564202830782530325820213D203093
:101C0C007825303258290A004641494C3A20464939
:101C1C004C45544553545752495445203C66696CC5
:101C2C00656E616D653E203C73697A653E203C6D46
:101C3C00656D20626C6F636B2073697A653E203C26
:101C4C006E756D54696D65733E0A0000546573744E
:101C5C0020232564205665726966790A000000000D
:101C6C004641494C3A204F7574206F66206D656D66
:101C7C006F727920746F2072756E20746573740A9C
:101C8C000000000049324320427573202573206EFA
:101C9C006F7420666F756E64210A000050726F625B
:101CAC00696E6720616C6C203132372049324320D9
:101CBC00616464726573736573206F6E2025733A6B
:101CCC000A000000202044657669636520402030BE
:101CDC0078253032580A0000202054696D656F75E4
:101CEC0074206174206465766963652030782530D2
:101CFC00325821004641494C3A20496E636F72724A
:101D0C0065637420706172616D65746572732E0AFF
:101D1C0049324350524F4245203C627573206E75D8
:101D2C006D6265723E0A00004164647265737320D3
:101D3C006D75737420626520372D626974202830AC
:101D4C002D313237290A000056616C756573206994
:101D5C006E207772697465206D75737420626520CE
:101D6C0062797465732028302D323535292E202068
:101D7C002564206973206F7574206F662072616E04
:101D8C0067652E0A0000000057726974696E67203F
:101D9C00746F206275732025732C2061646472202B
:101DAC003078253032583A0A000000004641494C40
:101DBC003A204E414B0A00004641494C3A205469A6
:101DCC006D656F7574210A004641494C3A20457285
:101DDC00726F72202325640A000000004641494CB2
:101DEC003A20496E636F7272656374207061726120
:101DFC006D65746572732E0A4932435752495445C6
:101E0C00203C627573206E756D6265723E203C617C
:101E1C006464723E205B3C627974653E202E2E2EEB
:101E2C005D0A00004F7574206F66207370616365E6
:101E3C002E204C696D697465642072656164206242
:101E4C007566666572206F662025642062797465FC
:101E5C00730A000052656164696E672062757320B5
:101E6C0025732C2061646472203078253032582C14
:101E7C002025642062797465733A0A002530325843
:101E8C00200000002D2000004641494C3A20496EAC
:101E9C00636F727265637420706172616D657465D5
:101EAC0072732E0A49324352454144203C62757389
:101EBC00206E756D6265723E203C616464723E20DA
:101ECC003C6E756D3E0A00004641494C3A20457205
:101EDC00726F722025640A004641494C3A20496EC3
:101EEC00636F727265637420706172616D65746585
:101EFC0072732E0A574156504C4159203C776176EB
:101F0C002066696C653E0A00257800000D0A000009
:101F1C00556E6B6E6F776E20636F6D6D616E643A8C
:101F2C002025730A000000000A2320000D0A0D0A68
:101F3C000000000025730D0A000000000D0A23208C
:101F4C0025730000082008005245504541543A20A2
:101F5C0025730A00434D440046415433322020205F
:101F6C00000000002A2B2C3A3B3C3D3E5B5D7C2262
:101F7C003F7F0000EBFE904D53444F53352E300005
:101F8C004E4F204E414D45202020204641543332A7
:101F9C00202020004E4F204E414D45202020204631
:101FAC00415420202020200046533A4641544653A9
:101FBC00000000004269746D6170204572726F728E
:101FCC003A20496E76616C696420436F6C6F7220A5
:101FDC0050616C657474652053697A652E0D000030
:101FEC004269746D6170204572726F723A20426959
:101FFC00746D6170206D7573742062652061203280
:10200C00353620636F6C6F7220696D6167652E0DBC
:10201C00000000004269746D6170204572726F722D
:10202C003A20496E76616C696420436F6D707265FD
:10203C007373696F6E204D6574686F642E0D0000AC
:10204C0053554953657474696E6773206D69737366
:10205C00696E67205357494D5F57494E444F575F40
:10206C005421000041707053637265656E73617624
:10207C0065725374617274204661696C6564207476
:10208C006F206F70656E206C636420646576696385
:10209C006520274C434427005553424D53447269E5
:1020AC00766500004144433A4C5043313778785FB1
:1020BC00343078783A414443300000004E58503A5E
:1020CC004C5043313778785F343078783A43524308
:1020DC00000000004C5043313778785F343078780A
:1020EC003A444143300000004750444D4100000049
:1020FC004750444D413A4C5043313778785F343037
:10210C0078783A43483700004750444D413A4C5098
:10211C0043313778785F343078783A43483600006A
:10212C004750444D413A4C5043313778785F343006
:10213C0078783A43483500004750444D413A4C506A
:10214C0043313778785F343078783A43483400003C
:10215C004750444D413A4C5043313778785F3430D6
:10216C0078783A43483300004750444D413A4C503C
:10217C0043313778785F343078783A43483200000E
:10218C004750444D413A4C5043313778785F3430A6
:10219C0078783A43483100004750444D413A4C500E
:1021AC0043313778785F343078783A4348300000E0
:1021BC004750494F4972710050696E4C6F636B0008
:1021CC004C5043313778785F343078782047504919
:1021DC004F20506F72742035000000004C5043317A
:1021EC003778785F34307878204750494F20506FDB
:1021FC0072742034000000004C5043313778785F03
:10220C0034307878204750494F20506F7274203307
:10221C00000000004C5043313778785F34307878C8
:10222C00204750494F20506F72742032000000003C
:10223C004C5043313778785F3430787820475049A8
:10224C004F20506F72742031000000004C5043310D
:10225C003778785F34307878204750494F20506F6A
:10226C0072742030000000004C5043313778785F96
:10227C0034307878204932432042757332000000A4
:10228C004C5043313778785F34307878204932437A
:10229C0020427573310000004C5043313778785F21
:1022AC003430787820493243204275733000000076
:1022BC005653796E630000004C5043313778785F89
:1022CC0034307878204C4344436F6E74726F6C6C6E
:1022DC00657200004E58503A4C5043313778785F55
:1022EC00343078783A50574D310000004E58503AFF
:1022FC004C5043313778785F343078783A50574DBA
:10230C00300000004C5043313778785F34307878A7
:10231C003A52544300000000534452414D20496E40
:10232C006974000053657269616C3A4C50433137E3
:10233C0038382055415254340000000053657269FE
:10234C00616C3A4C50433137383820554152543334
:10235C000000000053657269616C3A4C5043313790
:10236C0038382055415254320000000053657269D0
:10237C00616C3A4C50433137383820554152543106
:10238C000000000053657269616C3A4C5043313760
:10239C003838205541525430000000004E58503A05
:1023AC004C5043313778785F343078783A53535007
:1023BC00320000004E58503A4C5043313778785F19
:1023CC00343078783A535350310000004E58503A1C
:1023DC004C5043313778785F343078783A535350D7
:1023EC00300000004E58503A4C5043313778785FEB
:1023FC00343078783A54696D657233004E58503ADF
:10240C004C5043313778785F343078783A54696D72
:10241C00657232004E58503A4C5043313778785FE1
:10242C00343078783A54696D657231004E58503AB0
:10243C004C5043313778785F343078783A54696D42
:10244C00657230004E58503A4C5043313778785FB3
:10245C00343078783A555342204465766963652068
:10246C00436F6E74726F6C6C657200004C5043312C
:10247C003778785F343078783A555342486F7374B4
:10248C003A506F72744200004C5043313778785F89
:10249C00343078783A555342486F73743A506F72AF
:1024AC0074410000555342004261642050696E0033
:1024BC005761746368646F673A4E58503A4C504396
:1024CC00313778785F3430787800000049444C45D7
:1024DC0000000000546D725100000000546D722019
:1024EC00537663005374617274757000496E766133
:1024FC006C6964204750494F20506F727421000062
:10250C00416363657373206F6620696E76616C69D5
:10251C0064204750494F20506F7274210000000016
:10252C0055455A4750494F526567697374657250E7
:10253C006F72740053637265656E736176657200B9
:10254C0054535F4D6F6E0000506C617965720000E2
:10255C00417564696F436F646563300049325300A1
:10256C00504F534958000000286E756C6C290000C0
:10257C002D494E46000000002D696E6600000000DB
:10258C002B494E46000000002B696E6600000000CF
:10259C004E414E006E616E00000000000000000015
:1025AC00EE020000AE01000001000000000000007F
:1025BC0090010000F000000001000000000000008D
:1025CC00320000003200000001000000000000009A
:1025DC00EE020000320000000100000000000000CC
:1025EC0032000000AE0100000100000000000000FD
:1025FC0000000000000000000000000000000000CF
:10260C00000000000000000000000000FF7F007CC4
:10261C001F00E003E07F000022001200A100510027
:10262C0098030200B919000000000000000000002F
:10263C00000000000000000022007A00A100B90098
:10264C00A0030200D51B0000B02303000000000013
:10265C0000000000000000002200E200A1002101A7
:10266C00A8030200E9190000841803000000000010
:10267C00000000000000000022004A01A1008901B6
:10268C00B000020075190000DC2E030000000000F1
:10269C00000000000000000000000000000000002E
:1026AC00000000000000000000000000000000001E
:1026BC000000000000000000AAAA55555501555510
:1026CC005555555555555555555555555555AAAA04
:1026DC00AAAAAAAAAAAAAAAAF4130200001402007F
:1026EC00081402001014020018140200795400009F
:1026FC007B54000095540000BD5400007D54000034
:10270C008B54000020140200CD5500002814020048
:10271C008157000030140200B95700003414020035
:10272C00655900003C140200AD5A0000441402002C
:10273C000158000048140200A96000005014020067
:10274C00295800005814020051580000601402006F
:10275C001561000068140200795800007014020022
:10276C003161000074140200F15800007C14020066
:10277C00C958000084140200195900009414020076
:10278C0091620000D0000200F9550000981402007C
:10279C00255600009C140200E1540000A81402000D
:1027AC00F5620000B0140200B5560000B814020027
:1027BC00D5690000C41402007D560000CC14020040
:1027CC00A1580000D414020049670000DC14020078
:1027DC00E1600000E0140200E1DF0000EC140200F4
:1027EC0059E70000F414020019630000FC14020005
:1027FC006164000004150200516600000C15020013
:10280C005965000018150200EDE3000024150200C4
:10281C00B9E4000030150200EDE5000038150200A7
:10282C0041E1000048150200D96700005015020074
:10283C001D55000054150200A956000000000000B0
:10284C000000000000000000040C00004C20000000
:10285C0001000000000000002A6F0000342100007D
:10286C000100000000000000580C00001260000085
:10287C0001000000000000002C6F0000BA5D000099
:10288C0001000000000000006A3C000098400000BD
:10289C0001000000000000003200000032000000C7
:1028AC000100000000000000EE02000032000000F9
:1028BC00010000000000000032000000AE0100002A
:1028CC000100000000000000EE020000AE0100005C
:1028DC00010000000000000090010000F00000006A
:1028EC00010000001F1C1F1E1F1E1F1F1E1F1E1F6E
:1028FC00424DB211000000000000660200006C00A6
:10290C000000DC000000760000000100080001005F
:10291C000000900F0000C40E0000C40E00007B00ED
:10292C0000007B00000042475273000000000000D2
:10293C00000000000000000000000000000000008B
:10294C00000000000000000000000000000000007B
:10295C000000000000000000000002000000000069
:10296C000000000000000000000000000000000358
:10297C0003000002070000030C0000041100000714
:10298C000700000514000006160000071A000007D7
:10299C001C00000C0C0000081F0000092200000F96
:1029AC000F00000A250000111100000B2900000C7B
:1029BC002D000014140000161600000E3300001831
:1029CC001800001A1A0000113E00001C1C00001216
:1029DC00430000134500001F1F0000144700002196
:1029EC00210000154B000022220000154E0000169D
:1029FC004F00002525000017550000262600001862
:102A0C00580000292900001A5E00001B6200001CFF
:102A1C006500002D2D00002E2E00001E6B00001FE7
:102A2C007100003434000021780000227B00003754
:102A3C003700003838000024820000258700003D54
:102A4C003D00003E3E0000278D0000404000002865
:102A5C009200002A980000444400002B9C00004681
:102A6C004600002C9E00002DA10000484800002EBE
:102A7C00A500002FA800004C4C000030AC00004F0B
:102A8C004F000032B4000033B9000034BA000035F6
:102A9C00C0000036C100005656000037C500003893
:102AAC00C80000595900005A5A00003ACF00003AA9
:102ABC00D200005F5F00003CD70000606000003E69
:102ACC00DD0000636300003FE3000040E5000067A9
:102ADC0067000041EB000044F300006D6D00004600
:102AEC00FA0000737300007A7A00007D7D0000828A
:102AFC00820000888800008E8E0000929200009662
:102B0C009600009A9A00009E9E0000A0A00000A3D0
:102B1C00A30000AAAA0000AEAE0000BBBB0000BC24
:102B2C00BC0000C2C20000C7C70000D0D00000D259
:102B3C00D20000D4D40000D6D60000DADA0000E0CF
:102B4C00E00000E2E20000E6E60000EEEE0000F637
:102B5C00F60000FDFD00DC000000DC000000DC00E5
:102B6C000000060000061A4D5D5B4610D000000008
:102B7C000500013A065D0127CF0000000400012981
:102B8C00085D0119CE00000003000103015B085D24
:102B9C000157CE000000030001170A5D011CCD0097
:102BAC000000030001280A5D0130CD000000030085
:102BBC0001280A5D0137CD000000030001280A5DE1
:102BCC000137CD000000030001270A5D0137CD005D
:102BDC000000030001170A5D0128CD00000003006E
:102BEC00010C0A5D011ECD0000000400015B095DB3
:102BFC000111CD00000004000148095D0103CD0066
:102C0C00000004000130085D014CCE0000000400FF
:102C1C00011E085D0134CE0000000400010B085DAC
:102C2C000123CE00000005000157075D0111CE0005
:102C3C00000005000137075D0103CE000000050010
:102C4C000123065D014CCF00000005000111065D5B
:102C5C000139CF0000000600015B055D0129CF00A2
:102C6C00000006000144055D0119CF0000000600BC
:102C7C000130055D0111CF00000006000128055D43
:102C8C000107CF00000006000117055DD000000011
:102C9C0006000114045D014CD00000000600010C7C
:102CAC00045D01490400000403254255035D000442
:102CBC0053422509130000030C335100035D00043B
:102CCC00533C1A02A400000006000103045D0149F4
:102CDC00030001330B5D015001210F000104013F82
:102CEC00095D015B0128A30000000700045D0004DE
:102CFC00490002470E5D015A011A0C0001040155EE
:102D0C000C5D014D010608000156407A015C0B0078
:102D1C00447A01540700000007000157035D0003CB
:102D2C0049004700115D014A01090A0001470E5D87
:102D3C000155010E07000156407A01730B00447ACD
:102D4C0001620700000007000149035D01490137DA
:102D5C00135D015B011E08000128105D01550C007C
:102D6C000003133D6A003A7A012A0A00015E437A95
:102D7C00016D07000000070001491A5D01300700D2
:102D8C000157115D01300E0001120165387A0160A6
:102D9C000A000101016E437A070000000700014997
:102DAC001B5D013A05000117125D015B01080F0064
:102DBC0001430F7A0004744E130113000007011332
:102DCC00132E456476000A7A01770B0001220179F3
:102DDC000C7A0179010F24000005131B3D64760069
:102DEC000B7A012206000000070001491C5D014618
:102DFC0004000130135D012C100001600D7A016C90
:102E0C0001011D00000315617900087A012E0B00E9
:102E1C0001560D7A016B29000003155F7900087AC1
:102E2C00013B06000000070001490E5D0003582815
:102E3C000700030000040720425B055D0146030008
:102E4C00014C0A5D00065B280200093F035D01513D
:102E5C00100001160D7A0116200001120169077A83
:102E6C0001610B000101016C0D7A014B2A00010577
:102E7C000162077A015E06000000070001490D5D42
:102E8C00012F0900000302255A00045D00034100D4
:102E9C0000000B5D011705000137035D010C1000EC
:102EAC00016F0B7A016F2300014F067A0177010144
:102EBC000B00011D01790C7A0179011D2B00013BDE
:102ECC000179057A016806000000070001490C5DD4
:102EDC00011E0C0001020133045D0137010C0A5D77
:102EEC00013A07000004555D5D1E100001630B7A6A
:102EFC000168240001380179057A01320C00014B7C
:102F0C000D7A016C01012B0001320179047A0177F1
:102F1C0006000000070001490B5D01300F00011095
:102F2C000153035D01470A5D011E07000004255D86
:102F3C005D2D1000015E0B7A016325000138057AC6
:102F4C0001630D0001680D7A01562C00014B057AC6
:102F5C00011305000000070001490A5D0157010338
:102F6C001000010201410D5D011107000004075D15
:102F7C005D39100001560B7A016326000156047A64
:102F8C00017901010C00010F01770C7A0179012202
:102F9C002C000164047A013505000000070001498A
:102FAC000A5D0130130001300C5D010C08000003B8
:102FBC004C5D4900100001560B7A015E270001633D
:102FCC00047A01380D00013B0D7A016E01012B00D2
:102FDC00010F0179037A0154050000000700014933
:102FEC000A5D01171400012D0B5D01071B00013B4D
:102FFC000B7A0156270001010170037A01660E005D
:10300C0001630D7A01592C000156037A0163050006
:10301C000000070001490A5D0107150001330A5D34
:10302C001C0001380B7A015628000122037A017921
:10303C00010A0D00010F01750D7A012A2B00000504
:10304C0001777A7A6E000500000007000149095DDE
:10305C00015B160001170A5D1C0001380B7A015642
:10306C002900015E037A01400E0001350D7A0175CD
:10307C0001012B00014F037A01010400000007003D
:10308C000149095D0149160001170A5D1C00013850
:10309C000B7A01562900000501757A7A68000F0039
:1030AC0001600D7A01602B0000050A797A7A220002
:1030BC000400000007000149095D013E16000117DC
:1030CC000A5D1C0001380B7A01562A000138037A7C
:1030DC00010A0E00010101700D7A01352B0000046C
:1030EC00617A7A430400000007000149095D013749
:1030FC00160001170A5D1C0001380B7A01562B00D3
:10310C000004687A7A4B0F00012A0D7A0175010FC1
:10311C002A0000042A7A7A5E0400000007000149A4
:10312C00095D0137160001170A5D1C0001380B7A86
:10313C0001562B0000041D7A7A6B100001590D7A90
:10314C0001632B000003707A6B0004000000070081
:10315C000149095D0129160001170A5D1C0001389F
:10316C000B7A01562C000004637A7A130F000101CC
:10317C00016C0D7A01382A0000035C7A7700040098
:10318C00000007000149095D0128160001170A5DBE
:10319C001C0001380B7A01562C000004167A7A4F69
:1031AC001000012201790C7A0177010F290000042B
:1031BC00267A7A1B0300000007000149095D0128EB
:1031CC00160001170A5D1C0001380B7A01564100EC
:1031DC0001520D7A01682A00000373722400030067
:1031EC00000007000149095D0128160001170A5D5E
:1031FC001C0001380B7A01564200016B0D7A014319
:10320C002F00000007000149095D01281600011775
:10321C000A5D1C0001380B7A015642000116017937
:10322C000C7A017901162E00000007000149095D96
:10323C000128160001170A5D1C0001380B7A015693
:10324C00430001430D7A016C2E0000000700014978
:10325C00095D0128160001170A5D1C0001380B7A64
:10326C000156440001640D7A01522D000000070044
:10327C000149095D0128160001170A5D1C0001387F
:10328C000B7A01564400010F01750C7A0179012269
:10329C002C00000007000149095D012816000117E8
:1032AC000A5D1C0001380B7A0156450001380D7A75
:1032BC00016C01012B00000007000149095D012888
:1032CC00160001170A5D1C0001380B7A01564600E6
:1032DC0001620D7A01592B00000007000149095DBC
:1032EC000128160001170A5D1C0001380B7A0156E3
:1032FC004600010A01750D7A01222A000000070020
:10330C000149095D0128160001170A5D1C000138EE
:10331C000B7A01561F000003737A56002500012E0C
:10332C000D7A017001012900000007000149095DB7
:10333C000128160001170A5D1C0001380B7A015692
:10334C001E000004017A7A562600015E0D7A015E99
:10335C002900000007000149095D0128160001172A
:10336C000A5D1C0001380B7A01561E000004227AFB
:10337C007A5626000101016E0D7A012E28000000FC
:10338C0007000149095D0128160001170A5D1C00A0
:10339C0001380B7A01561E000004437A7A56270036
:1033AC00012201790C7A0175010A2700000007003F
:1033BC000149095D0128160001170A5D1C0001383E
:1033CC000B7A01561E000004607A7A5628000156CA
:1033DC000D7A01622700000007000149095D0128F0
:1033EC00160001170A5D1C0001380B7A01561E00ED
:1033FC0000046E7A7A5628000101016C0D7A0138AE
:10340C002600000007000149095D0128160001177C
:10341C000A5D1C0001380B7A01561D000116037A57
:10342C0001562900011D01790C7A0175010F250047
:10343C00000007000149095D0128160001170A5D0B
:10344C001C0001380B7A01561D00015E037A0156EF
:10345C002A00014B0D7A0164250000000700014988
:10346C00095D0128160001170A5D1C0001380B7A52
:10347C0001561C0001220179037A01562B000168C8
:10348C000D7A013B2400000007000149095D012869
:10349C00160001170A5D1C0001380B7A01561B003F
:1034AC0001260175047A01562B00010F01770C7A65
:1034BC000179010F2300000007000149095D012873
:1034CC00160001170A5D1C0001380B7A0156190011
:1034DC000105015C067A01562C00013B0D7A016B4B
:1034EC002300000007000149095D0128160001179F
:1034FC000A5D1C0001380B7A0156140000060113FA
:10350C00244E6A79077A01562D0001630D7A014B1E
:10351C002200000007000149095D0128160001176F
:10352C000A5D1C0001382D7A01562D00010F017522
:10353C000C7A0179011D2100000007000149095D89
:10354C000128160001170A5D1C0001382D7A01565E
:10355C002E0001350D7A016C0101200000000700DE
:10356C000149095D0128160001170A5D1C0001388C
:10357C002D7A01562F0001600D7A015620000000B3
:10358C0007000149095D0128160001170A5D1C009E
:10359C0001382D7A01562F00010101700C7A017946
:1035AC0001221F00000007000149095D01281600D7
:1035BC0001170A5D1C0001380B7A01561400000635
:1035CC00011324456778077A01563000012A0D7AD9
:1035DC00016E01011E00000007000149095D012870
:1035EC00160001170A5D1C0001380B7A01561900F0
:1035FC000003013D7800057A0156310001590D7A1E
:10360C0001591E00000007000149095D0128160040
:10361C0001170A5D1C0001380B7A01561B000112C0
:10362C000175047A015631000101016C0D7A012AF1
:10363C001D00000007000149095D01281600011753
:10364C000A5D1C0001380B7A01561C00012201791D
:10365C00037A01563200012201790C7A01750101BD
:10366C001C00000007000149095D01281600011724
:10367C000A5D1C0001380B7A01561D00015E037AAD
:10368C000156330001520D7A01601C000000070046
:10369C000149095D0128160001170A5D1C0001385B
:1036AC000B7A01561D000116037A01563400016B8A
:1036BC000D7A01351B00000007000149095D012846
:1036CC00160001170A5D1C0001380B7A01561E000A
:1036DC000004687A7A563400011601790C7A017567
:1036EC00010F1A00000007000149095D01281600AE
:1036FC0001170A5D1C0001380B7A01561E000004EC
:10370C004B7A7A56350001430D7A01631A0000009A
:10371C0007000149095D0128160001170A5D1C000C
:10372C0001380B7A01561E0000042A7A7A563600AC
:10373C0001640D7A01381900000007000149095D88
:10374C000128160001170A5D1C0001380B7A01567E
:10375C001E000004017A7A563600010F01750C7AAE
:10376C000177010F180000004F0001380B7A015649
:10377C001F000003777A5600370001380D7A016874
:10378C00180000004F0001380B7A01561F0000038F
:10379C006E7A5600380001620D7A01431700000062
:1037AC004F0001380B7A01565A00010A01750C7A48
:1037BC0001790116160000004F0001380B7A0156F2
:1037CC005B00012E0D7A016C160000004F000138D1
:1037DC000B7A01565C00015E0D7A01521500000057
:1037EC004F0001380B7A01565C000101016E0C7A16
:1037FC0001790122140000004F0001380B7A0156A8
:10380C005D00012201790C7A016C010113000000AA
:10381C004F0001380B7A01565E0001560D7A0159A2
:10382C00130000004F0001380B7A01563B000003D7
:10383C00567A730020000101016C0D7A01221200EE
:10384C0000004F0001380B7A01563B000004437A0C
:10385C007A132000011D01790C7A0170010111000D
:10386C0000004F0001380B7A0156260000042A7A1A
:10387C007A3811000004387A7A2E2100014B0D7A27
:10388C00015E110000004F0001380B7A0156260032
:10389C0000044B7A7A22110000042A7A7A5422000E
:1038AC0001680D7A012E100000004F0001380B7AD0
:1038BC00015626000004627A7A1F110000041F7A58
:1038CC007A682200010F01770C7A0175010A0F004A
:1038DC0000004F0001380B7A015626000004737A61
:1038EC007A1F11000004017A7A772300013B0D7ACC
:1038FC0001620F0000004F0001380B7A01562500C1
:10390C00011D037A011B1200037A012A23000163B3
:10391C000D7A01380E0000004F0001430B7A01565E
:10392C002500014B037A130000046F7A7A5C2300A4
:10393C00010F01750C7A0175010F0D0000004F008D
:10394C0001560B7A01562500016B037A1300000413
:10395C006E7A7A70240001350D7A01640D00000036
:10396C004F0001560B7A015624000116047A1300FD
:10397C000163037A0132240001600D7A013B0C00D3
:10398C0000004F0001620B7A015624000160037A9B
:10399C00016F13000163037A016C240001010170B3
:1039AC000C7A0179010F0B0000004F0001680B7AB3
:1039BC00015623000122047A016E13000156047A89
:1039CC0001562400012A0D7A016B0B0000004F00F8
:1039DC0001730B7A01562200010F0175047A016EF6
:1039EC0013000154057A013B240001590D7A014B57
:1039FC000A0000004E0001130C7A01562100011838
:103A0C000174057A016B13000138067A015C01011F
:103A1C0022000101016C0C7A0179011D09000000E2
:103A2C004E00014F0C7A01561F0000030556790019
:103A3C00067A016313000135077A0003743601001E
:103A4C002100012201790C7A016C010108000000AF
:103A5C004D00011801770C7A01561A0000060D135F
:103A6C002B4E6A79087A01631300011F097A00064C
:103A7C00786A4E2E130D1D0001520D7A0156080066
:103A8C0000004C0001310178367A016313000113F8
:103A9C003A7A0179012207000000480000040A2448
:103AAC005671387A015614003B7A016E01010600FA
:103ABC00000043000156407A0156140001773B7A0E
:103ACC00015E0600000043000156407A01561400C6
:103ADC00016E3C7A012A05000000DC000000DC00CD
:103AEC000000DC00000100000001010000000118D2
:103AFC000000000020002000080831852634892BA6
:103B0C00308B313C8453338F363490372D903A358B
:103B1C0091382F923C30933D31943E32953F3497FF
:103B2C0042359843379A45309A48319B49329C4AE2
:103B3C00339D4B3A9E492FA25238A35138A2583983
:103B4C00A45241A55033A55553A05E47A25D34A69F
:103B5C00564FA35B34A55E35A75749A55736A858D1
:103B6C0036A76030AA5C37A86138AA5A45A85D38D8
:103B7C00A96239AB5B53A76031AA6539AA633AAB2A
:103B8C006455A96233AC673BAC6555AA6343AD641D
:103B9C0046AD7431B4685BAF6F54AF724FB26F5DAA
:103BAC00B17157B27558B37637B87559B4774DB6FD
:103BBC007554B57A5AB5785BB67941B97C5CB77AED
:103BCC0050B9785DB87B43BB7E5FBA7D5FB98460CA
:103BDC00BB7E60BA8561BB864EBD865DBD8A63BD0A
:103BEC00885FC1865FC08C66C18B61C28E67C28CD8
:103BFC006EC28A68C38D6FC38B76C3916AC58F7E84
:103C0C00C59072C59573C69674C79775C89876C9D2
:103C1C009988C3AA77CA9A78CC9B7ACCA480CCA278
:103C2C0082CFA483D0A584D1A685D2A78DD2AC880F
:103C3C00D3AF8ED3AD82D5AC9AD2AE8FD4AE91D653
:103C4C00B092D7B198D6B593D8B29AD8B79BD9B809
:103C5C0095D9BB9CDAB997DDB79FDDBCB1D9C7A0AC
:103C6C00DEBDB2DBC2A1DFBEA2DEC5A8DFC3A3E00E
:103C7C00C6A9E0C4AAE1C5ABE2C6ACE3C7ADE4C8D3
:103C8C00C0E0D3AEE5C9A8E7C5AEE4CFB5E4CDAF8F
:103C9C00E6CAB6E5CEB7E6CFB8E7D0B9E8D1C0E80A
:103CAC00D6C0EAD0C1E9D7C2EAD8C3EBD9CBEBDE98
:103CBC00C5EDDACCECDFC6EEDBCCEED9CDEDE0D346
:103CCC00F3E6D6F6E9000000656565646464636339
:103CDC00636262626161616060605F5F5F5E5E5ED5
:103CEC005D5D5D5C5C5C5B5B5B5A5A5A595959581B
:103CFC005858575757565656555555545454535360
:103D0C00535252525151515050504F4F4F4E4E4EA4
:103D1C004D4D4D4C4C4C4B4B4B4A4A4A49494948EA
:103D2C00484847474746464645454544444443432F
:103D3C00434242424141414040403F3F3F3E3E3E74
:103D4C003D3D3D3C3C3C3B3B3B3A3A3A39393938BA
:103D5C0038383737373636363535353434343333FF
:103D6C00333232323131313030302F2F2F2E2E2E44
:103D7C002D2D2D2C2C2C2B2B2B2A2A2A292929288A
:103D8C0028282727272626262525252424242323CF
:103D9C00232222222121212020201F1F1F1E1E1E14
:103DAC001D1D1D1C1C1C1B1B1B1A1A1A191919185A
:103DBC00181817171716161615151514141413139F
:103DCC00131212121111111010100F0F0F0E0E0EE4
:103DDC000D0D0D0C0C0C0B0B0B0A0A0A090909082A
:103DEC00080807070706060605050504040403036F
:103DFC000302020201010100000099999999999915
:103E0C0099999999999999999903999999999999AC
:103E1C009999999999999999999999999999999906
:103E2C00999999999999999999983C999999999954
:103E3C0099999999999999999999999999999999E6
:103E4C009999999999999999919390329999999954
:103E5C0099999999999999999999999999999999C6
:103E6C00999999999999998296958F8799999999F0
:103E7C0099999999999999999999999999999999A6
:103E8C00999999999999919695908D8974999999EF
:103E9C009999999999999999999999999999999986
:103EAC0099999999997696958F8B867F7B69999933
:103EBC009999999999999999999999999999999966
:103ECC00999999999997928E8A817D77716E599962
:103EDC009999999999999999999999999999999946
:103EEC009999999994908C897F7B73706C66624CCC
:103EFC009999999999999999999999999999999926
:103F0C009999998C8D8A817E7973706863614B2A3B
:103F1C001A99999999999999999999999999999984
:103F2C009999788A837F7A73716C65615E4E2A2CBD
:103F3C002B99999999999999999999999999999953
:103F4C00998885807C75736F6B64615C5A2E2C2804
:103F5C0022129999999999999999999999999999C3
:103F6C006A807A7773726D67635F5B56422B25228A
:103F7C001F19069999999999999999999999995D6E
:103F8C00847977736F6B64615E5A56532F24271EA6
:103F9C0016151200999999999999999999999999AC
:103FAC00999999999963605C59544F4C21220299C3
:103FBC009999999999999999999999999999999965
:103FCC0099999999995F5B59534F493D1F1C0B99CE
:103FDC009999999999999999999999999999999945
:103FEC0099999999995A58534F4847361C171499CF
:103FFC009999999999999999999999999999999925
:10400C00999999999956514F4846433115152399C9
:10401C009999999999999999999999999999999904
:10402C009999999999514C4945433F2612113399C5
:10403C0099999999999999999999999999999999E4
:10404C0099999999994C4745413E391812103A99CA
:10405C0099999999999999999999999999999999C4
:10406C0099999999994846413B393712100D4099C5
:10407C0099999999999999999999999999999999A4
:10408C00999999999945413E3835300F0D0B4499C2
:10409C009999999999999999999999999999999984
:1040AC009999999999413B383430200C0B084A99CD
:1040BC009999999999999999999999999999999964
:1040CC0099999999993B393430300E0B08064D99D2
:1040DC009999999999999999999999999999999944
:1040EC0099999999993734342D1B0A0905025099DD
:1040FC009999999999999999999999999999999924
:10410C00999999999934342D1D0A080402025299EF
:10411C009999999999999999999999999999999903
:10412C009999999999302913090705020100559914
:10413C0099999999999999999999999999999999E3
:10414C0099999999170C09080602020100005799D0
:10415C0099999999999999999999999999999999C3
:10416C0099999999999999999999999999999999B3
:10417C0099999999999999999999999999999999A3
:10418C009999999999999999999999999999999993
:10419C009999999999999999999999999999999983
:1041AC009999999999999999999999999999999973
:1041BC009999999999999999999999999999999963
:1041CC009999999999999999999999999999999953
:1041DC009999999999999999999999999999999943
:1041EC009999999999999999999999999999999933
:1041FC0099999999999999999999000000000000B9
:10420C00000054525545564953494F4E2D58464976
:10421C004C452E00000101000000011800000000B8
:10422C0020002000080830821D3585273588293468
:10423C00882A33892C308C33308C34328D35338E44
:10424C00352E8B44338F36348F3631913A32913A46
:10425C003591393592392F933C33933B31943E3120
:10426C00953F32954033954033964135974233987C
:10427C00463D9748399947309A47319A47319B4880
:10428C00329C49359C48349E51359F4E429E50413C
:10429C009F523BA052439F5438A24F32A35139A393
:1042AC005137A35235A05D35A35536A45234A455CD
:1042BC0032A55649A35632A65734A75933A75C33B7
:1042CC00A95836A75E35A76045A75D37A86137A802
:1042DC006237A95F39A96237A96348A95E37AA6317
:1042EC0033AC6132AB6555AA6134AC6655AA6256E3
:1042FC00AA6332AD6857AB644FAC6457AB654DAC39
:10430C006857AC6659AC6943AF6C59AD6C5AAF6821
:10431C0056AF6D38B36A58AE705BAF6F52B06F3F2B
:10432C00B56D3FB5715BB36F58B27557B2765DB270
:10433C007459B3764AB6755EB47559B4775DB47674
:10434C0059B47849B77451B7745EB67358B6765B86
:10435C00B67956B7785CB77A5EB77A5CB87B55B9E4
:10436C007E5EB97C60BA786AB97A55BA7E5FBA7CDF
:10437C005FBA7F61BA7F6EBA7C60BB7F60BC8061C4
:10438C00BB845DBC8263BE8163BD8863BD8966BD31
:10439C008B67BE8A65BF8A66C18868C08B66C18C14
:1043AC0067C28C6AC38A69C28E6DC38D6EC48B6DF5
:1043BC00C48F6FC49171C49272C49573C69371C645
:1043CC00956EC8926FC89273C79774C79777C99A3E
:1043DC0077CA9974CB9876CB9A78CC9D7ACD9D7D03
:1043EC00CD9F7BCDA07ECDA07FCDA198C8AA74CD4A
:1043FC00A680CEA184CEA282CFA483CFA47CD1A14F
:10440C0084D0A588D0A886D1A676D3A687D1A78933
:10441C00D1A889D1A97DD3AA82D3A98BD3AD8ED3B0
:10442C00AD90D3AE8ED4AF8ED5AF8CD6AF93D6B174
:10443C008AD7B193D6B295D8B597D8B598D8B6993E
:10444C00D8B699D9B79DD9B89ADAB89CDAB99DDBA8
:10445C00BA9CDBBB9EDBBB9DDCBB9EDCBB9FDCBC90
:10446C00A7DAC1A1DDBDB6D9C59FDEBEA0DFBFA650
:10447C00DEC1A2DFBFA2DFC0A4DFC0ABE0C4A6E0F8
:10448C00C6A6E1C4A7E1C4AAE1C5A9E1C6ACE1C6D0
:10449C00AEE2C8B0E2C8AEE3C8ADE4C7B1E4CBB39A
:1044AC00E4CCB5E4CCB6E4CEB4E5CDB3E5CEB8E619
:1044BC00CEB7E7CEB9E7CFBCE8CFBBE8D2BFE9D4E3
:1044CC00BFE9D6C2EAD6C3EAD6C2EAD8BFEBD6C396
:1044DC00EBD7C2EBD8C3ECD9CCECDCC8EDDBCAEE25
:1044EC00D8CCECDFCDEDDECCEEDCCEEDDFCDEDE0EF
:1044FC00CDEEDECEEEE1C9F0DCD2F2E5D7F7EA0084
:10450C0000000B0B0B0A0A0A09090908080807071F
:10451C00070606060505050404040303030202024C
:10452C00010101000000F3F3F3F3F3F3F3F3F3F3FE
:10453C00F31FF3F3F3F3F3F3F3F3F3F3F3F3F3F313
:10454C00F3F3F3F3F3F3F3F3F3F3F3F3F3F3F3F32F
:10455C00F3462315110C0805040370F3F3F3F3F37E
:10456C00F3F3F3F3F3F3F3F3F3F3F3F3F3F3F3F30F
:10457C00F355404522100D0806026BF3F3F3F3F3E9
:10458C00F3F3F3F3F3F3F3F3F3F3F3F3F3F3F3F3EF
:10459C00F36150404225120D0A0766F3F3F3F3F36F
:1045AC00F3F3F3F3F3F3F3F3F3F3F3F3F3F3F3F3CF
:1045BC00F36A5B5147431A130E0B64F3F3F3F3F3F3
:1045CC00F3F3F3F3F3F3F3F3F3F3F3F3F3F3F3F3AF
:1045DC00F3725D584D492F16130F60F3F3F3F3F399
:1045EC00F3F3F3F3F3F3F3F3F3F3F3F3F3F3F3F38F
:1045FC00F375635C574C4A1817145FF3F3F3F3F33A
:10460C00F3F3F3F3F3F3F3F3F3F3F3F3F3F3F3F36E
:10461C00F37B696359564E241C1754F3F3F3F3F3ED
:10462C00F3F3F3F3F3F3F3F3F3F3F3F3F3F3F3F34E
:10463C00F37F7169655C563C1B1C53F3F3F3F3F386
:10464C00F3F3F3F3F3F3F3F3F3F3F3F3F3F3F3F32E
:10465C00F389767369655E48281E4FF3F3F3F3F321
:10466C00F3F3F3F3F3F3F3F3F3F3F3F3F3F3F3F30E
:10467C00F38A7D77716D675226283EF3F3F3F3F3DB
:10468C00F3F3F3F3F3F3F3F3F3F3F3F3F3F3F3F3EE
:10469C00F38F837D7A736E62272B33F3F3F3F3F38B
:1046AC00F3F3F3F3F3F3F3F3F3F3F3F3F3F3F3F3CE
:1046BC00F39D8C847E7A736F302D20F3F3F3F3F338
:1046CC00F3F3F3F3F3F3F3F3F3F3F3F3F3F3F3F3AE
:1046DC00F3A6918E85807A7931341DF3F3F3F3F3DD
:1046EC00F3F3F3F3F3F3F3F3F3F3F3F3F3F3F3F38E
:1046FC00F3AC9E949086827C4B392109F3F3F3F34F
:10470C00F3F3F3F3F3F3F3F3F3F3F3F3CCCAC2B829
:10471C00B9B0ABA296928881683D38352E2C290011
:10472C00F3F3F3F3F3F3F3F3F3F3F3F3F3BED1C8CF
:10473C00C4B8B4ADA79C938B87413A37343201F39C
:10474C00F3F3F3F3F3F3F3F3F3F3F3F3F3F3D5D767
:10475C00D0C9C1BAB3AAA0998D743F3A3B19F3F3EF
:10476C00F3F3F3F3F3F3F3F3F3F3F3F3F3F3F3E21E
:10477C00DCD6CEC6BBB6AFA49B955A4436F3F3F346
:10478C00F3F3F3F3F3F3F3F3F3F3F3F3F3F3F3F3ED
:10479C00F0DEDBD2CBBFB7B1A89F9A6CF3F3F3F387
:1047AC00F3F3F3F3F3F3F3F3F3F3F3F3F3F3F3F3CD
:1047BC00C0EBE4DDD9CDC3BCB2A9A378F3F3F3F31A
:1047CC00F3F3F3F3F3F3F3F3F3F3F3F3F3F3F3F3AD
:1047DC00F3E6ECE5DFD8D3C7BDB5A1F3F3F3F3F300
:1047EC00F3F3F3F3F3F3F3F3F3F3F3F3F3F3F3F38D
:1047FC00F3F3F2EAE7E3DAD4CF98F3F3F3F3F3F35A
:10480C00F3F3F3F3F3F3F3F3F3F3F3F3F3F3F3F36C
:10481C00F3F3F3E9EDE8E1E0A5F3F3F3F3F3F3F3EA
:10482C00F3F3F3F3F3F3F3F3F3F3F3F3F3F3F3F34C
:10483C00F3F3F3F3EDEFEEAEF3F3F3F3F3F3F3F390
:10484C00F3F3F3F3F3F3F3F3F3F3F3F3F3F3F3F32C
:10485C00F3F3F3F3F3F1C5F3F3F3F3F3F3F3F3F34C
:10486C00F3F3F3F3F3F3F3F3F3F3F3F3F3F3F3F30C
:10487C00F3F3F3F3F3972AF3F3F3F3F3F3F3F3F321
:10488C00F3F3F3F3F3F3F3F3F3F3F3F3F3F3F3F3EC
:10489C00F3F3F3F3F3F3F3F3F3F3F3F3F3F3F3F3DC
:1048AC00F3F3F3F3F3F3F3F3F3F3F3F3F3F3F3F3CC
:1048BC00F3F3F3F3F3F3F3F3F3F3F3F3F3F3F3F3BC
:1048CC00F3F3F3F3F3F3F3F3F3F3F3F3F3F3F3F3AC
:1048DC00F3F3F3F3F3F3F3F3F3F3F3F3F3F3F3F39C
:1048EC00F3F3F3F3F3F3F3F3F3F3F3F3F3F3F3F38C
:1048FC00F3F3F3F3F3F3F3F3F3F3F3F3F3F3F3F37C
:10490C00F3F3F3F3F3F3F3F3F3F3F3F3F3F3F3F36B
:10491C00F3F3F3F3F3F3F3F3F3F3F3F3F3F3F3F35B
:10492C00F3F3F3F3F3F30000000000000000545223
:10493C005545564953494F4E2D5846494C452E0026
:10494C0000010100000001180000000024002A00F2
:10495C0008084A4A4A4C4C4C5151515555555757D9
:10496C00575858585A5A5A5C5C5C5E5E5E63636377
:10497C006565656666666B6B6B6D6D6D6E6E6E7484
:10498C0074747C7C7C8484848989898D8D8D9696C5
:10499C00969B9B9BA2A2A2AFAFAFB3B3B3BCBCBC64
:1049AC00BEBEBEC9C9C9CECECED5D5D5D6D6D6E01B
:1049BC00E0E0E2E2E2E4E4E4E7E7E7E9E9E9EEEE8D
:1049CC00EEF2F2F2F4F4F4F7F7F7F9F9F9FAFAFA7D
:1049DC00FCFCFCFEFEFEE5E5E9BABAC366666C5A61
:1049EC005A6049494F595A6363646A5B5C61535519
:1049FC005D484A5244464E616367D7DADF94979C10
:104A0C00575B60ACAFB254595E4E5459D2D6D9D123
:104A1C00D4D6F8FBFDDFE4E7F1F6F95A5F62CFD4A8
:104A2C00D6D2D3D3686969F5F7F7FDFFFF4E4F4F28
:104A3C00525353656767696B6B6A6C6CFBFFFF576E
:104A4C0059595B5D5D5D5F5F626464A2ACAC5A6496
:104A5C0064505A5AF7FFFE515C595457564A4F4D01
:104A6C009FB1AA6B7973A9ABAA33423AF3F9F55704
:104A7C005E594F56514B584EF9FFFA848A85E3E440
:104A8C00E3DEE0DECFD2CFF6FDF68B9589F1F9EFC0
:104A9C00A2AAA0464D44676B655B5F59696E65744D
:104AAC007A6FF9FAF8E7E9E5555951595D52D3D4C3
:104ABC00D0D4D5D0ABACA25F6056979A7D585940F4
:104ACC00DADAD9616160DEDEDCFFFFFDD7D7D4FF17
:104ADC00FFFBFFFFF9FFFFF7D5D5CAFFFFEFB4B41B
:104AEC00A7FFFFE4CFCFB3FFFFDC858564FFFFB7E3
:104AFC00959668FEFDD4FFFDCBFFFDAA7B7955EDA5
:104B0C00EBD2A7A3726B6843FFFEF5FFFCE8A9A7E5
:104B1C0098E0DCC0F4F2E7615D45C0A831FAF9F524
:104B2C008E8D89F5F3EB555450F4EFDAEAE1BCC9FC
:104B3C00A92A736A49D5AC23FFEFBBA89149B39559
:104B4C003CD9AC25E9B20F958350CDA63ED7AD3BF1
:104B5C00C19A2BCBA12DDFAA1AE5D09C6B5E3FAE80
:104B6C009965A48F5BC09F50A78942B898496C6621
:104B7C0059C8A860B7985BBCB9B4807D78655B4EAA
:104B8C00443D34695B49FAF3EBFFF2E3FFFCF9AB0C
:104B9C009D92685F5AE2E0DF6866656B69685C5AF3
:104BAC0059FFF9F6FAF7F68E8B8AE5E1E0625E5D65
:104BBC00C6C5C5D6D5D5717070E7E5E5E9E7E7F769
:104BCC00F5F5FFFDFD464545FDFAFA69676773711A
:104BDC00715856565A58585C5A5AA9A1A26A62631F
:104BEC00484041544D4E6F696A6A64654F494A6545
:104BFC005A5C5F5557F3E8EB584D50CDC3C6D3D133
:104C0C00D2D5D3D46360625C595B5D5A5C5E5B5DEC
:104C1C00D9D5D8F5E6F4D3C4D2716270D7D4D7FF06
:104C2C00FCFFFCF2FEF5F1F6C2BEC3D3D0D4CAC76A
:104C3C00CBDAD4DC5D5C5E656466FCFAFF5D5963BF
:104C4C005D596463606AEFEEF7807F89FFFFFF00B8
:104C5C000000272BFEFEFEFEFEFEFEFEFEFEFEFE0E
:104C6C00FEFEFEFEFEFEFEFEFEFEFEFEFEFEFEFE58
:104C7C00FEFEFEFEFEFE2AFE2BFEFEFEFEFEFEFEEF
:104C8C00FEFEFEFEFEFEFEFEFEFEFEFEFEFEFEFE38
:104C9C00FEFEFEFEFEFEFEFEFEFE29FE241D1D1D7A
:104CAC001EEEEAEEEE3F44443E4444443F3F3F4553
:104CBC0045F5F5EAE4747E757566712AFEFEFE29EB
:104CCC00014A09070307F651504F4D5851515133C2
:104CDC002FFAF9FAF9D9E0DCDEC3C45877727266A0
:104CEC00FEFE2B7C0A0C460B0E09F74F4D4B494C24
:104CFC0050525237F7FBFBFBFBE0DFD4DDC3C26C39
:104D0C006D6E6E65FEFEFE280D0002075158597738
:104D1C009C7997A0AEAEAEAEAEBBBBB9BBB4BBBAC2
:104D2C0077C9DE4A4B6B6326FEFE2928FEFE15086A
:104D3C005C69FEFEFEFEFEFEFEFEFEFEFEFEFEFEBE
:104D4C00FEFEFEFEFEFEFE505167677DFEFEFE2B54
:104D5C002A2B5C061792808F8F8BA2898D8D8D8D5F
:104D6C008D898989898B9D9D93C6FE32304E402B4F
:104D7C00FEFEFE2B2B291A0116818095B8AFA7A336
:104D8C00B2A4A4A4A3A3A3A3B08A8E94927DC82E8C
:104D9C002F624EFEFEFEFEFEFEFE264A0B92928710
:104DAC0090A4B6A9A9A1ACA1A19FAA98988A8A930C
:104DBC00FED2C835FD4E70FEFEFEFEFEFE27FE073F
:104DCC0003BC80FE85B5B6ABABA5A5A1A19FA998E8
:104DDC00989087FEFE7DC7FA2D4E40FEFEFEFEFE2D
:104DEC00FEFE2715077883FE9293BFB3B3ACA6A63D
:104DFC00A6ABABB5B625FE28FE240B0426FEFEFEA4
:104E0C00FEFEFEFEFEFEFE230379718180FEBDB523
:104E1C00B1ACACA6A6ABABB28C29292AFE14D1132B
:104E2C00FEFEFEFEFEFEFEFEFEFEFEFE15736F484F
:104E3C0048FE818CB6A8A8ABA9B1A487FEFEFECF14
:104E4C00CA4F0747FEFEFEFEFEFEFEFEFEFE2B27B1
:104E5C00FE6E6B5C478181FEA2AAA8AA9FB38D87C8
:104E6C00FEFE2A2B0C491927FEFEFEFEFEFEFEFE60
:104E7C00FEFEFE2AFE2C3235396262FEFE8CA7AF96
:104E8C00AF9E85FEFEFE24CC03122AFE29FEFEFEFA
:104E9C00FEFEFEFEFEFEFEFE2A40383C3D5C67FE3A
:104EAC00FEFEA2B0AD87FEFEFE260E010FFEFEFE3C
:104EBC00FEFEFEFEFEFEFEFEFEFEFEFE2BEFFC3EAA
:104ECC00435D5B6767FEFE7FFE70FE564404071071
:104EDC00FEFEFEFEFEFEFEFEFEFEFEFEFEFEFEFEE6
:104EEC00FEEFEF42415B61616892FEBEC57D645B83
:104EFC005705122B2A2BFEFEFEFEFEFEFEFEFEFECC
:104F0C00FEFEFEFEFEFEEF7D99626A5F602FFCEFF7
:104F1C00F02D36545519FEFEFE2BFEFEFEFEFEFE57
:104F2C00FEFEFEFEFEFEFEFEFEFEFEFE7D69675EE2
:104F3C00632F39F8FC34315356FE2A27FEFEFEFE51
:104F4C00FEFEFEFEFEFEFEFEFEFEFEFEFEFEFEFE75
:104F5C00C680807FB79C9AC66404CCFECFFE28FE28
:104F6C002AFEFEFEFEFEFEFEFEFEFEFEFEFEFEFE29
:104F7C00FEFEFEFE7D809BB8779CC1FECF7B0211AE
:104F8C002727FEFE29FEFEFEFEFEFEFEFEFEFEFEB8
:104F9C00FEFEFEFEFEFEFEFEFEE3E0B4B984FEFE67
:104FAC00FE82B4D9D518FE47FE2BFEFEFEFEFEFE99
:104FBC00FEFEFEFEFEFEFEFEFEFEFEFE5CDBE214D0
:104FCC00BCFEFE86FEFE96D8DA04CCFE47FEFEFE44
:104FDC00FEFEFEFEFEFEFEFEFEFEFEFEFEFE483B5E
:104FEC003AEDEC80FEFE86918AFEFEEFE10AD607D2
:104FFC00FEFE27FEFEFEFEFEFEFEFEFEFEFEFEFE9C
:10500C00FE565A373CEBF0C5FE868E788878FEFE4D
:10501C00FEFE0F04462BFEFEFEFEFEFEFEFEFEFE18
:10502C002BFEFEFEFE7ACC7BC1997FFEFE76175CD2
:10503C00158482FEFE2B29114A1229FEFEFEFEFE6D
:10504C00FEFEFE292BFEFEFE2B12D1CAFEFEFEFE3C
:10505C00FEFEFEFEFEFEFEFEFEFEFE2752D17C2B69
:10506C0029FEFEFEFEFEFE2AFEFE2AFE1B0DB8FEEB
:10507C00FEFED2FEFEFEFEFEFEFEFEFEFEFEFEFE70
:10508C001B03E62BFEFEFEFEFEFEFEFEFEFEFE27D4
:10509C0008D71FD0FEFEFE7D7D7DFE7F7D7D7D7D54
:1050AC00FEFEFEFE2ACC051BFEFEFEFEFEFEFE2ACA
:1050BC00282AFE22D1CCEF2BFEFEFEFEFEFEFEFECB
:1050CC00FEFEFEFEFEFEFEFE2B5C0C112AFEFEFE1C
:1050DC00FEFE29FEFEFE271704CA2BFEFEFEFEFE78
:1050EC00FEFEFEFEFEFEFEFEFEFEFE2BFE2A007BFC
:1050FC00FEFEFEFEFEFE27FEFEFE25D4052C2BFE3C
:10510C00FEFEFEFEFEFEFEFEFEFEFEFEFEFEFEFEB3
:10511C0029FE0E0423FEFEFEFEFE2AFE27FEFE06E0
:10512C0008F1FEFEFEFEFEFEFEFEFEFEFEFEFEFE96
:10513C00FEFEFEFEFE2912021DFEFEFEFEFEFE2AF5
:10514C002928FE0405EFEFFEFEFEFEFEFEFEFEFE2F
:10515C00FEFEFEFEFEFE2AFE2AFE1602CAFE25FEFC
:10516C00FEFEFEFE291A180308F2F2F4F3E5E4F34E
:10517C00E5EEEEE5E5CBCBE5741C1ACAF219120389
:10518C0016191C29FEFE2BFE094A0E7B7BE7E7E86D
:10519C00E9E9F9E8E8D6D6E7D5D6D5D6D607030897
:1051AC007B7B0703D306071829FEFE1E08020806A0
:1051BC0009E6E6E6E6E6E6E6E6D3D3D3D3D3D3D3E5
:1051CC00D37B0A097B080A0D090B00152AFEFEFE8B
:1051DC0002030A059CC4C4C4C4C4C4C4C4D5D5D574
:1051EC00D5D5D5D5D50309049C0403050201091BAB
:1051FC00FEFEFE29FE22651F20C1C1C1C1C1C1C175
:10520C00C1CDCDCDCDCDCECE237A231F1F232120D2
:10521C00221F22FEFEFEFEFE292AFEFEFE7D7D7D65
:10522C007D7D7DFE7D7DD0D0D07DD02B2BFEFEFEF6
:10523C00FE2B2A2829FE2A2B2AFE00000000000043
:10524C00000054525545564953494F4E2D58464926
:10525C004C452E0000010100000001180000000068
:10526C0040004000080800000000000000000000A2
:10527C000000000000000000000000000000000022
:10528C0000000000000000FFFFFF0101010202020C
:10529C0003030304040405050506060607070708AF
:1052AC0008080909090A0A0A0C0C0C0D0D0D0E0E42
:1052BC000E0F0F0F111111121212131313141414C9
:1052CC001515151818181C1C1C1E1E1E1F1F1F2020
:1052DC00202022222223232324242425252527278A
:1052EC00272828282A2A2A2B2B2B2C2C2C2D2D2D09
:1052FC002E2E2E2F2F2F303030313131323232339F
:10530C003333343434353535363636373737383839
:10531C00383939393A3A3A3B3B3B3C3C3C3D3D3DD4
:10532C003E3E3E3F3F3F404040414141424242436E
:10533C004343444444454545464646474747484809
:10534C00484949494A4A4A4B4B4B4C4C4C4D4D4DA4
:10535C004E4E4E4F4F4F505050515151525252533E
:10536C0053535454545555555656565757575858D9
:10537C00585959595A5A5A5B5B5B5C5C5C5D5D5D74
:10538C005E5E5E5F5F5F606060616161626262630E
:10539C0063636464646565656666666767676868A9
:1053AC00686969696A6A6A6B6B6B6C6C6C6D6D6D44
:1053BC006E6E6E6F6F6F70707071717172727273DE
:1053CC007373747474757575767676777777787879
:1053DC00787979797A7A7A7B7B7B7C7C7C7D7D7D14
:1053EC007E7E7E7F7F7F80808081818182828283AE
:1053FC008383848484858585868686878787888849
:10540C00888989898A8A8A8B8B8B8C8C8C8D8D8DE3
:10541C008E8E8E8F8F8F909090919191929292937D
:10542C009393949494959595969696979797989818
:10543C00989999999B9B9B9C9C9C9D9D9D9E9E9EA7
:10544C009F9F9FA0A0A0A1A1A1A2A2A2A3A3A3A43D
:10545C00A4A4A5A5A5A6A6A6A7A7A7A8A8A8A9A9D8
:10546C00A9AAAAAAABABABACACACADADADAEAEAE73
:10547C00AFAFAFB0B0B0B1B1B1B2B2B2B3B3B3B40D
:10548C00B4B4B5B5B5B6B6B6B7B7B7B8B8B8B9B9A8
:10549C00B9BABABABBBBBBBCBCBCBDBDBDBEBEBE43
:1054AC00BFBFBFC0C0C0C1C1C1C2C2C2C3C3C3C4DD
:1054BC00C4C4C5C5C5C6C6C6C7C7C7C8C8C8C9C978
:1054CC00C9CACACACBCBCBCCCCCCCDCDCDCECECE13
:1054DC00CFCFCFD0D0D0D1D1D1D2D2D2D3D3D3D4AD
:1054EC00D4D4D5D5D5D6D6D6D7D7D7D8D8D8D9D948
:1054FC00D9DADADADBDBDBDCDCDCDDDDDDDEDEDEE3
:10550C00DFDFDFE0E0E0E1E1E1E2E2E2E3E3E3E47C
:10551C00E4E4E5E5E5E6E6E6E7E7E7E8E8E8E9E917
:10552C00E9EAEAEAEBEBEBECECECEDEDEDEEEEEEB2
:10553C00EFEFEFF0F0F0F1F1F1F2F2F2F3F3F3F44C
:10554C00F4F4F5F5F5F6F6F6F7F7F7F8F8F8F9F9E7
:10555C00F9FAFAFAFBFBFBFCFCFCFDFDFDFEFEFE82
:10556C00FFFFFF000000FFFFFFFFFFFFFFFFFFFF3C
:10557C00FFFFFFFFFFFFFFFFFFFFFFFFFFFFFFFF2F
:10558C00FFFFFFFFFFFFFFFFFFFFFFFFFFFFFFFF1F
:10559C00FFFFFFFFFFFFFFFFFFFFFFFFFFFFFFFF0F
:1055AC00FFFFFFFFFFFFFFFFFFFFFFFFFFFFFFFFFF
:1055BC00FFFFFFFFFFFFFFFFFFFFFFFFFFFFFFFFEF
:1055CC00FFFFFFFFFFFFFFFFFFFFFFFFFFFFFFFFDF
:1055DC00FFFFFFFFFFFFFFFFFFFFFFFFFFFFFFFFCF
:1055EC00FFFFFFFFFFFFFFFFFFFFFFFFFFFFFFFFBF
:1055FC00FFFFFFFFFFFFFFFFFFFFFFFFFFFFFFFFAF
:10560C00FFFFFFFFFFFFFFFFFFFFFFFFFFFFFFFF9E
:10561C00FFFFFFFFFFFFFFFFFFFFFFFFFFFFFFFF8E
:10562C00FFFFFFFFFFFFFFFFFFFFFFFFFFFFFFFF7E
:10563C00FFFFFFFFFFFFFFFFFFFFFFFFFFFFFFFF6E
:10564C00FFFFFFFFFFFFFFFFFFFFFFFFFFFFFFFF5E
:10565C00FFFFFFFFFFFFFFFFFFFFFFFFFFFFFFFF4E
:10566C00FFFFFFFFFFFFFFFFFFFFFFFFFFFFFFFF3E
:10567C00FFFFFFFFFFFFFFFFFFFFFFFFFFFFFFFF2E
:10568C00FFFFFFFFFFFFFFFFFFFFFFFFFFFFFFFF1E
:10569C00FFFFFFFFFFFFFFFFFFFFFFFFFFFFFFFF0E
:1056AC00FFFFFFFFFFFFFFFFFFFFFFFFFFFFFFFFFE
:1056BC00FFFFFFFFFFFFFFFFFFFFFFFFFFFFFFFFEE
:1056CC00FFFFFF0F1219222921160CFFFFFFFFFF0E
:1056DC00FFFFFFFFFFFFFFFFFFFFFFFFFFFFFFFFCE
:1056EC00FFFFFFFFFFFFFFFFFFFFFFFFFFFFFFFFBE
:1056FC00FFFFFFFFFFFFFFFFFFFFFFFFFFFF101B81
:10570C0026303A737A94BDD5D4CBC3AE67290DFF3E
:10571C00FFFFFFFFFFFFFFFFFFFFFFFFFFFFFFFF8D
:10572C00FFFFFFFFFFFFFFFFFFFFFFFFFFFFFFFF7D
:10573C00FFFFFFFFFFFFFFFFFFFFFF0D1C28357072
:10574C0075797E82879DC3DADDDBDAD9D9D7C5803E
:10575C0023FFFFFFFFFFFFFFFFFFFFFFFFFFFFFF29
:10576C00FFFFFFFFFFFFFFFFFFFFFFFFFFFFFFFF3D
:10577C00FFFFFFFFFFFFFFFFFF0F1D27686F778005
:10578C00878D93979BAFD2E6E8E7E6E3E0DDDADAC4
:10579C00D4B433FFFFFFFFFFFFFFFFFFFFFFFFFF4F
:1057AC00FFFFFFFFFFFFFFFFFFFFFFFFFFFFFFFFFD
:1057BC00FFFFFFFFFFFFFF0C1B235E6877848D96B6
:1057CC009CA2A7AAAFC0DFF1F3F1F0EEECE9E5E0A3
:1057DC00DBD7D6B121FFFFFFFFFFFFFFFFFFFFFF6E
:1057EC00FFFFFFFFFFFFFFFFFFFFFFFFFFFFFFFFBD
:1057FC00FFFFFFFFFFFF14205B66727E8997A0A757
:10580C00ADB1B5B8BCCBE7F7F9F9F8F6F4F2EFECBB
:10581C00E7E1DAD7D26FFFFFFFFFFFFFFFFFFFFFCC
:10582C00FFFFFFFFFFFFFFFFFFFFFFFFFFFFFFFF7C
:10583C00FFFFFFFFFF1A215E6C7A86929AA2ABB033
:10584C00B4B6BABBBECDEAFBFCFCFCFBFAF9F7F430
:10585C00F0ECE6DFD8D7B518FFFFFFFFFFFFFFFF27
:10586C00FFFFFFFFFFFFFFFFFFFFFFFFFFFFFFFF3C
:10587C00FFFFFFFF1B2160707F8C969DA3A5A8AC3A
:10588C00AFB1B2B3B6C9E8FBFDFDFDFDFCFCFAF807
:10589C00F6F2EEE8E2DAD6C723FFFFFFFFFFFFFFC9
:1058AC00FFFFFFFFFFFFFFFFFFFFFFFFFFFFFFFFFC
:1058BC00FFFF0C1B536272818D969A9D9F9F9E9E3B
:1058CC009EA0A2A3A6BBE3FBFDFDFDFDFCFCFCFB27
:1058DC00FAF7F4F0E9E3DBD5CC2AFFFFFFFFFFFF7B
:1058EC00FFFFFFFFFFFFFFFFFFFFFFFFFFFFFFFFBC
:1058FC00FFFF1B506171808B9395969695949392B4
:10590C009292939396AEDEF9FDFCFCFDFCFCFCFC44
:10591C00FBFAF8F6F1EAE3DBD4CC25FFFFFFFFFF3F
:10592C00FFFFFFFFFFFFFFFFFFFFFFFFFFFFFFFF7B
:10593C00FF164B5C6D7C868C8E8D8C8A8887888854
:10594C008A8B8D8E91ABDBF9FDFCFCFCFCFCFCFC2A
:10595C00FBFBFAF8F6F2EBE3DAD3C71BFFFFFFFF12
:10596C00FFFFFFFFFFFFFFFFFFFFFFFFFFFFFFFF3B
:10597C00131952657580848684827F7E7F80828431
:10598C0086888B8C90AADBF9FDFCFCFCFCFCFBFBF9
:10599C00FAF9F8F7F6F3EFEAE2D8D2B70CFFFFFF0B
:1059AC00FFFFFFFFFFFFFFFFFFFFFFFFFFFFFF0FEB
:1059BC00174B5B69747A7C7C797777787A7E8083F5
:1059CC0086898B8B8DA6D9F8FCFBFBFBFBFBFBFACA
:1059DC00F9F9F8F7F5F3EFEAE4DCD4D17CFFFFFF3B
:1059EC00FFFFFFFFFFFFFFFFFFFFFFFFFFFFFF15A5
:1059FC004453616B6F6F6E6C6C6E7174787C7E80CF
:105A0C008284848587A3D8F8FCFBFBFBFBFBFBFBA8
:105A1C00F9F9F8F7F6F4F2EDE8DED4CDCD2AFFFF74
:105A2C00FFFFFFFFFFFFFFFFFFFFFFFFFFFF111651
:105A3C004A586368696764616264686C7074787BE7
:105A4C007F8284868AA6D9F8FCFBFBFBFBFBFBFB65
:105A5C00FAF9F8F6F5F4F2EFECE4D9CCC8B6FFFF9E
:105A6C00FFFFFFFFFFFFFFFFFFFFFFFFFFFF1340E5
:105A7C004E596062615E5D5E6164686C7175797DC2
:105A8C00818487898DA7DAF8FCFBFBFBFBFBFBFB16
:105A9C00FBF9F8F6F5F4F3F1EDE8E0D3C5C648FFF1
:105AAC00FFFFFFFFFFFFFFFFFFFFFFFFFF0F37446D
:105ABC004F585B5B5958595C6065696E72777B7F98
:105ACC008285888B8EA9DAF8FCFBFBFBFBFBFBFBCE
:105ADC00FBFAF8F7F5F4F2F1EEEAE4D9CCBFB1FF3A
:105AEC00FFFFFFFFFFFFFFFFFFFFFFFFFF113A4428
:105AFC004E5356565455585C60656A6E73777B7F6F
:105B0C008386898B8FA9DAF8FCFBFBFBFBFBFBFB89
:105B1C00FBFAF8F7F4F3F2F0EEEBE6DDD2C3BF30AC
:105B2C00FFFFFFFFFFFFFFFFFFFFFFFF0E113A43D9
:105B3C004B4F50515153575B60656A6E73777B7F47
:105B4C008386898B8FA9DAF8FCFBFBFBFBFBFBFB49
:105B5C00FBFAF8F7F4F3F1EFEEEBE7E0D6C9BD850D
:105B6C00FFFFFFFFFFFFFFFFFFFFFFFF0F323A4278
:105B7C00484C4C4D4F53575B60656A6E73777B7F17
:105B8C008386898B8FA9DAF8FCFBFBFBFBFBFBFB09
:105B9C00FBFAF8F7F5F3F1EEEEEBE8E2D9CDBFB492
:105BAC0015FFFFFFFFFFFFFFFFFFFFFF0F32394025
:105BBC004447494A4E52565B6064696E72767A7EEF
:105BCC008285888A8DA9DAF8FCFBFBFBFBFBFBFBCF
:105BDC00FBFAF8F7F5F3F0EEEDEBE8E2DBCFC2BC45
:105BEC0035FFFFFFFFFFFFFFFFFFFF0D0F32383DBB
:105BFC004144464A4D51565B5F63686D7175797DC2
:105C0C00808486898CA7DAF8FCFBFBFBFBFBFBFB97
:105C1C00FBF9F8F6F5F2F0EEEBEAE7E3DCD2C5BA05
:105C2C0072FFFFFFFFFFFFFFFFFFFF0E2D32373B21
:105C3C003F4245484C5155595E63676B6F74787C95
:105C4C007F82848689A4D8F8FCFBFBFBFBFBFBFB67
:105C5C00FAF9F8F6F4F2EFECEBE9E7E3DCD3C8BBC6
:105C6C0099FFFFFFFFFFFFFFFFFFFF0F2D31353ABD
:105C7C003E4044474B4F54585C60656A6E7276796F
:105C8C007C7F828387A3D8F8FCFBFBFBFBFBFBFB35
:105C9C00FAF8F7F5F3F1EFECEAE8E5E2DCD4C9BC8D
:105CAC00AE15FFFFFFFFFFFFFFFFFF0F2E31343854
:105CBC003C3F42464A4E52575B5F64686C6F73764A
:105CCC007A7C7F8084A1D7F8FCFBFBFBFBFBFBFA07
:105CDC00F8F8F6F4F3F0EEECE8E7E5E2DCD4C9BD55
:105CEC00B820FFFFFFFFFFFFFFFFFF0F2E31343700
:105CFC003B3E4145494D5155595D6165696D707427
:105D0C0077797C7D809ED6F8FCFBFBFBFBFBFBF9DB
:105D1C00F8F7F5F3F2EFEDEBE8E6E3E0DCD4CABE1E
:105D2C00B82FFFFFFFFFFFFFFFFFFF0F2E313337B1
:105D3C003A3D4044474B4F53575B5F62666A6E7106
:105D4C00737678797C9BD5F8FCFBFBFBFBFAF9F8B6
:105D5C00F7F5F4F2F0EEECE9E7E4E1DFDBD3CABEF1
:105D6C00B73BFFFFFFFFFFFFFFFFFF0F2E31333667
:105D7C00393C3E4146494D5155585C6064676A6DEB
:105D8C00707274757899D4F7FCFBFBFBFAF9F8F791
:105D9C00F5F4F3F1EFEDEAE8E6E3E1DED9D3CABEC0
:105DAC00B642FFFFFFFFFFFFFFFFFF2D2E31323505
:105DBC00383A3D4044474B4E5256595D60646769D2
:105DCC006C6E70717496D3F6FBFBFAF9F9F8F7F573
:105DDC00F4F3F1EFEEEBE9E7E4E2DFDDD8D2C9BD95
:105DEC00B545FFFFFFFFFFFFFFFFFF0F2E313234E2
:105DFC0037393C3F4245484C4F5356595D606365BB
:105E0C00686A6C6D7092D1F5FAF9F8F8F7F6F5F35B
:105E1C00F3F1F0EEECEAE8E5E3E1DEDCD7D0C7BC69
:105E2C00B53FFFFFFFFFFFFFFFFFFF0F2E313233A8
:105E3C0035383A3D404346494D5053575A5C5F62A2
:105E4C00646668686B8ECEF4F9F7F7F6F5F5F4F244
:105E5C00F1EFEEECEBE8E6E3E2DFDDDAD6CFC6BA43
:105E6C00B335FFFFFFFFFFFFFFFFFF0F2E31323374
:105E7C003436383B3D4044464A4D505356585B5E91
:105E8C0060626364678ACCF2F7F6F5F5F4F3F2F12D
:105E9C00EFEDECEBE9E7E5E2DFDEDBD8D4CDC4B81F
:105EAC00B326FFFFFFFFFFFFFFFFFF0F2E30313345
:105EBC003334373A3C3F4144474A4D4F5255575A79
:105ECC005C5D5F5F6286C9F0F5F4F3F3F1F1F0EF1E
:105EDC00EDECEAE9E7E5E3E1DEDBD9D7D1CBC1B6FE
:105EEC00AF1CFFFFFFFFFFFFFFFFFF0F2D30313314
:105EFC00333335383A3C3E414446494C4E51535667
:105F0C0057595A5A5E82C6EEF2F1F1F0EFEFEEEC11
:105F1C00EAEAE7E6E5E2E0DFDDDAD8D5D0C9BFB3DF
:105F2C009510FFFFFFFFFFFFFFFFFF0E2D303132FB
:105F3C0033333436373B3E404245474A4C4F51523F
:105F4C00545557575A7FC4EBF0EEEFEDEDEDEBE9FE
:105F5C00E9E7E6E4E2E1DFDCDAD9D6D2CDC5BBB0C5
:105F6C0080FFFFFFFFFFFFFFFFFFFF0C0F2F313202
:105F7C0033333334383F41434547494B4E4F5253EB
:105F8C00545556575A7EC1E9EEEDEDECEBEBE9E8D2
:105F9C00E7E5E4E2E1DFDDDBD8D6D4D0CAC2B7AFA7
:105FAC004EFFFFFFFFFFFFFFFFFFFFFF0F2D303204
:105FBC003333323640434546484A4C4E5051535485
:105FCC00565758585B7EC1E8ECEBEAEAE9E8E8E69C
:105FDC00E5E4E3E1E0DEDDDBD8D4D1CEC7BEB3AE81
:105FEC0020FFFFFFFFFFFFFFFFFFFFFF0F2D3031F3
:105FFC003233344348484A4C4D4E50525355565701
:10600C00595A5B5B5E80C1E6EAE9E9E8E8E7E6E558
:10601C00E4E3E1E0DFDDDBDAD9D3CFCBC3BAAF8D7C
:10602C000CFFFFFFFFFFFFFFFFFFFFFF0C0F2E31E9
:10603C0032313D504F4F50525354555759595B5C68
:10604C005D5E5F5F6183C1E5E9E8E8E7E6E6E5E40C
:10605C00E3E2E0DFDEDDDBDAD9D4CCC6BEB3AD4E95
:10606C00FFFFFFFFFFFFFFFFFFFFFFFFFF0F2D30C5
:10607C0031324E5A585858595A5B5C5D5E606161BA
:10608C00636363636686C1E4E8E7E6E6E5E4E4E3BC
:10609C00E2E1E0DFDEDCDBDAD8D6CBC1B9AE9D18AD
:1060AC00FFFFFFFFFFFFFFFFFFFFFFFFFF0D0F2FA6
:1060BC0030365E62626262626263646466666768FE
:1060CC0068696A696C8AC3E3E6E5E5E5E5E4E3E261
:1060DC00E2E1E0DFDEDCDBDAD8D6CBBCB2AC61FFD0
:1060EC00FFFFFFFFFFFFFFFFFFFFFFFFFFFF0F2D76
:1060FC002D3D6B6C6C6C6C6C6C6C6C6D6E6F6F7036
:10610C0070717171738FC4E3E6E5E5E4E4E3E3E2F7
:10611C00E2E0E0DFDEDDDCDAD8D6CBB7AC9C19FFF1
:10612C00FFFFFFFFFFFFFFFFFFFFFFFFFFFF0C0F56
:10613C002B3F75777677777777777776777777786A
:10614C00797979797B95C8E3E6E5E5E4E4E3E3E284
:10615C00E2E1E0E0DFDEDDDBD9D6C9AFAA50FFFF1C
:10616C00FFFFFFFFFFFFFFFFFFFFFFFFFFFFFF0F23
:10617C000E3A7D82818181818181818181818181C0
:10618C0082828282849BCAE3E6E5E5E5E5E4E4E409
:10619C00E3E3E1E1E0DFDEDCD9D6C5A8880DFFFF43
:1061AC00FFFFFFFFFFFFFFFFFFFFFFFFFFFFFFFFF3
:1061BC000F2F7B8E8C8C8C8C8C8C8C8C8C8C8C8CFC
:1061CC008C8C8C8C8DA2CCE4E6E6E6E5E5E5E5E48A
:1061DC00E4E3E3E2E1E0DFDCD8D6BA9821FFFFFF8D
:1061EC00FFFFFFFFFFFFFFFFFFFFFFFFFFFFFFFFB3
:1061FC00FF0D639B96969797979797979797979777
:10620C009797979798AAD0E5E7E7E7E6E6E6E6E5FD
:10621C00E5E4E4E3E2E1DFDCD9D3AD40FFFFFFFFCF
:10622C00FFFFFFFFFFFFFFFFFFFFFFFFFFFFFFFF72
:10623C00FFFF1598A29FA0A1A1A1A1A1A1A1A1A11D
:10624C00A1A1A1A1A2B3D4E7E8E8E8E8E7E7E7E772
:10625C00E7E6E6E4E4E2DFDCDCC554FFFFFFFFFF2A
:10626C00FFFFFFFFFFFFFFFFFFFFFFFFFFFFFFFF32
:10627C00FFFFFF2CB0ABAAABABABABABABABABABE1
:10628C00ABABABABACBBD8E8E9E9E9E9EAE9E9E9E6
:10629C00E8E8E7E6E4E2E0DFD86EFFFFFFFFFFFF90
:1062AC00FFFFFFFFFFFFFFFFFFFFFFFFFFFFFFFFF2
:1062BC00FFFFFF0C54BCB5B4B5B5B5B6B6B6B6B6A3
:1062CC00B6B6B6B6B6C3DCEBECECECECEBEBEBEA4F
:1062DC00E9E9E8E7E5E2E3E379FFFFFFFFFFFFFF12
:1062EC00FFFFFFFFFFFFFFFFFFFFFFFFFFFFFFFFB2
:1062FC00FFFFFFFF0C61C6C1BEBFBFBFC0C0C0C0A7
:10630C00C0C0C0C0C0CBE0EDEEEEEDEDEDECECEBC3
:10631C00EBEAE9E7E5E8E66AFFFFFFFFFFFFFFFFB7
:10632C00FFFFFFFFFFFFFFFFFFFFFFFFFFFFFFFF71
:10633C00FFFFFFFFFFFF48C8CFC8C8C8C8C8C8C800
:10634C00C9C9C9C9C9D3E4EFEFEFEFEFEEEEEDED3C
:10635C00ECEAE9E9F0DD38FFFFFFFFFFFFFFFFFF8D
:10636C00FFFFFFFFFFFFFFFFFFFFFFFFFFFFFFFF31
:10637C00FFFFFFFFFFFFFF1FADD9D7D2D1D1D1D186
:10638C00D1D1D1D1D2D9E8F0F0F0F0F0EFEFEEEDC1
:10639C00EDEDF2F0B316FFFFFFFFFFFFFFFFFFFF76
:1063AC00FFFFFFFFFFFFFFFFFFFFFFFFFFFFFFFFF1
:1063BC00FFFFFFFFFFFFFFFFFF38BADEE2DCD9D89B
:1063CC00D8D9D9D9D9DFEBF1F2F1F1F0F0F0F0F244
:1063DC00F6F3C933FFFFFFFFFFFFFFFFFFFFFFFFD8
:1063EC00FFFFFFFFFFFFFFFFFFFFFFFFFFFFFFFFB1
:1063FC00FFFFFFFFFFFFFFFFFFFFFF2A8DD0E4EB46
:10640C00E8E5E3E2E2E6EFF3F3F3F4F5F8F8F6E7A8
:10641C00B931FFFFFFFFFFFFFFFFFFFFFFFFFFFF94
:10642C00FFFFFFFFFFFFFFFFFFFFFFFFFFFFFFFF70
:10643C00FFFFFFFFFFFFFFFFFFFFFFFFFF0F2A6BB9
:10644C00ADCBDDE2E5EBF2F6F5F5F3E9D4B75A1B8B
:10645C00FFFFFFFFFFFFFFFFFFFFFFFFFFFFFFFF40
:10646C00FFFFFFFFFFFFFFFFFFFFFFFFFFFFFFFF30
:10647C00FFFFFFFFFFFFFFFFFFFFFFFFFFFFFFFF20
:10648C00FF0C131E24407D9D91683D2211FFFFFFE0
:10649C00FFFFFFFFFFFFFFFFFFFFFFFFFFFFFFFF00
:1064AC00FFFFFFFFFFFFFFFFFFFFFFFFFFFFFFFFF0
:1064BC00FFFFFFFFFFFFFFFFFFFFFFFFFFFFFFFFE0
:1064CC00FFFFFFFFFFFFFFFFFFFFFFFFFFFFFFFFD0
:1064DC00FFFFFFFFFFFFFFFFFFFFFFFFFFFFFFFFC0
:1064EC00FFFFFFFFFFFFFFFFFFFFFFFFFFFFFFFFB0
:1064FC00FFFFFFFFFFFFFFFFFFFFFFFFFFFFFFFFA0
:10650C00FFFFFFFFFFFFFFFFFFFFFFFFFFFFFFFF8F
:10651C00FFFFFFFFFFFFFFFFFFFFFFFFFFFFFFFF7F
:10652C00FFFFFFFFFFFFFFFFFFFFFFFFFFFFFFFF6F
:10653C00FFFFFFFFFFFFFFFFFFFFFFFFFFFFFFFF5F
:10654C00FFFFFFFFFFFFFFFFFFFFFFFFFFFFFFFF4F
:10655C00FFFFFFFFFFFFFFFFFFFFFFFFFFFFFFFF3F
:10656C00FFFFFFFFFFFF000000000000000054527F
:10657C005545564953494F4E2D5846494C452E00CA
:10658C000001010000000118000000002C00400078
:10659C0008080000000000000000000000000000DF
:1065AC0000000000000000000000000000000000DF
:1065BC0000000000000000000000000000000000CF
:1065CC0000000000000000000000000000000000BF
:1065DC0000000000000000000000000000000000AF
:1065EC00000000000000000000000000000000009F
:1065FC00000000000000000000000000000000008F
:10660C00000000000000000000000000000000007E
:10661C00000000000000000000000000000000006E
:10662C00000000000000000000000000000000005E
:10663C00000000000000000000000000000000004E
:10664C00000000000000000000000000000000003E
:10665C00000000000000000000000000000000002E
:10666C00000000000000000000000000000000001E
:10667C00000000000000000000000000000000000E
:10668C0000000000000000000000000000000000FE
:10669C0000000000000000000000000000000000EE
:1066AC0000000000000000000000000000000000DE
:1066BC0000000000000000000000000000000000CE
:1066CC0000000000000000000000000000000000BE
:1066DC0000000000000000000000000000000000AE
:1066EC00000000000000000000000000000000009E
:1066FC00000000000000000000000000000000008E
:10670C00000000000000000000000000000000007D
:10671C00000000000000000000000000000000006D
:10672C00000000000000000000000000000000005D
:10673C00000000000000000000000000000000004D
:10674C00000000000000000000000000000000003D
:10675C00000000000000000000000000000000002D
:10676C00000000000000000000000000000000001D
:10677C000000000000E0E0E8E0E0F8D0D0F8000015
:10678C000800001000001800002000002800003055
:10679C000000380000400000480000500000680075
:1067AC0000C00000C80810C00008B00008B80008FD
:1067BC00C00008C80008D00008D80008E06870E0E5
:1067CC006068D85860D05058D84850C84048B8383D
:1067DC0040B04048C83840C83840D02830C00008C5
:1067EC00800008880008900008980008A00008A8FD
:1067FC000010E898A0F07880D07880D88088E8786D
:10680C0080E06068C06870D86068D01828C8102014
:10681C00C80818B80818C00818C80008580008603C
:10682C000008700010B00010B80010C00010C800B4
:10683C0010D00010D80010E0B0B8F8A0A8F048585C
:10684C00D83040C03040D02838C82030B82030C8AC
:10685C001828C01020B80008500010A00010A80084
:10686C0018E00018E80018F00018F8B8C0F86878BC
:10687C00E06070D84858C84858D08090E87888E0D4
:10688C00C8D0F8D0D8F8F0F8F800F8F8FFFFFF00FF
:10689C000000FFFFFFFFFFFFFFFFFFFFFFFFFFFFFA
:1068AC00FFA9D8FFFFFFFFFFFFFFFFFFFFFFFFFF69
:1068BC00FFFFFFFFFFFFFFFFFFFFFFFFFFFFFFFFDC
:1068CC00FFFFFFFFFFFFFFFFFFFFFFFFA6DCDFACBB
:1068DC00FFFFFFFFFFFFFFFFFFFFFFFFFFFFFFFFBC
:1068EC00FFFFFFFFFFFFFFFFFFFFFFFFFFFFFFFFAC
:1068FC00FFFFFFFFFFFFFFA4C8DFDEDDA8FFFFFFE8
:10690C00FFFFFFFFFFFFFFFFFFFFFFFFFFFFFFFF8B
:10691C00FFFFFFFFFFFFFFFFFFFFFFFFFFFFFFFF7B
:10692C00FFFFFFC4E0DDDEDFEEA6FFFFFFFFFFFF92
:10693C00FFFFFFFFFFFFFFFFFFFFFFFFFFFFFFFF5B
:10694C00FFFFFFFFFFFFFFFFFFFFFFFFFFFFD9E090
:10695C00D6DEDEDFDFC5A4FFFFFFFFFFFFFFFFFF7B
:10696C00FFFFFFFFFFFFFFFFFFFFFFFFFFFFFFFF2B
:10697C00FFFFFFFFFFFFFFFFFFABDFD6D3DEDEDE47
:10698C00DFDFDAFFFFFFFFFFFFFFFFFFFFFFFFFF70
:10699C00FFFFFFFFFFFFFFFFFFFFFFFFFFFFFFFFFB
:1069AC00FFFFFFFFA7DED7E7D3DDDEDEDFE0DEADE6
:1069BC00FFFFFFFFFFFFFFFFFFFFFFFFFFFFFFFFDB
:1069CC00FFFFFFFFFFFFFFFFFFFFFFFFFFFFFFA426
:1069DC00DBDEC1C2D3DDDEDEDFE0E0DCA9FFFFFFE2
:1069EC00FFFFFFFFFFFFFFFFFFFFFFFFFFFFFFFFAB
:1069FC00FFFFFFFFFFFFFFFFFFFFFFC5E0E5BCE66A
:106A0C00D3DDDEDEDFE0E1E1C8A5FFFFFFFFFFFF26
:106A1C00FFFFFFFFFFFFFFFFFFFFFFFFFFFFFFFF7A
:106A2C00FFFFFFFFFFFFD9B7C3D1E4E6D3DDDEDE06
:106A3C00DFE0E0E1E0C4A4FFFFFFFFFFFFFFFFFF8B
:106A4C00FFFFFFFFFFFFFFFFFFFFFFFFFFFFFFFF4A
:106A5C00FFECE1EACFB9E4E6D3DDDEDEDFE0E0E136
:106A6C00F0DFDAFFFFFFFFFFFFFFFFFFFFFFFFFF7E
:106A7C00FFFFFFFFFFFFFFFFFFFFFFFFA9E0D5CDEB
:106A8C00F8F5E4E6D3DDDEDEDFE0E0E1F0F0DEADEC
:106A9C00FFFFFFFFFFFFFFFFFFFFFFFFFFFFFFFFFA
:106AAC00FFFFFFFFFFFFFFA5DEB1CDE3F9F5E4E645
:106ABC00D3DDDEDEDFE0E0E1EFF0F1DCAAFFFFFF8B
:106ACC00FFFFFFFFFFFFFFFFFFFFFFFFFFFFFFFFCA
:106ADC00FFFFFFEEB6CCF3CBF9F5E4E6D3DDDEDE5B
:106AEC00DFE0E0E1EFF0F1F1C9A7FFFFFFFFFFFFEF
:106AFC00FFFFFFFFFFFFFFFFFFFFFFFFFFFFC5B71C
:106B0C00D0A3E2CBF9F5E4E6D3DDDEDEDFE0E0E1B5
:106B1C00EFF0F1F2F0C5A5FFFFFFFFFFFFFFFFFF56
:106B2C00FFFFFFFFFFFFFFFFFFD8B8BEA2FAE2CBCB
:106B3C00F9F5E4E6D3DDDEDEDFE0E0E1EFF0F1F1E4
:106B4C00F2E1DAFFFFFFFFFFFFFFFFFFFFFFFFFF99
:106B5C00FFFFFFFFA8E0E8A1FCFBF3E3CEF5E4E6C2
:106B6C00D3DDDEDEDFE0E0E1EFF0F1F1F2F2DEACFE
:106B7C00FFFFFFFFFFFFFFFFFFFFFFFFFFFFFFA573
:106B8C00DEB5BFCCD2BBF7C0BAB9E4E6D3DDDEDEEE
:106B9C00DFE0E0E1EFF0F1F1F2F2F2B2AAFFFFFF79
:106BAC00FFFFFFFFFFFFFFFFFFFFFFECF1DFDFB099
:106BBC00B0B4B6AFBDF4E4E6D3DDDEDEDFE0E0E199
:106BCC00E1DBC7C7C6C6C6C5AEFFFFFFFFFFFFFFB1
:106BDC00FFFFFFFFFFFFFFFFA4A4A4A4A4FFD8DFC7
:106BEC00BDF4E4E6D3DDDEDEDFE0E0E1CAC6A4FFFF
:106BFC00FFFFFFFFFFFFFFFFFFFFFFFFFFFFFFFF99
:106C0C00FFFFFFFFFFFFFFFFFFFFADDFBDF4E4E67B
:106C1C00D3DDDEDEDFE0E0E1CAC6FFFFFFFFFFFFF2
:106C2C00FFFFFFFFFFFFFFFFFFFFFFFFFFFFFFFF68
:106C3C00FFFFFFFFFFFFADDFBDF4E4E6D3DDDEDEDB
:106C4C00DFE0E0E1CAC6FFFFFFFFFFFFFFFFFFFF32
:106C5C00FFFFFFFFFFFFFFFFFFFFFFFFFFFFFFFF38
:106C6C00FFFFADDFBDF4E4E6D3DDDEDEDFE0E0E127
:106C7C00CAC6FFFFFFFFFFFFFFFFFFFFFFFFFFFF86
:106C8C00FFFFFFFFFFFFFFFFFFFFFFFFFFFFADDF7A
:106C9C00BDF4E4E6D3DDDEDEDFE0E0E1CAC6FFFFF3
:106CAC00FFFFFFFFFFFFFFFFFFFDFDFDFDFDFDFDF6
:106CBC00FDFFFFFFFFFFFFFFFFFFADDFBDF4E4E6CD
:106CCC00D3DDDEDEDFE0E0E1CAC6FFFFFFFFFFFF42
:106CDC00FFFFFFFFFFFDFFFFFDFFFFFFFDFFFFFFBE
:106CEC00FFFFFFFFFFFFADDFBDF4E4E6D3DDDEDE2B
:106CFC00DFE0E0E1CAC6FFFFFFFFFFFFFFFFFFFF82
:106D0C00FFFDFFFFFDFFFFFFFDFFFFFFFFFFFFFF8D
:106D1C00FFFFADDFBDF4E4E6D3DDDEDEDFE0E0E176
:106D2C00CAC6FFFFFFFFFFFFFFFFFFFFFFFDFFFFD7
:106D3C00FDFFFFFFFDFFFFFFFFFFFFFFFFFFADDFCD
:106D4C00BDF4E4E6D3DDDEDEDFE0E0E1CAC6FFFF42
:106D5C00FFFFFFFFFFFFFFFFFFFDFFFFFDFFFFFF3B
:106D6C00FDFFFFFFFFFFFFFFFFFFADDFBDF4E4E61C
:106D7C00D3DDDEDEDFE0E0E1CAC6FFFFFFFFFFFF91
:106D8C00FFFFFFFFFFFFFFFFFFFFFFFFFFFFFFFF07
:106D9C00FFFFFFFFFFFFADDFBDF4E4E6D3DDDEDE7A
:106DAC00DFE0E0E1CAC6FFFFFFFFFFFFFFFFFFFFD1
:106DBC00FFFFFFFDFFFFFFFDFDFFFFFFFFFFFFFFDD
:106DCC00FFFFADDFBDF4E4E6D3DDDEDEDFE0E0E1C6
:106DDC00CAC6FFFFFFFFFFFFFFFFFFFFFFFFFFFF25
:106DEC00FDFFFDFFFFFFFFFFFFFFFFFFFFFFADDF1D
:106DFC00BDF4E4E6D3DDDEDEDFE0E0E1CAC6FFFF92
:106E0C00FFFFFFFFFFFFFFFFFFFFFFFFFFFDFFFF88
:106E1C00FFFFFFFFFFFFFFFFFFFFADDFBDF4E4E669
:106E2C00D3DDDEDEDFE0E0E1CAC6FFFFFFFFFFFFE0
:106E3C00FFFFFFFFFFFFFFFFFDFFFDFFFFFFFFFF5A
:106E4C00FFFFFFFFFFFFADDFBDF4E4E6D3DDDEDEC9
:106E5C00DFE0E0E1CAC6FFFFFFFFFFFFFFFFFFFF20
:106E6C00FFFFFFFDFFFFFFFDFDFFFFFFFFFFFFFF2C
:106E7C00FFFFADDFBDF4E4E6D3DDDEDEDFE0E0E115
:106E8C00CAC6FFFFFFFFFFFFFFFFFFFFFFFFFFFF74
:106E9C00FFFFFFFFFFFFFFFFFFFFFFFFFFFFADDF68
:106EAC00BDF4E4E6D3DDDEDEDFE0E0E1CAC6FFFFE1
:106EBC00FFFFFFFFFFFFFFFFFFFDFFFDFDFDFDFDE2
:106ECC00FDFFFFFFFFFFFFFFFFFFADDFBDF4E4E6BB
:106EDC00D3DDDEDEDFE0E0E1CAC6FFFFFFFFFFFF30
:106EEC00FFFFFFFFFFFFFFFFFFFFFFFFFFFFFFFFA6
:106EFC00FFFFFFFFFFFFADDFBDF4E4E6D3DDDEDE19
:106F0C00DFE0E0E1CAC6FFFFFFFFFFFFFFFFFFFF6F
:106F1C00FFFFFFFDFFFFFFFFFFFFFFFFFFFFFFFF77
:106F2C00FFFFADDFBDF4E4E6D3DDDEDEDFE0E0E164
:106F3C00CAC6FFFFFFFFFFFFFFFFFFFFFFFDFDFDC9
:106F4C00FDFDFDFDFDFFFFFFFFFFFFFFFFFFADDFC1
:106F5C00BDF4E4E6D3DDDEDEDFE0E0E1CAC6FFFF30
:106F6C00FFFFFFFFFFFFFFFFFFFFFFFDFFFFFFFF27
:106F7C00FDFFFFFFFFFFFFFFFFFFADDFBDF4E4E60A
:106F8C00D3DDDEDEDFE0E0E1CAC6FFFFFFFFFFFF7F
:106F9C00FFFFFFFFFFFFFFFFFFFFFFFFFFFFFFFFF5
:106FAC00FFFFFFFFFFFFADDFBDF4E4E6D3DDDEDE68
:106FBC00DFE0E0E1CAC6FFFFFFFFFFFFFFFFFFFFBF
:106FCC00FFFFFFFFFFFFFFFFFFFFFFFFFFFFFFFFC5
:106FDC00FFFFADDFBDF4E4E6D3DDDEDEDFE0E0E1B4
:106FEC00CAC6FFFFFFFFFFFFFFFFFFFFFFFFFFFF13
:106FFC00FFFFFFFFFFFFFFFFFFFFFFFFFFFFADDF07
:10700C00BDF4E4E6D3DDDEDEDFE0E0E1CAC6FFFF7F
:10701C00FFFFFFFFFFFFFFFFFFFFFFFFFFFFFFFF74
:10702C00FFFFFFFFFFFFFFFFFFFFADDFBDF4E4E657
:10703C00D3DDDEDEDFE0E0E1CAC6FFFFFFFFFFFFCE
:10704C00FFFFFFFFFFFFFFFFFFFFFFFFFFFFFFFF44
:10705C00FFFFFFFFFFFFADDFBDF4E4E6D3DDDEDEB7
:10706C00DFE0E0E1CAC6FFFFFFFFFFFFFFFFFFFF0E
:10707C00FFFFFFFFFFFFFFFFFFFFFFFFFFFFFFFF14
:10708C00FFFFADDFBDF4E4E6D3DDDEDEDFE0E0E103
:10709C00CAC6FFFFFFFFFFFFFFFFFFFFFFFFFFFF62
:1070AC00FFFFFFFFFFFFFFFFFFFFFFFFFFFFADDF56
:1070BC00BDF4E4E6D3DDDEDEDFE0E0E1CAC6FFFFCF
:1070CC00FFFFFFFFFFFFFFFFFFFFFFFFFFFFFFFFC4
:1070DC00FFFFFFFFFFFFFFFFFFFFADDFBDF4E4E6A7
:1070EC00D3DDDEDEDFE0E0E1CAC6FFFFFFFFFFFF1E
:1070FC00FFFFFFFFFFFFFFFFFFFFFFFFFFFFFFFF94
:10710C00FFFFFFFFFFFFADDFBDF4E4E6D3DDDEDE06
:10711C00DFE0E0E1CAC6FFFFFFFFFFFFFFFFFFFF5D
:10712C00FFFFFFFFFFFFFFFFFFFFFFFFFFFFFFFF63
:10713C00FFFFADDFBDF4E4E6D3DDDEDEDFE0E0E152
:10714C00CAC6FFFFFFFFFFFFFFFFFFFFFFFFFFFFB1
:10715C00FFFFFFFFFFFFFFFFFFFFFFFFFFFFADDFA5
:10716C00BDF4E4E6D3DDDEDEDFE0E0E1CAC6FFFF1E
:10717C00FFFFFFFFFFFFFFFFFFFFFFFFFFFFFFFF13
:10718C00FFFFFFFFFFFFFFFFFFFFADDFBDF4E4E6F6
:10719C00D3DDDEDEDFE0E0E1CAC6FFFFFFFFFFFF6D
:1071AC00FFFFFFFFFFFFFFFFFFFFFFFFFFFFFFFFE3
:1071BC00FFFFFFFFFFFFADDFBDF4E4E6D3DDDEDE56
:1071CC00DFE0E0E1CAC6FFFFFFFFFFFFFFFFFFFFAD
:1071DC00FFFFFFFFFFFFFFFFFFFFFFFFFFFFFFFFB3
:1071EC00FFFFADDFBDF4E4E6D3DDDEDEDFE0E0E1A2
:1071FC00CAC6FFFFFFFFFFFFFFFFFFFFFFFFFFFF01
:10720C00FFFFFFFFFFFFFFFFFFFFFFFFFFFFADDFF4
:10721C00BDF4E4E6D3DDDEDEDFE0E0E1CAC6FFFF6D
:10722C00FFFFFFFFFFFFFFFFFFFFFFFFFFFFFFFF62
:10723C00FFFFFFFFFFFFFFFFFFFFADDFBDF4E4E645
:10724C00D3DDDEDEDFE0E0E1CAC6FFFFFFFFFFFFBC
:10725C00FFFFFFFFFFFFFFFFFFFFFFFFFFFFFFFF32
:10726C00FFFFFFFFFFFFADDFBDF4E4E6D3DDDEDEA5
:10727C00DFE0E0E1CAC6FFFFFFFFFFFFFFFFFFFFFC
:10728C00FFFFFFFFFFFFFFFFFFFFFFFFFFFFFFFF02
:10729C00FFFFADDFBDF4E4E6D3DDDEDEDFE0E0E1F1
:1072AC00CAC6FFFFFFFFFFFFFFFFFFFFFFFFFFFF50
:1072BC00FFFFFFFFFFFFFFFFFFFFFFFFFFFFADDF44
:1072CC00BDF4E4E6D3DDDEDEDFE0E0E1CAC6FFFFBD
:1072DC00FFFFFFFFFFFFFFFFFFFFFFFFFFFFFFFFB2
:1072EC00FFFFFFFFFFFFFFFFFFFFADDFF6F4E4E65C
:1072FC00D3DDDEDEDFE0E0E1CAC6FFFFFFFFFFFF0C
:10730C00FFFFFFFFFFFFFFFFFFFFFFFFFFFFFFFF81
:10731C00FFFFFFFFFFFFADDFF6F4E4E6D3DDDEDEBB
:10732C00DFE0E0E1CAC6FFFFFFFFFFFFFFFFFFFF4B
:10733C00FFFFFFFFFFFFFFFFFFFFFFFFFFFFFFFF51
:10734C00FFFFECE0EBE9D4D4D7DEDEDFDFE0E0E1F9
:10735C00CAC6FFFFFFFFFFFFFFFFFFFFFFFFFFFF9F
:10736C00FFFFFFFFFFFFFFFFFFFFFFFFFFFFAADE97
:10737C00DDB3DCDCDBDBEEEEEEEDC8C7C7DAFFFF1E
:10738C00FFFFFFFFFFFFFFFFFFFFFFFFFFFFFFFF01
:10739C00FFFF000000000000000054525545564904
:1073AC0053494F4E2D5846494C452E0000010100C3
:1073BC000000011800000000400040000808FFFF1A
:1073CC00FF0101010303030404040C0C0C1919192B
:1073DC003737374242424F4F4F5858585D5D5D65C5
:1073EC0065656666666969696C6C6C6F6F6F7171E7
:1073FC00717777777A7A7A7B7B7B7C7C7C7E7E7EDE
:10740C008181818585858787878888888A8A8A8B08
:10741C008B8B8C8C8C8D8D8D8F8F8F90909092927E
:10742C00929393939494949797979898989A9A9AEE
:10743C009B9B9B9E9E9EA3A3A3A8A8A8AAAAAAAB0B
:10744C00ABABACACACADADADAEAEAEAFAFAFB4B450
:10745C00B4B5B5B5BABABABBBBBBC6C6C6CECECE32
:10746C00CFCFCFD6D6D6D7D7D7D8D8D8E6E6E6EC76
:10747C00ECECF0F0F0F7F7F78B8B8C9F9FA0A1A1B1
:10748C00A2A4A4A5A5A5A6A7A7A8B5B5B6B9B9BA2F
:10749C00BBBBBCC1C1C2C3C3C4C5C5C6C7C7C8C8B2
:1074AC00C8C9C9C9CACBCBCCCDCDCECFCFD0D1D109
:1074BC00D2D2D2D3D3D3D4D5D5D6DCDCDDDDDDDE50
:1074CC00DEDEDFDFDFE0E0E0E1E1E1E2E2E2E3E3A8
:1074DC00E3E4E4E4E5E5E5E6E7E7E8E8E8E9EBEB37
:1074EC00ECECECEDEDEDEEF2F2F3636364777778B0
:1074FC00B7B7B903122B75787CA9B8CBE7E8E9AC20
:10750C00B1B660656A5F7284377ABB99ABBB7DA6F6
:10751C00CA59A9EE878F9584C5F7969B9E0C151AB0
:10752C007F8080828383A3A4A4A6A7A7ABACACADB9
:10753C00AEAEB2B3B3B5B6B6B7B8B8B8B9B9B9BAE6
:10754C00BABBBCBCBDBEBEBEBFBFBFC0C0C1C2C249
:10755C00C3C4C4C4C5C5C5C6C6C7C8C8C9CACACAB7
:10756C00CBCBCBCCCCCCCDCDCFD0D0D0D1D1D1D22C
:10757C00D2D3D4D4D4D5D5D5D6D6DADBDBDBDCDC90
:10758C00DFE0E0E1E2E2E3E4E4E5E6E6EAEBEBEEA1
:10759C00EFEF606161737474757676E0E2E1959655
:1075AC00959FA09FA5A6A5A7A8A7ABACABB0B1B063
:1075BC00B1B2B1B6B7B6B7B8B7B9BAB9BBBCBBBC48
:1075CC00BDBCBDBEBDC0C1C0C1C2C1C2C3C2C3C4AB
:1075DC00C3C7C8C7C9CAC9CBCCCBCDCECDCFD0CFF2
:1075EC00D3D4D3D7D8D7DFE0DFE3E4E3E5E6E53067
:1075FC00313090908FA4A4A3A6A6A5ACACABBCBC18
:10760C00BBBEBEBDC2C2C1C8C8C7CACAC9CECECD18
:10761C00D4D4D34B4B4A5454532B2B2A242423C657
:10762C00C4C0BAB8B5C0BFBEA1A09FC3C0BDB0ADE9
:10763C00AA5A565384817F5E59569A9694ADAAA93C
:10764C00898888A4A3A3AFAEAEBAB9B9C2C1C1C46C
:10765C00C3C3C6C5C5CAC9C9CCCBCBD0CFCFE2E159
:10766C00E1B2B0B0B7B5B5B9B7B7E0DEDEC8C4C4E7
:10767C00A09B9B9D98987A75757F7A7AAEA7A75632
:10768C0050506359596662638C8B8C908F90A6A571
:10769C00A6A8A7A8ACABACAEADAEB8B7B8C2C1C2C9
:1076AC00C4C3C4CAC9CACCCBCCD8D7D8DAD9DAE0CF
:1076BC00DFE0E4E3E47C7B7CFFFFFF000000FFFFE6
:1076CC00FFFFFFFFFFFFFFFFFFFFFFFFFFFFFFFFBE
:1076DC00FFFFFFFFFFFFFFFFFFFFFFFFFFFFFFFFAE
:1076EC00FFFFFFFFFFFFFFFFFFFFFFFFFFFFFFFF9E
:1076FC00FFFFFFFFFFFFFFFFFFFFFFFFFFFFFFFF8E
:10770C00FFFFFFFFFFFFFFFFFFFFFFFFFFFFFFFF7D
:10771C00FFFFFFFFFFFFFFFFFFFFFFFFFFFFFFFF6D
:10772C00FFFFFFFFFFFFFFFFFFFFFFFFFFFFFFFF5D
:10773C00FFFFFFFFFFFFFFFFFFFFFFFFFFFFFFFF4D
:10774C00FFFFFFFFFFFFFFFFFFFFFFFFFFFFFFFF3D
:10775C00FFFFFFFFFFFFFFFFFFFFFFFFFFFFFFFF2D
:10776C00FFFFFFFFFFFFFFFF04C9079DC705FFFFDA
:10777C00FFFFFFFFFFFFFFFFFFFFFFFFFFFFFFFF0D
:10778C00FFFFFFFFFFFFFFFFFFFFFFFFFFFFFFFFFD
:10779C00FFFFFFFFFFFFFFFFFFFFFFFFFFFFFFFFED
:1077AC00FFFFFFFF04C90764151EA0A322769C06E9
:1077BC0004FFFFFFFFFFFFFFFFFFFFFFFFFFFFFFC8
:1077CC00FFFFFFFFFFFFFFFFFFFFFFFFFFFFFFFFBD
:1077DC00FFFFFFFFFFFFFFFFFFFFFFFFFFFFFFFFAD
:1077EC0004BB080F1922402A2A4240401D181D1CB8
:1077FC001509C904FFFFFFFFFFFFFFFFFFFFFFFF9E
:10780C00FFFFFFFFFFFFFFFFFFFFFFFFFFFFFFFF7C
:10781C00FFFFFFFFFFFFFFFFFFFFFFFF0406641BDF
:10782C002A30A8A82FBE1D0C06C740281E181919EF
:10783C001A1EEE1108CA02FFFFFFFFFFFFFFFFFF3A
:10784C00FFFFFFFFFFFFFFFFFFFFFFFFFFFFFFFF3C
:10785C00FFFFFFFFFFFFFFFF04060D25DCC6C6B4CC
:10786C00AC2C210D0705040404BBBDBD1F19D6D6D5
:10787C00D6D61A1D201DC8FFFFFFFFFFFFFFFFFF1D
:10788C00FFFFFFFFFFFFFFFFFFFFFFFFFFFFFFFFFC
:10789C00FFFFFFFF04BB0ABCADF9B894B17C230F0A
:1078AC0007CA0405060A772AC7C9BDA2201A1A1BE3
:1078BC001B1B1A1A1A200CFFFFFFFFFFFFFFFFFF15
:1078CC00FFFFFFFFFFFFFFFFFFFFFFFFFFFFFFFFBC
:1078DC0004C9081379F551938B7FA19E08C905CA79
:1078EC00070C1B79A6A7A6A8C7C9A279223E1D1C06
:1078FC001D1D1C1C1D210BFFFFFFFFFFFFFFFFFFCA
:10790C00FFFFFFFFFFFFFFFFFFFFFFFF04C9C710D3
:10791C00222DDA8C8A82A3760906CABBC710A02F47
:10792C00C083A730A87CA47DC7C9792AA01D1E1EC0
:10793C001B1C1E1E1E220CFFFFFFFFFFFFFFFFFF85
:10794C00FFFFFFFFFFFFFFFF04CA089D242E84B238
:10795C008C86A61C0B07BB070914A130AC84A9A309
:10796C00A0242D27121BA6A708C9A32F23EF1F2481
:10797C00C80E241F1F230DFFFFFFFFFFFFFFFFFF9C
:10798C00FFFFFFFF04C9089E2630348E908B8023A6
:10799C0010C807080D1E2D33B0F683337F7EF41408
:1079AC00070EA10CFFC833A808BB2A3024202026C0
:1079BC00C70B272020240DFFFFFFFFFFFFFFFFFF5A
:1079CC00FF059C1AA6DC8E93B79085CE149C080AF2
:1079DC009E25CDB184252CB0C1AB4680D97FA81192
:1079EC000915341BFFC8AA7E08BB2CD925212227D8
:1079FC00C70CA12222250EFFFFFFFFFFFFFFFFFF99
:107A0C00FF9E3D5F5B39B22A190F0A0E774188360B
:107A1C00B2A39D080607CEDCCDACABAA80A97F40F3
:107A2C002A30BD15FF09AAA908BB2E8426A0233F26
:107A3C00C70C402323270EFFFFFFFFFFFFFFFFFFB5
:107A4C00FF13637D20FD0E131F2FB437517E1A0CCC
:107A5C00C7C70A772EAF87AD8483ACAB33A97FAD94
:107A6C0084A8A318FF09ACD9C8BBA5DC27232440E4
:107A7C00080C282424CE0FFFFFFFFFFFFFFFFFFFA2
:107A8C00FF14631520459154FAB1BD170D0C651AFE
:107A9C00231B8C908A3486F5DA848382ABC0322225
:107AAC00141E7F11FF09C133C8BBA6DEA12526BD5C
:107ABC00080C4125254010FFFFFFFFFFFFFFFFFFD4
:107ACC00FF14631A38377F401C181F26A3A011C758
:107ADC00C906858BB134DC86AFDAAD83AC837C0808
:107AEC00070EBD9DFF0984AAC806303640272779AA
:107AFC00080CA32727BD10FFFFFFFFFFFFFFFFFFB1
:107B0C00FF13633E8F7C287B7D2B200FC8C7096534
:107B1C002683F8F74BB13487B0AFDA848383AB1587
:107B2C001220F81EFF09ADAB09067D512827A129AB
:107B3C00C80C2ACE3F799DFFFFFFFFFFFFFFFFFF21
:107B4C00FF12631D9049431F1210651E2AF58AB45B
:107B5C00B48D8CB38A4B4A3487B0AFDA84838333C9
:107B6C00ACAC4076FF09AEAC0906A792A240402C03
:107B7C00C80CF240402A9EFFFFFFFFFFFFFFFFFFF4
:107B8C00FF11631F524320F032B4395639AC271D14
:107B9C0021A3C0C38B8A4BB13487B0AFDAADC1859A
:107BAC00AB80321BFF09B1B10A067E37A3D7412E39
:107BBC00C80C2EBD417A9EFFFFFFFFFFFFFFFFFFAA
:107BCC00FF9E9B2052955459969594377F261B12F5
:107BDC000DED1B7CB1DE8A4BB1348786AF858127D6
:107BEC001516AC9EFFC87811BB077F372AF0F0D86A
:107BFC00C80CA5A3F02E65FFFFFFFFFFFFFFFFFFE3
:107C0C00FF106222925AB855959539C04226252309
:107C1C0023E9EB17A7F7DEDD4BB13488888834767F
:107C2C00C89D2F14FF05BB07C9077F922DA340CE1B
:107C3C00C764A62A2AE112FFFFFFFFFFFFFFFFFF29
:107C4C00FF0F9A23385A575655548DDD84F027264A
:107C5C00A02AE8EB24DBB4F8B48E8E347FA548D68A
:107C6C0016F08DEF01C7A7AE9C077FB62F2AA06830
:107C7C00C9C7E6A32C7CFDFFFFFFFFFFFFFFFFFF43
:107C8C00FF0E5F2439B9FB575639905F9732BD40D0
:107C9C002627E1EC128350C3A723659C0710F684BA
:107CAC004C34BE77676C8B869C077F8EA6D5726E24
:107CBC006E6D9D22D0A715FFFFFFFFFFFFFFFFFF9B
:107CCC00FF0D3A26395C5958FB37375F3D3A2FA2E6
:107CDC004025B1EAE89E9E9C090C11202EAE88B07E
:107CEC0045A5DA696E6DCB869C077FB431D82571BA
:107CFC00737373706FE315FFFFFFFFFFFFFFFFFF51
:107D0C00FF0C5C27FA5D5A9F5939B48E3995B4DC57
:107D1C00C02EC63D279C202FDC36908F8D4BDE1756
:107D2C00C79DA476750AB2F664077FDDF4A6D82940
:107D3C006D6E71717169D2FFFFFFFFFFFFFFFFFFD7
:107D4C00FF0C5BA1955F5E5F5EFAF734DA33B19B93
:107D5C0062925EFE903039B6B482358BB24BB40E63
:107D6C00BB657E18FF0A8BDC0CC77E88323031CDA8
:107D7C00D1D36B6F7CAB77FFFFFFFFFFFFFFFFFFE4
:107D8C00FF0B5A40549F4DA6261D3436DDDCCD909A
:107D9C009A5F633D2A2A532E0C118BB48B8ADE27F3
:107DAC00257DB421FF0AF8B10DC77EAFABA7A8AFF4
:107DBC000A0CCFCCE38317FFFFFFFFFFFFFFFFFF92
:107DCC00FF0BFC27A01E21407CC3DB364FDE4AB1E3
:107DDC009262E4DF4340F415BB768D358C8B4B36C9
:107DEC008E8B2D19FF0AB4C30DC77EAD83D9D987ED
:107DFC009C0CC232D9F517FFFFFFFFFFFFFFFFFFFF
:107E0C00FF0B5CA1AD555E61618C40AD90928FC64D
:107E1C0097E5D5A7823638F041AD90354EF8DEB1F6
:107E2C00F6A73622FF0AB5DD0E08F4ACAD3346B129
:107E3C009C0CDBC0338618FFFFFFFFFFFFFFFFFF2B
:107E4C00FF0C5CA25B62301621F4568FF2E2CDE39C
:107E5C00E6E724298F31959494928F8E35B48FA3B5
:107E6C00649D7B11CA148DF70E087FACDBACACDDC6
:107E7C000A6434C18288D6FFFFFFFFFFFFFFFFFFBC
:107E8C00FF0C5D79E06225C83E63C09FF1F4D921F7
:107E9C00274BF9F281D92F3992B6908F8E35C612B5
:107EAC00BB14C183ADDCDB8B0FC880C14983CDDD36
:107EBC009D1034AD83C31AFFFFFFFFFFFFFFFFFFD1
:107ECC00FF0C3A2959602AA34B6256962F398951D7
:107EDC007C4B469916061551B792B6908F4F504071
:107EEC003F338D8B8B4BC3519EC8AA83B1DADADA40
:107EFC0083C0DADADAF71BFFFFFFFFFFFFFFFFFF9C
:107F0C00FF0C5E2A59615F9B6334272893544758B2
:107F1C007F5AB79915071EFAB79392B6908F8E3782
:107F2C0038915136B1832BA0C709ABAD4BDBF5F5BE
:107F3C00F6F6DBAFAFF81CFFFFFFFFFFFFFFFFFF05
:107F4C00FF0C5F2A5A623B9A3C1606165A5F377C26
:107F5C0018ABBA5887F738FA3939B7FA943950B29E
:107F6C0033281B120D090A0D9E27C1ADF7F6DCF65E
:107F7C008787F6F687B41EFFFFFFFFFFFFFFFFFFAB
:107F8C00FF0C5FF25B9B619A63F222295F5E557670
:107F9C000A445EFB5B5C5A5995924C30273E140E9A
:107FAC000E1177212981AF4934847CDC8E34DCDCE2
:107FBC008834343434361EFFFFFFFFFFFFFFFFFF12
:107FCC00FF0D5F2C5C9B61609A5F5F9A6A5FE02299
:107FDC00A2555E5693872E271E7612171F27A6488A
:107FEC00DEB435DDDCC133C182C033F5C3B48EF8E9
:107FFC00DEB1B1B1B18E1FFFFFFFFFFFFFFFFFFF2F
:10800C00FF0D9A2DBA3C6262629B9B3C625E5435BA
:10801C00342FA1201A2026F0A88A5237388FF83432
:10802C00DA48B0F5F5F68532A8312F2B2A2E30849C
:10803C00B13636C5F85120FFFFFFFFFFFFFFFFFFF2
:10804C00FF0D9A2E5F3D639B5F558B337B4025273D
:10805C00A3A5838F94FB993A9795928FB4F7DEF88A
:10806C00DEDBADC1F431307CA6E12F2E2C2B2AA304
:10807C002AA5C08B369422FFFFFFFFFFFFFFFFFFF7
:10808C00FF0D612AB4C345F3F0A3A5338939595DBB
:10809C005F9A9A619B3C9B9ABAE05639C68FDE3444
:1080AC00DBADAC33D9F43130303031A7E2A52A281E
:1080BC0023770EC80706CAFFFFFFFFFFFFFFFFFF76
:1080CC00FF0D9BAB7C47B4543A9A9A3AFB95FA56FF
:1080DC00B95F9A3B9A3AB997B895FA3937B68E3553
:1080EC00F8F7C3C3B1B1ADA7F3CE1A9D0AC7BB0550
:1080FC000402FFFFFFFFFFFFFFFFFFFFFFFFFFFF7C
:10810C00FF0D9B639B605C96FAB7FA945458BABA0D
:10811C00FCB9E0FBFB96FBB8B8FBB8FBE05A9855F2
:10812C008EC3D927770C0806050402FFFFFFFFFF5B
:10813C00FFFFFFFFFFFFFFFFFFFFFFFFFFFFFFFF43
:10814C00FF103D5F5CB997FC3A5D5BFC97B85656E7
:10815C005555B8B8E0FC5E9A3A9493C32C209D090F
:10816C0007CA0403FFFFFFFFFFFFFFFFFFFFFFFF37
:10817C00FFFFFFFFFFFFFFFFFFFFFFFFFFFFFFFF03
:10818C00FFBB6520A58F975F3C3C9ABAE0E0B93AFB
:10819C005F979490872A1F9D0907CA0403FFFFFF6E
:1081AC00FFFFFFFFFFFFFFFFFFFFFFFFFFFFFFFFD3
:1081BC00FFFFFFFFFFFFFFFFFFFFFFFFFFFFFFFFC3
:1081CC00FFFFFFFF0104CA076477CEC1C6DD2C1F79
:1081DC009D0906CA0402FFFFFFFFFFFFFFFFFFFF21
:1081EC00FFFFFFFFFFFFFFFFFFFFFFFFFFFFFFFF93
:1081FC00FFFFFFFFFFFFFFFFFFFFFFFFFFFFFFFF83
:10820C00FFFFFFFFFFFFFFFFFFFFFF04050402FF5F
:10821C00FFFFFFFFFFFFFFFFFFFFFFFFFFFFFFFF62
:10822C00FFFFFFFFFFFFFFFFFFFFFFFFFFFFFFFF52
:10823C00FFFFFFFFFFFFFFFFFFFFFFFFFFFFFFFF42
:10824C00FFFFFFFFFFFFFFFFFFFFFFFFFFFFFFFF32
:10825C00FFFFFFFFFFFFFFFFFFFFFFFFFFFFFFFF22
:10826C00FFFFFFFFFFFFFFFFFFFFFFFFFFFFFFFF12
:10827C00FFFFFFFFFFFFFFFFFFFFFFFFFFFFFFFF02
:10828C00FFFFFFFFFFFFFFFFFFFFFFFFFFFFFFFFF2
:10829C00FFFFFFFFFFFFFFFFFFFFFFFFFFFFFFFFE2
:1082AC00FFFFFFFFFFFFFFFFFFFFFFFFFFFFFFFFD2
:1082BC00FFFFFFFFFFFFFFFFFFFFFFFFFFFFFFFFC2
:1082CC00FFFFFFFFFFFFFFFFFFFFFFFFFFFFFFFFB2
:1082DC00FFFFFFFFFFFFFFFFFFFFFFFFFFFFFFFFA2
:1082EC00FFFFFFFFFFFFFFFFFFFFFFFFFFFFFFFF92
:1082FC00FFFFFFFFFFFFFFFFFFFFFFFFFFFFFFFF82
:10830C00FFFFFFFFFFFFFFFFFFFFFFFFFFFFFFFF71
:10831C00FFFFFFFFFFFFFFFFFFFFFFFFFFFFFFFF61
:10832C00FFFFFFFFFFFFFFFFFFFFFFFFFFFFFFFF51
:10833C00FFFFFFFFFFFFFFFFFFFFFFFFFFFFFFFF41
:10834C00FFFFFFFFFFFFFFFFFFFFFFFFFFFFFFFF31
:10835C00FFFFFFFFFFFFFFFFFFFFFFFFFFFFFFFF21
:10836C00FFFFFFFFFFFFFFFFFFFFFFFFFFFFFFFF11
:10837C00FFFFFFFFFFFFFFFFFFFFFFFFFFFFFFFF01
:10838C00FFFFFFFFFFFFFFFFFFFFFFFFFFFFFFFFF1
:10839C00FFFFFFFFFFFFFFFFFFFFFFFFFFFFFFFFE1
:1083AC00FFFFFFFFFFFFFFFFFFFFFFFFFFFFFFFFD1
:1083BC00FFFFFFFFFFFFFFFFFFFFFFFFFFFFFFFFC1
:1083CC00FFFFFFFFFFFFFFFFFFFFFFFFFFFFFFFFB1
:1083DC00FFFFFFFFFFFFFFFFFFFFFFFFFFFFFFFFA1
:1083EC00FFFFFFFFFFFFFFFFFFFFFFFFFFFFFFFF91
:1083FC00FFFFFFFFFFFFFFFFFFFFFFFFFFFFFFFF81
:10840C00FFFFFFFFFFFFFFFFFFFFFFFFFFFFFFFF70
:10841C00FFFFFFFFFFFFFFFFFFFFFFFFFFFFFFFF60
:10842C00FFFFFFFFFFFFFFFFFFFFFFFFFFFFFFFF50
:10843C00FFFFFFFFFFFFFFFFFFFFFFFFFFFFFFFF40
:10844C00FFFFFFFFFFFFFFFFFFFFFFFFFFFFFFFF30
:10845C00FFFFFFFFFFFFFFFFFFFFFFFFFFFFFFFF20
:10846C00FFFFFFFFFFFFFFFFFFFFFFFFFFFFFFFF10
:10847C00FFFFFFFFFFFFFFFFFFFFFFFFFFFFFFFF00
:10848C00FFFFFFFFFFFFFFFFFFFFFFFFFFFFFFFFF0
:10849C00FFFFFFFFFFFFFFFFFFFFFFFFFFFFFFFFE0
:1084AC00FFFFFFFFFFFFFFFFFFFFFFFFFFFFFFFFD0
:1084BC00FFFFFFFFFFFFFFFFFFFFFFFFFFFFFFFFC0
:1084CC00FFFFFFFFFFFFFFFFFFFFFFFFFFFFFFFFB0
:1084DC00FFFFFFFFFFFFFFFFFFFFFFFFFFFFFFFFA0
:1084EC00FFFFFFFFFFFFFFFFFFFFFFFFFFFFFFFF90
:1084FC00FFFFFFFFFFFFFFFFFFFFFFFFFFFFFFFF80
:10850C00FFFFFFFFFFFFFFFFFFFFFFFFFFFFFFFF6F
:10851C00FFFFFFFFFFFFFFFFFFFFFFFFFFFFFFFF5F
:10852C00FFFFFFFFFFFFFFFFFFFFFFFFFFFFFFFF4F
:10853C00FFFFFFFFFFFFFFFFFFFFFFFFFFFFFFFF3F
:10854C00FFFFFFFFFFFFFFFFFFFFFFFFFFFFFFFF2F
:10855C00FFFFFFFFFFFFFFFFFFFFFFFFFFFFFFFF1F
:10856C00FFFFFFFFFFFFFFFFFFFFFFFFFFFFFFFF0F
:10857C00FFFFFFFFFFFFFFFFFFFFFFFFFFFFFFFFFF
:10858C00FFFFFFFFFFFFFFFFFFFFFFFFFFFFFFFFEF
:10859C00FFFFFFFFFFFFFFFFFFFFFFFFFFFFFFFFDF
:1085AC00FFFFFFFFFFFFFFFFFFFFFFFFFFFFFFFFCF
:1085BC00FFFFFFFFFFFFFFFFFFFFFFFFFFFFFFFFBF
:1085CC00FFFFFFFFFFFFFFFFFFFFFFFFFFFFFFFFAF
:1085DC00FFFFFFFFFFFFFFFFFFFFFFFFFFFFFFFF9F
:1085EC00FFFFFFFFFFFFFFFFFFFFFFFFFFFFFFFF8F
:1085FC00FFFFFFFFFFFFFFFFFFFFFFFFFFFFFFFF7F
:10860C00FFFFFFFFFFFFFFFFFFFFFFFFFFFFFFFF6E
:10861C00FFFFFFFFFFFFFFFFFFFFFFFFFFFFFFFF5E
:10862C00FFFFFFFFFFFFFFFFFFFFFFFFFFFFFFFF4E
:10863C00FFFFFFFFFFFFFFFFFFFFFFFFFFFFFFFF3E
:10864C00FFFFFFFFFFFFFFFFFFFFFFFFFFFFFFFF2E
:10865C00FFFFFFFFFFFFFFFFFFFFFFFFFFFFFFFF1E
:10866C00FFFFFFFFFFFFFFFFFFFFFFFFFFFFFFFF0E
:10867C00FFFFFFFFFFFFFFFFFFFFFFFFFFFFFFFFFE
:10868C00FFFFFFFFFFFFFFFFFFFFFFFFFFFFFFFFEE
:10869C00FFFFFFFFFFFFFFFFFFFFFFFFFFFFFFFFDE
:1086AC00FFFFFFFFFFFFFFFFFFFFFFFFFFFFFFFFCE
:1086BC00FFFFFFFFFFFFFFFFFFFFFFFFFFFF0000BC
:1086CC0000000000000054525545564953494F4E86
:1086DC002D5846494C452E000001010000000118A0
:1086EC0000000000400040000808FFFFFF010101EE
:1086FC000404040606060A0A0A0B0B0B0D0D0D18D2
:10870C0018181919191A1A1A1C1C1C1E1E1E2020A6
:10871C0020212121232323252525272727323232E7
:10872C003838383F3F3F5F5F5F6868687F7F7F897D
:10873C0089899F9F9FA4A4A4A8A8A8AEAEAEB0B0F0
:10874C00B0B2B2B2B6B6B6B8B8B8BABABABDBDBDA8
:10875C00C1C1C1C3C3C3C4C4C4C5C5C5C7C7C7CAC7
:10876C00CACAD0D0D0D3D3D3D9D9D9DBDBDBDFDFA6
:10877C00DFE0E0E0E2E2E2E3E3E3E5E5E5E6E6E6BE
:10878C00E7E7E7E8E8E8EAEAEAECECECEDEDEDEE39
:10879C00EEEEEFEFEFF0F0F0F2F2F2F3F3F3F4F4BD
:1087AC00F4F5F5F5F8F8F8F9F9F9FAFAFAFEFEFE2F
:1087BC00FFFFFF959596ABABACE5E5E6E7E7E8E99F
:1087CC00E9EAECECEDEDEDEEF1F1F2F9F9FA252533
:1087DC0026F2F3F4FCFDFEF2F4F6F4F7F9F6F9FBED
:1087EC00F8FBFDFAFCFDA9AAAAADAEAEE7E8E8E9F4
:1087FC00EAEAEDEEEEEFF0F0F3F4F4F5F6F6F7F856
:10880C00F8FDFFFF0B0C0CADAEADE7E8E7EBECEBC6
:10881C00EDEEEDF5F6F5F9FAF95152512122210B55
:10882C000C0B8F8F8EADADACE6E6E5E8E8E7EAEA37
:10883C00E9EEEEEDF4F4F3F6F6F5FAFAF9FFFFFBD8
:10884C002B2B2AACABAAEDECEBFEFDFCFEFAF60BE7
:10885C000A09BFBAB61C16120B08060906041F1526
:10886C000FB68E78BC927CBA8F789B7561B1856D92
:10887C00AD7D63A9795FA47156A16E529D694D9C23
:10888C006548986244342117945E40885335935957
:10889C00398E5130844725F3F1F0F5F3F2FDFBFAF4
:1088AC00F2ECE9F9F1ED242221D8C6BDDECBC2AF42
:1088BC009F97A1897DE8C2AFCAA694C7A28FC29D1B
:1088CC008AC09884B58A74B48770BA8B746F52441A
:1088DC00BA8870AE8068B4836BA7755BAC71554E6B
:1088EC003326A86D50664230A3694B9E6244995D55
:1088FC003E050302E9E0DCE4D9D4B3AAA6887F7B69
:10890C00EAD5CCA8978FF7DDD2F2D5C8EACBBDD883
:10891C00BAADE1C1B3D7B8AACDAFA1D5B4A5342BAC
:10892C0027D3AF9FDEB8A7D0AB9ADBAE9BC8998597
:10893C00C3968189685AB9866EBA846BBA8269BF4C
:10894C00856CBD8369BA7F65B67C62AC745BB176AD
:10895C005C23140DEFDED7FDEBE4CABBB5EEDAD227
:10896C00E7CEC4E4C7BBDEBBADDDB4A3D0A695DCBB
:10897C00B09EDAAC99D8A793D5A28ED29E89CD960B
:10898C0080C7917BC58C75C28870BD846CFBF5F378
:10899C00F5EAE6AFA39FF4E4DE6D615DA7A6A6AB96
:1089AC00AAAAB1B0B0B4B3B3CECDCDECEBEBF6F527
:1089BC00F5F7F6F6FAF9F9FDFCFC767575494848B9
:1089CC00161515121111090808030202020000AC59
:1089DC00ABACD7D6D7E8E7E8EEEDEEFAF9FA1C1B0C
:1089EC001C0C0B0CFFFFFF000000FFFFFFFFFFFF45
:1089FC00FFFFFFFFFFFFFFFFFFFFFFFFFFFFFFFF7B
:108A0C00FFFFFFFFFFFFFFFFFFFFFFFFFFFFFFFF6A
:108A1C00FFFFFFFFFFFFFFFFFFFFFFFFFFFFFFFF5A
:108A2C00FFFFFFFFFFFFFFFFFFFFFFFFFFFFFFFF4A
:108A3C00FFFFFFFFFFFFFFFFFFFFFFFFFFFFFFFF3A
:108A4C00FFFFFFFFFFFFFFFFFFFFFFFFFFFFFFFF2A
:108A5C00FFFFFFFFFFFFFFFFFFFFFFFFFFFFFFFF1A
:108A6C00FFFFFFFFFFFFFFFFFFFFFFFFFFFFFFFF0A
:108A7C00FFFFFFFFFFFFFFFFFFFFFFFFFFFFFFFFFA
:108A8C00FFFFFFFFFFFFFFFFFFFFFFFFFFFFFFFFEA
:108A9C00FFFFFF061115F01203FFFFFFFFFFFFFFA3
:108AAC00FFFFFFFFFFFFFFFFFFFFFFFFFFFFFFFFCA
:108ABC00FFFFFFFFFFFFFFFFFFFFFFFFFFFFFFFFBA
:108ACC00FFFFFFFFFFFFFFFFFFFFFFFFFFFFFFF4B5
:108ADC00721468242E3A26E768F103FFFFFFFFFFAC
:108AEC00FFFFFFFFFFFFFFFFFFFFFFFFFFFFFFFF8A
:108AFC00FFFFFFFFFFFFFFFFFFFFFFFFFFFFFFFF7A
:108B0C00FFFFFFFFFFFFFFFFFFFFFF030C651720B9
:108B1C002C3539473033211A1EE707030301FFFFB9
:108B2C00FFFFFFFFFFFFFFFFFFFFFFFFFFFFFFFF49
:108B3C00FFFFFFFFFFFFFFFFFFFFFFFFFFFFFFFF39
:108B4C00FFFFFFFFFFFFFF0107F116E82BEB3AEBEE
:108B5C0032302F2F2F32211AE81907670604030130
:108B6C00FFFFFFFFFFFFFFFFFFFFFFFFFFFFFFFF09
:108B7C00FFFFFFFFFFFFFFFFFFFFFFFFFFFFFFFFF9
:108B8C00FFFFFFFFF313F01AF8473B374731303044
:108B9C00303030302F32211A1D1907040606FDF42F
:108BAC000301FFFFFFFFFFFFFFFFFFFFFFFFFFFFC3
:108BBC00FFFFFFFFFFFFFFFFFFFFFFFFFFFFFFFFB9
:108BCC000611151828F93B4A34F94530303030304D
:108BDC0030303030305621541DE6F2F45EFD050580
:108BEC0005F40301FFFFFFFFFFFFFFFFFFFFFFFF88
:108BFC00FFFFFFFFFFFFFFFFFFFFFFFFF4721443B8
:108C0C0026303B3B35473231313131316A303030EF
:108C1C0030303030303222E7E9E6F2F40405040457
:108C2C0004F4F4F40201FFFFFFFFFFFFFFFFFFFF5F
:108C3C00FFFFFFFFFFFFFFFF030C6517212F3AED2E
:108C4C003834336BF932323232313131313247FA16
:108C5C003932303030332244E9E6F20304F4F4F4D0
:108C6C00F4F4F40303F5FFFFFFFFFFFFFFFFFFFF2B
:108C7C00FFFFFFFF0108F1161E2D4A3E4A483447FC
:108C8C004733333333336B32323334373A332A1D71
:108C9C0017236C30303323F71E1AF303F4F4F40368
:108CAC000302F501FFFFFFFFFFFFFFFFFFFFFFFFC9
:108CBC00FFF313F0442B393F3C3835EB3434344755
:108CCC00474747333347EB593B342A1E1714126678
:108CDC0008F73730304723551E54F3F503F5F501EB
:108CEC00FFFFFFFFFFFFFFFFFFFFFFFFFFFF7215FF
:108CFC00182937405C4A3735EBEBEBEBEB34346C33
:108D0C006C47358F3D612B1E1714120F090A0D0D80
:108D1C000F1C37303047241C1F5406FFFFFFFFFF8A
:108D2C00FFFFFFFFFFFFFFFFFFFFFFFFFFFF1AFE2D
:108D3C00403B3936363636353535EBEBEB35374D82
:108D4C003DEB2B1F1714120F090A0D0E0F0F660A9D
:108D5C00076938453047261C1F5405FFFFFFFFFFEE
:108D6C00FFFFFFFFFFFFFFFFFFFFFFFFFFFF444081
:108D7C00383737376D3636364849383C3E382C1F35
:108D8C006822650D09FC0D0E0F0F0E0B080C72F10D
:108D9C00F0EA3431314726E820E705FFFFFFFFFFFB
:108DAC00FFFFFFFFFFFFFFFFFFFFFFFFFFFF544031
:108DBC003838383737384A6F3F392C2068141266E8
:108DCC0008E815080F0F0F0F0E0C72F1F018273072
:108DDC00593445313147261D20F705FFFFFFFFFFB2
:108DEC00FFFFFFFFFFFFFFFFFFFFFFFFFFFF5440F1
:108DFC0038383AED403A2E206814120F09FC0D0D4C
:108E0C000E21440A0F0F0F0D12E6296A4A3B484700
:108E1C0033323232313427E9206905FFFFFFFFFF7F
:108E2C00FFFFFFFFFFFFFFFFFFFFFFFFFFFFE7401D
:108E3C0039382E216814120F08FC0D0E0F0F660A1C
:108E4C00071C35130B0F0F0E1018ED4A4733333335
:108E5C00603232323234EA1E211B05FFFFFFFFFF66
:108E6C00FFFFFFFFFFFFFFFFFFFFFFFFFFFFE753CA
:108E7C003B32F10D08FC0D0E0F0F0D0B080B72F1B0
:108E8C00F028401A0B0E0F0F660C152A3C57333383
:108E9C00336B46323234EA1E211C05FFFFFFFFFF05
:108EAC00FFFFFFFFFFFFFFFFFFFFFFFFFFFFE7EFEE
:108EBC003A3A14080F0F0F0F660C7265F019284719
:108ECC003D39363A1608660F0F0F09121939483317
:108EDC00333333F93234281F211C05FFFFFFFFFF0A
:108EEC00FFFFFFFFFFFFFFFFFFFFFFFFFFFFE7EFAE
:108EFC004AEF18FC0F0F0F0D12F7F8EBED3F3B3854
:108F0C006D35353837160C0B0F0F0F0C0BF06B370C
:108F1C003333333333342820221D05FFFFFFFFFF8B
:108F2C00FFFFFFFFFFFFFFFFFFFFFFFFFFFFE7EF6D
:108F3C004A3D30130B0F0F0E72E641ED37373736C3
:108F4C0036363635383C6912080F0F0F0E071533BD
:108F5C003633333333EB292022E9FDFFFFFFFFFFCC
:108F6C00FFFFFFFFFFFFFFFFFFFFFFFFFFFF44EFD0
:108F7C003A3AEF190A0E0F0F660CF02DFB593737E2
:108F8C003736363635363EF8150A0D0F0F0F08F00A
:108F9C004A34474733EB292123E9FDFFFFFFFFFF4D
:108FAC00FFFFFFFFFFFFFFFFFFFFFFFFFFFF44413E
:108FBC003B3A6E5CF007660F0F0E09131B5C3A37D9
:108FCC00373736363674353B4A43100B0F0F0E0CC1
:108FDC001B3B474747EBF821241EFDFFFFFFFFFF1C
:108FEC00FFFFFFFFFFFFFFFFFFFFFFFFFFFF4441FE
:108FFC003B3B3AED3B160B0B0F0F0F0B0C164A3B82
:10900C0037376D4936364835373E1F120B0F0FFC7C
:10901C0065EBEB4747EBF822251EFDFFFFFFFFFF3B
:10902C00FFFFFFFFFFFFFFFFFFFFFFFFFFFFF7FE4D
:10903C006E3B3B3AED404412090F0F0F0E081539E9
:10904C003A3737376D58363635483F24110D0F0EE9
:10905C007227393447352A22261FFDFFFFFFFFFFF9
:10906C00FFFFFFFFFFFFFFFFFFFFFFFFFFFFF7FE0D
:10907C003C3C3B3B3A3B412A140A660F0F0F071648
:10908C003E393737373737363636364017FC0F0F01
:10909C000DE73C3434742B23261FFDFFFFFFFFFF2D
:1090AC00FFFFFFFFFFFFFFFFFFFFFFFFFFFFF7FECD
:1090BC003C3C3C3B3B3B3AEE63434C0B0F0F666630
:1090CC001F3F383837384A373636363D214C0E0F6D
:1090DC000CE63D3434362B232720FDFFFFFFFFFF2A
:1090EC00FFFFFFFFFFFFFFFFFFFFFFFFFFFFF7FE8D
:1090FC003D3C3C3C3B3B3B3A5B411F110C0F0F088A
:10910C00143B4A3A3F5B33373737363C23100E0E4D
:10911C000F203BEBEB362C252720FDFFFFFFFFFF3D
:10912C00FFFFFFFFFFFFFFFFFFFFFFFFFFFF69FEDA
:10913C003D3D3D3C3C5A6E3B3B3BFE2311660F666E
:10914C007229EEEB1FF065324A3762EF180B0F0CE9
:10915C00122D38EBEB492C262721FDFFFFFFFFFFDB
:10916C00FFFFFFFFFFFFFFFFFFFFFFFFFFFF69FE9A
:10917C00EC3D3D3C3C3C3C5A3B3B3BFE17090F0F46
:10918C000E21211366070C21FE3DEF2CF10B0F076E
:10919C00163D3635EB492D26EA21FDFFFFFFFFFF7B
:1091AC00FFFFFFFFFFFFFFFFFFFFFFFFFFFF69FE5A
:1091BC00EDED3D3D3D3DED3C3B3B3BEF200F0F0FBF
:1091CC006621F7070E0F0CF121EA18F10B4C0B126C
:1091DC002A3A3535EB372E27EA2205FFFFFFFFFF32
:1091EC00FFFFFFFFFFFFFFFFFFFFFFFFFFFF69FE1A
:1091FC00EDED5B3EFEEF373C3C3C3BEF224C0E0E64
:10920C004C272D11660F0F0C0F720B0B0F0A7220CF
:10921C00ED36367435372F272822FDFFFFFFFFFF71
:10922C00FFFFFFFFFFFFFFFFFFFFFFFFFFFF69FED9
:10923C00EDED403921F01439ED3C3C41180A0F0C8E
:10924C001347EFF0F20F0F0F0E660F660712203E5A
:10925C0037363636363730EA2822FDFFFFFFFFFF60
:10926C00FFFFFFFFFFFFFFFFFFFFFFFFFFFF5FFEA3
:10927C00EDEFE91366070D26FE40FE2EF10B0F07EE
:10928C0017EF5C2F65F2090AFC080972F0F83F37FA
:10929C003737FA36363831EA292306FFFFFFFFFF4E
:1092AC00FFFFFFFFFFFFFFFFFFFFFFFFFFFF1BFEA7
:1092BC00EDFE18F20E0F0C65242919F10B4C0A1354
:1092CC002E3E3A3E3168141414F04328ED6F3838B2
:1092DC003837373748383228292306FFFFFFFFFF7E
:1092EC00FFFFFFFFFFFFFFFFFFFFFFFFFFFF1BFE67
:1092FC003EEF2A72660F4C0C4C720B0B0F0A72224B
:10930C00413B3B3AEDEF3D3A3B3F4EED4A59393844
:10931C003838585858595628292406FFFFFFFFFFA4
:10932C00FFFFFFFFFFFFFFFFFFFFFFFFFFFF1BFE26
:10933C003E3FEFF0F20F0F0F0E660F66071323FE82
:10934C003C5A3B3B3B3B3C3C3B3A4A4A393939392A
:10935C00594A594F504A482AF82606FFFFFFFFFF8B
:10936C00FFFFFFFFFFFFFFFFFFFFFFFFFFFF1BFEE6
:10937C003F3EEF2EF1F2080A09070972F02CFE3D70
:10938C003C3C3C6E3B3B3B3A3A4A3A4A4D4F505080
:10939C004D74AE959A9D9B97EA2706FFFFFFFFFF42
:1093AC00FFFFFFFFFFFFFFFFFFFFFFFFFFFF1BFEA6
:1093BC003F3F3EFE3268151415F018F841EF3D3D65
:1093CC003D3D3C3C3B3B5A3D5B51515A6DAE95BAD1
:1093DC009D82AAAB8CABA58E8A8077FFFFFFFFFF27
:1093EC00FFFFFFFFFFFFFFFFFFFFFFFFFFFF1CFE65
:1093FC003F3F3F3EEFFE403E3FFEFEEFED6F6F3DC9
:10940C003D5B5B5051523D38AE96BB9CC4CCA8AB77
:10941C00ABABABACAC86828D8D8E7BFFFFFFFFFFC1
:10942C00FFFFFFFFFFFFFFFFFFFFFFFFFFFF1CFE24
:10943C0040643F3F3E3E4B40FB3EEDED5C50515295
:10944C00525B8FAED2B79ADDC6CAA6A6A6A8A8AAAA
:10945C00AA87ABABAC87828D8C8B7BFFFFFFFFFFAA
:10946C00FFFFFFFFFFFFFFFFFFFFFFFFFFFF1CFEE4
:10947C004040703F3F3F3F3F4B5253535C90E4B2F0
:10948C00B8D8C1DEC7C9C9C9CACACCCBA6A8A8AAB4
:10949C00AAABABAC8C87828D8C8B7BFFFFFFFFFF65
:1094AC00FFFFFFFFFFFFFFFFFFFFFFFFFFFF1CFEA4
:1094BC0040404040534E533F90E4B2D3D7DBDCDE08
:1094CC00DFDFDFDFC7C8C6C9CACCCCCBA6A8AAAA27
:1094DC00ABABACAC8C88A38CAC8B7BFFFFFFFFFFE2
:1094EC00FFFFFFFFFFFFFFFFFFFFFFFFFFFF1C4121
:1094FC005D4E70ECE2D1B6D4D8DADBDCDDDCDDDE3F
:10950C00DDDEDFDFE0E0C6C9C5A2CCA6A8A8AAAA0A
:10951C00AA8585838C88A3ACAB8C7BFFFFFFFFFFF8
:10952C00FFFFFFFFFFFFFFFFFFFFFFFFFFFF739337
:10953C00CED2B8D5D8D9DADADADADBDBDCDDDDD2BB
:10954C0093D1DDC8E0E0C6CAA07E82CB82CBA482D8
:10955C0083A584868C8881ACAB8A7BFFFFFFFFFFE1
:10956C00FFFFFFFFFFFFFFFFFFFFFFFFFFFF9899CC
:10957C00D7C0C0C0C0D8D8D9D9DADADBDCDEDCD1B0
:10958C00CEFEB2C9E0C5C6CAC4C2A0A4A4A683823A
:10959C008484A5A58C8A81ABAA8A7BFFFFFFFFFF81
:1095AC00FFFFFFFFFFFFFFFFFFFFFFFFFFFF98998C
:1095BC00BED5D5D7D7C0D8D9D9DADBDCDEDCDBDF3A
:1095CC00DCEFEFC1E0C4C6CAA2A0A4A4A08382822F
:1095DC00838485848C8A9FAAAA877BFFFFFFFFFF69
:1095EC00FFFFFFFFFFFFFFFFFFFFFFFFFFFF98994C
:1095FC00BEBEBED5C0C0C0D5D7D7D1CED2E2D2C99F
:10960C00D4FE5DD3C5A2C5C9A0A0A4A4A483A3A560
:10961C00A58485858C8A9FA8A8877BFFFFFFFFFF09
:10962C00FFFFFFFFFFFFFFFFFFFFFFFFFF0198B6EC
:10963C00B8B8BED3CEB8B891B2E2E1D8B8FED3C7B1
:10964C0093CEE290DDA2C4A4A0A0A49FA4A5828383
:10965C00A5A5A5828C8A9EA8A6867BFFFFFFFFFF8F
:10966C00FFFFFFFFFFFFFFFFFFFFFFFFFFFF98B6AE
:10967C00E2E2D4E2FED1D3FED1E193D5D4FEB8D64A
:10968C00FEBFB85DB7C5A2A4A0A29F9F9EA39F7E5C
:10969C007D7D7D7D8C8AA0A6CC857BFFFFFFFFFFA7
:1096AC00FFFFFFFFFFFFFFFFFFFFFFFFFFFFB3B554
:1096BC00E193D391FE93D241B2D4D2D2B2FED3D1A4
:1096CC003EC1D675E47EA0A29D9B9D9D9C9D9C7DDC
:1096DC007D81A5858C887DCCCC847AFFFFFFFFFF34
:1096EC00FFFFFFFFFFFFFFFFFFFFFFFFFFFFB3B514
:1096FC00E193D141E191D1FED1D3D1D4B241D3E1A7
:10970C00D2C1C1BBBFC27E7F9B9B9A7F7EA383A528
:10971C00858687888A877ECCCACB7AFFFFFFFFFFBE
:10972C00FFFFFFFFFFFFFFFFFFFFFFFFFFFFB3B4D4
:10973C00E193E291B241E2FED1B8E2EEE2BBDEDDB2
:10974C009B9B9BC1C2C2C27E7E7E9FA48282A5A52A
:10975C008485868688867ECAC9CB7AFFFFFFFFFF89
:10976C00FFFFFFFFFFFFFFFFFFFFFFFFFFFFB3B494
:10977C00E1E19193D3E191FECEDCDEDDDEC8C9C21E
:10978C00BFD69A9B9B9C9D9D7E7E7D9F81A3828351
:10979C00A584868686839CCAC9CB7AFFFFFFFFFF10
:1097AC00FFFFFFFFFFFFFFFFFFFFFFFFFFFF97E440
:1097BC00E175FEE4D3E2FEFECEDDDEDFDFE0DEBDF2
:1097CC00BDBFBF9A9A9B9C9C9D7E7F9E81819E9FD4
:1097DC00817D7E7D9F9F7FC1C2C67AFFFFFFFFFF09
:1097EC00FFFFFFFFFFFFFFFFFFFFFFFFFFFF97E400
:1097FC00E1FEFED1D2D193E2B8DEDEDFC7C8D6B926
:10980C00BBBDBFBF9A9A9B9A9A9C9B9A9B9D9D7E2F
:10981C00A082A8A8AB8D8D8A80C37BFFFFFFFFFFC2
:10982C00FFFFFFFFFFFFFFFFFFFFFFFFFFFFE3CF88
:10983C0093E1E2D1B2B2D2D2D6DFDFC7C9DDB7B97C
:10984C00B7B7B9B9B7B7BBBDD6D6DCDFC5CAA8ABFD
:10985C008A8BA9A7A789CD7AF6FFFFFFFFFFFFFF31
:10986C00FFFFFFFFFFFFFFFFFFFFFFFFFFFFE3CF48
:10987C00E4CED1D1D1B2B2D2DDDFDFDEC2D3B2D2EF
:10988C00D2D3B8D4D5D8DBDDC483C3A1A9A7897C36
:10989C007AADFFFFFFFFFFFFFFFFFFFFFFFFFFFFA3
:1098AC00FFFFFFFFFFFFFFFFFFFFFFFFFFFFB09377
:1098BC00E4E4E4CECECEE4D1B8D2D1E4CFE4B4B675
:1098CC00B8BD9C98C3A113BC797AF5FFFFFFFFFFCD
:1098DC00FFFFFFFFFFFFFFFFFFFFFFFFFFFFFFFF8C
:1098EC00FFFFFFFFFFFFFFFFFFFFFFFFFFFFB0FECC
:1098FC00769393E17671717693E2AFD0B3B1E5F1E3
:10990C00BCF2F401FFFFFFFFFFFFFFFFFFFFFFFFB4
:10991C00FFFFFFFFFFFFFFFFFFFFFFFFFFFFFFFF4B
:10992C00FFFFFFFFFFFFFFFFFFFFFFFFFFFF12F037
:10993C00789292AF7818B115F172F303FFFFFFFF25
:10994C00FFFFFFFFFFFFFFFFFFFFFFFFFFFFFFFF1B
:10995C00FFFFFFFFFFFFFFFFFFFFFFFFFFFFFFFF0B
:10996C00FFFFFFFFFFFFFFFFFFFFFFFFFFFFFFFFFB
:10997C00FF9494FDF5FFFFFFFFFFFFFFFFFFFFFFCD
:10998C00FFFFFFFFFFFFFFFFFFFFFFFFFFFFFFFFDB
:10999C00FFFFFFFFFFFFFFFFFFFFFFFFFFFFFFFFCB
:1099AC00FFFFFFFFFFFFFFFFFFFFFFFFFFFFFFFFBB
:1099BC00FFFFFFFFFFFFFFFFFFFFFFFFFFFFFFFFAB
:1099CC00FFFFFFFFFFFFFFFFFFFFFFFFFFFFFFFF9B
:1099DC00FFFFFFFFFFFFFFFFFFFFFFFFFFFFFFFF8B
:1099EC00FFFFFFFFFFFFFFFFFFFF00000000000075
:1099FC00000054525545564953494F4E2D5846492F
:109A0C004C452E0000010100000001180000000070
:109A1C00400040000808FFFFFF010101000001ECBD
:109A2C00EEEFF3F5F6F9FBFC0103040C161A2D4EC0
:109A3C00590407085AC9EE0710134FC5ED4FC6EE6F
:109A4C0050C8F14DC4ED4CC5EE4BC6F049C3EC4AC1
:109A5C00C4ED4CCAF449C4ED49C4EECEECF5A0E219
:109A6C00F692DEF5395A647CD8F37AD7F378D6F2CD
:109A7C005498AD77D6F574D5F24D8FA372D4F2709D
:109A8C00D3F16FD3F123434D5FB7D16DD2F0488B37
:109A9C00A056A9C264C5E26AD1F064CAE966CFEFE8
:109AAC005AB8D462C9E862CCED63CEF040879D46CB
:109ABC0093AC5CC2E25EC7E861CDEF5ECBEE5ECCF0
:109ACC00EF52B5D45BC9EB59C6E85CCBEE5ACAED84
:109ADC003F8FA8459BB74BA9C656C1E35ACAEF584E
:109AEC00C9ED59CAEF52BCDE58C9EE57C9ED55C67F
:109AFC00EA56C9EF56CAEF285F714BB2D454C8EE80
:109B0C0051C3E853C8EE4CBADE4EBFE451C6EC5319
:109B1C00CBF250C7EE4DC3EA4DC4EA4DC6ED3FA3A0
:109B2C00C44DC6EE4BC5ED4AC3EB4ED0FBCFF2FB9A
:109B3C00C5EFFABEE8F3B7E1ECBCECF9AFE8F89886
:109B4C00CFDEA9E6F7A1DEEEA6E6F7A2E5F79DE2E9
:109B5C00F699E2F696E1F590E0F581CCE089DBF13F
:109B6C008ADEF47BC9DD88DCF464A4B56BB0C286F4
:109B7C00DDF46FB9CC84DAF376C5DA6CB5C983DC65
:109B8C00F45C9BAC65AABD80D9F082DBF35895A63A
:109B9C007CD4EC80DAF37ED9F25492A473CBE278C5
:109BAC00D6EE62AFC46ABDD475D1EA67B8CF5BA4F8
:109BBC00B864B4CB75D3EE71D0E976D6F26CC8E04C
:109BCC00559EB36DCCE671D2EE67C4DD4E95A96798
:109BDC00CAE56ACEEA60C0DA59B2CC5ABED93A7D2F
:109BEC009055BCD7B6EBF8A7DBE8B3EAF8ABE8F7CF
:109BFC0098D9E89FE5F699DEEF9AE5F68DD7E894CB
:109C0C00E1F38EDAEB7DC0D189D4E593E2F576B63B
:109C1C00C68EDEF28FE1F38CDFF47BC7DA81D1E5FF
:109C2C0087DBF089DDF274BDCF85D8ED83D6EB866A
:109C3C00DDF182DBF07BD0E572C2D67CD8EF050972
:109C4C000A74D5EC78DDF472D4EC75DCF374DBF3C8
:109C5C0075DDF56ED2EB71DAF272DCF56DD9F215B9
:109C6C002A2F67CEE86BD9F269D7F166D6F063D5A7
:109C7C00EF64D8F461D4EF5ED3EF5FD9F55CD2EE2C
:109C8C005BD1EE57CDEA58D0EDC8EDF5B6E9F3BD92
:109C9C00F3FDB0E6F1B7EFFB83B1BBB0EFFBA7E48C
:109CAC00F17BA9B290C7D3AAEDFAABEFFCA5EAF908
:109CBC00659099A4EDFB2D41454F747C9EE8F89C72
:109CCC00EBFA69A0AC96E4F595E9F990E7F88FE921
:109CDC00FB8BE5F888E4F784E2F682E4F87FE0F5A4
:109CEC007CDFF479DEF472DCF3D7F8FECFF7FEC933
:109CFC00F6FEC4F5FEB5F2FD0A1011060C0DE4FCDF
:109D0C00FFE1E3E3E6E8E8010202030606CFCDCD6E
:109D1C00FFFFFF000000FFFFFFFFFFFFFFFFFFFF44
:109D2C00FFFFFFFFFFFFFFC3080BFFFFFFFFFFFF5E
:109D3C00FFFFFFFFFFFFFFFFFFFFFFFFFFFFFFFF27
:109D4C00FFFFFFFFFFFFFFFFFFFFFFFFFFFFFFFF17
:109D5C00FFFFFFFFFFFFFFFFFFFFFFFFFFFFFFFF07
:109D6C00FFFFFFFFFFFF4BCFCC88FCFFFFFFFFFF88
:109D7C00FFFFFFFFFFFFFFFFFFFFFFFFFFFFFFFFE7
:109D8C00FFFFFFFFFFFFFFFFFFFFFFFFFFFFFFFFD7
:109D9C00FFFFFFFFFFFFFFFFFFFFFFFFFFFFFFFFC7
:109DAC00FFFFFFFF0698CFD0CC8907FFFFFFFFFF17
:109DBC00FFFFFFFFFFFFFFFFFFFFFFFFFFFFFFFFA7
:109DCC00FFFFFFFFFFFFFFFFFFFFFFFFFFFFFFFF97
:109DDC00FFFFFFFFFFFFFFFFFFFFFFFFFFFFFFFF87
:109DEC00FFFFFFB832D0D0D0CC8907FFFFFFFFFFB9
:109DFC00FFFFFFFFFFFFFFFFFFFFFFFFFF02F70B60
:109E0C00FBFFFFFFFFFFFFFFFFFFFFFFFFFFFFFF5A
:109E1C00FFFFFFFFFFFFFFFFFFFFFFFFFFFFFFFF46
:109E2C00FFFF0B3FD0D0D0D0CC8707FFFFFFFFFF49
:109E3C00FFFFFFFFFFFFFFFB0202B8C34B3F120CFB
:109E4C001AFFFFFFFFFFFFFFFFFFFFFFFFFFFFFFFB
:109E5C00FFFFFFFFFFFFFFFFFFFFFFFFFFFFFF0203
:109E6C00FFC340D0CECECED0CC8707FFFFFFFFFF85
:109E7C00FFFF020602FB0BC34B3F5B5C5C11110E38
:109E8C0021FBFFFFFFFFFFFFFFFFFFFFFFFFFFFFB8
:109E9C00FFFFFFFFFFFFFFFFFFFFFFFFFFFFFFFFC6
:109EAC00C399CECECECECECECC8507FFFFFF02FF20
:109EBC00FF020BC34B58105C141411131313160E22
:109ECC0021FBFFFFFFFFFFFFFFFFFFFFFFFFFFFF78
:109EDC00FFFFFFFFFFFFFFFFFFFFFFFFFFFFFB2564
:109EEC0041CDCDCDCDCDCDCEC98507FFFF060BC362
:109EFC004B3F5059590F555B5B1313131313160E2D
:109F0C0021FBFFFFFFFFFFFFFFFFFFFFFFFFFFFF37
:109F1C00FFFFFFFFFFFFFFFFFFFFFFFFFFFC08C47A
:109F2C00CDCDCDCDCDCDCDCDC985C3C308983F4CBE
:109F3C00505050515155550F5A5A5A131313160E5F
:109F4C0021FBFFFFFFFFFFFFFFFFFFFFFFFFFFFFF7
:109F5C00FFFFFFFFFFFFFFFFFFFFFFFF014B2CBFCA
:109F6C00CBCBCBCBCBCBCBCBC985983E3F3F584053
:109F7C004C50505151560F0F0F5A5A131313160EB3
:109F8C0081FBFFFFFFFFFFFFFFFFFFFFFFFFFFFF57
:109F9C00FFFFFFFFFFFFFFFFFFFFFFFC98C4C4BFE5
:109FAC00CBCACACACACACACBC9B698323E3F3F400E
:109FBC004C505051550C0F0C57595A5A5A13160EE7
:109FCC001EFBFFFFFFFFFFFFFFFFFFFFFFFFFFFF7A
:109FDC00FFFFFFFFFFFFFFFFFFFFFF3E2AC4C4BFD1
:109FEC00CACACACACACACACAC9B632323E3F3F4036
:109FFC004C50454E4E0C0C0C0C59105A5A5A150E0E
:10A00C001EFBFFFFFFFFFFFFFFFFFFFFFFFFFFFF39
:10A01C00FFFFFFFFFFFFFFFFFFFFFF9993C494BFFC
:10A02C00CAC8C8C8C8C8C8CAC57632323E3F3F4045
:10A03C004C45514E525254540D0D5759105A160E40
:10A04C008EFBFFFFFFFFFFFFFFFFFFFFFFFFFFFF89
:10A05C00FFFFFFFFFFFFFFFFFFFFFF9993C494BBC0
:10A06C00C8C7C7C7C8C8C7C8C5AC32323E3F3F40D7
:10A07C004C45514E52525254540D0D5959105A0EC2
:10A08C008EFBFFFFFFFFFFFFFFFFFFFFFFFFFFFF49
:10A09C00FFFFFFFFFFFFFFFFFFFFFF99939494BBB0
:10A0AC00C7C7C7C7C7C7C7C7C56F3232333F3F40E3
:10A0BC003945414848524F4F545454595959100E30
:10A0CC0088FBFFFFFFFFFFFFFFFFFFFFFFFFFFFF0F
:10A0DC00FFFFFFFFFFFFFFFFFFFFFF999394BFB947
:10A0EC00C7C6C6C6C6C6C6C7C26C2832333F3F40B9
:10A0FC0039454148484D4D4F4F5454540D59105308
:10A10C0088FBFFFFFFFFFFFFFFFFFFFFFFFFFFFFCE
:10A11C00FFFFFFFFFFFFFFFFFFFFFF9993BFBFB9DB
:10A12C00C6C6C6C6C6C6C6C6C16C2832333F3F407B
:10A13C003945414848474D4D4F4F54545459595344
:10A14C008802FFFFFFFFFFFFFFFFFFFFFFFFFFFF87
:10A15C00FFFFFFFFFFFFFFFFFFFFFF998FBFBF83D5
:10A16C00C5C5C5C5C5C5C5C5C1AD2832333F3F4002
:10A17C003941413B4347494D4D4D4F54545459532C
:10A18C007A01FFFFFFFFFFFFFFFFFFFFFFFFFFFF56
:10A19C00FFFFFFFFFFFFFFFFFFFFFF978FBFBB839B
:10A1AC00C5C2C2C2C5C2C2C5BEA62132333F3F968C
:10A1BC0039413B3B43464649494D4D4F4F5454530F
:10A1CC008401FFFFFFFFFFFFFFFFFFFFFFFFFFFF0C
:10A1DC00FFFFFFFFFFFFFFFFFFFFFF978FBFBB835B
:10A1EC00C2C0C0C2C0C0C0C2BEA62132333F2939D2
:10A1FC0097413B3A3D42444647494D4D4F54545389
:10A20C008402FFFFFFFFFFFFFFFFFFFFFFFFFFFFCA
:10A21C00FFFFFFFFFFFFFFFFFFFFFF978FBBB9B7EC
:10A22C00C0C0C0C0C0C0C0C0EFA49232923F402E8C
:10A23C009734353C3C424244434949494D4F544A7A
:10A24C0085FCFFFFFFFFFFFFFFFFFFFFFFFFFFFF8F
:10A25C00FFFFFFFFFFFFFFFFFFFFFF978BB983B7E8
:10A26C00F0BDBDBDBDBDBDF0EFA492323329962E1D
:10A27C00343435373C3C3C420A444A49494D4F49F9
:10A28C00B6F7FFFFFFFFFFFFFFFFFFFFFFFFFFFF23
:10A29C00FFFFFFFFFFFFFFFFFFFFFF978BB98380DF
:10A2AC00BDBCBCBCBCBCBCBCEFA992328E292E97E9
:10A2BC003435353737383C3C4242444A4A494F449E
:10A2CC00B6F7FFFFFFFFFFFFFFFFFFFFFFFFFFFFE3
:10A2DC00FFFFFFFFFFFFFFFFFFFFFF978B8383B4A1
:10A2EC00BEBABABABABABABDE9A021288E962E95D2
:10A2FC00342F2F303636373C3C3C4244444A4D4296
:10A30C0076F7FFFFFFFFFFFFFFFFFFFFFFFFFFFFE2
:10A31C00FFFFFFFFFFFFFFFFFFFFFF958B83B7B42E
:10A32C00EFEFEFEFEFEFEFED9D7A28928896959592
:10A33C002A2F303036363638373C42424444493C7A
:10A34C0076F7FFFFFFFFFFFFFFFFFFFFFFFFFFFFA2
:10A35C00FFFFFFFFFFFFFFFFFFFFFF958683B7B3F4
:10A36C00EEEEEEEEEEEEEFE3A898211E2996952A7E
:10A37C002A2C3031313136363838383C4244443668
:10A38C006FF7FFFFFFFFFFFFFFFFFFFFFFFFFFFF69
:10A39C00FFFFFFFFFFFFFFFFFFFFFF9586B77BB3BC
:10A3AC00EEEDEDEDEDEDEEA37D32818E2926952AB5
:10A3BC0093C4302D2D313136363838383C42423149
:10A3CC006FF7FFFFFFFFFFFFFFFFFFFFFFFFFFFF29
:10A3DC00FFFFFFFFFFFFFFFFFFFFFF9583B7B46E8B
:10A3EC00EDEDEDEDEDEDEDA481281E8E2926912AE3
:10A3FC0093942D2D2D2D3131313638383838382D68
:10A40C00ACF7FFFFFFFFFFFFFFFFFFFFFFFFFFFFAB
:10A41C00FFFFFFFFFFFFFFFFFFFFFF957E7BB3AB4F
:10A42C00EDEDEBEBEBEBECA281211E8E84269193F0
:10A43C0094942B2D2D2D2D2D313136363636362B41
:10A44C00ACF7FFFFFFFFFFFFFFFFFFFFFFFFFFFF6B
:10A45C00FFFFFFFFFFFFFFFFFFFFFF917EB4B3AADB
:10A46C00EBEBEBEBEBEBECA281211E8884858D8F63
:10A47C0094942B2B2B2B2D2D2D313131313131242B
:10A48C00A5F7FFFFFFFFFFFFFFFFFFFFFFFFFFFF32
:10A49C00FFFFFFFFFFFFFFFFFFFFFF917EB3AFAAA0
:10A4AC00EBEBEBEBEBEBEAA27D218E8884858D8FB9
:10A4BC0094BF27272B2B2B2D2D2D2D312D2D2B22E2
:10A4CC00A5B8FFFFFFFFFFFFFFFFFFFFFFFFFFFF31
:10A4DC00FFFFFFFFFFFFFFFFFFFFFF917BB3ABA76A
:10A4EC00EAEAEAEAEAEAEAA47D818E8889918D8F0C
:10A4FC00BF90272727272B2B2B2D2D2D2B2B278C54
:10A50C00A8B8FFFFFFFFFFFFFFFFFFFFFFFFFFFFED
:10A51C00FFFFFFFFFFFFFFFFFFFFFF917BAFAAE5F0
:10A52C00EAE9E9E9E9E9E9A47D81888889B68F8BB4
:10A53C00BF9023242727272B2B2B2B2B2B27231F99
:10A54C007707B8B8FFFFFFFFFFFFFFFFFFFFFFFF1D
:10A55C00FFFFFFFFFFFFFFFFFFFFFF91B1A96BA103
:10A56C00E9E9E9E9E9E9E8A47D7D887A878D8B8BB7
:10A57C0090902323232427272B2B27272423208C3D
:10A58C009089767AC3FFFFFFFFFFFFFFFFFFFFFFFE
:10A59C00FFFFFFFFFFFFFFFFFFFFFF91B1AAA7E245
:10A5AC00E9E7E7E7E7E7E69E7D79887A8782868A9E
:10A5BC008A8A22222223242427272423228C1D7BCF
:10A5CC006519196C2501FFFFFFFFFFFFFFFFFFFF60
:10A5DC00FFFFFFFFFFFFFFFFFFFFFF8DAEAAA7E20C
:10A5EC00E7E7E7E7E7E6E6A0797D88848582868A57
:10A5FC008A20202022232323242322228C1D1B7516
:10A60C00F9F9F96325FFFFFFFFFFFFFFFFFFFFFFD6
:10A61C00FFFFFFFFFFFFFFFFFFFFFF8DAEA7E5E290
:10A62C00E7E7E7E6E6E3E3A079798872858286833B
:10A63C00838C8C8C202022222220208C1D80806DEB
:10A64C00F9FAFA6308FFFFFFFFFFFFFFFFFFFFFFB1
:10A65C00FFFFFFFFFFFFFFFFFFFFFF8DAFE5A1DD5A
:10A66C00E7E6E6E6E3E3DF6579797A84858286833B
:10A67C00831D1D8C8C8C20208C8C1D1B807F75A9C0
:10A68C00FAFAFA6308FFFFFFFFFFFFFFFFFFFFFF70
:10A69C00FFFFFFFFFFFFFFFFFFFFFF8DAFE5A1DD1A
:10A6AC00E6E6E3E3E3DFDF6579797A72B6827EB7BB
:10A6BC001C1C1D1D8C8C8C8C8C1C1B80757070193B
:10A6CC00FA03036308FFFFFFFFFFFFFFFFFFFFFF1E
:10A6DC00FFFFFFFFFFFFFFFFFFFFFF8DA9E5E2DD9F
:10A6EC00E6E3E3E3DFDFDCD879797A77B6B57EB7DA
:10A6FC001B1B1C1C1D1D1D1D1C1B7F757070AB6A4C
:10A70C000303039E0801FFFFFFFFFFFFFFFFFFFF97
:10A71C00FFFFFFFFFFFFFFFFFFFFFF8DA9A1E2DBA4
:10A72C00E3E3E3DFDFDFD7D8E4717A77B6B57EB742
:10A73C0080801B1B1C1B1B1B807F75706E1919687E
:10A74C000304049B08FFFFFFFFFFFFFFFFFFFFFF5A
:10A75C00FFFFFFFFFFFFFFFFFFFFFF82A9A1E2DB6F
:10A76C00E3DFDFDFDCD7D7D471717277B6B5B78092
:10A77C00808080801B1B807F7F7570AB6B196A1883
:10A78C000404049B08FFFFFFFFFFFFFFFFFFFFFF19
:10A79C00FFFFFFFFFFFFFFFFFFFFFF82A9A1DDD738
:10A7AC00DFDFDCDCD7D7F5D47171727476B57B7BC7
:10A7BC0080807F8080807F7C7570AB191969696699
:10A7CC000405059B0802FFFFFFFFFFFFFFFFFFFFD4
:10A7DC00FFFFFFFFFFFFFFFFFFFFFF82AA9FDDD7F9
:10A7EC00DFDCDCD7D7F5D3D271717274767E7B7FC8
:10A7FC007F7F7F7F7F7C787370AB196A6968186480
:10A80C0005FE05601AFFFFFFFFFFFFFFFFFFFFFFC5
:10A81C00FFFFFFFFFFFFFFFFFFFFFF82A367DBF5DB
:10A82C00DCD7D7F5F5D3D3D271717274767EB47C44
:10A83C007C7C7C787878706EAB6B6A696818676220
:10A84C0004FD056008FFFFFFFFFFFFFFFFFFFFFF99
:10A85C00FFFFFFFFFFFFFFFFFFFFFF82A3DDDBD545
:10A86C00DCF5F5F5D3D3F45F7A7172B06FB2B47CCA
:10A87C007878787873706EAB6B6A69686766649C7D
:10A88C0004FDFE601AFFFFFFFFFFFFFFFFFFFFFF4E
:10A89C00FFFFFFFFFFFFFFFFFFFFFFB5E5DDD7D594
:10A8AC00D7F5F5D3D3F4F35F7A7177B6ADB4757889
:10A8BC0073737373706EA9196A69686766649DD542
:10A8CC0003FD05601AFFFFFFFFFFFFFFFFFFFFFF08
:10A8DC00FFFFFFFFFFFFFFFFFFFFFFB5A19DD7D3DA
:10A8EC00F5D3D3D3F4F4F3617272B06FB2AE737369
:10A8FC0073737370ABAB6B6A696867666462626131
:10A90C0005F9055F1AFFFFFFFFFFFFFFFFFFFFFFCA
:10A91C00FFFFFFFFFFFFFFFFFFFFFFB59F9DD5D39D
:10A92C00F5D3D3F4F4F3F2D17277ACADB1B3737059
:10A93C0070706EAB6B6B6A699F67669D629C9C6165
:10A94C0005F9055F1AFFFFFFFFFFFFFFFFFFFFFF8A
:10A95C00FFFFFFFFFFFFFFFFFFFFFFAD9FD7D5F40A
:10A96C00D3D3F4F4F3F2F1D1A8B06CB2AEAF706EF5
:10A97C006E6EAB6B6B6A699F67669D629C9A9A5E02
:10A98C0004FDFED11AFFFFFFFFFFFFFFFFFFFFFFDC
:10A99C00FFFFFFFFFFFFFFFFFFFFFFAD66D7D5F403
:10A9AC00D3F4F4F3F2F2F15EB0B6ADB26DAF6EABC0
:10A9BC00ABAB6BA76A699F67669D629C9A61615E8F
:10A9CC0004FD05D11AFFFFFFFFFFFFFFFFFFFFFF95
:10A9DC00FFFFFFFFFFFFFFFFFFFFFFA6669AD3F30A
:10A9EC00F4F3F3F2F2F1F15DA576ADB1AFAFABAB31
:10A9FC006B6BA76A699F67669D629C9A6161615ED9
:10AA0C0004FDFE171AFBFFFFFFFFFFFFFFFFFFFF19
:10AA1C00FFFFFFFFFFFFFFFFFFFFFFA69DD5D3F357
:10AA2C00F4F3F2F2F1F1F85DA56FB2AEAF6EAB6B71
:10AA3C006BA7E5699F67669D629C9A6161615E5D2B
:10AA4C0005FD05171A02FFFFFFFFFFFFFFFFFFFFCA
:10AA5C00FFFFFFFFFFFFFFFFFFFFFFA69D615EF201
:10AA6C00F3F2F2F2F1F8F89BB0ADB1AF6E6E6B6B26
:10AA7C00A76A699F67669D629C9A61615E5E5E5D76
:10AA8C00050405171AFFFFFFFFFFFFFFFFFFFFFF86
:10AA9C00FFFFFFFFFFFFFFFFFFFFFFA26261F4F26A
:10AAAC00F2F2F1F8F8D163746FB1AE6EAB6B6B6B05
:10AABC006A699F67669D629C9A61615E5E5E5D5D80
:10AACC00F8F8F8D11AFFFFFFFFFFFFFFFFFFFFFFB2
:10AADC00FFFFFFFFFFFFFFFFFFFFFF9E62D3F4F2BC
:10AAEC00F2F1F8D1DA77746CB1AF6EABAB6B6B6A19
:10AAFC0069689F669D629C9A61615E5D5D5DF1F126
:10AB0C005DD15FA8C3FFFFFFFFFFFFFFFFFFFFFF4C
:10AB1C00FFFFFFFFFFFFFFFFFFFFFF9E9A5EF4F1B9
:10AB2C00F8D1DA72776FB26D6E6E6EABAB6BA76AE3
:10AB3C0069679D9C9A615E5E5ED15F6063D6DEE163
:10AB4C001A08C3B8FFFFFFFFFFFFFFFFFFFFFFFF68
:10AB5C00FFFFFFFFFFFFFFFFFFFFFF9E9AF3F8D100
:10AB6C00DA72776FB2B3737373ABA76A69679D9C24
:10AB7C009A9AD29BDAD9DEE11A08C307B8FBFFFF19
:10AB8C00FFFFFFFFFFFFFFFFFFFFFFFFFFFFFFFFC9
:10AB9C00FFFFFFFFFFFFFFFFFFFFFF9E5D5E637286
:10ABAC00896FB1A4A96A18D89DD8D89BDAD9DEE1EF
:10ABBC001AE0C3F60901FFFFFFFFFFFFFFFFFFFFD6
:10ABCC00FFFFFFFFFFFFFFFFFFFFFFFFFFFFFFFF89
:10ABDC00FFFFFFFFFFFFFFFFFFFFFF6060A5DA63D2
:10ABEC00D8D8D89BDAD9DEE11AE0C3F6FC01FFFF16
:10ABFC00FFFFFFFFFFFFFFFFFFFFFFFFFFFFFFFF59
:10AC0C00FFFFFFFFFFFFFFFFFFFFFFFFFFFFFFFF48
:10AC1C00FFFFFFFFFFFFFFFFFFFF01E0DA63E4E14F
:10AC2C001AE0C3F6FCFFFFFFFFFFFFFFFFFFFFFF74
:10AC3C00FFFFFFFFFFFFFFFFFFFFFFFFFFFFFFFF18
:10AC4C00FFFFFFFFFFFFFFFFFFFFFFFFFFFFFFFF08
:10AC5C00FFFFFFFFFFFFFFFFFFFFFFFFFFFFFFFFF8
:10AC6C00FFFFFFFFFFFFFFFFFFFFFFFFFFFFFFFFE8
:10AC7C00FFFFFFFFFFFFFFFFFFFFFFFFFFFFFFFFD8
:10AC8C00FFFFFFFFFFFFFFFFFFFFFFFFFFFFFFFFC8
:10AC9C00FFFFFFFFFFFFFFFFFFFFFFFFFFFFFFFFB8
:10ACAC00FFFFFFFFFFFFFFFFFFFFFFFFFFFFFFFFA8
:10ACBC00FFFFFFFFFFFFFFFFFFFFFFFFFFFFFFFF98
:10ACCC00FFFFFFFFFFFFFFFFFFFFFFFFFFFFFFFF88
:10ACDC00FFFFFFFFFFFFFFFFFFFFFFFFFFFFFFFF78
:10ACEC00FFFFFFFFFFFFFFFFFFFFFFFFFFFFFFFF68
:10ACFC00FFFFFFFFFFFFFFFFFFFFFFFFFFFFFFFF58
:10AD0C00FFFFFFFFFFFFFFFFFFFFFFFFFFFFFFFF47
:10AD1C00FFFFFFFFFFFF0000000000000000545287
:10AD2C005545564953494F4E2D5846494C452E00D2
:10AD3C0000010100000001180000000020002000AC
:10AD4C0008080000000000000000000000000000E7
:10AD5C0000000000000000000000000000000000E7
:10AD6C0000000000000000000000000000000000D7
:10AD7C0000000000000000000000000000000000C7
:10AD8C0000000000000000000000000000000000B7
:10AD9C0000000000000000000000000000000000A7
:10ADAC000000000000000000000000000000000097
:10ADBC000000000000000000000000000000000087
:10ADCC000000000000000000000000000000000077
:10ADDC000000000000000000000000000000000067
:10ADEC000000000000000000000000000000000057
:10ADFC000000000000000000000000000000000047
:10AE0C000000000000000000000000000000000036
:10AE1C000000000000000000000000000000000026
:10AE2C000000000000000000000000000000000016
:10AE3C000000000000000000000000000000000006
:10AE4C0000000000000000000000000000000000F6
:10AE5C0000000000000000000000000000000000E6
:10AE6C0000000000000000000000000000000000D6
:10AE7C0000000000000000000000000000000000C6
:10AE8C0000000000000000000000000000000000B6
:10AE9C0000000000000000000000000000000000A6
:10AEAC000000000000000000000000000000000096
:10AEBC000000000000000000000000000000000086
:10AECC000000000000000000000000000000000076
:10AEDC000000000000000000000000000000000066
:10AEEC000000000000000000000000000000000056
:10AEFC000000000000000000000000000000000046
:10AF0C000000000000000000000000000000000035
:10AF1C000000000000000000000000000000000025
:10AF2C000000000000000000000000000000000015
:10AF3C000000000000000000000000000000000005
:10AF4C0000000000000000000000000000000000F5
:10AF5C0000000000000000000000000000000000E5
:10AF6C0000000000000000000000000000000000D5
:10AF7C0000000000000000000000000000000000C5
:10AF8C0000000000000000000000000000000000B5
:10AF9C0000000000000000000000000000000000A5
:10AFAC000000000000000000000000000000000095
:10AFBC000000000000000000000000000000000085
:10AFCC000000000000000000000000000000000075
:10AFDC000000000000000000000000000000000065
:10AFEC000000000000000000000000000000000055
:10AFFC000000000000000000000000000000000045
:10B00C000000000000000000000000000000000034
:10B01C000000000000000000000000000000000024
:10B02C000000000000000000000000000000000014
:10B03C000000008080800101730000FFFFFFFF0013
:10B04C000000FFFFFFFFFFFFFFFFFFFFFFFFFFFF02
:10B05C00FFFFFFFFFFFFFFFFFFFFFFFFFFFFFFFFF4
:10B06C00FFFFFFFFFFFFFFFFFFFFFFFFFFFFFFFFE4
:10B07C00FFFFFFFFFFFFFFFFFFFFFFFFFFFFFFFFD4
:10B08C00FFFFFFFFFFFFFFFFFFFFFFFFFFFFFFFFC4
:10B09C00FFFFFFFFFFFFFFFFFFFFFFFFFFFFFFFFB4
:10B0AC00FFFFFFFFFFFFFFFBFBFBFBFBFBFBFBFBC8
:10B0BC00FBFBFBFBFBFBFBFBFBFBFBFBFBFBFBFFD0
:10B0CC00FFFFFFFFFFFFFDFDFDFDFDFDFDFDFDFD98
:10B0DC00FDFDFDFDFDFDFDFDFDFDFDFDFDFDFBFF94
:10B0EC00FFFFFFFFFFFFFDFDFDFDFDFDFDFDFDFD78
:10B0FC00FDFDFDFDFDFDFDFDFDFDFDFDFDFDFBFF74
:10B10C00FFFFFFFFFFFFFDFDFDFDFDFDFDFDFDFD57
:10B11C00FDFDFDFDFDFDFDFDFDFDFDFDFDFDFBFF53
:10B12C00FFFFFFFFFFFFFDFDFDFCFCFDFDFDFDFD39
:10B13C00FDFDFDFDFDFDFDFDFDFCFCFDFDFDFBFF35
:10B14C00FFFFFFFFFFFFFDFDFDFCFCFCFDFDFDFD1A
:10B15C00FDFDFDFDFDFDFDFDFCFCFCFDFDFDFBFF16
:10B16C00FFFFFFFFFFFFFDFDFDFDFCFCFCFDFDFDFA
:10B17C00FDFDFDFDFDFDFDFCFCFCFDFDFDFDFBFFF6
:10B18C00FFFFFFFFFFFFFDFDFDFDFDFCFCFCFDFDDA
:10B19C00FDFDFDFDFDFDFCFCFCFDFDFDFDFDFBFFD6
:10B1AC00FFFFFFFFFFFFFDFDFDFDFDFDFCFCFCFDBA
:10B1BC00FDFDFDFDFDFCFCFCFDFDFDFDFDFDFBFFB6
:10B1CC00FFFFFFFFFFFFFDFDFDFDFDFDFDFCFCFC9A
:10B1DC00FDFDFDFDFCFCFCFDFDFDFDFDFDFDFBFF96
:10B1EC00FFFFFFFFFFFFFDFDFDFDFDFDFDFDFCFC79
:10B1FC00FCFDFDFCFCFCFDFDFDFDFDFDFDFDFBFF77
:10B20C00FFFFFFFFFFFFFDFDFDFDFDFDFDFDFDFC57
:10B21C00FCFCFCFCFCFDFDFDFDFDFDFDFDFDFBFF57
:10B22C00FFFFFFFFFFFFFDFDFDFDFDFDFDFDFDFD36
:10B23C00FCFCFCFCFDFDFDFDFDFDFDFDFDFDFBFF36
:10B24C00FFFFFFFFFFFFFDFDFDFDFDFDFDFDFDFD16
:10B25C00FCFCFCFCFDFDFDFDFDFDFDFDFDFDFBFF16
:10B26C00FFFFFFFFFFFFFDFDFDFDFDFDFDFDFDFCF7
:10B27C00FCFCFCFCFCFDFDFDFDFDFDFDFDFDFBFFF7
:10B28C00FFFFFFFFFFFFFDFDFDFDFDFDFDFDFCFCD8
:10B29C00FCFDFDFCFCFCFDFDFDFDFDFDFDFDFBFFD6
:10B2AC00FFFFFFFFFFFFFDFDFDFDFDFDFDFCFCFCB9
:10B2BC00FDFDFDFDFCFCFCFDFDFDFDFDFDFDFBFFB5
:10B2CC00FFFFFFFFFFFFFDFDFDFDFDFDFCFCFCFD99
:10B2DC00FDFDFDFDFDFCFCFCFDFDFDFDFDFDFBFF95
:10B2EC00FFFFFFFFFFFFFDFDFDFDFDFCFCFCFDFD79
:10B2FC00FDFDFDFDFDFDFCFCFCFDFDFDFDFDFBFF75
:10B30C00FFFFFFFFFFFFFDFDFDFDFCFCFCFDFDFD58
:10B31C00FDFDFDFDFDFDFDFCFCFCFDFDFDFDFBFF54
:10B32C00FFFFFFFFFFFFFDFDFDFCFCFCFDFDFDFD38
:10B33C00FDFDFDFDFDFDFDFDFCFCFCFDFDFDFBFF34
:10B34C00FFFFFFFFFFFFFDFDFDFCFCFDFDFDFDFD17
:10B35C00FDFDFDFDFDFDFDFDFDFCFCFDFDFDFBFF13
:10B36C00FFFFFFFFFFFFFDFDFDFDFDFDFDFDFDFDF5
:10B37C00FDFDFDFDFDFDFDFDFDFDFDFDFDFDFBFFF1
:10B38C00FFFFFFFFFFFFFDFDFDFDFDFDFDFDFDFDD5
:10B39C00FDFDFDFDFDFDFDFDFDFDFDFDFDFDFBFFD1
:10B3AC00FFFFFFFFFFFFFDFDFDFDFDFDFDFDFDFDB5
:10B3BC00FDFDFDFDFDFDFDFDFDFDFDFDFDFDFFFFAD
:10B3CC00FFFFFFFFFFFFFFFFFFFFFFFFFFFFFFFF81
:10B3DC00FFFFFFFFFFFFFFFFFFFFFFFFFFFFFFFF71
:10B3EC00FFFFFFFFFFFFFFFFFFFFFFFFFFFFFFFF61
:10B3FC00FFFFFFFFFFFFFFFFFFFFFFFFFFFFFFFF51
:10B40C00FFFFFFFFFFFFFFFFFFFFFFFFFFFFFFFF40
:10B41C00FFFFFFFFFFFFFFFFFFFFFFFFFFFFFFFF30
:10B42C00FFFFFFFFFFFFFFFFFFFFFFFFFFFFFFFF20
:10B43C00FFFFFFFFFFFFFFFFFFFFFFFFFFFFFFFF10
:10B44C00FFFF000000000000000054525545564913
:10B45C0053494F4E2D5846494C452E0000010100D2
:10B46C000000011800000000200020000808000067
:10B47C0000000000000000000000000000000000C0
:10B48C0000000000000000000000000000000000B0
:10B49C0000000000000000000000000000000000A0
:10B4AC000000000000000000000000000000000090
:10B4BC000000000000000000000000000000000080
:10B4CC000000000000000000000000000000000070
:10B4DC000000000000000000000000000000000060
:10B4EC000000000000000000000000000000000050
:10B4FC000000000000000000000000000000000040
:10B50C00000000000000000000000000000000002F
:10B51C00000000000000000000000000000000001F
:10B52C00000000000000000000000000000000000F
:10B53C0000000000000000000000000000000000FF
:10B54C0000000000000000000000000000000000EF
:10B55C0000000000000000000000000000000000DF
:10B56C0000000000000000000000000000000000CF
:10B57C0000000000000000000000000000000000BF
:10B58C0000000000000000000000000000000000AF
:10B59C00000000000000000000000000000000009F
:10B5AC00000000000000000000000000000000008F
:10B5BC00000000000000000000000000000000007F
:10B5CC00000000000000000000000000000000006F
:10B5DC00000000000000000000000000000000005F
:10B5EC00000000000000000000000000000000004F
:10B5FC00000000000000000000000000000000003F
:10B60C00000000000000000000000000000000002E
:10B61C00000000000000000000000000000000001E
:10B62C00000000000000000000000000000000000E
:10B63C0000000000000000000000000000000000FE
:10B64C0000000000000000000000000000000000EE
:10B65C0000000000000000000000000000000000DE
:10B66C0000000000000000000000000000000000CE
:10B67C0000000000000000000000000000000000BE
:10B68C0000000000000000000000000000000000AE
:10B69C00000000000000000000000000000000009E
:10B6AC00000000000000000000000000000000008E
:10B6BC00000000000000000000000000000000007E
:10B6CC00000000000000000000000000000000006E
:10B6DC00000000000000000000000000000000005E
:10B6EC00000000000000000000000000000000004E
:10B6FC00000000000000000000000000000000003E
:10B70C00000000000000000000000000000000002D
:10B71C00000000000000000000000000000000001D
:10B72C00000000000000000000000000000000000D
:10B73C0000000000000000000000000000000000FD
:10B74C0000000000000000000000000000000000ED
:10B75C0000000000000000000000000000000000DD
:10B76C000000808080FF0000FFFFFF000000FFFF53
:10B77C00FFFFFFFFFFFFFFFFFFFFFFFFFFFFFFFFCD
:10B78C00FFFFFFFFFFFFFFFFFFFFFFFFFFFFFFFFBD
:10B79C00FFFFFFFFFFFFFFFFFFFFFFFFFFFFFFFFAD
:10B7AC00FFFFFFFFFFFFFFFFFFFFFFFFFFFFFFFF9D
:10B7BC00FFFFFFFFFFFFFFFFFFFFFFFFFFFFFFFF8D
:10B7CC00FFFFFFFFFFFFFFFFFFFFFFFFFFFFFFFF7D
:10B7DC00FFFFFFFFFFFFFFFFFFFFFFFFFFFFFCFC73
:10B7EC00FCFFFFFFFFFFFCFCFCFCFCFFFFFFFFFF6F
:10B7FC00FFFFFFFFFFFFFFFFFFFFFFFFFFFDFDFD53
:10B80C00FCFFFFFFFFFDFDFDFDFDFCFFFFFFFFFF4C
:10B81C00FFFFFFFFFFFFFFFFFFFFFFFFFDFDFDFD34
:10B82C00FCFFFFFFFFFDFDFDFDFDFCFFFFFFFFFF2C
:10B83C00FFFFFFFFFFFFFFFFFFFFFFFDFDFDFDFD16
:10B84C00FCFFFFFFFFFDFDFDFDFDFCFFFFFFFFFF0C
:10B85C00FFFFFFFFFFFFFFFFFFFFFDFDFDFDFDFDF8
:10B86C00FCFFFFFFFFFDFDFDFDFDFCFFFFFFFFFFEC
:10B87C00FFFFFFFFFFFFFFFFFFFDFDFDFDFDFDFDDA
:10B88C00FCFFFFFFFFFDFDFDFDFDFCFFFFFFFFFFCC
:10B89C00FFFFFFFFFFFFFFFFFDFDFDFDFDFDFDFDBC
:10B8AC00FCFFFFFFFFFDFDFDFDFDFCFFFFFFFFFFAC
:10B8BC00FFFFFFFFFFFFFFFDFDFDFDFDFDFDFDFD9E
:10B8CC00FCFFFFFFFFFDFDFDFDFDFCFFFFFFFFFF8C
:10B8DC00FFFFFFFFFFFFFDFDFDFDFDFDFDFDFDFD80
:10B8EC00FCFFFFFFFFFDFDFDFDFDFCFFFFFFFFFF6C
:10B8FC00FFFFFFFFFFFDFDFDFDFDFDFDFDFDFDFD62
:10B90C00FCFFFFFFFFFDFDFDFDFDFCFFFFFFFFFF4B
:10B91C00FFFFFFFFFDFDFDFDFDFDFDFDFDFDFDFD43
:10B92C00FCFFFFFFFFFDFDFDFDFDFCFFFFFFFFFF2B
:10B93C00FFFFFFFDFDFDFDFDFDFDFDFDFDFDFDFD25
:10B94C00FCFFFFFFFFFDFDFDFDFDFCFFFFFFFFFF0B
:10B95C00FFFFFDFDFDFDFDFDFDFDFDFDFDFDFDFD07
:10B96C00FCFFFFFFFFFDFDFDFDFDFCFFFFFFFFFFEB
:10B97C00FFFFFDFDFDFDFDFDFDFDFDFDFDFDFDFDE7
:10B98C00FCFFFFFFFFFDFDFDFDFDFCFFFFFFFFFFCB
:10B99C00FFFFFFFDFDFDFDFDFDFDFDFDFDFDFDFDC5
:10B9AC00FCFFFFFFFFFDFDFDFDFDFCFFFFFFFFFFAB
:10B9BC00FFFFFFFFFDFDFDFDFDFDFDFDFDFDFDFDA3
:10B9CC00FCFFFFFFFFFDFDFDFDFDFCFFFFFFFFFF8B
:10B9DC00FFFFFFFFFFFDFDFDFDFDFDFDFDFDFDFD81
:10B9EC00FCFFFFFFFFFDFDFDFDFDFCFFFFFFFFFF6B
:10B9FC00FFFFFFFFFFFFFDFDFDFDFDFDFDFDFDFD5F
:10BA0C00FCFFFFFFFFFDFDFDFDFDFCFFFFFFFFFF4A
:10BA1C00FFFFFFFFFFFFFFFDFDFDFDFDFDFDFDFD3C
:10BA2C00FCFFFFFFFFFDFDFDFDFDFCFFFFFFFFFF2A
:10BA3C00FFFFFFFFFFFFFFFFFDFDFDFDFDFDFDFD1A
:10BA4C00FCFFFFFFFFFDFDFDFDFDFCFFFFFFFFFF0A
:10BA5C00FFFFFFFFFFFFFFFFFFFDFDFDFDFDFDFDF8
:10BA6C00FCFFFFFFFFFDFDFDFDFDFCFFFFFFFFFFEA
:10BA7C00FFFFFFFFFFFFFFFFFFFFFDFDFDFDFDFDD6
:10BA8C00FCFFFFFFFFFDFDFDFDFDFCFFFFFFFFFFCA
:10BA9C00FFFFFFFFFFFFFFFFFFFFFFFDFDFDFDFDB4
:10BAAC00FCFFFFFFFFFDFDFDFDFDFCFFFFFFFFFFAA
:10BABC00FFFFFFFFFFFFFFFFFFFFFFFFFDFDFDFD92
:10BACC00FCFFFFFFFFFDFDFDFDFDFCFFFFFFFFFF8A
:10BADC00FFFFFFFFFFFFFFFFFFFFFFFFFFFDFDFD70
:10BAEC00FFFFFFFFFFFDFDFDFDFDFFFFFFFFFFFF64
:10BAFC00FFFFFFFFFFFFFFFFFFFFFFFFFFFFFFFF4A
:10BB0C00FFFFFFFFFFFFFFFFFFFFFFFFFFFFFFFF39
:10BB1C00FFFFFFFFFFFFFFFFFFFFFFFFFFFFFFFF29
:10BB2C00FFFFFFFFFFFFFFFFFFFFFFFFFFFFFFFF19
:10BB3C00FFFFFFFFFFFFFFFFFFFFFFFFFFFFFFFF09
:10BB4C00FFFFFFFFFFFFFFFFFFFFFFFFFFFFFFFFF9
:10BB5C00FFFFFFFFFFFFFFFFFFFFFFFFFFFFFFFFE9
:10BB6C00FFFFFFFFFFFFFFFFFFFFFFFFFFFF0000D7
:10BB7C0000000000000054525545564953494F4EA1
:10BB8C002D5846494C452E000001010000000118BB
:10BB9C000000000020002000080800000000000049
:10BBAC000000000000000000000000000000000089
:10BBBC000000000000000000000000000000000079
:10BBCC000000000000000000000000000000000069
:10BBDC000000000000000000000000000000000059
:10BBEC000000000000000000000000000000000049
:10BBFC000000000000000000000000000000000039
:10BC0C000000000000000000000000000000000028
:10BC1C000000000000000000000000000000000018
:10BC2C000000000000000000000000000000000008
:10BC3C0000000000000000000000000000000000F8
:10BC4C0000000000000000000000000000000000E8
:10BC5C0000000000000000000000000000000000D8
:10BC6C0000000000000000000000000000000000C8
:10BC7C0000000000000000000000000000000000B8
:10BC8C0000000000000000000000000000000000A8
:10BC9C000000000000000000000000000000000098
:10BCAC000000000000000000000000000000000088
:10BCBC000000000000000000000000000000000078
:10BCCC000000000000000000000000000000000068
:10BCDC000000000000000000000000000000000058
:10BCEC000000000000000000000000000000000048
:10BCFC000000000000000000000000000000000038
:10BD0C000000000000000000000000000000000027
:10BD1C000000000000000000000000000000000017
:10BD2C000000000000000000000000000000000007
:10BD3C0000000000000000000000000000000000F7
:10BD4C0000000000000000000000000000000000E7
:10BD5C0000000000000000000000000000000000D7
:10BD6C0000000000000000000000000000000000C7
:10BD7C0000000000000000000000000000000000B7
:10BD8C0000000000000000000000000000000000A7
:10BD9C000000000000000000000000000000000097
:10BDAC000000000000000000000000000000000087
:10BDBC000000000000000000000000000000000077
:10BDCC000000000000000000000000000000000067
:10BDDC000000000000000000000000000000000057
:10BDEC000000000000000000000000000000000047
:10BDFC000000000000000000000000000000000037
:10BE0C000000000000000000000000000000000026
:10BE1C000000000000000000000000000000000016
:10BE2C000000000000000000000000000000000006
:10BE3C0000000000000000000000000000000000F6
:10BE4C0000000000000000000000000000000000E6
:10BE5C0000000000000000000000000000000000D6
:10BE6C0000000000000000000000000000000000C6
:10BE7C0000000000000000000000000000000000B6
:10BE8C0000000000000000000000000000008080A6
:10BE9C008000FF00FFFFFF000000FFFFFFFFFFFF20
:10BEAC00FFFFFFFFFFFFFFFFFFFFFFFFFFFFFFFF96
:10BEBC00FFFFFFFFFFFFFFFFFFFFFFFFFFFFFFFF86
:10BECC00FFFFFFFFFFFFFFFFFFFFFFFFFFFFFFFF76
:10BEDC00FFFFFFFFFFFFFFFFFFFFFFFFFFFFFFFF66
:10BEEC00FFFFFFFFFFFFFFFFFFFFFFFFFFFFFFFF56
:10BEFC00FFFFFFFFFFFFFFFFFFFFFFFFFFFFFFFF46
:10BF0C00FFFFFFFFFFFCFCFCFFFFFFFFFFFFFFFF3E
:10BF1C00FFFFFFFFFFFFFFFFFFFFFFFFFFFFFFFF25
:10BF2C00FFFFFFFFFDFDFDFCFCFFFFFFFFFFFFFF21
:10BF3C00FFFFFFFFFFFFFFFFFFFFFFFFFFFFFFFF05
:10BF4C00FFFFFFFFFDFDFDFDFCFCFFFFFFFFFFFF03
:10BF5C00FFFFFFFFFFFFFFFFFFFFFFFFFFFFFFFFE5
:10BF6C00FFFFFFFFFDFDFDFDFDFCFCFFFFFFFFFFE5
:10BF7C00FFFFFFFFFFFFFFFFFFFFFFFFFFFFFFFFC5
:10BF8C00FFFFFFFFFDFDFDFDFDFDFCFCFFFFFFFFC7
:10BF9C00FFFFFFFFFFFFFFFFFFFFFFFFFFFFFFFFA5
:10BFAC00FFFFFFFFFDFDFDFDFDFDFDFCFCFFFFFFA9
:10BFBC00FFFFFFFFFFFFFFFFFFFFFFFFFFFFFFFF85
:10BFCC00FFFFFFFFFDFDFDFDFDFDFDFDFCFCFFFF8B
:10BFDC00FFFFFFFFFFFFFFFFFFFFFFFFFFFFFFFF65
:10BFEC00FFFFFFFFFDFDFDFDFDFDFDFDFDFCFCFF6D
:10BFFC00FFFFFFFFFFFFFFFFFFFFFFFFFFFFFFFF45
:10C00C00FFFFFFFFFDFDFDFDFDFDFDFDFDFDFCFC4E
:10C01C00FFFFFFFFFFFFFFFFFFFFFFFFFFFFFFFF24
:10C02C00FFFFFFFFFDFDFDFDFDFDFDFDFDFDFDFC2D
:10C03C00FCFFFFFFFFFFFFFFFFFFFFFFFFFFFFFF07
:10C04C00FFFFFFFFFDFDFDFDFDFDFDFDFDFDFDFD0C
:10C05C00FCFCFFFFFFFFFFFFFFFFFFFFFFFFFFFFEA
:10C06C00FFFFFFFFFDFDFDFDFDFDFDFDFDFDFDFDEC
:10C07C00FDFCFCFFFFFFFFFFFFFFFFFFFFFFFFFFCC
:10C08C00FFFFFFFFFDFDFDFDFDFDFDFDFDFDFDFDCC
:10C09C00FDFDFCFFFFFFFFFFFFFFFFFFFFFFFFFFAB
:10C0AC00FFFFFFFFFDFDFDFDFDFDFDFDFDFDFDFDAC
:10C0BC00FDFDFFFFFFFFFFFFFFFFFFFFFFFFFFFF88
:10C0CC00FFFFFFFFFDFDFDFDFDFDFDFDFDFDFDFD8C
:10C0DC00FDFFFFFFFFFFFFFFFFFFFFFFFFFFFFFF66
:10C0EC00FFFFFFFFFDFDFDFDFDFDFDFDFDFDFDFD6C
:10C0FC00FFFFFFFFFFFFFFFFFFFFFFFFFFFFFFFF44
:10C10C00FFFFFFFFFDFDFDFDFDFDFDFDFDFDFDFF49
:10C11C00FFFFFFFFFFFFFFFFFFFFFFFFFFFFFFFF23
:10C12C00FFFFFFFFFDFDFDFDFDFDFDFDFDFDFFFF27
:10C13C00FFFFFFFFFFFFFFFFFFFFFFFFFFFFFFFF03
:10C14C00FFFFFFFFFDFDFDFDFDFDFDFDFDFFFFFF05
:10C15C00FFFFFFFFFFFFFFFFFFFFFFFFFFFFFFFFE3
:10C16C00FFFFFFFFFDFDFDFDFDFDFDFDFFFFFFFFE3
:10C17C00FFFFFFFFFFFFFFFFFFFFFFFFFFFFFFFFC3
:10C18C00FFFFFFFFFDFDFDFDFDFDFDFFFFFFFFFFC1
:10C19C00FFFFFFFFFFFFFFFFFFFFFFFFFFFFFFFFA3
:10C1AC00FFFFFFFFFDFDFDFDFDFDFFFFFFFFFFFF9F
:10C1BC00FFFFFFFFFFFFFFFFFFFFFFFFFFFFFFFF83
:10C1CC00FFFFFFFFFDFDFDFDFDFFFFFFFFFFFFFF7D
:10C1DC00FFFFFFFFFFFFFFFFFFFFFFFFFFFFFFFF63
:10C1EC00FFFFFFFFFDFDFDFDFFFFFFFFFFFFFFFF5B
:10C1FC00FFFFFFFFFFFFFFFFFFFFFFFFFFFFFFFF43
:10C20C00FFFFFFFFFDFDFDFFFFFFFFFFFFFFFFFF38
:10C21C00FFFFFFFFFFFFFFFFFFFFFFFFFFFFFFFF22
:10C22C00FFFFFFFFFFFFFFFFFFFFFFFFFFFFFFFF12
:10C23C00FFFFFFFFFFFFFFFFFFFFFFFFFFFFFFFF02
:10C24C00FFFFFFFFFFFFFFFFFFFFFFFFFFFFFFFFF2
:10C25C00FFFFFFFFFFFFFFFFFFFFFFFFFFFFFFFFE2
:10C26C00FFFFFFFFFFFFFFFFFFFFFFFFFFFFFFFFD2
:10C27C00FFFFFFFFFFFFFFFFFFFFFFFFFFFFFFFFC2
:10C28C00FFFFFFFFFFFFFFFFFFFFFFFFFFFFFFFFB2
:10C29C00FFFFFFFFFFFFFFFFFFFF0000000000009C
:10C2AC00000054525545564953494F4E2D58464956
:10C2BC004C452E0000010100000001180000000098
:10C2CC002000200008080000000000000000000012
:10C2DC000000000000000000000000000000000052
:10C2EC000000000000000000000000000000000042
:10C2FC000000000000000000000000000000000032
:10C30C000000000000000000000000000000000021
:10C31C000000000000000000000000000000000011
:10C32C000000000000000000000000000000000001
:10C33C0000000000000000000000000000000000F1
:10C34C0000000000000000000000000000000000E1
:10C35C0000000000000000000000000000000000D1
:10C36C0000000000000000000000000000000000C1
:10C37C0000000000000000000000000000000000B1
:10C38C0000000000000000000000000000000000A1
:10C39C000000000000000000000000000000000091
:10C3AC000000000000000000000000000000000081
:10C3BC000000000000000000000000000000000071
:10C3CC000000000000000000000000000000000061
:10C3DC000000000000000000000000000000000051
:10C3EC000000000000000000000000000000000041
:10C3FC000000000000000000000000000000000031
:10C40C000000000000000000000000000000000020
:10C41C000000000000000000000000000000000010
:10C42C000000000000000000000000000000000000
:10C43C0000000000000000000000000000000000F0
:10C44C0000000000000000000000000000000000E0
:10C45C0000000000000000000000000000000000D0
:10C46C0000000000000000000000000000000000C0
:10C47C0000000000000000000000000000000000B0
:10C48C0000000000000000000000000000000000A0
:10C49C000000000000000000000000000000000090
:10C4AC000000000000000000000000000000000080
:10C4BC000000000000000000000000000000000070
:10C4CC000000000000000000000000000000000060
:10C4DC000000000000000000000000000000000050
:10C4EC000000000000000000000000000000000040
:10C4FC000000000000000000000000000000000030
:10C50C00000000000000000000000000000000001F
:10C51C00000000000000000000000000000000000F
:10C52C0000000000000000000000000000000000FF
:10C53C0000000000000000000000000000000000EF
:10C54C0000000000000000000000000000000000DF
:10C55C0000000000000000000000000000000000CF
:10C56C0000000000000000000000000000000000BF
:10C57C0000000000000000000000000000000000AF
:10C58C00000000000000000000000000000000009F
:10C59C00000000000000000000000000000000008F
:10C5AC00000000000000000000000000000000007F
:10C5BC000000000000000000000080808000F6FFFA
:10C5CC00FFFFFF000000FFFFFFFFFFFFFFFFFFFF6C
:10C5DC00FFFFFFFFFFFFFFFFFFFFFFFFFFFFFFFF5F
:10C5EC00FFFFFFFFFFFFFFFFFFFFFFFFFFFFFFFF4F
:10C5FC00FFFFFFFFFFFFFFFFFFFFFFFFFFFFFFFF3F
:10C60C00FFFFFFFFFFFFFFFFFFFFFFFFFFFFFFFF2E
:10C61C00FFFFFFFFFFFFFFFFFFFFFFFFFFFFFFFF1E
:10C62C00FFFFFFFFFFFFFFFFFFFFFFFFFFFFFFFC11
:10C63C00FCFCFCFCFFFFFFFFFFFFFCFCFCFCFCFF19
:10C64C00FFFFFFFFFFFFFFFFFFFFFFFFFFFFFDFDF2
:10C65C00FDFDFDFCFFFFFFFFFFFDFDFDFDFDFCFFF4
:10C66C00FFFFFFFFFFFFFFFFFFFFFFFFFFFFFDFDD2
:10C67C00FDFDFDFCFFFFFFFFFFFDFDFDFDFDFCFFD4
:10C68C00FFFFFFFFFFFFFFFFFFFFFFFFFFFFFDFDB2
:10C69C00FDFDFDFCFFFFFFFFFFFDFDFDFDFDFCFFB4
:10C6AC00FFFFFFFFFFFFFFFFFFFFFFFFFFFFFDFD92
:10C6BC00FDFDFDFCFFFFFFFFFFFDFDFDFDFDFCFF94
:10C6CC00FFFFFFFFFFFFFFFFFFFFFFFFFFFFFDFD72
:10C6DC00FDFDFDFCFFFFFFFFFFFDFDFDFDFDFCFF74
:10C6EC00FFFFFFFFFFFFFFFFFFFFFFFFFFFFFDFD52
:10C6FC00FDFDFDFCFFFFFFFFFFFDFDFDFDFDFCFF54
:10C70C00FFFFFFFFFFFFFFFFFFFFFFFFFFFFFDFD31
:10C71C00FDFDFDFCFFFFFFFFFFFDFDFDFDFDFCFF33
:10C72C00FFFFFFFFFFFFFFFFFFFFFFFFFFFFFDFD11
:10C73C00FDFDFDFCFFFFFFFFFFFDFDFDFDFDFCFF13
:10C74C00FFFFFFFFFFFFFFFFFFFFFFFFFFFFFDFDF1
:10C75C00FDFDFDFCFFFFFFFFFFFDFDFDFDFDFCFFF3
:10C76C00FFFFFFFFFFFFFFFFFFFFFFFFFFFFFDFDD1
:10C77C00FDFDFDFCFFFFFFFFFFFDFDFDFDFDFCFFD3
:10C78C00FFFFFFFFFFFFFFFFFFFFFFFFFFFFFDFDB1
:10C79C00FDFDFDFCFFFFFFFFFFFDFDFDFDFDFCFFB3
:10C7AC00FFFFFFFFFFFFFFFFFFFFFFFFFFFFFDFD91
:10C7BC00FDFDFDFCFFFFFFFFFFFDFDFDFDFDFCFF93
:10C7CC00FFFFFFFFFFFFFFFFFFFFFFFFFFFFFDFD71
:10C7DC00FDFDFDFCFFFFFFFFFFFDFDFDFDFDFCFF73
:10C7EC00FFFFFFFFFFFFFFFFFFFFFFFFFFFFFDFD51
:10C7FC00FDFDFDFCFFFFFFFFFFFDFDFDFDFDFCFF53
:10C80C00FFFFFFFFFFFFFFFFFFFFFFFFFFFFFDFD30
:10C81C00FDFDFDFCFFFFFFFFFFFDFDFDFDFDFCFF32
:10C82C00FFFFFFFFFFFFFFFFFFFFFFFFFFFFFDFD10
:10C83C00FDFDFDFCFFFFFFFFFFFDFDFDFDFDFCFF12
:10C84C00FFFFFFFFFFFFFFFFFFFFFFFFFFFFFDFDF0
:10C85C00FDFDFDFCFFFFFFFFFFFDFDFDFDFDFCFFF2
:10C86C00FFFFFFFFFFFFFFFFFFFFFFFFFFFFFDFDD0
:10C87C00FDFDFDFCFFFFFFFFFFFDFDFDFDFDFCFFD2
:10C88C00FFFFFFFFFFFFFFFFFFFFFFFFFFFFFDFDB0
:10C89C00FDFDFDFCFFFFFFFFFFFDFDFDFDFDFCFFB2
:10C8AC00FFFFFFFFFFFFFFFFFFFFFFFFFFFFFDFD90
:10C8BC00FDFDFDFCFFFFFFFFFFFDFDFDFDFDFCFF92
:10C8CC00FFFFFFFFFFFFFFFFFFFFFFFFFFFFFDFD70
:10C8DC00FDFDFDFCFFFFFFFFFFFDFDFDFDFDFCFF72
:10C8EC00FFFFFFFFFFFFFFFFFFFFFFFFFFFFFDFD50
:10C8FC00FDFDFDFCFFFFFFFFFFFDFDFDFDFDFCFF52
:10C90C00FFFFFFFFFFFFFFFFFFFFFFFFFFFFFDFD2F
:10C91C00FDFDFDFCFFFFFFFFFFFDFDFDFDFDFCFF31
:10C92C00FFFFFFFFFFFFFFFFFFFFFFFFFFFFFDFD0F
:10C93C00FDFDFDFFFFFFFFFFFFFDFDFDFDFDFFFF0B
:10C94C00FFFFFFFFFFFFFFFFFFFFFFFFFFFFFFFFEB
:10C95C00FFFFFFFFFFFFFFFFFFFFFFFFFFFFFFFFDB
:10C96C00FFFFFFFFFFFFFFFFFFFFFFFFFFFFFFFFCB
:10C97C00FFFFFFFFFFFFFFFFFFFFFFFFFFFFFFFFBB
:10C98C00FFFFFFFFFFFFFFFFFFFFFFFFFFFFFFFFAB
:10C99C00FFFFFFFFFFFFFFFFFFFFFFFFFFFFFFFF9B
:10C9AC00FFFFFFFFFFFFFFFFFFFFFFFFFFFFFFFF8B
:10C9BC00FFFFFFFFFFFFFFFFFFFFFFFFFFFFFFFF7B
:10C9CC00FFFFFFFFFFFF00000000000000005452BB
:10C9DC005545564953494F4E2D5846494C452E0006
:10C9EC0000010100000001180000000020002000E0
:10C9FC00080800000000000000000000000000001B
:10CA0C00000000000000000000000000000000001A
:10CA1C00000000000000000000000000000000000A
:10CA2C0000000000000000000000000000000000FA
:10CA3C0000000000000000000000000000000000EA
:10CA4C0000000000000000000000000000000000DA
:10CA5C0000000000000000000000000000000000CA
:10CA6C0000000000000000000000000000000000BA
:10CA7C0000000000000000000000000000000000AA
:10CA8C00000000000000000000000000000000009A
:10CA9C00000000000000000000000000000000008A
:10CAAC00000000000000000000000000000000007A
:10CABC00000000000000000000000000000000006A
:10CACC00000000000000000000000000000000005A
:10CADC00000000000000000000000000000000004A
:10CAEC00000000000000000000000000000000003A
:10CAFC00000000000000000000000000000000002A
:10CB0C000000000000000000000000000000000019
:10CB1C000000000000000000000000000000000009
:10CB2C0000000000000000000000000000000000F9
:10CB3C0000000000000000000000000000000000E9
:10CB4C0000000000000000000000000000000000D9
:10CB5C0000000000000000000000000000000000C9
:10CB6C0000000000000000000000000000000000B9
:10CB7C0000000000000000000000000000000000A9
:10CB8C000000000000000000000000000000000099
:10CB9C000000000000000000000000000000000089
:10CBAC000000000000000000000000000000000079
:10CBBC000000000000000000000000000000000069
:10CBCC000000000000000000000000000000000059
:10CBDC000000000000000000000000000000000049
:10CBEC000000000000000000000000000000000039
:10CBFC000000000000000000000000000000000029
:10CC0C000000000000000000000000000000000018
:10CC1C000000000000000000000000000000000008
:10CC2C0000000000000000000000000000000000F8
:10CC3C0000000000000000000000000000000000E8
:10CC4C0000000000000000000000000000000000D8
:10CC5C0000000000000000000000000000000000C8
:10CC6C0000000000000000000000000000000000B8
:10CC7C0000000000000000000000000000000000A8
:10CC8C000000000000000000000000000000000098
:10CC9C000000000000000000000000000000000088
:10CCAC000000000000000000000000000000000078
:10CCBC000000000000000000000000000000000068
:10CCCC000000000000000000000000000000000058
:10CCDC000000000000000000000000000000000048
:10CCEC00000000000000808080FF0000FFFFFF00BC
:10CCFC000000FFFFFFFFFFFFFFFFFFFFFFFFFFFF36
:10CD0C00FFFFFFFFFFFFFFFFFFFFFFFFFFFFFFFF27
:10CD1C00FFFFFFFFFFFFFFFFFFFFFFFFFFFFFFFF17
:10CD2C00FFFFFFFFFFFFFFFFFFFFFFFFFFFFFFFF07
:10CD3C00FFFFFFFFFFFFFFFFFFFFFFFFFFFFFFFFF7
:10CD4C00FFFFFFFFFFFFFFFFFFFFFFFFFFFFFFFFE7
:10CD5C00FFFFFFFFFFFFFFFCFCFCFCFCFFFFFFFFE6
:10CD6C00FFFCFCFCFFFFFFFFFFFFFFFFFFFFFFFFD0
:10CD7C00FFFFFFFFFFFFFDFDFDFDFDFCFFFFFFFFC4
:10CD8C00FDFDFDFCFCFFFFFFFFFFFFFFFFFFFFFFB3
:10CD9C00FFFFFFFFFFFFFDFDFDFDFDFCFFFFFFFFA4
:10CDAC00FDFDFDFDFCFCFFFFFFFFFFFFFFFFFFFF95
:10CDBC00FFFFFFFFFFFFFDFDFDFDFDFCFFFFFFFF84
:10CDCC00FDFDFDFDFDFCFCFFFFFFFFFFFFFFFFFF77
:10CDDC00FFFFFFFFFFFFFDFDFDFDFDFCFFFFFFFF64
:10CDEC00FDFDFDFDFDFDFCFCFFFFFFFFFFFFFFFF59
:10CDFC00FFFFFFFFFFFFFDFDFDFDFDFCFFFFFFFF44
:10CE0C00FDFDFDFDFDFDFDFCFCFFFFFFFFFFFFFF3A
:10CE1C00FFFFFFFFFFFFFDFDFDFDFDFCFFFFFFFF23
:10CE2C00FDFDFDFDFDFDFDFDFCFCFFFFFFFFFFFF1C
:10CE3C00FFFFFFFFFFFFFDFDFDFDFDFCFFFFFFFF03
:10CE4C00FDFDFDFDFDFDFDFDFDFCFCFFFFFFFFFFFE
:10CE5C00FFFFFFFFFFFFFDFDFDFDFDFCFFFFFFFFE3
:10CE6C00FDFDFDFDFDFDFDFDFDFDFCFCFFFFFFFFE0
:10CE7C00FFFFFFFFFFFFFDFDFDFDFDFCFFFFFFFFC3
:10CE8C00FDFDFDFDFDFDFDFDFDFDFDFCFCFFFFFFC2
:10CE9C00FFFFFFFFFFFFFDFDFDFDFDFCFFFFFFFFA3
:10CEAC00FDFDFDFDFDFDFDFDFDFDFDFDFCFCFFFFA4
:10CEBC00FFFFFFFFFFFFFDFDFDFDFDFCFFFFFFFF83
:10CECC00FDFDFDFDFDFDFDFDFDFDFDFDFDFCFCFF86
:10CEDC00FFFFFFFFFFFFFDFDFDFDFDFCFFFFFFFF63
:10CEEC00FDFDFDFDFDFDFDFDFDFDFDFDFDFDFCFF65
:10CEFC00FFFFFFFFFFFFFDFDFDFDFDFCFFFFFFFF43
:10CF0C00FDFDFDFDFDFDFDFDFDFDFDFDFDFDFFFF41
:10CF1C00FFFFFFFFFFFFFDFDFDFDFDFCFFFFFFFF22
:10CF2C00FDFDFDFDFDFDFDFDFDFDFDFDFDFFFFFF1F
:10CF3C00FFFFFFFFFFFFFDFDFDFDFDFCFFFFFFFF02
:10CF4C00FDFDFDFDFDFDFDFDFDFDFDFDFFFFFFFFFD
:10CF5C00FFFFFFFFFFFFFDFDFDFDFDFCFFFFFFFFE2
:10CF6C00FDFDFDFDFDFDFDFDFDFDFDFFFFFFFFFFDB
:10CF7C00FFFFFFFFFFFFFDFDFDFDFDFCFFFFFFFFC2
:10CF8C00FDFDFDFDFDFDFDFDFDFDFFFFFFFFFFFFB9
:10CF9C00FFFFFFFFFFFFFDFDFDFDFDFCFFFFFFFFA2
:10CFAC00FDFDFDFDFDFDFDFDFDFFFFFFFFFFFFFF97
:10CFBC00FFFFFFFFFFFFFDFDFDFDFDFCFFFFFFFF82
:10CFCC00FDFDFDFDFDFDFDFDFFFFFFFFFFFFFFFF75
:10CFDC00FFFFFFFFFFFFFDFDFDFDFDFCFFFFFFFF62
:10CFEC00FDFDFDFDFDFDFDFFFFFFFFFFFFFFFFFF53
:10CFFC00FFFFFFFFFFFFFDFDFDFDFDFCFFFFFFFF42
:10D00C00FDFDFDFDFDFDFFFFFFFFFFFFFFFFFFFF30
:10D01C00FFFFFFFFFFFFFDFDFDFDFDFCFFFFFFFF21
:10D02C00FDFDFDFDFDFFFFFFFFFFFFFFFFFFFFFF0E
:10D03C00FFFFFFFFFFFFFDFDFDFDFDFCFFFFFFFF01
:10D04C00FDFDFDFDFFFFFFFFFFFFFFFFFFFFFFFFEC
:10D05C00FFFFFFFFFFFFFDFDFDFDFDFFFFFFFFFFDE
:10D06C00FDFDFDFFFFFFFFFFFFFFFFFFFFFFFFFFCA
:10D07C00FFFFFFFFFFFFFFFFFFFFFFFFFFFFFFFFB4
:10D08C00FFFFFFFFFFFFFFFFFFFFFFFFFFFFFFFFA4
:10D09C00FFFFFFFFFFFFFFFFFFFFFFFFFFFFFFFF94
:10D0AC00FFFFFFFFFFFFFFFFFFFFFFFFFFFFFFFF84
:10D0BC00FFFFFFFFFFFFFFFFFFFFFFFFFFFFFFFF74
:10D0CC00FFFFFFFFFFFFFFFFFFFFFFFFFFFFFFFF64
:10D0DC00FFFFFFFFFFFFFFFFFFFFFFFFFFFFFFFF54
:10D0EC00FFFFFFFFFFFFFFFFFFFFFFFFFFFFFFFF44
:10D0FC00FFFF000000000000000054525545564947
:10D10C0053494F4E2D5846494C452E000001010005
:10D11C000000011800000000200020000808050590
:10D12C000509090916161602020301010200000185
:10D13C00010202080807CFCECB100F0C76736B2EB2
:10D14C00291C1E190C1B160996938C1816114039A4
:10D15C0029292418211D13251F11221C0E201A0BFE
:10D16C00817D74504B40423C2F3E382B3A3427374C
:10D17C0031242C2619241F142923162D2617251F7C
:10D18C0012241D0E1D170ADDDCDAB9B7B352514F4C
:10D19C00A5A39FAAA8A4807E7A6B69659C99938CA1
:10D1AC00898358554F716D655F5A505A554B8D8513
:10D1BC0075555046A89E8A635C4F665E4F4C463A46
:10D1CC005F5748494337534C3E403A2E554C3B4DE4
:10D1DC0045353D3629231F17332D21362F21312A72
:10D1EC001D2620142A231619150D2922152A23155C
:10D1FC00261F122821131511091A1306A29F9A89AA
:10D20C00857E5B5853524F4A817C73635E555852EE
:10D21C00485D574C7A7264A29784AB9F8B8A806E60
:10D22C00AA9D87524C419A8E7A847A684F493E7CEB
:10D23C007261564F43645C4E6E65557B715F7268CC
:10D24C0056453F34574E3E52493A494133453D2F9E
:10D25C00312B203E3525120F0A211B10241D1122C3
:10D26C001B0F261E10746F678780757E776C8B8200
:10D27C0074877E70766E617D74669C917FB6A9947E
:10D28C009186759F9380A99C88AC9F8AA69984955A
:10D29C008976B0A28B887D6B9286736A61537A6FA4
:10D2AC005E635A4C61584A584F413A3123C0BEBB59
:10D2BC00C5C3C0CAC8C543413E3C3A378580797E58
:10D2CC00797232302D7670676D675E23211E877FF1
:10D2DC007382796C93897AAEA18E9589789A8E7CBB
:10D2EC00A79A87B1A38F9C8F7DAB9D89BFAF99A95E
:10D2FC009B87B3A48FB4A590AC9E89AFA08BB5A629
:10D30C0090B1A28C8E8270AF9F897B7060766B5BC4
:10D31C008175637166565B5142554B3C695C4A1E84
:10D32C001A14685A453A32265A4D3A1C1710B6B39D
:10D33C00AFB0ADA9807A7269635B8B8072A99B8850
:10D34C00AB9D8AB5A692988B7AB2A38FB6A691A400
:10D35C009582B0A08BB1A18CAF9F8AA797826055A4
:10D36C00468C7A6316130F6658457C6A5373624C6D
:10D37C00918C86847E77B7A692B6A591B9A893BBFB
:10D38C00AA95B5A48FB3A28DB5A38EB7A58FB9A658
:10D39C0090BBA891998976BCA891BDA992C0AB937A
:10D3AC00C1AC94C3AD94C4AE95C2AC938C775F887A
:10D3BC00735B816D55B9A793B3A18DBEAA95C6B108
:10D3CC009ABBA791C3AE97BCA791BFAA93BEA992D3
:10D3DC00C1AB94C3AD96C4AD95BBA48CA58E759D05
:10D3EC00856AE5E4E3ECEBEA403E3C5E5A561210EB
:10D3FC000EC4AD960B0907C3AB95C6AD97C4AB95E0
:10D40C00C7AE97C3AA96C4AB96C2A996C4A995C435
:10D41C00A9960E0D0D0C0B0BFFFFFF000000FFFF7C
:10D42C00FFFFFFFFFF0307FCC2C243AFAFAF48686B
:10D43C00F206FFFFFFFFFFFFFFFFFFFFFFFFFFFFF6
:10D44C00FF0500F00F126920423C185A502F2E573E
:10D45C00610B68FFFFFFFFFFFFFFFFFFFFFF03FDF7
:10D46C00C2AF4115ADADB3B34B2A2627274A2A2AA2
:10D47C000EC64E89FFFFFFFFFFFFFFFFFFFF3D6B57
:10D48C0046393F4B8E084B852B0A6D513733347F11
:10D49C007F8E8D4B25FFFFFFFFFFFFFFFFFF6C2DE6
:10D4AC005AB0B1272A6D8D575D605B763B6379B5B9
:10D4BC00567A7E349002FFFFFFFFFFFFFFFFC72B62
:10D4CC00EC2E4E5C73A4A27779CDBD9FB53A809CAF
:10D4DC00BECDCC55A6A2F0FFFFFFFFFFFFFF231828
:10D4EC00351E6577969F7CA1DECDCDBDCE58ADB8EF
:10D4FC00CFCFE3CEA5BFC006FFFFFFFFFFFF835FCB
:10D50C00591041559356A3CDCFE1D1E1CFDDA518EC
:10D51C00BEE1E4E6BBA5DA1BFFFFFFFFFFFF53787C
:10D52C00B6953F1B777CBCCEE1E6D9D9E4E3CEA916
:10D53C00C0D4E5F8F7A2ACDBF0FFFFFFFFFF569B72
:10D54C009B9F7B116599CCCED4D7F1E7F5D9D4BF8D
:10D55C0039A6E0F5F4D5AEDAA8FFFFFFFFFFBEBC9D
:10D56C00BCBE9D596A3B9BCAD3D7F1F8F7F8F3D4EC
:10D57C00A23BD2E2F6E9C4C3EB3DFFFFFFFFCFCFE6
:10D58C00CFCECECB7D0C64BCD4E4F1F8F7F7F3E648
:10D59C00C87D19BFE0EADBC5C4DB07FFFFFFD4E59C
:10D5AC00E5D4E3D0CBA40D62D0E5D9D8F8F8F8E7F0
:10D5BC00E4CAA7819AC1DBEBC5EBA9FFFFFFD9D762
:10D5CC00F5D7D9D4E1CB5E49A79AD3E6D7E7F8E7EC
:10D5DC00E5D0CCA95BC4C4EBDAACEB8FFFFFF9F35D
:10D5EC00F8F8E8D7E4D1CAC06A7EDFD0D4DFD6E43D
:10D5FC00D4CFBA7B3FAADBDBEAC5C5C300FFF7FA81
:10D60C00FBF9F8E8D7D4E19D3B1C95CAC9D0D1E110
:10D61C00D0CEA1B96267DCC4AEAE65A88CFFF8FAB7
:10D62C00F7F9F7F8D7D5E1DD9B194098A09FA1A198
:10D63C00CD9CCB593B3E64367F7F3419400FF5F3BC
:10D64C00F7F7F8F1D7E4E1CEBA74193F95939EA1A0
:10D65C00B99860196681727F833F6B3E31ABD8E815
:10D66C00F5E7F1D8D9E5E1CCA197761E1953B67D33
:10D67C00825C2C392E5D6240223C572B8800D5E809
:10D68C00D7D7E8D6E5D1CFCDA19E937D4410821794
:10D69C004B2AEF2F64420D1B5EB32B88FFFFE1D4A6
:10D6AC00E5E5E4D1D0CFCE97A197537D1F504F081D
:10D6BC000E2D3E1E0C3C59526F2889FFFFFFCECE1B
:10D6CC00CFCFD0CFCECD9DB7955B823526C6248EDD
:10D6DC006D491E657DB4306E298CFFFFFFFFBCBC0D
:10D6EC00BDBDA1BDB97577A53561EC6FB12A3C21E3
:10D6FC002218769571950A298FFFFFFFFFFF799904
:10D70C009E9E9EB996A4380B87C68A241C0B6B610F
:10D71C0072929177302D2902FFFFFFFFFFFF7654A5
:10D72C009B545459370B23272D8666474543EEB23D
:10D73C0073B8966F8B4CFDFFFFFFFFFFFFFF84302C
:10D74C003255385A23C78E2317141C12F202297132
:10D75C007AB86F8B8805FFFFFFFFFFFFFFFF464086
:10D76C006551854F4AED391F421DF0FF074C9294CD
:10D77C00B470B28CFFFFFFFFFFFFFFFFFFFF144EE3
:10D78C00B137B0861C1A1C120906FFFD4C76BB94EF
:10D79C00902C02FFFFFFFFFFFFFFFFFFFFFF611653
:10D7AC00FEB0421A4512F003FFFF07EF92B8764E17
:10D7BC00EE04FFFFFFFFFFFFFFFFFFFFFFFFED3555
:10D7CC004F2F451D0F00FFFFFF004C9258952D8FDA
:10D7DC00FFFFFFFFFFFFFFFFFFFFFFFFFFFF875074
:10D7EC0049463D01FFFFFFFF044D927774B3FCFFE8
:10D7FC00FFFFFFFFFFFFFFFFFFFFFFFFFFFF4113D7
:10D80C00110904FFFFFFFFFF8C3098924D01FFFFC1
:10D81C00FFFFFFFFFFFFFFFFFFFFFFFFFFFF00000A
:10D82C0000000000000054525545564953494F4ED4
:10D83C002D5846494C452E000001010000000118EE
:10D84C0000000000400020000808EBEBEBEEEEEED1
:10D85C00DBDDE2E1E4E9EBF3FAE9EEF2EFF4F7F207
:10D86C00FBFEFEFFFF0001010003010006010008A2
:10D87C0001001C03F5FFF6000B010014020022034B
:10D88C00002D04003104003F05005907CFFFD2B72B
:10D89C00FFBB94FF9B8CFF947DFF8650FF5C29F4AB
:10D8AC003723EE3121EC2F1EE92C1CE72A1BE6292D
:10D8BC0018E32616E12415E02311DC1F08D3160308
:10D8CC00CE1102CD1001CC0F000D01003704004821
:10D8DC0005005006005306005506005D0700620760
:10D8EC00006507006708006A08006D0800700800F2
:10D8FC007409007709007909007A09007C09007F16
:10D90C000900810900820A00860A00890A008B0A34
:10D91C00008D0A00900A00930B00960B00980B00E8
:10D92C00A30C00A80C00AF0D00B70D00C20E00C672
:10D93C000EFFD89DFFCE92FFCA8BFFC583FFC07C24
:10D94C00FFBB74F5AD62FFFEFDFFB36BFFA956ED97
:10D95C009B4BFFAB5DFFA450FFA149FF9E46FF9878
:10D96C003EFF9639EEE8E3FDC18EFBBF8CFABB8916
:10D97C00FBBD8AFFBE87FFBC83FFBA80FFB67BFD71
:10D98C00B273F3A669FDAC6DFEAA63FAA159F89FB8
:10D99C0057EF954FFF9642FF943EFF933EFF913A0F
:10D9AC00FF9337FF8E36FF8B30FF892CF5F1EEE9B4
:10D9BC00E2DDCE8957FAA767EF914BFE9C50F18EB2
:10D9CC0044F68B3FFD8B36FF8C33FFFCFAF0EAE616
:10D9DC00F2ECE8F4EEEAE8DED7D19C7AFCB586FCF2
:10D9EC008A3BFC8738EBE6E3FFFAF7EDE5E0CE93F4
:10D9FC0070F29A65EC8446B8612CF9782DFFF6F13B
:10DA0C00D4B2A0F3A477F5925BFFFDFCFFFBF9D435
:10DA1C008A65EC7A3FF66520FFF8F5FFF6F2FFF425
:10DA2C00EFE59673E38E6AE58C64E3885FE1835BD4
:10DA3C00E38155E27B4CE1774AE07344DE6E3DEBCB
:10DA4C006C35E5E0DEFFF3EEFFF2EDFFF0EAFFEE02
:10DA5C00E7FFEDE6F6D1C3F3CDBEF5CFC0F4CDBEF6
:10DA6C00F0C8B8EABFADE1B3A0DF8762E17D53F146
:10DA7C005013FFF9F7FFF4F0FFF1ECFFEFE9FFEEC5
:10DA8C00E8E6D6D0E2D0CAD5BBB2E7A28ADD8E7367
:10DA9C00EA5E2CFFF5F2DECAC4D6BFB8DC6843D709
:10DAAC004F26CD3200D9C4BED3B3AAD97C62F2EED4
:10DABC00EDFFFBFAFFF7F5FEF2EFFFF3F0CCB4AE9F
:10DACC00A72A10FFF9F8E8DCDAD2ABA5831A0DCB44
:10DADC00B6B4861E13841A0D83190CD9BCBA962AB7
:10DAEC0025DABEBD730B07F5F4F4EAE7E7E1DDDDFB
:10DAFC00E5DFDFE0D9D9D3CACADCD2D2D0C1C1D1DB
:10DB0C00C2C2D2C3C3701C1B711A197216161A002A
:10DB1C00002A00003500003900003C00003F0000E6
:10DB2C004100004400007117185C0103D3B6B7D054
:10DB3C00C5C6DDD7D8CCC1C4C8BDC2E4E2E3D6D4D7
:10DB4C00D9007509FFFFFF000000FFFFFFFFFFFF7B
:10DB5C00FFFFFFFFFFFFFFFFFFFFFFFFFFFFFFFFC9
:10DB6C00FFFFFFFFFFFFFFFFFFFFFFFFFFFFFFFFB9
:10DB7C00FFFFFFFFFFFFFFFFFFFFFFFFFFFFFFFFA9
:10DB8C00FFFFFFFFFFFFFFFFFFFFFFFFFFFFFFFF99
:10DB9C00FFFFFFFFFFFFFFFFFFFFFFFFFFFFFFFF89
:10DBAC00FFFFFFFFFFFFFF0C0D122B112AFFFFFFE2
:10DBBC00FFFFFFFFFFFFFFFFFFFFFFFFFFFFFFFF69
:10DBCC00FFFFFFFFFFFFFFFFFFFFFFFFFFFFFFFF59
:10DBDC00FFFFFFFFFFFFFFFFFFFFFFFFFFFFFFFF49
:10DBEC00FFFFFFFFFFFF0B12153B3F352C0D0CFF0A
:10DBFC00FFFFFFFFFFFFFFFFFFFFFFFFFFFFFFFF29
:10DC0C00FFFFFFFFFFFFFFFFFFFFFFFFFFFFFFFF18
:10DC1C00FFFFFFFFFFFFFFFFFFFFFFFFFFFFFFFF08
:10DC2C00FFFFFFFFFF0D2C353A3C3A393A15120C29
:10DC3C00FFFFFFFFFFFFFFFFFFFFFFFFFFFFFFFFE8
:10DC4C00FFFFFFFFFFFFFFFFFFFFFFFFFFFFFFFFD8
:10DC5C00FFFFFFFFFFFFFFFFFFFFFFFFFFFFFFFFC8
:10DC6C00FFFFFF102B31383E393737393B3A372D10
:10DC7C0011FFFFFFFFFFFFFFFFFFFFFFFFFFFFFF96
:10DC8C00FFFFFFFFFFFFFFFFFFFFFFFFFFFFFFFF98
:10DC9C00FFFFFFFFFFFFFFFFFFFFFFFFFFFFFFFF88
:10DCAC00FF0F112D363F3C3A39FDFDFD393B3DFD53
:10DCBC00321410FFFFFFFFFFFFFFFFFFFFFFFFFF0F
:10DCCC00FFFFFFFFFFFFFFFFFFFFFFFFFFFFFFFF58
:10DCDC00FFFFFFFFFFFFFFFFFFFFFFFFFFFFFF0B3C
:10DCEC00102B333E3D3F42423B3737FD393A3A3CED
:10DCFC003E362E122AFFFFFFFFFFFFFFFFFFFFFF45
:10DD0C00FFFFFFFFFFFFFFFFFFFFFFFFFFFFFFFF17
:10DD1C00FFFFFFFFFFFFFFFFFFFFFFFFFFFF0B12E8
:10DD2C00303C3A4047484641393737FD393A3A3C5E
:10DD3C003E3E3E33140D0CFFFFFFFFFFFFFFFFFFC6
:10DD4C00FFFFFFFFFFFFFFFFFFFFFFFFFFFFFFFFD7
:10DD5C00FFFFFFFFFFFFFFFFFFFFFFFFFF0D2D3753
:10DD6C003740474A4A4846403A3737FD393A3A3BFA
:10DD7C003C3E3F3E3A15132A0AFFFFFFFFFFFFFF11
:10DD8C00FFFFFFFFFFFFFFFFFFFFFFFFFFFFFFFF97
:10DD9C00FFFFFFFFFFFFFFFFFFFFFF102B313540A1
:10DDAC00464A29284A48463F3A3637FD393A3A3BE3
:10DDBC003C3D3E3F3F3B34140DFFFFFFFFFFFFFF99
:10DDCC00FFFFFFFFFFFFFFFFFFFFFFFFFFFFFFFF57
:10DDDC00FFFFFFFFFFFFFFFFFF0F112C343F4248F7
:10DDEC002523264C4A48463F3A3737FD393A3A3BC9
:10DDFC003C3D3E3E3F3F40FD301310FFFFFFFFFF19
:10DE0C00FFFFFFFFFFFFFFFFFFFFFFFFFFFFFFFF16
:10DE1C00FFFFFFFFFFFFFF0C0D2C353F3C47231D81
:10DE2C001F25264C4A48463F3A3737FD393A3A3B8C
:10DE3C003C3D3E3E3F4042413F352E122AFFFFFF04
:10DE4C00FFFFFFFFFFFFFFFFFFFFFFFFFFFFFFFFD6
:10DE5C00FFFFFFFFFF0A2A2B333D3644241C1C1CFA
:10DE6C002025264C4A48463F3A3737FD393A3A3B4B
:10DE7C003C3D3E3E3F3F404142413E332C0D0FFF67
:10DE8C00FFFFFFFFFFFFFFFFFFFFFFFFFFFFFFFF96
:10DE9C00FFFFFFFFFF1115393544251B1A1A1B21F3
:10DEAC002225264C4A48463F3A3637FD393A3A3B0A
:10DEBC003C3D3E3E3F3F4041424244423C15132ACA
:10DECC000AFFFFFFFFFFFFFFFFFFFFFFFFFFFFFF4B
:10DEDC00FFFFFF102C353242261C1A191A1C1C1D70
:10DEEC002225264C4A48463F3A3737FD393A3A3BC9
:10DEFC003C3D3E3E3F3F4041414242434440FD2D6C
:10DF0C00110C0AFFFFFFFFFFFFFFFFFFFFFFFFFFEB
:10DF1C00FF102B3033414A1D1816181A1B1B1C1FDF
:10DF2C002225264C4A48463F3A3737FD393A3A3B88
:10DF3C003C3D3E3E3F3F4041414242424444443DD1
:10DF4C00321410FFFFFFFFFFFFFFFFFFFFFFFF0F6C
:10DF5C00112C3442462018001618191A1B1B1C1DB4
:10DF6C002125274C4A48463F3A3737FD393A3A3B48
:10DF7C003C3D3E3E3F3F4041414242424244464688
:10DF8C0044FD2F122AFFFFFFFFFFFFFFFFFF0B12C5
:10DF9C0032413D4917CCD30E0017181A1B1B1C1D00
:10DFAC002125264C4A48463F3A3637FD393A3A3B0A
:10DFBC003C3D3E3E3F3F4041414242424444444648
:10DFCC0047474132140D0CFFFFFFFFFFFF11303D9F
:10DFDC0036394449251E24252626274C4A4B26240F
:10DFEC002225264C4A48463F3A3737FD393A3A3BC8
:10DFFC003C3D3E3E3F3F404141424242424344440D
:10E00C00464646423A2E13100BFFFF0F112E3D468B
:10E01C003F3B3937343334343435363430FD4826CD
:10E02C002221264C4A48463F3A3737FD393A3A3B8B
:10E03C003C3D3E3E3F3F413E3731152F15152F2FAE
:10E04C002F2E2E2D2E2D14122AFFFFFFFF0A0B0C44
:10E05C000C0C0C0C0C0C0F0BFF0F112C31424A2624
:10E06C002222264C4A48463F3A3737FD393A3A3B4A
:10E07C003C3D3E3E3F41423D332B10FFFF09090919
:10E08C000909090909090A0AFFFFFFFFFFFFFFFF42
:10E09C00FFFFFFFFFFFFFFFFFF0C0D1430424A266E
:10E0AC002222264C4A48463F3A3637FD393A3A3B0B
:10E0BC003C3D3E3E3F41423D332B10FFFFFFFFFFF7
:10E0CC00FFFFFFFFFFFFFFFFFFFFFFFFFFFFFFFF54
:10E0DC00FFFFFFFFFFFFFFFFFF0C0D1430424A262E
:10E0EC002221264C4A48463F3A3737FD393A3A3BCB
:10E0FC003C3D3E3E3F41423D342B10FFFFFFFFFFB6
:10E10C00FFFFFFFFFFFFFFFFFFFFFFFFFFFFFFFF13
:10E11C00FFFFFFFFFFFFFFFFFF0C0D1430424A26ED
:10E12C002221264C4A48463F3A3737FD393A3A3B8A
:10E13C003C3D3E3E3F41423D332B10FFFFFFFFFF76
:10E14C00FFFFFFFFFFFFFFFFFFFFFFFFFFFFFFFFD3
:10E15C00FFFFFFFFFFFFFFFFFF0C0D1430424926AE
:10E16C002222264C4A48463F3A3737FD393A3A3B49
:10E17C003C3D3E3E3F41423D332B10FFFFFFFFFF36
:10E18C00FFFFFFFFFFFFFFFFFFFFFFFFFFFFFFFF93
:10E19C00FFFFFFFFFFFFFFFFFF0C0D1430424A266D
:10E1AC002221264C4A48463F3A3637FD393A3A3B0B
:10E1BC003C3D3E3E3F41423D332B10FFFFFFFFFFF6
:10E1CC00FFFFFFFFFFFFFFFFFFFFFFFFFFFFFFFF53
:10E1DC00FFFFFFFFFFFFFFFFFF0C0D1430424A262D
:10E1EC002221264C4A48463F3A3737FD393A3A3BCA
:10E1FC003C3D3E3E3F41423D342B10FFFFFFFFFFB5
:10E20C00FFFFFFFFFFFFFFFFFFFFFFFFFFFFFFFF12
:10E21C00FFFFFFFFFFFFFFFFFF0C0D2C35403F42C0
:10E22C0045454341403E3D3A39FD39393A3A3A3B4E
:10E23C003D3E3E3E3F40423C331410FFFFFFFFFF8C
:10E24C00FFFFFFFFFFFFFFFFFFFFFFFFFFFFFFFFD2
:10E25C00FFFFFFFFFFFFFFFFFF0B102B333DFD35D3
:10E26C003434353534343433333332323131313173
:10E27C00313130303015302F2C122AFFFFFFFFFFC9
:10E28C00FFFFFFFFFFFFFFFFFFFFFFFFFFFFFFFF92
:10E29C00FFFFFFFFFFFFFFFFFFFFFFFFFFFFFFFF82
:10E2AC00FFFFFFFFFFFFFFFFFFFFFFFFFFFFFFFF72
:10E2BC00FFFFFFFFFFFFFFFFFFFFFFFFFFFFFFFF62
:10E2CC00FFFFFFFFFFFFFFFFFFFFFFFFFFFFFFFF52
:10E2DC00FFFFFFFFFFFFFFFFFFFFFFFFFFFFFFFF42
:10E2EC00FFFFFFFFFFFFFFFFFFFFFFFFFFFFFFFF32
:10E2FC00FFFFFFFFFFFFFFFFFFFFFFFFFFFFFFFF22
:10E30C00FFFFFFFFFFFFFFFFFFFFFFFFFFFFFFFF11
:10E31C00FFFFFFFFFFFFFFFFFFFFFFFFFFFFFFFF01
:10E32C00FFFFFFFFFFFFFFFFFFFFFFFFFFFFFFFFF1
:10E33C00FFFFFFFFFFFFFFFFFFFFFFFFFFFFFFFFE1
:10E34C00FFFFFFFFFFFFFFFFFFFF000000000000CB
:10E35C00000054525545564953494F4E2D58464985
:10E36C004C452E00000101000000011800000000C7
:10E37C004000200008080000000000000000000021
:10E38C000000000000000000000000000000000081
:10E39C000000000000000000000000000000000071
:10E3AC000000000000000000000000000000000061
:10E3BC000000000000000000000000000000000051
:10E3CC000000000000000000000000000000000041
:10E3DC000000000000000000000000000000000031
:10E3EC000000000000000000000000000000000021
:10E3FC000000000000000000000000000000000011
:10E40C0000000000000000000000000000010100FE
:10E41C000301000501000A02000D02F8FFF9EFFFED
:10E42C00F1000701000801000E02001102001202A7
:10E43C00001B03F3FFF4000A01000C01001402009E
:10E44C001702001902001E03002303002503002BF2
:10E45C0004002C04002E04003104003304003405A5
:10E46C00003905003D05003F050042060045060049
:10E47C004706004806004B06004C0600590700658D
:10E48C0008007209007B0A007E0AE1FFE3CAFFCD97
:10E49C00BEFFC2A3EFA89CE6A1A9FFAEA0FFA79464
:10E4AC00F79A95FF9C93FF9A8EFF9681FE8979FFD0
:10E4BC008274FF7E72FF7C6EFF7868FF725FFF6A6A
:10E4CC005DFF682EAB3643FD5041F94E42FD4E4187
:10E4DC00FD4E3DF94930C73B3CFD492EE23A32F93D
:10E4EC004032F93F2DF33B2BF93929FC3726F13417
:10E4FC0023F53221EF2F1FEE2D1EEB2C1AD3271CE8
:10E50C00E72A1AD7281CEA2A19DC261CEF2B1AE654
:10E51C002819E62718E52616E22415E22313D42041
:10E52C0014E02214E52212DE2010D01D0FDB1D0E8C
:10E53C00D91C0CD21A08931208A1130AD51809CBAE
:10E54C001709D71707B91408D81706AC1207D51630
:10E55C0007D71604920F06D11406D41404BD110269
:10E56C008F0D03CA1003CC1102CF1001B70E01BBE3
:10E57C000E001101001C02002102002703002803D9
:10E58C00002A03003B04004105004305004605003A
:10E59C004805004B05004F0500510600530600547A
:10E5AC0006005606005B07005C07005E070061076B
:10E5BC00006207006507006607006708006807002F
:10E5CC006908006B08006C07006D08006E0800708D
:10E5DC0008007409007609007809007807007A09A8
:10E5EC00007D09007E0900800900810A0082090073
:10E5FC00830A00850A00850900870900870A0088BC
:10E60C000A008809008A0A008C0A008C08008E0A0D
:10E61C0000900800910A00930B00940B00970B00DC
:10E62C00990B009A0B009C0C009D0B009E0C00A1FA
:10E63C000B00A40C00A60C00A90C00B30A00B40D2E
:10E64C0000B80D00B80B00B90E00C50D00C60E00C9
:10E65C006705006D05007005007F06008B0500A99D
:10E66C0009008A03008C04008400009D0000B600A1
:10E67C00FFFFFF000000FFFFFFFFFFFFFFFFFFFF9B
:10E68C00FFFFFFFFFFFFFFFFFFFFFFFFFFFFFFFF8E
:10E69C00FFFFFFFFFFFFFFFFFFFFFFFFFFFFFFFF7E
:10E6AC00FFFFFFFFFFFFFFFFFFFFFFFFFFFFFFFF6E
:10E6BC00FFFFFFFFFFFFFFFFFFFFFFFFFFFFFFFF5E
:10E6CC00FFFFFFFFFFFFFFFFFFFFFFFFFFFFFFFF4E
:10E6DC00FFFFFFFFFFFFFFFFFFFFFFFFFFFFFFFF3E
:10E6EC00FFFFFFFFFFFFFFFFFFFFFFFFFFFFFFFF2E
:10E6FC00FFFFFFFFFFFFFFFFFFFFFFFFFFFFFFFF1E
:10E70C00FFFFFFFFFFFFFFFFFFFFFFFFFFFFFFFF0D
:10E71C00FFFFFFFFFFFFFFFFFFFFFFFFFFFFFFFFFD
:10E72C00FFFFFFFFFFFFFFFFFFFFFFFFFFFFFFFFED
:10E73C00FFFFFFFFFFFFFFFFFFFFFFFFFFFFFFFFDD
:10E74C00FFFFFFFFFF343C4EC1D0CAC7C4C4C6C6CE
:10E75C00C4C3C3C1C1C1C0BFBEBEBEBEBEBDBCBBB7
:10E76C00BA57BBB9554A3BFFFFFFFFFFFFFFFFFF47
:10E77C00FFFFFFFFFFFFFFFFFFFFFFFFFFFFFFFF9D
:10E78C00FFFFFFFFFF3A4554C7D8D4DBE1E1DDDAE8
:10E79C00D8D3D0CDCBCACBCBCDCDCDCED0D2D3D37D
:10E7AC00D4D8DBCFC34F3DFFFFFFFFFFFFFFFFFFC1
:10E7BC00FFFFFFFFFFFFFFFFFFFFFFFFFFFFFFFF5D
:10E7CC00FFFFFFFFFF3A3E50BCDDEC9E8A8999F1BA
:10E7DC00EEEAE3D6CD59C9CACBCDCDCECFD0D1D36D
:10E7EC00D4DADDD0C2AF3DFFFFFFFFFFFFFFFFFF1D
:10E7FC00FFFFFFFFFFFFFFFFFFFFFFFFFFFFFFFF1D
:10E80C00FFFFFFFFFF3A3E50BCDDEC9E8A8999F179
:10E81C00EEEAE3D6CD59C9CACBCDCDCECFD0D1D32C
:10E82C00D4DADDD0C2AF3DFFFFFFFFFFFFFFFFFFDC
:10E83C00FFFFFFFFFFFFFFFFFFFFFFFFFFFFFFFFDC
:10E84C00FFFFFFFFFF3A3E50BCDDEC9E8A8A99F138
:10E85C00EEEAE3D6CD59C9CACBCDCDCECFD0D1D3EC
:10E86C00D4DADDD0C2AF3DFFFFFFFFFFFFFFFFFF9C
:10E87C00FFFFFFFFFFFFFFFFFFFFFFFFFFFFFFFF9C
:10E88C00FFFFFFFFFF3A3E50BCDDEC9E8A8A99F1F8
:10E89C00EEEAE3D6CD59C9CACBCDCDCECFD0D1D3AC
:10E8AC00D4DADDD0C2AF3DFFFFFFFFFFFFFFFFFF5C
:10E8BC00FFFFFFFFFFFFFFFFFFFFFFFFFFFFFFFF5C
:10E8CC00FFFFFFFFFF3A3E50BCDDEC9E8A8A99F1B8
:10E8DC00EEEAE3D6CD59C9CACBCDCDCECFD0D1D36C
:10E8EC00D4DADDD0C2AF3DFFFFFFFFFFFFFFFFFF1C
:10E8FC00FFFFFFFFFFFFFFFFFFFFFFFFFFFFFFFF1C
:10E90C00FFFFFFFFFF3A3E50BCDDEC9E8A8A99F177
:10E91C00EEEAE3D6CD59C9CACBCDCDCECFD0D1D32B
:10E92C00D4DADDD0C2AF3DFFFFFFFFFFFFFFFFFFDB
:10E93C00FFFFFFFFFFFFFFFFFF3334393A3A3A3A4C
:10E94C003A3A4034FF3547B3BEDDEC9E8A8A99F1E2
:10E95C00EEEAE3D6CD59C9CACBCDCDCECFD0D1D3EB
:10E96C00D4DADDD0C2AF42FFFF3232323232323231
:10E97C0032333333FFFFFF40ABB7D0E2D6CECDC935
:10E98C00C6C3C4C4C3C6C8C4BCCCF89D8A8999F19B
:10E99C00EEEAE3D6CD59C9CACBCDCDCECFD0D1D3AB
:10E9AC00D4D7DAD1C9BE57B85757B9B8B8B7B6B675
:10E9BC00B756B1AD41FFFFFFFF46BCD0C8CCDE9AC5
:10E9CC0086808B9397A0A6F1EFA2948C898E9DF1F3
:10E9DC00EEEAE3D6CD59C9CACBCDCDCECFD0D1D36B
:10E9EC00D4D7D8DADADBDBDDDDDFE0E1E2E4E6DD4B
:10E9FC00CDB74C4234FFFFFFFFFF344AC0F9FB6F29
:10EA0C006038373F5C5E62686D72787F8892A1F1E6
:10EA1C00EEEAE3D6CD59C9CACBCDCDCECFD0D1D32A
:10EA2C00D4D7D8DADADBDBDDE0E0E0E3E9E7DB588A
:10EA3C00B03E3AFFFFFFFFFFFFFFFF4046B4C3FAB3
:10EA4C00FC755F5C5D61666B6E70787F8892A1F17E
:10EA5C00EEEAE3D6CD59C9CACBCDCDCECFD0D1D3EA
:10EA6C00D4D7D8DADADBDBDDDDE0E3E2E0CAB9AE3D
:10EA7C003BFFFFFFFFFFFFFFFFFFFFFFFFA9AFBC47
:10EA8C00C1F7FD77635E646B6E727A858992A1F132
:10EA9C00EEEAE3D6CD59C9CACBCDCDCECFD0D1D3AA
:10EAAC00D4D7D8DADADBDBDDE0E1E0D0BFAF43FF6F
:10EABC00FFFFFFFFFFFFFFFFFFFFFFFFFFFFFF4316
:10EACC00B4C5F3A3987467656C73797F8892A1F1D0
:10EADC00EEEAE3D6CD59C9CACBCDCDCECFD0D1D36A
:10EAEC00D4D7D8DADADBDDDFE1D9CA56AC3933FF5B
:10EAFC00FFFFFFFFFFFFFFFFFFFFFFFFFFFFFFFF1A
:10EB0C00FF4757CCF49F91766A6971878992A1F17E
:10EB1C00EEEAE3D6CD59C9CACBCDCDCECFD0D1D329
:10EB2C00D4D7D8DADBDDE0DBCF574B3633FFFFFF32
:10EB3C00FFFFFFFFFFFFFFFFFFFFFFFFFFFFFFFFD9
:10EB4C00FF33414DC1D0F595827C7B7D8392A1F141
:10EB5C00EEEAE3D6CD59C9CACBCDCDCECFD0D1D3E9
:10EB6C00D4D7D8DADDDAD3C1524540FFFFFFFFFF1F
:10EB7C00FFFFFFFFFFFFFFFFFFFFFFFFFFFFFFFF99
:10EB8C00FFFFFF3A4553C7D6F696847E81909DF1E0
:10EB9C00EEEAE3D6CD59C9CACBCDCDCECFD0D1D3A9
:10EBAC00D4D8DBDAD4C6B74836FFFFFFFFFFFFFF30
:10EBBC00FFFFFFFFFFFFFFFFFFFFFFFFFFFFFFFF59
:10EBCC00FFFFFFFFFF4046B4C4D5DC9C8D8F9BF24A
:10EBDC00F0EAE3D6CD59C9CACBCDCDCECFD0D1D367
:10EBEC00D7D7D8CABB4C3CFFFFFFFFFFFFFFFFFF8F
:10EBFC00FFFFFFFFFFFFFFFFFFFFFFFFFFFFFFFF19
:10EC0C00FFFFFFFFFFFFFFA94EBDC7D8E4A7A4A5D8
:10EC1C00A8EAE3D6CD59C9CACBCDCDCECFD0D1D46D
:10EC2C00D75AC4B1AAFFFFFFFFFFFFFFFFFFFFFF93
:10EC3C00FFFFFFFFFFFFFFFFFFFFFFFFFFFFFFFFD8
:10EC4C00FFFFFFFFFFFFFFFFFF45B6C9C9D8E9A7CC
:10EC5C00EDEBE4D6CD59C9CACBCDCDCECFD2D4D1E4
:10EC6C00CD574B3633FFFFFFFFFFFFFFFFFFFFFFCB
:10EC7C00FFFFFFFFFFFFFFFFFFFFFFFFFFFFFFFF98
:10EC8C00FFFFFFFFFFFFFFFFFFFF3449BC5BCDD849
:10EC9C00E8EBE5DACD59C9CACBCDCDCFD2D2D1C1B3
:10ECAC00513E3AFFFFFFFFFFFFFFFFFFFFFFFFFF9C
:10ECBC00FFFFFFFFFFFFFFFFFFFFFFFFFFFFFFFF58
:10ECCC00FFFFFFFFFFFFFFFFFFFFFF343C4EC1D3F1
:10ECDC00D0D5DDDBCEC9C9CACBCDCDCFD3C8B7AE6D
:10ECEC0041FFFFFFFFFFFFFFFFFFFFFFFFFFFFFFE6
:10ECFC00FFFFFFFFFFFFFFFFFFFFFFFFFFFFFFFF18
:10ED0C00FFFFFFFFFFFFFFFFFFFFFFFFFF40465628
:10ED1C00C8D7CFCDCBCACACACBCED0CABF4F42FF01
:10ED2C00FFFFFFFFFFFFFFFFFFFFFFFFFFFFFFFFE7
:10ED3C00FFFFFFFFFFFFFFFFFFFFFFFFFFFFFFFFD7
:10ED4C00FFFFFFFFFFFFFFFFFFFFFFFFFFFFFFA91D
:10ED5C004EBECBD2CBC9C9CBCECDC9B5ABFFFFFF15
:10ED6C00FFFFFFFFFFFFFFFFFFFFFFFFFFFFFFFFA7
:10ED7C00FFFFFFFFFFFFFFFFFFFFFFFFFFFFFFFF97
:10ED8C00FFFFFFFFFFFFFFFFFFFFFFFFFFFFFFFF87
:10ED9C00FF44B2C6CDCFCDCBCDBA4839FFFFFFFF74
:10EDAC00FFFFFFFFFFFFFFFFFFFFFFFFFFFFFFFF67
:10EDBC00FFFFFFFFFFFFFFFFFFFFFFFFFFFFFFFF57
:10EDCC00FFFFFFFFFFFFFFFFFFFFFFFFFFFFFFFF47
:10EDDC00FFFF39AE57CED4C6523E39FFFFFFFFFFBF
:10EDEC00FFFFFFFFFFFFFFFFFFFFFFFFFFFFFFFF27
:10EDFC00FFFFFFFFFFFFFFFFFFFFFFFFFFFFFFFF17
:10EE0C00FFFFFFFFFFFFFFFFFFFFFFFFFFFFFFFF06
:10EE1C00FFFFFF3944484DAC41FFFFFFFFFFFFFFF1
:10EE2C00FFFFFFFFFFFFFFFFFFFFFFFFFFFFFFFFE6
:10EE3C00FFFFFFFFFFFFFFFFFFFFFFFFFFFFFFFFD6
:10EE4C00FFFFFFFFFFFFFFFFFFFFFFFFFFFFFFFFC6
:10EE5C00FFFFFFFFFFFFFFFFFFFFFFFFFFFFFFFFB6
:10EE6C00FFFFFFFFFFFFFFFFFFFFFFFFFFFFFFFFA6
:10EE7C00FFFFFFFFFFFF00000000000000005452E6
:10EE8C005545564953494F4E2D5846494C452E0031
:10EE9C000001010000000118000000000A000A0037
:10EEAC000808000000000000000000000000000046
:10EEBC000000000000000000000000000000000046
:10EECC000000000000000000000000000000000036
:10EEDC000000000000000000000000000000000026
:10EEEC000000000000000000000000000000000016
:10EEFC000000000000000000000000000000000006
:10EF0C0000000000000000000000000000000000F5
:10EF1C0000000000000000000000000000000000E5
:10EF2C0000000000000000000000000000000000D5
:10EF3C0000000000000000000000000000000000C5
:10EF4C0000000000000000000000000000000000B5
:10EF5C0000000000000000000000000000000000A5
:10EF6C000000000000000000000000000000000095
:10EF7C000000000000000000000000000000000085
:10EF8C000000000000000000000000000000000075
:10EF9C000000000000000000000000000000000065
:10EFAC000000000000000000000000000000000055
:10EFBC000000000000000000000000000000000045
:10EFCC000000000000000000000000000000000035
:10EFDC000000000000000000000000000000000025
:10EFEC000000000000000000000000000000000015
:10EFFC000000000000000000000000000000000005
:10F00C0000000000000000000000000000000000F4
:10F01C0000000000000000000000000000000000E4
:10F02C0000000000000000000000000000000000D4
:10F03C0000000000000000000000000000000000C4
:10F04C0000000000000000000000000000000000B4
:10F05C0000000000000000000000000000000000A4
:10F06C000000000000000000000000000000000094
:10F07C000000000000000000000000000000000084
:10F08C000000000000000000000000000000000074
:10F09C00000000000000000000000000000202025E
:10F0AC000404042F2E2D3B352F302A245A534E6541
:10F0BC005F5B544E4A4B45418A85825C5551FDFB42
:10F0CC00FA948E8B8C8683817B785D57548D8886E1
:10F0DC007A7776958F8D98918FE6E1E0F1ECEB776E
:10F0EC007271A6A09FFFFDFD4B4A4A817F7FFDFAFE
:10F0FC00FA302F2F918E8EDBD6D6555353A29E9E6F
:10F10C00C1BCBCC7C2C2EAE4E4494747676464892E
:10F11C0085853937373D3B3BBFB9B9070606F5EF57
:10F12C00F0F7F1F2FBF5F6DBD5D6A39D9EAAA4A5CC
:10F13C00FBF6F7FDF8F9FFFAFBBAB5B6C8C3C49BEA
:10F14C009697B1ADAEC6C2C3C8C4C5A9A5A6A7A49F
:10F15C00A5AFACADB1AEAFB7B4B58683848E8B8C96
:10F16C007E7B7CC1BBBDCEC8CA524F50FFFDFE9109
:10F17C008F90CDC9CBD1CDCFC1BDBFC3C0C2C5C28D
:10F18C00C4C7C4C6AFACAEB2AFB1BAB7B9D7D3D699
:10F19C00C7C5C7CAC7CA2F2E2FC1C0C2FFFFFF00E9
:10F1AC000000FFFFD1C3E3E5EFC2AAFFFFCEE1FAF7
:10F1BC00FDF3FBF1E8D3C5E2F5E7E0F7F8F5F9ED7F
:10F1CC00E9F2B9B5D8D9E6F6F4E4ECBFADB3B8B012
:10F1DC00AFC6E0F0EBB1ACB7B6BBC0CADDDEEAAE91
:10F1EC00BCD4DCFEEED6D7DFFCB2D2D5DAC4B4C1C7
:10F1FC00CCCDFFC8CBD5DBB4FEBEBAA9FFFFABCFDD
:10F20C00C7BDC9D0FFFF0000000000000000545231
:10F21C005545564953494F4E2D5846494C452E009D
:10F22C000001010000000118000000004000400037
:10F23C000808FFFFFF7B7CF17171F06B6BF0565689
:10F24C00C46061EC4345BB5151ED3133BF373BE6F4
:10F25C002728B42729CA1A1C92292AE51D1DBD028C
:10F26C00020F12138A10107F0A0B5113169E1B1CCF
:10F27C00E501010903031B0607361111C91313E03D
:10F28C000F11BC0D0DDE0D0EE30A0DD2060894090C
:10F29C0009E90406850506A6070CE10505DE03034E
:10F2AC00DE0202B50101C40101E30000010000040B
:10F2BC000001D30001DA0000DE0000E80000F135A7
:10F2CC00376C5C61DD5258D5464AC94E53DE454A0F
:10F2DC00D62B2F8A383EB8393EC44248E81A1C5EF9
:10F2EC002C31A93439D31F249A2229D9171CD506BD
:10F2FC00096D040BCD555CE12C35DD0B18DE4A583D
:10F30C00EA0914990716AA6874E75A6BF35262F06B
:10F31C004454D0495CF82A37B36274F63548D0228D
:10F32C0038C76C81FB1329AE112BC3011DBB022402
:10F33C00CCFAEAD6E8DDD0F8EBDCF3E5D6FCF8F451
:10F34C005A544EF0E0D0EDDCCC030201020100E98E
:10F35C00DFD69D724CC2B9B26F665FE6D2C2AC8189
:10F36C005EA16A3F85817EF5E9E0986947A3704B01
:10F37C00885836925426271609AFA6A0968C85F08D
:10F38C00D3C05A44359358310704028D5027794322
:10F39C0020DDD0C8DAC2B4B69D8ED4B7A5AB8B78BD
:10F3AC000E09068A5637915A3A150D087B482A8A57
:10F3BC00512F8F532E472916382011844926F8F1E6
:10F3CC00EDF1E4DDE6D8D0EFE0D8F0DDD382777153
:10F3DC00DFCCC2D1BEB4C9B5AA564D48BFAA9EE275
:10F3EC00C9BBC7AFA2D5BAABBDA293C3A797D0B0C8
:10F3FC009FCAA896B19382C7A491C4A08DA0806E19
:10F40C0096766445342B946D58A6765C2B1E17A209
:10F41C00715591644B9C6B4F9A664987583E986422
:10F42C0046956143975F3F945C3D865135895335D2
:10F43C008F5737663E279156368E55348C53328F04
:10F44C0053328D523158331E8D51308C502F894E82
:10F45C002CF5EBE6E6DCD7E2D6D0D5C7C0E9D9D19E
:10F46C00F2E0D7EAD4C9CEB3A5AE978BCBAA9969F3
:10F47C00564DC19C89BD97841B1512BA917CB68BD5
:10F48C0075B0846EAB7D65895D48A06A4E0A060432
:10F49C00945839E9DED9A59A95EAD5CCECD7CEE8C3
:10F4AC00D1C7E7CFC479554569493AEEDDD6EDDBD6
:10F4BC00D4EDDAD2ECD8D0E9D2C9E6CCC28B645503
:10F4CC007E4B36342D2B7B5C54776E6CA189844A31
:10F4DC004140050404040303E7DDE35E595CB6AD6B
:10F4EC00B3EAE6E9030203705A7A22192753376705
:10F4FC000C0B0DC1B8D3382C514843599088B2D558
:10F50C00D2E7524D7F0D0C1A4039919F9CDC514F24
:10F51C009D6562C96564A28382DF7271C65755B05E
:10F52C003938A82120732C2B9D0908E0FFFFFF0020
:10F53C000000FFFFFFFFFFFFFFFFFFFFFFFFFFFFCD
:10F54C00FFFFFFFFFFFFFFFFFFFFFFFFFFFFFFFFBF
:10F55C00FFFFFFFFFFFFFFFFFFFFFFFFFFFF29295B
:10F56C00FFFFFFFFFFFFFFFFFFFFFFFFFFFFFFFF9F
:10F57C00FFFFFFFFFFFFFFFFFFFFFFFFFFFFFFFF8F
:10F58C00FFFFFFFFFFFFFFFFFFFFFFFFFFFFFFFF7F
:10F59C00FFFFFFFFFFFFFFFFFF28FFFF0F17123FCB
:10F5AC001E1E1E203F172929FFFFFFFFFFFFFFFF35
:10F5BC00FFFFFFFFFFFFFFFFFFFFFFFFFFFFFFFF4F
:10F5CC00FFFFFFFFFFFFFFFFFFFFFFFFFFFFFFFF3F
:10F5DC00FFFFFFFFFFFFFFFFFFFF163F1E21212153
:10F5EC002121252525261E16FFFFFFFFFFFFFFFF0C
:10F5FC00FFFFFFFFFFFFFFFFFFFFFFFFFFFFFFFF0F
:10F60C00FFFFFFFFFFFFFFFFFFFFFFFFFFFFFFFFFE
:10F61C00FFFFFFFFFFFFFFFF153F21212121211ECF
:10F62C001E1E130A083B0B1A17FFFFFFFFFFFFFFFD
:10F63C00FFFFFFFFFFFFFFFFFFFFFFFFFFFFFFFFCE
:10F64C00FFFFFFFFFFFFFFFFFFFFFFFFFFFFFFFFBE
:10F65C00FFFFFFFFFFFFFF161E2525212113130CB3
:10F66C001011110C36344A371329FFFFFFFFFFFF2F
:10F67C00FFFFFFFFFFFFFFFFFFFFFFFFFFFFFFFF8E
:10F68C00FFFFFFFFFFFFFFFFFFFFFFFFFFFFFFFF7E
:10F69C00FFFFFFFFFF2817262625250E0A3AFC3C04
:10F6AC00131010103C3734323617FFFFFFFFFFFFEB
:10F6BC00FFFFFFFFFFFFFFFFFFFFFFFFFFFFFFFF4E
:10F6CC00FFFFFFFFFFFFFFFFFFFFFF28FFFFFF28EC
:10F6DC00E1E1E6E1E1122B26261A373232360C1222
:10F6EC00F1161616170C323434125EFFFFFFFFFFB3
:10F6FC00FFFFFFFFFFFFFFFFFFFFFFFFFFFFFFFF0E
:10F70C00FFFFFFFFFFFFFFFFFFFFFFC96C9BD2C78F
:10F71C009C9AC6C6FA2C2A2A0B33330639F129FFD8
:10F72C00FFFFFFFFFF2939343439FFFFFFFFFFFFD5
:10F73C00FFFFFFFFFFFFFFFFFFFFFFFFFFFFFFFFCD
:10F74C00FFFFFFFFFFFFFFFF729EABA09DC6C6C56C
:10F75C00C4C3C3062C2B403B3341F6DF7A5EFFFF5C
:10F76C00FFFFFFFFFFFF29353339FFFFFFFFFFFFCF
:10F77C00FFFFFFFFFFFFFFFFFFFFFFFFFFFFFFFF8D
:10F78C00FFFFFFFFFF28C981A8C89F9F9DC6C5C565
:10F79C00C396082C2B404E4A04E7BFBFBF9BC25EEA
:10F7AC00FFFFFFFFFFFF5D173439FFFFFFFFFFFF78
:10F7BC00FFFFFFFFFFFFFFFFFFFFFF29285DE6E6CE
:10F7CC00FFFFFF5EC982A9A6A6A4A19D9DC6C6C5C2
:10F7DC00C4FA2C2B1D4F4EF462BFBFBF62DCDC8D14
:10F7EC00C25DFFFFFFFFFF0F3A39FFFFFFFFFFFF77
:10F7FC00FFFFFFFFFFFFFFFFFFFF2812FB1111119F
:10F80C00113F12E87ECAA7A7A5A5A2A19F9D9D6442
:10F81C00F42B2C40524CF0BFBF6289DEBD7777963B
:10F82C0079BF7AFFFFFFFF150C175EFFFFFFFFFF8D
:10F83C00FFFFFFFFFFFFFFFFFFFF3F083C0C0C0C1F
:10F84C0010FBD2ACACAA7CA7A7A7A7A4A19F69E781
:10F85C002B2C405151EDD2DC9A79779390BCBC9013
:10F86C00939292DBFFFFFF0F1016FFFFFFFFFFFFCE
:10F87C00FFFFFFFFFFFFFFFFFF173BFC3C0C3C3F74
:10F88C00F1AB71AEADADAAAAAA7C7CA7A7A2C89C0D
:10F89C00F22A4551E3D1D99AC6C5C5C3C17797930E
:10F8AC0092B8B5CEDBFFFF161115FFFFFFFFFFFF70
:10F8BC00FFFFFFFFFFFFFFFF151A37FCFC3C39155C
:10F8CC008180B0AEAEAEAEADADAA7171D989D9A4FE
:10F8DC0069E70CF068A0A1A19F9F9F9FC6C3C0774A
:10F8EC008C858587929E28171128FFFFFFFFFFFF4D
:10F8FC00FFFFFFFFFFFFFF28200DFA3A3AFBE682DD
:10F90C007E7F7F7F7FB3AEB28071D9F6015047F214
:10F91C00C765A0A2A2A2A1A1A2A079929699C6960F
:10F92C00B785D4D38F9AE01212FFFFFFFFFFFFFFC2
:10F93C00FFFFFFFFFFFF29122D3B063A3A176CB170
:10F94C007EB37F7FB4B373B2DCF64D50505050375A
:10F95C00E9A6A4A4A2A2A5A09C92CED6CD76BC76F4
:10F96C00D4D4D5D6B992BF1016FFFFFFFFFFFFFF0F
:10F97C00FFFFFFFFFF29162D2D3B36363AE882B1EB
:10F98C0083B4B4B47373DCF64D4D4D5050505031BC
:10F99C00FCC7A7A77CADA390D0CFD8D8D8D0D7CF51
:10F9AC00D8D0CED6D58C96F0EAFFFFFFFFFFFFFF35
:10F9BC00FFFFFFFFFF28172E273B0637FC8282B183
:10F9CC0083B4B4B4DCF94948484D4D4D50505047C0
:10F9DC0036BF73B4B4749DCED0D8D8D8D8D8D88FFD
:10F9EC008F8FD8D7CED693C4D15EFFFFFFFFFFFF1A
:10F9FC00FFFFFFFFFFFF172E2D423206FA8282B166
:10FA0C0083B473D1334B494948484D4D4D4D5050FB
:10FA1C0034F083B4B48377CED8D0D0D0D0D0D8D86B
:10FA2C008F8F8FD0BBD58CC4C39BFFFFFFFFFFFF15
:10FA3C00FFFFFFFFFFFF172E2D0D3237368282B1ED
:10FA4C0083B4B4B4D1044B44494848484D4D4D504F
:10FA5C0041067E74747E91CDD0D0D0D0D0D0D0D091
:10FA6C00D88FD8D0BBD5B899C5C67DFFFFFFFFFF97
:10FA7C00FFFFFFFFFFFF162E2D19313206DB8281AF
:10FA8C007EB4B483747EF94B44494948484D4D507B
:10FA9C003032CC9779C1D8CFCFCFCFCFCFCFCFCF3C
:10FAAC00CFD0D0D0D7CED4969FC6D1FFFFFFFFFFCB
:10FABC00FFFFFFFFFFFF292B2D1F333232EC82811A
:10FACC00ABB47EC7C0C5F9384444494948484D4D8C
:10FADC004737E796D0D0D8D7CDD7D7D7D7D7D7D722
:10FAEC00D7D7CFCFD7CDD4779FA19F9EFFFFFFFF56
:10FAFC00FFFFFFFFFFFFFF1E2E2D093134F0828226
:10FB0C00B174A38B78EE3838384444494948484D91
:10FB1C00474CE96A9F91D6D6D5D6CECDCDCDBBBBC1
:10FB2C00D7D7CFD7CDCDD68C9FA1A4ABFFFFFFFFEE
:10FB3C00FFFFFFFFFFFF29172E2D143134068282A1
:10FB4C0081AB94D876F54238383844444949494811
:10FB5C004D3AFBDAA28C85D5D5D4D4D5CECDCDCD2E
:10FB6C00D7D0D0D7CDCDCDD7C59FA47B7DFFFFFF00
:10FB7C00FFFFFFFFFFFFFF15272D2D383131EC6CF8
:10FB8C0082898A6FE442420909383841064449495E
:10FB9C004D3611D2A4C18C7585D3D3D3D4D5CECD4B
:10FBAC00CFD8D8D7CECECDD677A1A27C82FFFFFFFF
:10FBBC00FFFFFFFFFFFFFF5E1E2E2D0D4133F28274
:10FBCC00DF898CD7F53D4242090938043FFC414B93
:10FBDC004DFA39D2A09F9FC186858787D3D3D5CDC7
:10FBEC00CFD7D0CFCED6CDD592A1A17CB1FFFFFF80
:10FBFC00FFFFFFFFFFFFFFFF172E2D1F333132EDED
:10FC0C008DE3CCE43D3D3D42424241FC11ECDF042E
:10FC1C00470C9B70A09F9FC8C676CBD38585D4CE4E
:10FC2C008A8ED8D7CED5CECDC5A1A1A77E72FFFF27
:10FC3C00FFFFFFFFFFFFFF5E81182E2D0D4133F4F8
:10FC4C008D5ADDF93E3D3D3D42093210118D628DDC
:10FC5C00DFDF70D29C9D9D9D9FC6C4C5C37667BADD
:10FC6C00B89C8CD5D5D4D48BA4A1A1A5AE7DFFFF17
:10FC7C00FFFFFFFFFFFFFF5E74E92E2D1F333131B5
:10FC8C00E38D5A0E3E3E3D3D3D38FC10F089BF7071
:10FC9C007070D2C79DC6C6C69D9D9F9FA29F917630
:10FCAC00C3AE968587D5BA93AAA2A1A5AD82FFFF54
:10FCBC00FFFFFFFFFFFFFFC983730E2E2D143033A0
:10FCCC00F45A2F1A3E3E3E3E42060C35DDBFD1D9CA
:10FCDC00D9D99CC6C6C6C6C6C6C69D9D9DC8A2A57A
:10FCEC00ACAFACC67685BA8EA9A5A2A5AA81FFFF3A
:10FCFC00FFFFFFFFFFFFFF7DB473E9272D2D0941A7
:10FD0C0031E3FB2146183E3E3BFA0CF089BF9AC505
:10FD1C00C5C5C5C5C5C5C5C5C5C5C6C69D9DC8A4F3
:10FD2C00A6CAAF83A1D7B58E7FA7A4A5AAB1FFFFA2
:10FD3C00FFFFFFFFFFFFFF6CB4B473FC2E2D1F33CE
:10FD4C0041F9111E1E46183E32FCFCDD6699C5C4F5
:10FD5C00C4C4C4C4C4C4C4C4C4C5C5C6C69D9FC899
:10FD6C00A6A7ACB0B4A2C1C5B47CA5A5ACB1FFFF2D
:10FD7C00FFFFFFFFFFFFFF6CB4B473DA182E2714DC
:10FD8C00414113201E1E2108363AF4896D8EC4C3DE
:10FD9C00C3C3C3C3C3C3C3C3C3C4C4C4C5C69D9F69
:10FDAC00A2A6CAADB0B483B4B2AAA6A7ADABFFFFEE
:10FDBC00FFFFFFFFFFFFFF6CB4B4B46BE9242D27EA
:10FDCC000941322020201EFAFAFADD6E6198C3C177
:10FDDC00C1C1C1C1C1C1C1C1C1C3C3C4C4C5C69D18
:10FDEC00C8A4CAACAFB2B3B3B2AAA7A7ACABFFFF5F
:10FDFC00FFFFFFFFFFFFFF6CAE7CA4A26004272C6B
:10FE0C002434414C3F201035FC2FDD6DB8C1C0C0EF
:10FE1C00C0989898989898C0C0C1C1C3C3C4C59DD8
:10FE2C009FA2A6ACAFB2B2B3B2AD7C7CADB15EFF5B
:10FE3C00FFFFFFFFFFFFFFC2A5A4A1A47784342B13
:10FE4C002B1B3341FC3F353535DB5A61E590C097B0
:10FE5C0097959595959595979798C0C0C1C3C4C62D
:10FE6C009DC8A6CAAFB0B2B2B2AFAA7CAEB1FFFF0A
:10FE7C00FFFFFFFFFFFFFF7A9C9AA4688BFEEF3D0C
:10FE8C002A2A3E41313C35F239DBDF66B88B97BE0E
:10FE9C00BE94949494949494BE959798C0C1C3C501
:10FEAC00C69FA4CAACAFB2B2B2ADAAAAAE81FFFFD4
:10FEBC00FFFFFFFFFFFFFFE1A0B899A0755959EBB9
:10FECC001D2A263D3031F235DBDBDFE3666EBD9457
:10FEDC0078787891919178789494BE9798C0C3C4AF
:10FEEC00C69FA2A7ACAFB0B2B2ADACAD7F82FFFFE4
:10FEFC00FFFFFFFFFFFFFFFFD2969099845959E552
:10FF0C000E2626260B41062FDFDF8DE3E3896E7765
:10FF1C009176767676767691787894BE9798C1C3FA
:10FF2C00C59DC8A7ACAFB0B2B2AFADADB36CFFFF5F
:10FF3C00FFFFFFFFFFFFFF28B199B88B5984FEEB41
:10FF4C0021252626260B41F462DDE3E3E3E3DD897C
:10FF5C009376638F8F8F8F8F76917894BE97C0C373
:10FF6C00C5C6C8A6CAAFAFB2B2AEAFAE837AFFFFFA
:10FF7C00FFFFFFFFFFFFFFFF9E998459595959F767
:10FF8C002521252626250B31EE61CCE35A8D5A5AB4
:10FF9C00DD777663BBBB638F8F769178949598C32E
:10FFAC00C69CA0A6CAACAFB2B2B0B0B3AB5EFFFFFA
:10FFBC00FFFFFFFFFFFFFFFFC99C75595959FEF565
:10FFCC00252525212525250B30EFE26D628D8D8DA4
:10FFDC005A626E8C635C5C63638F7691BC93969A69
:10FFEC00D170ABA3CAACAFB2B0B0B27F81FFFFFF90
:04FFFC00FFFFFFFF05
:020000023000CC
:10000000FFFFFFFFFFAB79598475B6082625250E43
:10001000082525250E30E5846166625A8D5AE389EC
:100020008C5B5B5CBB638FBC7799DC709B9B70DAED
:10003000B0B2AFAFB0B0B3B47DFFFFFFFFFFFFFFC3
:10004000FFFFFFFFFF9E9675B7C6770B2626253765
:10005000414C2525250E30E259B8CC89625A5A897F
:100060006158585BBB76926EDC8DDF9BDB9BABC728
:100070009CA3A8B2B2B273ABFFFFFFFFFFFFFFFF6D
:10008000FFFFFFFFFF5D6E8C999DDE1D2626263447
:100090004AF6F025251A0E30EB5B758B6D66666DA2
:1000A0005657588A8E6E625ADFDF9B9B9B81BF8BAF
:1000B000D58A777FB2B2DA9EFFFFFFFFFFFFFFFF17
:1000C000FFFFFFFFFFFFDF85999D892A2A26184A37
:1000D0004EE76EEE0A1A0E0B30EB88BA5675B85F13
:1000E0005757566DDD5A8DDF70DF2F3C2FDFCC6701
:1000F000B567BBA573DAFBE6FFFFFFFFFFFFFFFF5E
:10010000FFFFFFFFFFFFEAE48E9FE72A2A2A3D4E0A
:10011000066666B8EB060B0B3B31EBBA576767B563
:1001200067585C8E628D70DF2F3C545454F06E75AE
:100130008567CDC783E9200FFFFFFFFFFFFFFFFFAC
:10014000FFFFFFFFFFFF299B7564E72C2B2A3D4E25
:10015000F462898E87E5F83B343430F35F57676784
:1001600067585B8ABD622F0C53535354434C626EE5
:10017000E46177D1DC124517FFFFFFFFFFFFFFFFB0
:10018000FFFFFFFFFFFFFFFF8991F02C2C243B4F67
:10019000F6DD6EB7595959F331334105F3B655853C
:1001A0008557558AEE3545464653401914F25AE3B1
:1001B0006262BF5A9E174517FFFFFFFFFFFFFFFF59
:1001C000FFFFFFFFFFFFFFFFEA8EEE2727234F4CC5
:1001D00066666D845984595BEB47050303F7EF5856
:1001E0005588EEF2201E45462A231B140DF05A5A5C
:1001F0005A8D5ADBFF3F4512FFFFFFFFFFFFFFFF56
:10020000FFFFFFFFFFFFFFFFFFDBEE2C27FD4E3A56
:100210008966E4848459B58A63B8F703020301EB65
:10022000EBF420201145262C2CFD19143BE35A5ADF
:100230008D5ADF72164513125EFFFFFFFFFFFFFFAF
:10024000FFFFFFFFFFFFFFFFFFFFEC22271C4F35E3
:100250006266E4B58484CBB88A638AF3020303013F
:100260000611111E252B272C231B140D372FE3E31A
:10027000E362DB1745465117FFFFFFFFFFFFFFFF5C
:10028000FFFFFFFFFFFFFFFFFFFF163E43144F3549
:100290008D62BD91B78A8A8AB5758F63EBF703F3D8
:1002A000FA13262C272C2C241B19140952545452AF
:1002B0004E37515353513B0FFFFFFFFFFFFFFFFF2F
:1002C000FFFFFFFFFFFFFFFFFFFF0F0B140D512F7D
:1002D00070BF9990BC789176868A76B85FB6EFB693
:1002E000F82A272C2C2C2C2319140D090B4F5254AF
:1002F000545454520B090C5EFFFFFFFFFFFFFFFF3A
:10030000FFFFFFFFFFFFFFFFFFFF293C3D4251F4CE
:10031000895A9A98BE908B8CBC918B8BD0568584D1
:10032000E2382C2C2C2C231B140D0938070505054D
:1003300005304107380917FFFFFFFFFFFFFFFFFFF1
:10034000FFFFFFFFFFFFFFFFFFFFFFFB4E4E51F6DA
:100350008CDD66BDC1B867868ACB85B8908B5F6738
:1003600057E2332C2C24FD19140D0907070503024D
:100370000203050709FCFFFFFFFFFFFFFFFFFFFF71
:10038000FFFFFFFFFFFFFFFFFFFF28174A4A3A3931
:100390009EBFDD6D928B67858587B9B88BB8678501
:1003A0008755CB3324231B140D093807050303039A
:1003B000030507093716FFFFFFFFFFFFFFFFFFFFE2
:1003C000FFFFFFFFFFFFFFFFFFFFFF0F364A4C3F1E
:1003D0005E5EC2BF8B588887BAD3B986867585BAE8
:1003E000BABA58753327190D0938070705050303ED
:1003F00005073804E8FFFFFFFFFFFFFFFFFFFFFFD8
:10040000FFFFFFFFFFFFFFFFFFFFFFFF3931363F19
:100410005EFF2916FBE790D8BB87BABABABA8888BC
:10042000CDD4B9639004190D093831F8F7F7F7F70F
:10043000F8F6EDEAFFFFFFFFFFFFFFFFFFFFFFFF03
:10044000FFFFFFFFFFFFFFFFFFFFFFFF0FFB4A0C58
:10045000121617113F0FC9DBBF9A77918FD8CF952E
:1004600096919399D29BF90D3807FBE6EAEAEAEAFE
:10047000E6FFFFFFFFFFFFFFFFFFFFFFFFFFFFFFA5
:10048000FFFFFFFFFFFFFFFFFFFFFFFFFFE117FB86
:100490001111111215FFFFFFFFFFE07DC29E9E9E0E
:1004A0009EC2C95DFFFFEAF9380517FFFFFFFFFF96
:1004B000FFFFFFFFFFFFFFFFFFFFFFFFFFFFFFFF4C
:1004C000FFFFFFFFFFFFFFFFFFFFFFFFFFFFFF1526
:1004D000171716FFFFFFFFFFFFFFFFFFFFFFFFFFE5
:1004E000FFFFFFFFFFFFFFEAF54116FFFFFFFFFFE2
:1004F000FFFFFFFFFFFFFFFFFFFFFFFFFFFFFFFF0C
:10050000FFFFFFFFFFFFFFFFFFFFFFFFFFFFFFFFFB
:10051000FFFFFFFFFFFFFFFFFFFFFFFFFFFFFFFFEB
:10052000FFFFFFFFFFFFFFFFC2F615FFFFFFFFFF0B
:10053000FFFFFFFFFFFFFFFFFFFFFFFFFFFF0000C9
:1005400000000000000054525545564953494F4E93
:100550002D5846494C452E000001010000000118AD
:1005600000000000400040000808FFFFFF010101FB
:100570000606060303040000010407091112120B0A
:100580000C0C030505000101BCE3CDB0DCC1081271
:100590000C0E1912C8EED5010402020B05A7D4B542
:1005A000ABE8BD26412E9ECBAB85C39694C09F770A
:1005B000B48660A57041885187B5911523184FA75F
:1005C000615C98672681374199506CA7743A8545DC
:1005D00032543654985B318739627C634F93504074
:1005E00051405270525A8C5A609E60478746367A04
:1005F000352A712A26692626792341833E297B25BF
:10060000347A2C2F78282B752353884C45604075FD
:1006100085722330204470353C692B383A36030309
:1006200002030301A7A58C17161328251F0605032F
:10063000999187D9C6B2504C48E4D6C8E5D7C9E4E9
:10064000D5C6E1D0BFDFCCB9DCC9B6090807E7D908
:10065000CCEBDDD0D3C6BA79716AE2D2C4E7D7C990
:10066000B7AA9EDDCDBED9C8B9D4C3B4D5C0AD5FDD
:10067000554C3F352CC6BAB0E6D7CBC3B5AAB3A408
:1006800098D1BFB1AB9C90DECABAB9A89AC5B3A441
:10069000A69689AA998BB2A092B5A394BCA898A556
:1006A0009283C4AD9BCFB7A3D3BAA6B9A391CCB361
:1006B0009EB29A87C8AC96C5A890896345E4D7CD09
:1006C000CFC1B7DDCEC3CCBDB2322E2BBFAFA3CAD4
:1006D000B9ACBBAA9DDAC5B6463F3AD8C3B3CDB8CC
:1006E000A9D7C1B0AE9B8DD3BCABCBB4A39483765A
:1006F000AE9888A58F7F8C796BCAAE9AC4A995AE47
:1007000095837B695CA78D7AAD927EB49883BC9EFD
:1007100088C2A38CBFA089A08470BB9B83B9987F3B
:10072000B59177221B1695765F9B7B638E6F5795ED
:100730007258835F449B6E4EA37351825A3C7C5522
:10074000387B5132774E306B4020F9F0EAEADED642
:10075000ABA19AD8C9BFEAD9CEEEDDD2F3E1D5C7B5
:10076000B0A09E8B7EDABFACB39C8C6F6056C2A5E6
:1007700092A78975B8967EB5937BB18E76B08B7152
:10078000B1876CAC8367A67E628C674E976F53A56A
:10079000785A9E72546347349E6F4F9367484C3526
:1007A000259A6B4B9C6D4C976848996A49986848A4
:1007B0009A6A499C6B4A9767469E6C499465449C2B
:1007C000694673482AE0D5CEE4D9D2EFE2DAF4E7FD
:1007D000DFEDDED5E9DAD1ECDBD1E2D1C7E6D2C676
:1007E000DCC9BDE5CFC1E8D1C3E3CBBCE5CCBDE9F5
:1007F000CEBEE3C6B5C9A690C29A8115100D3727A3
:100800001D1E130CE7D5CBEED9CDDDC5B8E1C7B9B8
:10081000E0C5B6DDC1B1DFC3B3DDBFAEE7C7B6DA51
:10082000BCABD9BAA9DCBCABDAB9A6D6B4A2D8B6EF
:10083000A3D4B19DD3AC97D6AD97D1A892CDA38CBC
:10084000CA9E86C8997FC6957AC29176C38E72BFBA
:10085000896CEBD4C8E0C0B0E2BFAD0503020A0664
:1008600006030002FFFFFF000000FFFFFFFFFFFF86
:10087000FFFFFFFFFDFC41FFFFFFFFFF09FFFFFF41
:10088000FFFFFFFFFFFFFFFFFFFFFFFFFFFFFFFF78
:10089000FFFFFFFFFFFFFFFFFFFFFFFFFFFFFFFF68
:1008A000FFFFFFFFFFFFFFFFFFFFFFFFFFFFFFFF58
:1008B000FFFFFF38223A22220CFFFF0909FFFF0148
:1008C000FFFFFFFFFFFFFFFFFFFFFFFFFFFFFFFF38
:1008D000FFFFFFFFFFFFFFFFFFFFFFFFFFFFFFFF28
:1008E000FFFFFFFFFFFFFFFFFFFFFFFFFFFFFFFF18
:1008F000FFFF3F29312F2B181309DB403F10FFFF6B
:10090000FFFFFFFFFFFFFFFFFFFFFFFFFFFFFFFFF7
:10091000FFFF01FFFFFFFFFFFFFFFFFFFFFFFFFFE5
:10092000FFFFFFFFFFFFFFFFFFFFFFFFFFFFFF01D5
:10093000FFFF38262F2F392922403A323A220DFF65
:10094000FFFFFFFFFFFFFFFFFFFFFFFFFFFFFFFFB7
:10095000FFFF01FFFFFFFFFFFFFFFFFFFFFFFFFFA5
:10096000FFFFFFFFFFFFFFFFFFFFFFFFFFFF063857
:100970001B1B222D2D2D2E2E3A3934343439220DC5
:10098000FFFFFFFFFFFFFFFFFFFFFFFFFFFFFFFF77
:10099000FFFFFFFFFFFFFFFFFFFFFFFFFFFFFFFF67
:1009A000FFFFFFFFFFFFFFFFFFFFFFFFFF053621F8
:1009B00030392C192B2B302C2E2E34342F35271B6D
:1009C000FFFFFFFFFFFFFFFFFFFFFFFFFFFFFFFF37
:1009D000FFFFFFFFFFFFFFFFFFFFFFFFFFFFFFFF27
:1009E000FFFFFFFFFFFFFFFFFFFFFFFF04361F2496
:1009F0001E21232B333434332C2E2E342B25130C71
:100A0000FFFFFFFFFFFFFFFFFFFFFFFFFFFFFFFFF6
:100A1000FFFFFFFFFFFFFFFFFFFFFFFFFFFFFFFFE6
:100A2000FFFFFFFFFFFFFFFFFFFFFFFFFF281C1E71
:100A3000191826302C333434332C2E2D39221B0434
:100A4000FFFFFFFFFFFFFFFFFFFFFFFFFFFFFFFFB6
:100A5000FFFFFFFFFFFFFFFFFFFFFFFFFFFFFFFFA6
:100A6000FFFFFFFFFFFFFFFFFFFFFFFFFF4018211A
:100A700018202A2B302C34343432242E39221BFFF8
:100A8000FFFFFFFFFFFFFFFFFFFF040FFDFDFFFF65
:100A9000FFFFFFFFFF04FFFFFFFFFFFFFFFFFFFF61
:100AA000FFFFFFFFFFFFFFFFFFFFFFFFFF1B2918F7
:100AB00015171817202330333434302C2C36384196
:100AC000FFFFFFFFFFFFFFFFDB40BCB9DCDDDBFF0B
:100AD00004FFFF93BCDDFFFFFFFFFFFFFFFFFFFFF2
:100AE000FFFFFFFFFFFFFFFFFFFFFFFFFF271C17B9
:100AF0001615161720171C3234342C2B2C2C393693
:100B00003810FFFFFFFFFFDCB0DAF2F2B29B9FBCB0
:100B1000FFFBB9B3F79AB993FFFFFFFFFFFFFFFF9A
:100B2000FFFFFFFFFFFFFFFFFFFFFF072228181453
:100B30001414171820282021333432262124212A86
:100B4000280D10FFFFFF4B95EFF1F2F2F0899FC8DF
:100B5000DC58F6F6F7F7F7B0BCDDFFFFFFFFFFFF4D
:100B6000FFFFFFFFFFFFFFFFFFFF04361718180B03
:100B70001111181D1904271C32343423192323237F
:100B8000280D08FFFFFF938EEEF1F1F2F0AD9F9F6D
:100B9000B996F4F6F7F7F7DA709FBC08FFFFFFFF8E
:100BA000FFFFFFFFFFFFFFFFFFFF042515181711D1
:100BB0000B11291D22FF3B1C3032342A1818262A1B
:100BC000280C3D4102FFDB90EFF0F1F1F1B2B6B538
:100BD000B6F5F4F5F6F7F7EDB59F9B93FFFFFFFF32
:100BE000FFFFFFFFFFFFFFFFFFFFFF251217170BA0
:100BF0000B0B1D29220F361F2B30351717201720FE
:100C0000428488C8B9B940AFEDEEF0F0F0F0F0F1F1
:100C1000F2F3F4F4F5F6F3A79F9F9E7AFFFFFFFF30
:100C2000FFFFFFFFFFFFFFFFFFFFFF933714160BD0
:100C30000B0B172928362318202A201A1720253EA7
:100C4000E9E6A9949F9B8F85ECECF0F292B2B3B2E7
:100C5000F5DAF2F3F4F5F2949F9FB53BFD3CFFFF0C
:100C6000FFFFFFFFFFFFFFFFFFFFFFFFFF37110B3E
:100C70000A0A0B151717151A172016171A3688E4C3
:100C8000E1E4D8AC978DF9EA90B69B9EC89E9EC8C9
:100C9000C89DC6B3F3F3F5B8C89F987AB9BCDCFB1E
:100CA000FFFFFFFFFFFFFFFFFFFFFFFFFF3B1414EE
:100CB0000A0A0A0A0B1114161A1A16172057E4D733
:100CC000E1E2E4E3E4D890709D709795B4B7B7B7CC
:100CD000B6709D9F9BB2F3F3B49E9BB2F6F6B4B987
:100CE000DCFBFFFFFFFFFFFFFFFFFFFFFF271116EA
:100CF0000B0A0A0A0A0B1114161117152857D4D615
:100D0000D5E1E2D6E8979C94B1B3B7BABDC2C0C2F0
:100D1000C3BAB8B69D9FBEF3F3B2F7F6F7F7F7B6CE
:100D2000C8DCFFFFFFFFFFFFFFFFFFFF4B140B14AB
:100D30001A0B0E0A0A0A0B0B0B171A17208879D404
:100D4000D6D5D4859896AFB2B7B89496B6BEBDBD89
:100D5000BDBDBDC3BA709F70F4F3F4F5F6F7F7F7B5
:100D600097C83F04FFFFFFFFFFFFFFFFFC140E0BC0
:100D7000111A140A0E0A0A1617151517172581F8E5
:100D8000D3F8869B8F90B3B3B494AD9596BABEBD9D
:100D9000BDBDBDBDBDBABB9F70F3F4F4F5F6F7F36E
:100DA0006D9F9F41FFFFFFFFFFFFFFFFFF270E0E1D
:100DB000140B161A1A1A1A160B1115171525407F3F
:100DC000A5A7988A90B1B2B3B494B0B394B8BEBE9C
:100DD000BDBDBDBDBDBDBEBB9F99F2F4F4F5F7F03E
:100DE000959F9D7AFFFFFFFFFFFFFFFFFFFF442856
:100DF0002227160A1111111628371114170D7AD34C
:100E00007970878D9292B1B2B396949597BEBDBD1D
:100E1000BDBDBDBDBDBDBDBA709FB2F2F3F5F179E8
:100E2000B5C89B57FFFFFFFFFFFFFFFFFFFFFFFF5F
:100E3000FFFF370E0B0B3738103C373E575876A55F
:100E400097896E90AEAFB0B1B3B4958A8E8CB0B7BF
:100E5000C0C1BDBDBDBDBDBDBA9D9CF2F3F079B4AE
:100E6000C4C3AF44FFFFFFFFFFFFFFFFFFFFFFFF14
:100E7000FFFD280E0E0E371B3F845D7CB08BA66DE8
:100E800094698D8E90AE92B2907DD4D5E3A9E3E3C0
:100E90008DB7C4BDBDBDBDBDBEBF9FB3F16EB3C6F2
:100EA000BEAD44FFFFFFFFFFFFFFFFFFFFFFFFFFA0
:100EB000FFFF4B25421A220C57A6A6CDA5A5D29618
:100EC000A76E6F8D8E91AF7FA47F8B89ADADAD90F6
:100ED0006AE7B2C4BDBDBDBDBDBA9C98F1F1B0C456
:100EE0009AABFFFFFFFFFFFFFFFFFFFFFFFFFFFFCB
:100EF000FFFFFFFFFFFF0F417EA6A4A4CFA68A8AB3
:100F00006A6E6E6F8E9053D16D8982878B8A898FBE
:100F10008FD9E5B2C4BDBDBDBDBEBBC891F1ACBAF1
:100F2000C79402FFFFFFFFFFFFFFFFFFFFFFFFFF71
:100F3000FFFFFFFFFFFFFF58D3A5A4A4A5D2957C18
:100F4000696C856F8D48D0877E6B9192B1918C6270
:100F5000A88FACE8B7C1BDBDBDBDBE9DB4EE8DB61A
:100F6000BD94DCDCDDFFFFFFFFFFFFFFFFFFFFFFA6
:100F7000FFFFFFFFFFFF0157A6A4A4A4A66B8743B2
:100F8000696C856F7BCE82658D91AEDA664F750791
:100F90009384896AD9C1BDBDBDBDBE9B96EEF2AE3C
:100FA000DAF2AFB59CDCFFFFFFFFFFFFFFFFFFFFA3
:100FB000FFFFFFFFFFFFFF75D4A6A4CFA4897C56D7
:100FC0006A696C6CCD6665AC8E908D5C3BFFFFFFF3
:100FD000FF938FAAE3B4C1C2C1C2BEC698EDF0F0C0
:100FE000F0ECE980B8BD75FFFFFFFFFFFFFFFFFFDB
:100FF000FFFFFFFFFFFFFF4B4F55A5A554834A5648
:101000007F6A6C50A364688D8D8D784004FFFFFF6C
:10101000FFFF57877DDAC49995B8C2BF986EEEED91
:10102000E8E8E86999B75701FFFFFFFFFFFFFFFFFF
:10103000FFFFFFFFFFFFFFFFFF404FDFA76B497D73
:10104000566A6ACD76666E6F8D697A04FFFFFFFF80
:10105000FFFF93AD61EDB67E898FB8BF9886E5E35B
:10106000E5E7E87FB8B757FDFFFFFFFFFFFFFFFF92
:10107000FFFFFFFFFFFFFFFFFFFF58DF66614943F0
:101080007D7F794C5CA76E6F6C4204FFFFFFFFFF12
:10109000FFFFFD8461E78F6B9A9595C4977CD5E43B
:1010A000E3E5E87BB89AAB04FFFFFFFFFFFFFFFF1C
:1010B000FFFFFFFFFFFFFFFFFFFFABDF6B5D49435C
:1010C000435647A3786E856E6A7AFFFFFFFFFFFFE6
:1010D000FFFFFF8861E28F8AB789B4B4AD5DD6E2C5
:1010E000E4E3E3D0B8C58805FFFFFFFFFFFFFFFF84
:1010F000FFFFFFFFFFFFFFFF01DB81D16454494A7F
:10110000437DA472606C6C856106FFFFFFFFFFFFEB
:10111000FFFFFFAB61D5B8848387B1B08955D6E2B4
:10112000E2E1CD8CC69A4F03FFFFFFFFFFFFFFFFF9
:10113000FFFFFFFFFFFFFBAB8768E1D564534A5B0E
:1011400052614D7460696C6C5E05FFFFFFFFFFFF2D
:10115000FFFFFF88745FB4B4B0B0B0B18AA3D3DE30
:10116000D0D2ACB7B7AF3BFFFFFFFFFFFFFFFFFFE2
:10117000FFFFFFFFFF0157E6D7D7D6E0644861774E
:101180005664A474606969EC4208FFFFFFFFFFFF2B
:10119000FFFFFB814E5FAFAEAF92B0B16D73A47F26
:1011A000B8BAB788573BFFFFFFFFFFFFFFFFFFFF06
:1011B000FFFFFFFFFF4B8CD8E4E2E1E06548527788
:1011C00043785A72786C6A6A6302FFFFFFFFFFFF81
:1011D000FFFF4076CA79AEAEAFAF92B065A4A4ACC3
:1011E000C6C7AD07FFFFFFFFFFFFFFFFFFFFFFFFCA
:1011F000FFFFFFFFFF418BF9E5E3E4E3605F7F5E04
:10120000527C51A378686A6AA706FFFFFFFFFFFFC1
:10121000FFFF4F73CB6C9191AEAF92B061CECDAF6B
:10122000BE9A8407FFFFFFFFFFFFFFFFFFFFFFFFE7
:10123000FFFFFFFFFFFB87F9E9E9E3E5605549554B
:10124000564A48D15266696A7F7AFFFFFFFFFFFF67
:10125000FF405BC9CF8D909091AEAF8A4EA573B61B
:10126000C6B7AB09FFFFFFFFFFFFFFFFFFFFFFFF59
:10127000FFFFFFFFFF3C7ED7E2E2E1D5614E484829
:10128000485348CF7476A76AA9A809FFFFFFFFFF5C
:101290000742A3CB7D8E8C8C9091AFAAC9A5D28733
:1012A00070989CDC41FFFFFFFFFFFFFFFFFFFFFF88
:1012B000FFFFFFFFFFFFABD6D3D1D2D65D4E4C452B
:1012C0004545454DCE5977806AA957FFFFFFFF3F3F
:1012D000814ECAA4868D8D8C9091AF76CBA4A4CF7D
:1012E00073AAB594AB4BFFFFFFFFFFFFFFFFFFFFAC
:1012F000FFFFFFFFFFFF3C4FA156907FE0594C4599
:1013000045454546A5735B5B80696957FB07445CAF
:1013100072C9CB69866F8D8E8C906DA3CBA4A4A46B
:10132000A577C89F9B75FFFFFFFFFFFFFFFFFFFF34
:10133000FFFFFFFFFFFFFFFF3B848464D55B735A11
:101340004545454546A5735B5B617C7C625C747278
:10135000CACB56856886AC8D8E9060A1CDCFCFA4C8
:10136000A4CD959E9D5702FFFFFFFFFFFFFFFFFFEC
:10137000FFFFFFFFFFFFFFFFFFFFFFABD777744CBF
:101380004545454545464DDE4E595B5B747273CB12
:10139000CD7D6C6C856E86AC8E6D4ECCCDCDCFCFB9
:1013A000CDCEB4BAB25701FFFFFFFFFFFFFFFFFF33
:1013B000FFFFFFFFFFFFFFFFFFFF40AAD8E37673A9
:1013C0005A4545454545454CCFCECACAA1CBCD501F
:1013D000566A6A696C8586868C78CBCBCDCDCDCFAD
:1013E000CC80BAB76706FFFFFFFFFFFFFFFFFFFFDD
:1013F000FFFFFFFFFFFFFFFFFF58ACE4E5E4615B89
:101400005146454545454545454551467353547BF1
:101410007D567F69806C85AC7EC9CCCBCBCDCDCDE4
:10142000CBB19A924409FFFFFFFFFFFFFFFFFFFFD1
:10143000FFFFFFFFFFFFFFFFDB6BFAE8E7E5A95CBB
:10144000724C454545454545454750725952554AA8
:10145000437D7F6A6969858272CCCCA353CDCCA0D1
:1014600055B7B28305FFFFFFFFFFFFFFFFFFFFFF41
:10147000FFFFFFFFFFFFFFFF58EDECECEAE7E57C25
:10148000644E4C4545454545454653594368765F4E
:10149000797B567F7FA7825BCCA07192AF5DCA80BB
:1014A000928BA83BFFFFFFFFFFFFFFFFFFFFFFFF48
:1014B000FFFFFFFFFFFFFFFF7AECEDEBECEAEAF93D
:1014C000A75E4E4C464545454546735256615953B5
:1014D0004A797B7D808776CCCCC9B0B2904F3F757E
:1014E000447505FFFFFFFFFFFFFFFFFFFFFFFFFF4B
:1014F000FFFFFFFFFFFFFFFFDB8AECEDEDEBE16994
:10150000E5A76377464C464545465A5B5C5B5353BB
:10151000535F79686759CCCCCB8F9F9E9CDDFDFFD4
:10152000FFFFFFFFFFFFFFFFFFFFFFFFFFFFFFFFCB
:10153000FFFFFFFFFFFFFFFFFF7AEEEEEDD168B484
:1015400085FA80636555514C5A4646517350475051
:10155000537C8263A3CCCBCBCC779D9FC8BCFDFFD3
:10156000FFFFFFFFFFFFFFFFFFFFFFFFFFFFFFFF8B
:10157000FFFFFFFFFFFFFFFFFFFBA8E6CC5FB4B359
:10158000826CE5E860626461545047474753556890
:1015900082625BA1CBCDCDCBCBCB6596B598DCFF82
:1015A000FFFFFFFFFFFFFFFFFFFFFFFFFFFFFFFF4B
:1015B000FFFFFFFFFFFFFFFFFF043F57376276A8E3
:1015C0005785EAE8E57F787E62637E7E7E63625CB3
:1015D0007471CDA5CFA5CDCDCDCC73989B70BCFF3C
:1015E000FFFFFFFFFFFFFFFFFFFFFFFFFFFFFFFF0B
:1015F000FFFFFFFFFFFFFFFFFFFFFFFFFF04060FDF
:1016000088EAEBECEAE9F9E47B5D7777744ED0DEAB
:10161000DFCDCD73CFCFA5CDCDCC77C89F9D58045E
:10162000FFFFFFFFFFFFFFFFFFFFFFFFFFFFFFFFCA
:10163000FFFFFFFFFFFFFFFFFFFFFFFFFFFFFF9326
:101640008DEDEDEBECEAE0E3E1E2E1D5D6D6D6D1E3
:10165000A1715D66D1A4CFCFCDA04EADB187750489
:10166000FFFFFFFFFFFFFFFFFFFFFFFFFFFFFFFF8A
:10167000FFFFFFFFFFFFFFFFFFFFFFFFFFFFFF7AFF
:10168000EEEEEDEDEDE355AEAC86E3E4E2E1D5D16F
:101690008A9EC8945BA5CFCDCC736E69767AFFFF26
:1016A000FFFFFFFFFFFFFFFFFFFFFFFFFFFFFFFF4A
:1016B000FFFFFFFFFFFFFFFFFFFFFFFFFFFFFF40F9
:1016C000F1EEEEEEEE48AFBEB768E8E3E4E2E1D358
:1016D000AD9FC8B5AB4EA1A0486C7C621BFFFFFF5D
:1016E000FFFFFFFFFFFFFFFFFFFFFFFFFFFFFFFF0A
:1016F000FFFFFFFFFFFFFFFFFFFFFFFFFFFFFF4BAE
:1017000083EDEFF0EDD2B3B7ACA2EBE5E5E3E4D3C4
:1017100087C89EB53B063BAB57447A05FFFFFFFFEA
:10172000FFFFFFFFFFFFFFFFFFFFFFFFFFFFFFFFC9
:10173000FFFFFFFFFFFFFFFFFFFFFFFFFFFFFFFFB9
:10174000065782E2CCCB49534244EAE8E7E5E5F8A4
:1017500078B5988F7504FFFFFFFFFFFFFFFFFFFFC6
:10176000FFFFFFFFFFFFFFFFFFFFFFFFFFFFFFFF89
:10177000FFFFFFFFFFFFFFFFFFFFFFFFFFFFFFFF79
:10178000FFFF074F424F4F3BFF4086D6E6D8D75A60
:10179000B59DB64F08FFFFFFFFFFFFFFFFFFFFFFF5
:1017A000FFFFFFFFFFFFFFFFFFFFFFFFFFFFFFFF49
:1017B000FFFFFFFFFFFFFFFFFFFFFFFFFFFFFFFF39
:1017C000FFFFFFFFFFFFFFFFFF04404F4242A288E1
:1017D000BCBC5706FFFFFFFFFFFFFFFFFFFFFFFF40
:1017E000FFFFFFFFFFFFFFFFFFFFFFFFFFFFFFFF09
:1017F000FFFFFFFFFFFFFFFFFFFFFFFFFFFFFFFFF9
:10180000FFFFFFFFFFFFFFFFFFFFFFFFFFFFFFFFE8
:1018100004FFFFFFFFFFFFFFFFFFFFFFFFFFFFFFD3
:10182000FFFFFFFFFFFFFFFFFFFFFFFFFFFFFFFFC8
:10183000FFFFFFFFFFFFFFFFFFFFFFFFFFFFFFFFB8
:10184000FFFFFFFFFFFFFFFFFFFFFFFFFFFFFFFFA8
:10185000FFFFFFFFFFFFFFFFFFFFFFFFFFFFFFFF98
:10186000FFFFFFFFFFFFFFFFFFFF00000000000082
:10187000000054525545564953494F4E2D5846493C
:101880004C452E000001010000000118000000007E
:10189000400020000808EBEBEBEEEEEEDBDDE2E1D2
:1018A000E4E9EBF3FAE9EEF2EFF4F7F2FBFEFEFF08
:1018B000FF000101000301000601000801001C03F4
:1018C000F5FFF6000B01001402002203002D0400B6
:1018D0003104003F05005907CFFFD2B7FFBB94FF8B
:1018E0009B8CFF947DFF8650FF5C29F43723EE31FB
:1018F00021EC2F1EE92C1CE72A1BE62918E32616EB
:10190000E12415E02311DC1F08D31603CE1102CD0C
:101910001001CC0F000D01003704004805005006EF
:10192000005306005506005D0700620700650700CA
:101930006708006A08006D080070080074090077E5
:1019400009007909007A09007C09007F09008109F2
:1019500000820A00860A00890A008B0A008D0A00AC
:10196000900A00930B00960B00980B00A30C00A8A4
:101970000C00AF0D00B70D00C20E00C60EFFD89DC3
:10198000FFCE92FFCA8BFFC583FFC07CFFBB74F5FF
:10199000AD62FFFEFDFFB36BFFA956ED9B4BFFABA6
:1019A0005DFFA450FFA149FF9E46FF983EFF963978
:1019B000EEE8E3FDC18EFBBF8CFABB89FBBD8AFF5D
:1019C000BE87FFBC83FFBA80FFB67BFDB273F3A670
:1019D00069FDAC6DFEAA63FAA159F89F57EF954FC8
:1019E000FF9642FF943EFF933EFF913AFF9337FFED
:1019F0008E36FF8B30FF892CF5F1EEE9E2DDCE89E2
:101A000057FAA767EF914BFE9C50F18E44F68B3F3F
:101A1000FD8B36FF8C33FFFCFAF0EAE6F2ECE8F4DB
:101A2000EEEAE8DED7D19C7AFCB586FC8A3BFC87DF
:101A300038EBE6E3FFFAF7EDE5E0CE9370F29A6556
:101A4000EC8446B8612CF9782DFFF6F1D4B2A0F3FE
:101A5000A477F5925BFFFDFCFFFBF9D48A65EC7A75
:101A60003FF66520FFF8F5FFF6F2FFF4EFE5967319
:101A7000E38E6AE58C64E3885FE1835BE38155E292
:101A80007B4CE1774AE07344DE6E3DEB6C35E5E07C
:101A9000DEFFF3EEFFF2EDFFF0EAFFEEE7FFEDE62B
:101AA000F6D1C3F3CDBEF5CFC0F4CDBEF0C8B8EAD1
:101AB000BFADE1B3A0DF8762E17D53F15013FFF9C1
:101AC000F7FFF4F0FFF1ECFFEFE9FFEEE8E6D6D028
:101AD000E2D0CAD5BBB2E7A28ADD8E73EA5E2CFFE4
:101AE000F5F2DECAC4D6BFB8DC6843D74F26CD3284
:101AF00000D9C4BED3B3AAD97C62F2EEEDFFFBFAE3
:101B0000FFF7F5FEF2EFFFF3F0CCB4AEA72A10FF1B
:101B1000F9F8E8DCDAD2ABA5831A0DCBB6B4861E91
:101B200013841A0D83190CD9BCBA962A25DABEBDC6
:101B3000730B07F5F4F4EAE7E7E1DDDDE5DFDFE06D
:101B4000D9D9D3CACADCD2D2D0C1C1D1C2C2D2C3C0
:101B5000C3701C1B711A197216161A00002A000095
:101B60003500003900003C00003F00004100004407
:101B700000007117185C0103D3B6B7D0C5C6DDD716
:101B8000D8CCC1C4C8BDC2E4E2E3D6D4D90075093B
:101B9000FFFFFF000000FFFFFFFFFFFFFFFFFFFF52
:101BA000FFFFFFFFFFFFFFFFFFFFFFFFFFFFFFFF45
:101BB000FFFFFFFFFFFFFFFFFFFFFFFFFFFFFFFF35
:101BC000FFFFFFFFFFFFFFFF09FFFFFFFFFFFFFF1B
:101BD000FFFFFFFFFFFFFFFFFFFFFFFFFFFFFFFF15
:101BE000FFFFFFFFFFFFFFFFFFFFFFFFFFFFFFFF05
:101BF000FFFFFFFFFFFFFFFFFFFFFFFFFFFFFFFFF5
:101C0000FFFFFFFFFFFFFF112B0AFFFFFFFFFFFF9B
:101C1000FFFFFFFFFFFFFFFFFFFFFFFFFFFFFFFFD4
:101C2000FFFFFFFFFFFFFFFFFFFFFFFFFFFFFFFFC4
:101C3000FFFFFFFFFFFFFFFFFFFFFFFFFFFFFFFFB4
:101C4000FFFFFFFFFF0A12332D09FFFFFFFFFFFF1A
:101C5000FFFFFFFFFFFFFFFFFFFFECF5EBF4EBE9FA
:101C6000E9E9E9E9E9E9E9E9E9E9EAEBEBF4F4EBC7
:101C7000F5ECFFFFFFFFFFFFFFFFFFFFFFFFFFFF91
:101C8000FFFFFFFF0C1439462D09FFFFFFFFFFFF89
:101C9000FFFFFFFFFFFFFFFFFFEC8F9DC09385F667
:101CA000DDDBDBDBDBDBDBDBDBDDD59F8D8D8D8DFA
:101CB0009FDCECFFFFFFFFFFFFFFFFFFFFFFFFFFCA
:101CC000FFFFFF102D3F47462E09FFFFFFFFFFFFDD
:101CD000FFFFFFFFFFFFFFFFFFF09E515859B5FACE
:101CE000E8F7F7E7F9E6E6E6F9F7D17A6F72747587
:101CF0005BCBEEFFFFFFFFFFFFFFFFFFFFFFFFFFDD
:101D0000FFFF0D31414644442F09FFFFFFFFFFFF56
:101D1000FFFFFFFFFFFFFFFFFFF39D556A7B97F972
:101D2000E6D1D7E6E8E7E7E7E7F7D18E887E747576
:101D3000729EF0FFFFFFFFFFFFFFFFFFFFFFFFFFB0
:101D400009133543444344431509FFFFFFFFFFFFD9
:101D5000FFFFFFFFFFFFFFFFFFF39E55587B97FC40
:101D6000D5C7C6E4E5E5E5E5E5F8F698907E7F752C
:101D70005DB5F0FFFFFFFFFFFFFFFFFFFFFFFF0A63
:101D800014384343424242422F0A0909090909090A
:101D90000909FFFFFFFFFFFFFFF39D556A7B8C02E0
:101DA000CAC8C7E5E1E3E3E3E3E1C998907E737451
:101DB0005CB5F0FFFFFFFFFFFFFFFFFFFFFF0F2CF2
:101DC0003A41424141414141342E2E2E2E2E2E2E9B
:101DD0002F14FFFFFFFFFFFFFFF39E526A6C8C037F
:101DE000CAC8C7F8E2E2E2E2E2FBC4A7997E737FC9
:101DF0005CB5F0FFFFFFFFFFFFFFFFFFFF0D153D8D
:101E000041404040404040403F3F404040404040D3
:101E10003F15FFFFFFFFFFFFFFF39E52556C850547
:101E2000C5D28F0200E0E0E0E000BEA799887073A1
:101E30005BA1F0FFFFFFFFFFFFFFFFFF12353E3FFB
:101E40003F3F3F3F3F3F3F3F3F3F3F3F3F3F3F3FA2
:101E50003F15FFFFFFFFFFFFFFF3B552696B8C05D6
:101E6000A8BFC500010101010106BDC2B7886F729C
:101E70005CA1F0FFFFFFFFFFFFFF0A14383E3E3E6C
:101E80003E3E3E3E3E3E3E3E3E3E3E3E3E3E3E3E72
:101E90003E30FFFFFFFFFFFFFFF39E52676B920490
:101EA00007070706060607060407D4C2B7885C7151
:101EB0005BA1F0FFFFFFFFFFFF2A2E3B3D3C3C3CB8
:101EC0003C3C3C3C3C3C3C3C3C3C3C3C3C3C3C3C52
:101ED0003D30FFFFFFFFFFFFFFF3B55155587892EC
:101EE00092929292929292B4B4B4C0C7B7886E7034
:101EF0005BA1F0FFFFFFFFFF10313B3B3B3B3B3B58
:101F00003B3B3B3B3B3B3B3B3B3B3B3B3B3B3B3B21
:101F10003B31FFFFFFFFFFFFFFF39F5167558D6DC3
:101F20006D6D7A7C7A7C7C7D7D87888887706F6F09
:101F30005AB6F0FFFFFFFF12363B393939393939CC
:101F40003939393939393939393939393939393901
:101F50003A31FFFFFFFFFFFFFFF3A05166636363AA
:101F60006464656566666766676793676967697BCA
:101F70007BB6F0FFFFFF133B38FDFDFDFDFDFDFDD2
:101F8000FDFDFDFDFDFDFDFDFDFDFDFDFDFDFDFD81
:101F90003832FFFFFFFFFFFFFFF3A0515F82CF76D4
:101FA0007683CC8282828281815E5E5E5E89847964
:101FB0005AB6F0FFFFFF11353B373838FDFDFDFD08
:101FC000FDFDFDFDFDFDFDFDFDFDFDFDFDFDFDFD41
:101FD0003833FFFFFFFFFFFFFFF3A25060DF080869
:101FE000080808089595CDD3CEC3D0CFBBCF89794B
:101FF0005AB6F0FFFFFFFF10303C3A4344434343DF
:1020000043434343434343434343434343434343A0
:102010003B33FFFFFFFFFFFFFFF3A1516076FEFEA2
:10202000FEFEFE95CDB89A9BB9AAABBCADBA8B7932
:1020300059A4F0FFFFFFFFFF0B2D3C3C484A4949E4
:102040004949494949494949494949494949494900
:102050003F34FFFFFFFFFFFFFFF3A2506276FEFE5B
:10206000FEFE95CDB8CE9BB9AABABCADACAA777925
:1020700059A4F0FFFFFFFFFFFFFF2B393B49272744
:1020800028282828282828282828282828282828D0
:102090004135FFFFFFFFFFFFFFF3A25060CCFEFEC4
:1020A000FE9596B89AC39CAAABBCADBCABB9897976
:1020B00056A4F0FFFFFFFFFFFFFFFF11373A482351
:1020C00022242424242424222021212121212020EF
:1020D0004534FFFFFFFFFFFFFFF3A34F62CCFEFE7F
:1020E00095CDB8CEC3D0AABABCADBCABBAC37779D4
:1020F00059A5F0FFFFFFFFFFFFFFFFFF10333A4638
:102100001E1C1C1C1D1C1C254B4C4C4C4C4C4C4C84
:102110003F36FFFFFFFFFFFFFFF3A24F62CCFE95AC
:1021200096B89AC3A9BAABBCADBCABBAA9CE777905
:1021300058A5F0FFFFFFFFFFFFFFFFFFFF0C2D3A49
:10214000401D1A1B1B1B1B4A3238FDFDFDFDFDFD0A
:102150003C38FFFFFFFFFFFFFFF3A34F6182FECD7F
:10216000B8CEC3D0BABBBCADACABBAA9D0B8D479E9
:1021700056A5F0FFFFFFFFFFFFFFFFFFFFFFFF2B55
:102180003C391E181A1A1929362B12121212121261
:102190001311FFFFFFFFFFFFFFF3A34E6181548A7E
:1021A0009A9B9CAAABBCADADBBABAAB99BD3779DA8
:1021B00057A6F0FFFFFFFFFFFFFFFFFFFFFFFFFF3F
:1021C000133A3820171716263409FFFFFFFFFFFFC9
:1021D000FFFFFFFFFFFFFFFFFFF3A34E6181CD9ADB
:1021E0009BB9AAABBCADADBBBAAAB99B9BCD8B7852
:1021F0008FA6F1FFFFFFFFFFFFFFFFFFFFFFFFFFC6
:10220000FF0D363727160E25340CFFFFFFFFFFFFAB
:10221000FFFFFFFFFFFFFFFFFFF2A44D5F01FE95F1
:10222000808A9A9B91919A9A96809554FEFEE068D6
:1022300053C6EFFFFFFFFFFFFFFFFFFFFFFFFFFFA3
:10224000FFFF2A31FD49161F340CFFFFFFFFFFFF80
:10225000FFFFFFFFFFFFFFFFFFECD28D86B2AEB0A6
:10226000B0B1B1B1B1B1B2AFAFAFB2AFAFB0B39384
:1022700094D2FFFFFFFFFFFFFFFFFFFFFFFFFFFF06
:10228000FFFFFF092D3B4347380CFFFFFFFFFFFF18
:10229000FFFFFFFFFFFFFFFFFFFFEEDED8D9DADA17
:1022A000D6DAD6D6D6D6D6DADADADADADADAD9D8A9
:1022B000DEEDFFFFFFFFFFFFFFFFFFFFFFFFFFFF61
:1022C000FFFFFFFFFF2B3C363C0CFFFFFFFFFFFF34
:1022D000FFFFFFFFFFFFFFFFFFFFFFFFFFFFFFFF0E
:1022E000FFFFFFFFFFFFFFFFFFFFFFFFFFFFFFFFFE
:1022F000FFFFFFFFFFFFFFFFFFFFFFFFFFFFFFFFEE
:10230000FFFFFFFFFFFF1038430BFFFFFFFFFFFF43
:10231000FFFFFFFFFFFFFFFFFFFFFFFFFFFFFFFFCD
:10232000FFFFFFFFFFFFFFFFFFFFFFFFFFFFFFFFBD
:10233000FFFFFFFFFFFFFFFFFFFFFFFFFFFFFFFFAD
:10234000FFFFFFFFFFFFFF0C2B09FFFFFFFFFFFF5A
:10235000FFFFFFFFFFFFFFFFFFFFFFFFFFFFFFFF8D
:10236000FFFFFFFFFFFFFFFFFFFFFFFFFFFFFFFF7D
:10237000FFFFFFFFFFFFFFFFFFFFFFFFFFFFFFFF6D
:10238000FFFFFFFFFFFFFFFFFFFFFFFFFFFFFFFF5D
:10239000FFFFFFFFFFFF000000000000000054529D
:1023A0005545564953494F4E2D5846494C452E00E8
:1023B00000010100000001180000000040002000A2
:1023C0000808EBEBEBEEEEEEDBDDE2E1E4E9EBF34C
:1023D000FAE9EEF2EFF4F7F2FBFEFEFFFF00010177
:1023E000000301000601000801001C03F5FFF600D0
:1023F0000B01001402002203002D04003104003FF1
:1024000005005907CFFFD2B7FFBB94FF9B8CFF9409
:102410007DFF8650FF5C29F43723EE3121EC2F1E1F
:10242000E92C1CE72A1BE62918E32616E12415E00F
:102430002311DC1F08D31603CE1102CD1001CC0FDF
:10244000000D010037040048050050060053060047
:102450005506005D07006207006507006708006A0F
:1024600008006D08007008007409007709007909F8
:10247000007A09007C09007F0900810900820A00B6
:10248000860A00890A008B0A008D0A00900A0093D0
:102490000B00960B00980B00A30C00A80C00AF0DCE
:1024A00000B70D00C20E00C60EFFD89DFFCE92FFF2
:1024B000CA8BFFC583FFC07CFFBB74F5AD62FFFE16
:1024C000FDFFB36BFFA956ED9B4BFFAB5DFFA45027
:1024D000FFA149FF9E46FF983EFF9639EEE8E3FDD7
:1024E000C18EFBBF8CFABB89FBBD8AFFBE87FFBCD8
:1024F00083FFBA80FFB67BFDB273F3A669FDAC6DB6
:10250000FEAA63FAA159F89F57EF954FFF9642FF35
:10251000943EFF933EFF913AFF9337FF8E36FF8B39
:1025200030FF892CF5F1EEE9E2DDCE8957FAA76795
:10253000EF914BFE9C50F18E44F68B3FFD8B36FFA6
:102540008C33FFFCFAF0EAE6F2ECE8F4EEEAE8DEBF
:10255000D7D19C7AFCB586FC8A3BFC8738EBE6E356
:10256000FFFAF7EDE5E0CE9370F29A65EC8446B899
:10257000612CF9782DFFF6F1D4B2A0F3A477F5928F
:102580005BFFFDFCFFFBF9D48A65EC7A3FF6652022
:10259000FFF8F5FFF6F2FFF4EFE59673E38E6AE5D8
:1025A0008C64E3885FE1835BE38155E27B4CE177F8
:1025B0004AE07344DE6E3DEB6C35E5E0DEFFF3EEA2
:1025C000FFF2EDFFF0EAFFEEE7FFEDE6F6D1C3F331
:1025D000CDBEF5CFC0F4CDBEF0C8B8EABFADE1B313
:1025E000A0DF8762E17D53F15013FFF9F7FFF4F0AC
:1025F000FFF1ECFFEFE9FFEEE8E6D6D0E2D0CAD576
:10260000BBB2E7A28ADD8E73EA5E2CFFF5F2DECA6A
:10261000C4D6BFB8DC6843D74F26CD3200D9C4BE7C
:10262000D3B3AAD97C62F2EEEDFFFBFAFFF7F5FE19
:10263000F2EFFFF3F0CCB4AEA72A10FFF9F8E8DC14
:10264000DAD2ABA5831A0DCBB6B4861E13841A0D4D
:1026500083190CD9BCBA962A25DABEBD730B07F5CF
:10266000F4F4EAE7E7E1DDDDE5DFDFE0D9D9D3CA5D
:10267000CADCD2D2D0C1C1D1C2C2D2C3C3701C1B6A
:10268000711A197216161A00002A00003500003956
:1026900000003C00003F00004100004400007117B2
:1026A000185C0103D3B6B7D0C5C6DDD7D8CCC1C43A
:1026B000C8BDC2E4E2E3D6D4D9007509FFFFFF002C
:1026C0000000FFFFFFFFFFFFFFFFFFFFFFFFFFFF18
:1026D00009FFFFFFFFFFFFFFFFFFFFFFFFFFFFFF00
:1026E000FFFFFFFFFFFFFFFFFFFFFFFFFFFFFFFFFA
:1026F000FFFFFFFFFFFFFFFFFFFFFFFFFFFFFFFFEA
:10270000FFFFFFFFFFFFFFFFFFFFFFFFFFFFFF0ACE
:102710002B11FFFFFFFFFFFFFFFFFFFFFFFFFFFF8B
:10272000FFFFFFFFFFFFFFFFFFFFFFFFFFFFFFFFB9
:10273000FFFFFFFFFFFFFFFFFFFFFFFFFFFFFFFFA9
:10274000FFFFFFFFFFFFFFFFFFFFFFFFFFFFFF098F
:102750002D33120AFFFFFFFFFFFFFFFFFFFFFFFF09
:10276000FFFFFFFFFFFFFFFFFFFFFFFFFFFFFFFF79
:10277000FFFFFFFFFFFFFFFFFFFFFFFFFFFFFFFF69
:10278000FFFFFFFFFFFFFFFFFFFFFFFFFFFFFF094F
:102790002D4639140CFFFFFFFFFFFFFFFFFFFFFF78
:1027A000FFFFFFFFFFFFECF5EBF4EBE9E9E9E9E9F7
:1027B000E9E9E9E9E9E9EAEBEBF4F4EBF5ECFFFF31
:1027C000FFFFFFFFFFFFFFFFFFFFFFFFFFFFFF090F
:1027D0002E46473F2D10FFFFFFFFFFFFFFFFFFFFCC
:1027E000FFFFFFFFFFEC8F9DC09385F6DDDBDBDB9A
:1027F000DBDBDBDBDBDDD59F8D8D8D8D9FDCECFFA7
:10280000FFFFFFFFFFFFFFFFFFFFFFFFFFFFFF09CE
:102810002F44444641310DFFFFFFFFFFFFFFFFFF45
:10282000FFFFFFFFFFF09E515859B5FAE8F7F7E7B1
:10283000F9E6E6E6F9F7D17A6F7274755BCBEEFFD5
:10284000FFFFFFFFFFFFFFFFFFFFFFFFFFFFFF098E
:10285000154344434443351309FFFFFFFFFFFFFFC8
:10286000FFFFFFFFFFF39D556A7B97F9E6D1D7E69F
:10287000E8E7E7E7E7F7D18E887E7475729EF0FF90
:10288000FFFFFFFFFFFFFF09090909090909090AFD
:102890002F42424242434338140AFFFFFFFFFFFF2B
:1028A000FFFFFFFFFFF39E55587B97FCD5C7C6E49B
:1028B000E5E5E5E5E5F8F698907E7F755DB5F0FF16
:1028C000FFFFFFFFFFFFFF142F2E2E2E2E2E2E2E8A
:1028D00034414141414142413A2C0FFFFFFFFFFF8C
:1028E000FFFFFFFFFFF39D556A7B8C02CAC8C7E557
:1028F000E1E3E3E3E3E1C998907E73745CB5F0FF34
:10290000FFFFFFFFFFFFFF153F40404040404040BA
:102910003F40404040404040413D150DFFFFFFFF1C
:10292000FFFFFFFFFFF39E526A6C8C03CAC8C7F813
:10293000E2E2E2E2E2FBC4A7997E737F5CB5F0FFBE
:10294000FFFFFFFFFFFFFF153F3F3F3F3F3F3F3F81
:102950003F3F3F3F3F3F3F3F3F3F3E3512FFFFFF7F
:10296000FFFFFFFFFFF39E52556C8505C5D28F0216
:1029700000E0E0E0E000BEA7998870735BA1F0FF83
:10298000FFFFFFFFFFFFFF303E3E3E3E3E3E3E3E2E
:102990003E3E3E3E3E3E3E3E3E3E3E3E38140AFFFA
:1029A000FFFFFFFFFFF3B552696B8C05A8BFC500A1
:1029B000010101010106BDC2B7886F725CA1F0FF81
:1029C000FFFFFFFFFFFFFF313D3C3C3C3C3C3C3CFC
:1029D0003C3C3C3C3C3C3C3C3C3C3C3C3D3B2E2A57
:1029E000FFFFFFFFFFF39E52676B92040707070686
:1029F000060607060407D4C2B7885C715BA1F0FF26
:102A0000FFFFFFFFFFFFFF313B3B3B3B3B3B3B3BC4
:102A10003B3B3B3B3B3B3B3B3B3B3B3B3B3B3B320F
:102A200010FFFFFFFFF3B5515558789292929292A2
:102A3000929292B4B4B4C0C7B7886E705BA1F0FF35
:102A4000FFFFFFFFFFFFFF313A3939393939393993
:102A50003939393939393939393939393939393BE4
:102A60003612FFFFFFF39F5167558D6D6D6D7A7CB8
:102A70007A7C7C7D7D87888887706F6F5AB6F0FF7F
:102A8000FFFFFFFFFFFFFF3238FDFDFDFDFDFDFDF8
:102A9000FDFDFDFDFDFDFDFDFDFDFDFDFDFDFDFD66
:102AA000383B13FFFFF3A05166636363646465659D
:102AB00066666766676793676967697B7BB6F0FFE1
:102AC000FFFFFFFFFFFFFF3338FDFDFDFDFDFDFDB7
:102AD000FDFDFDFDFDFDFDFDFDFDFDFDFD38383776
:102AE0003B3511FFFFF3A0515F82CF767683CC8216
:102AF00082828281815E5E5E5E8984795AB6F0FF51
:102B0000FFFFFFFFFFFFFF333B4343434343434389
:102B100043434343434343434343434344433A3C94
:102B20003010FFFFFFF3A25060DF08080808080814
:102B30009595CDD3CEC3D0CFBBCF89795AB6F0FF10
:102B4000FFFFFFFFFFFFFF343F494949494949491A
:102B5000494949494949494949494949483C3C2D1C
:102B60000BFFFFFFFFF3A1516076FEFEFEFEFE9518
:102B7000CDB89A9BB9AAABBCADBA8B7959A4F0FF7A
:102B8000FFFFFFFFFFFFFF354128282828282828BE
:102B90002828282828282828282727493B392BFF98
:102BA000FFFFFFFFFFF3A2506276FEFEFEFE95CD13
:102BB000B8CE9BB9AABABCADACAA777959A4F0FF3C
:102BC000FFFFFFFFFFFFFF344520202121212121AE
:102BD00020222424242424242223483A3711FFFFCE
:102BE000FFFFFFFFFFF3A25060CCFEFEFE9596B8FC
:102BF0009AC39CAAABBCADBCABB9897956A4F0FF13
:102C0000FFFFFFFFFFFFFF363F4C4C4C4C4C4C4C42
:102C10004B251C1C1D1C1C1C1E463A3310FFFFFFBD
:102C2000FFFFFFFFFFF3A34F62CCFEFE95CDB8CEB2
:102C3000C3D0AABABCADBCABBAC3777959A5F0FF73
:102C4000FFFFFFFFFFFFFF383CFDFDFDFDFDFD38F1
:102C5000324A1B1B1B1B1A1D403A2D0CFFFFFFFFA6
:102C6000FFFFFFFFFFF3A24F62CCFE9596B89AC319
:102C7000A9BAABBCADBCABBAA9CE777958A5F0FF69
:102C8000FFFFFFFFFFFFFF11131212121212122B90
:102C90003629191A1A181E393C2BFFFFFFFFFFFFB8
:102CA000FFFFFFFFFFF3A34F6182FECDB8CEC3D07D
:102CB000BABBBCADACABBAA9D0B8D47956A5F0FFBD
:102CC000FFFFFFFFFFFFFFFFFFFFFFFFFFFFFF090A
:102CD000342616171720383A13FFFFFFFFFFFFFFB8
:102CE000FFFFFFFFFFF3A34E6181548A9A9B9CAACA
:102CF000ABBCADADBBABAAB99BD3779D57A6F0FFDC
:102D0000FFFFFFFFFFFFFFFFFFFFFFFFFFFFFF0CC6
:102D100034250E162737360DFFFFFFFFFFFFFFFF9D
:102D2000FFFFFFFFFFF3A34E6181CD9A9BB9AAABD2
:102D3000BCADADBBBAAAB99B9BCD8B788FA6F1FF7A
:102D4000FFFFFFFFFFFFFFFFFFFFFFFFFFFFFF0C86
:102D5000341F1649FD312AFFFFFFFFFFFFFFFFFF72
:102D6000FFFFFFFFFFF2A44D5F01FE95808A9A9B53
:102D700091919A9A96809554FEFEE06853C6EFFFB3
:102D8000FFFFFFFFFFFFFFFFFFFFFFFFFFFFFF0C46
:102D90003847433B2D09FFFFFFFFFFFFFFFFFFFF0A
:102DA000FFFFFFFFFFECD28D86B2AEB0B0B1B1B184
:102DB000B1B1B2AFAFAFB2AFAFB0B39394D2FFFF88
:102DC000FFFFFFFFFFFFFFFFFFFFFFFFFFFFFF0C06
:102DD0003C363C2BFFFFFFFFFFFFFFFFFFFFFFFF26
:102DE000FFFFFFFFFFFFEEDED8D9DADAD6DAD6D65C
:102DF000D6D6D6DADADADADADADAD9D8DEEDFFFFE1
:102E0000FFFFFFFFFFFFFFFFFFFFFFFFFFFFFF0BC6
:102E1000433810FFFFFFFFFFFFFFFFFFFFFFFFFF34
:102E2000FFFFFFFFFFFFFFFFFFFFFFFFFFFFFFFFB2
:102E3000FFFFFFFFFFFFFFFFFFFFFFFFFFFFFFFFA2
:102E4000FFFFFFFFFFFFFFFFFFFFFFFFFFFFFF0988
:102E50002B0CFFFFFFFFFFFFFFFFFFFFFFFFFFFF49
:102E6000FFFFFFFFFFFFFFFFFFFFFFFFFFFFFFFF72
:102E7000FFFFFFFFFFFFFFFFFFFFFFFFFFFFFFFF62
:102E8000FFFFFFFFFFFFFFFFFFFFFFFFFFFFFFFF52
:102E9000FFFFFFFFFFFFFFFFFFFFFFFFFFFFFFFF42
:102EA000FFFFFFFFFFFFFFFFFFFFFFFFFFFFFFFF32
:102EB000FFFFFFFFFFFFFFFFFFFFFFFFFFFFFFFF22
:102EC000FFFF000000000000000054525545564925
:102ED00053494F4E2D5846494C452E0000010100E4
:102EE0000000011800000000400020000808000059
:102EF00000000000000000000000000000000000D2
:102F000000000000000000000000000000000000C1
:102F100000000000000000000000000000000000B1
:102F20000000000000000000000200000300000498
:102F3000000005000006000007000008000009006E
:102F400006C30008C70007CB0006CD000ADD616894
:102F5000C54B54CC444BBA0E1ABF0915C600011319
:102F600000011500022400033800043B00054F0057
:102F7000076D000872000DC8000ED0000AD2000FC5
:102F8000DC000CE5E0E1EEBFC4FFBBC1FCB4BAFA63
:102F9000B2B8F9A3AAF4A2A9F39AA1F099A1F07B7F
:102FA00082D68790EB7D85DB7880D57D85DF788143
:102FB000E1656FD26A75E16873DF6671DF535FDACE
:102FC0004F5AD24C58CE4C57CE4F5BD94E5AD84D53
:102FD00059D8424EC93842B13845CC3846D2334030
:102FE000C73442D13341D12C3BCC2835C22430BA2E
:102FF0002130C91C28C01C2CCC1A29CB1929CA196C
:1030000029CB1726BF1727C81021C90C1CC70A1ABD
:10301000C90819C6081ACA01042501042901053185
:103020000209560416C80105370106390415CF04F4
:1030300018EE041AF00419F50419F6041AF9041923
:10304000F9041AFB041BFE041BFF01074201075091
:103050000108510108530315C70315C90317E203FB
:1030600017E30317E40317E50318E70318E803174A
:10307000E80317E90318EA0317EA0318EC0318ED4D
:103080000318EE0319F00319F10319F20319F30100
:103090000859010A620213CD0213CF0214D302159C
:1030A000DC0216DE0216DF0216E0010D85010B8E32
:1030B000010FA1010EA90110AC0110AF0110B20166
:1030C00010B30110B4010FB50111BB0111BD011105
:1030D000BF0112C20110C30113CC0114CF0113CFE1
:1030E0000114D00114D20110D20114D40114D5015D
:1030F00014D60115D70114D700010D00010E0002EE
:103100001600021800042F00043400074B0006517B
:10311000000757000963000A700009700009730076
:103120000A80000A8D000D8F000D90000D91000B9C
:1031300092000B93000D94000C96000D99000D9BCE
:10314000000D9D000D9E000FA0000EA00010AB0012
:1031500010B40010B80010BB000EBD0011C8001064
:10316000C80013CB0012CB0013CF0010D20010D335
:103170000012D40014D80013DA0010DA0012DF00B5
:1031800010E3D3D8FFD2D7FFCED3FF828CE87F895C
:10319000E76F7AE26E79E26E79E3626EDA5965D5AD
:1031A0003342D1041CFE041DFF0316C80317D501CA
:1031B0000A5D010E88010E890114CB0116D9011692
:1031C000DA0116DB0116DF00010A00031E0010A45D
:1031D0000010A80013C60014D500020F0002110051
:1031E000020EE1E6FBF7FAFFFFFFFF000000FFFF22
:1031F000FFFFFFFFFFFFFFFFFFFFFFFFFFFFFFFFDF
:1032000016FFFFFFFFFFFFFFFFFFFFFFFFFFFFFFB7
:10321000FFFFFFFFFFFFFFFFFFFFFFFFFFFFFFFFBE
:10322000FFFFFFFFFFFFFFFFFFFFFFFFFFFFFFFFAE
:10323000FFFFFFFFFFFFFFFFFFFFFFFFFFFFFF2875
:103240002B17FFFFFFFFFFFFFFFFFFFFFFFFFFFF4A
:10325000FFFFFFFFFFFFFFFFFFFFFFFFFFFFFFFF7E
:10326000FFFFFFFFFFFFFFFFFFFFFFFFFFFFFFFF6E
:10327000FFFFFFFFFFFFFFFFFFFFFFFFFF182A9D7C
:10328000BC16FFFFFFFFFFFFFFFFFFFFFFFFFFFF7A
:10329000FFFFFFFFFFFFFFFFFFFFFFFFFFFFFFFF3E
:1032A000FFFFFFFFFFFFFFFFFFFFFFFFFFFFFFFF2E
:1032B000FFFFFFFFFFFFFFFFFFFFFFFF252C8EE754
:1032C000C015FFFFFFFFFFFFFFFFFFFFFFFFFFFF37
:1032D000FFFFFFFFFFFFFFFFFFFFFFFFFFFFFFFFFE
:1032E000FFFFFFFFFFFFFFFFFFFFFFFFFFFFFFFFEE
:1032F000FFFFFFFFFFFFFFFFFFFFFF27957CE87247
:10330000C115FFFFFFFFFFFFFFFFFFFFFFFFFFFFF5
:10331000FFFFFFFFFFFFFFFFFFFFFFFFFFFFFFFFBD
:10332000FFFFFFFFFFFFFFFFFFFFFFFFFFFFFFFFAD
:10333000FFFFFFFFFFFFFFFFFFFF29976B73716F19
:10334000C316FFFFFFFFFFFFFFFFFFFFFFFFFFFFB2
:10335000FFFFFFFFFFFFFFFFFFFFFFFFFFFFFFFF7D
:10336000FFFFFFFFFFFFFFFFFFFFFFFFFFFFFFFF6D
:10337000FFFFFFFFFFFFFFFF14B6A089706D6E6DAA
:10338000C414FFFFFFFFFFFFFFFFFFFFFFFFFFFF73
:10339000FFFFFFFFFFFFFFFFFFFFFFFFFFFFFFFF3D
:1033A000FFFFFFFFFFFFFFFFFFFFFFFFFFFFFFFF2D
:1033B000FFFFFFFFFFFFFF19B98D8A8A8787888883
:1033C000C51A141414141414141414141414141406
:1033D00014141414141414141414141414141414AD
:1033E0001414141414141414141414141513FFFFC7
:1033F000FFFFFFFFFFFF26BB8F86858484848482C6
:103400009CBEBFBFBFBFBFBFBFBFBFBFBFBFBFBFF0
:10341000BFBFBFBFBFBFBFBFBFBFBFBFBFBFBFBFBC
:10342000BFBFBFBFBFBFBFBFBFBFBFBFC2BAFFFF2E
:10343000FFFFFFFFFFB3C990827F7E7E7E7E7E7E90
:103440007D80818181818181818181818181818171
:10345000818181818181818181818181818181815C
:1034600081818181818181818181818380C7FFFF09
:10347000FFFFFFFFB59F937D7A7A7A7A7A7A7A7A1C
:103480007B7B7B7B7B7B7B7B7B7B7B7B7B7B7B7B8C
:103490007B7B7B7B7B7B7B7B7B7B7B7B7B7B7B7B7C
:1034A0007B7B7B7B7B7B7B7B7B7B7B7C7BC6FFFF18
:1034B000FFFF19B8A3F293919191919191919191FC
:1034C00091919191919191919191919191919191EC
:1034D00091919191919191919191919191919191DC
:1034E00091919191919191919191919291C8FFFFB8
:1034F000FFB1BDA9F1F0EFEFEFEFEFEFEFEFEFEF7F
:10350000EFEFEFEFEFEFEFEFEFEFEFEFEFEFEFEFCB
:10351000EFEFEFEFEFEFEFEFEFEFEFEFEFEFEFEFBB
:10352000EFEFEFEFEFEFEFEFEFEFEFF0F1F5FFFF82
:10353000B2CAACABA9A9A9A9A9A9A9A9A9A9A9A9CC
:10354000A9A9A9A9A9A9A9A9A9A9A9A9A9A9A9A9EB
:10355000A9A9A9A9A9A9A9A9A9A9A9A9A9A9A9A9DB
:10356000A9A9A9A9A9A9A9A9A9A9A9A9ABF6FFB41B
:10357000A1AAA6A4A4A4A4A4A4A4A4A4A4A4A4A406
:10358000A4A4A4A4A4A4A4A4A4A4A4A4A4A4A4A4FB
:10359000A4A4A4A4A4A4A4A4A4A4A4A4A4A4A4A4EB
:1035A000A4A4A4A4A4A4A4A4A4A4A4A4A7CA8BADC2
:1035B000A5D1D1D2D2D2D2D2D2D2D2D2D2D2D2D21A
:1035C000D2D2D2D2D2D2D2D2D2D2D2D2D2D2D2D2DB
:1035D000D2D2D2D2D2D2D2D2D2D2D2D2D2D2D2D2CB
:1035E000D2D2D2D2D2D2D2D2D2D2D2D2D399689E91
:1035F000F8F767E9787878787878787878787878EC
:10360000787878787878787878787878787878783A
:10361000787878787878787878787878787878782A
:10362000787878787878787878787878EE9AFFF47F
:1036300096D7615A58595959595959595959595937
:1036400059595959595959595959595959595959EA
:1036500059595959595959595959595959595959DA
:1036600059595959595959595959595B62CBFFFF01
:10367000F394D75F534FE652525252525252525223
:10368000525252525252525252525252525252521A
:10369000525252525252525252525252525252520A
:1036A00052525252525252525252E6515ECCFFFF87
:1036B000FFFFB7D6604E45494B4B4B4B4B4B4B4BEB
:1036C0004B4B4B4B4B4B4B4B4B4B4B4B4B4B4B4B4A
:1036D0004B4B4B4B4B4B4B4B4B4B4B4B4B4B4B4B3A
:1036E0004B4B4B4B4B4B4B4B4B4B4A4A5DCDFFFF30
:1036F000FFFFFF74CF6A5043424444444444444271
:10370000E3E2E2E2E2E2E2E2E2E2E2E2E2E2E2E298
:10371000E2E2E2E2E2E2E2E2E2E2E2E2E2E2E2E289
:10372000E2E2E2E2E2E2E2E2E2E2E1E156CEFFFFE1
:10373000FFFFFFFF639BD954403CE0E0E0E0DFE4A3
:103740002148484848484848484848484848484820
:1037500048484848484848484848484848484848E9
:103760004848484848484848484847475CA2FFFFFF
:10377000FFFFFFFFFFFBED30573F37393A3A384C38
:103780001BD5D4D4D4D4D4D4D4D4D4D4D4D4D4D4B1
:10379000D4D4D4D4D4D4D4D4D4D4D4D4D4D4D4D4E9
:1037A000D4D4D4D4D4D4D4D4D4D4D4D4D879FFFFDA
:1037B000FFFFFFFFFFFFFF8CDB233D333536344631
:1037C0002F8B7575757575757575757575757575D9
:1037D0007575757575757575757575757575757599
:1037E0007575757575757575757575757769FFFF7F
:1037F000FFFFFFFFFFFFFFFF76D9243EDDDEDCE5A4
:103800001C13FFFFFFFFFFFFFFFFFFFFFFFFFFFF97
:10381000FFFFFFFFFFFFFFFFFFFFFFFFFFFFFFFFB8
:10382000FFFFFFFFFFFFFFFFFFFFFFFFFFFFFFFFA8
:10383000FFFFFFFFFFFFFFFFFF65D02E20FCFD41D4
:103840001DAFFFFFFFFFFFFFFFFFFFFFFFFFFFFFBA
:10385000FFFFFFFFFFFFFFFFFFFFFFFFFFFFFFFF78
:10386000FFFFFFFFFFFFFFFFFFFFFFFFFFFFFFFF68
:10387000FFFFFFFFFFFFFFFFFFFFB0981F22323B5C
:103880001EAFFFFFFFFFFFFFFFFFFFFFFFFFFFFF79
:10389000FFFFFFFFFFFFFFFFFFFFFFFFFFFFFFFF38
:1038A000FFFFFFFFFFFFFFFFFFFFFFFFFFFFFFFF28
:1038B000FFFFFFFFFFFFFFFFFFFFFF14EC31554D40
:1038C000A8F9FFFFFFFFFFFFFFFFFFFFFFFFFFFF65
:1038D000FFFFFFFFFFFFFFFFFFFFFFFFFFFFFFFFF8
:1038E000FFFFFFFFFFFFFFFFFFFFFFFFFFFFFFFFE8
:1038F000FFFFFFFFFFFFFFFFFFFFFFFFFFEBDA2DE3
:10390000EAFBFFFFFFFFFFFFFFFFFFFFFFFFFFFFE0
:10391000FFFFFFFFFFFFFFFFFFFFFFFFFFFFFFFFB7
:10392000FFFFFFFFFFFFFFFFFFFFFFFFFFFFFFFFA7
:10393000FFFFFFFFFFFFFFFFFFFFFFFFFFFF64E948
:103940006CAEFFFFFFFFFFFFFFFFFFFFFFFFFFFF6B
:10395000FFFFFFFFFFFFFFFFFFFFFFFFFFFFFFFF77
:10396000FFFFFFFFFFFFFFFFFFFFFFFFFFFFFFFF67
:10397000FFFFFFFFFFFFFFFFFFFFFFFFFFFFFFFA5C
:103980006616FFFFFFFFFFFFFFFFFFFFFFFFFFFFC9
:10399000FFFFFFFFFFFFFFFFFFFFFFFFFFFFFFFF37
:1039A000FFFFFFFFFFFFFFFFFFFFFFFFFFFFFFFF27
:1039B000FFFFFFFFFFFFFFFFFFFFFFFFFFFFFFFF17
:1039C000FFFFFFFFFFFFFFFFFFFFFFFFFFFFFFFF07
:1039D000FFFFFFFFFFFFFFFFFFFFFFFFFFFFFFFFF7
:1039E000FFFFFFFFFFFFFFFFFFFFFFFFFFFF0000E5
:1039F00000000000000054525545564953494F4EAF
:103A00002D5846494C452E000001010000000118C8
:103A10000000000040004000080800000000000016
:103A20000000000000000000000000000000000096
:103A30000000000000000000000000000000000086
:103A40000000000000000000000000000000000076
:103A50000000000000000000000000000000000066
:103A60000000000000000000000000000000000056
:103A700000000000000000FFFFFF0101010303033D
:103A80000707070909090B0B0B0C0C0C0F0F0F1084
:103A900010101212121414141717171919191A1AD0
:103AA0001A1D1D1D1F1F1F21212122222225252510
:103AB0002626262828282A2A2A2C2C2C2E2E2E315F
:103AC00031313232323535353636363838383B3B9F
:103AD0003B3D3D3D3F3F3F414141434343444444DF
:103AE0004646464848484A4A4A4B4B4B4D4D4D4F37
:103AF0004F4F51515152525255555556565659598C
:103B0000595A5A5A5B5B5B5C5C5C5E5E5E616161EC
:103B10006363636464646767676969696B6B6B6D32
:103B20006D6D6E6E6E707070727272757575767680
:103B3000767979797A7A7A7D7D7D7E7E7E818181C2
:103B4000828282848484858585878787888888891E
:103B500089898A8A8A8D8D8D8E8E8E90909093938E
:103B6000939595959797979999999B9B9B9D9D9DCB
:103B70009E9E9EA2A2A2A4A4A4A6A6A6A9A9A9AA02
:103B8000AAAAADADADAFAFAFB0B0B0B1B1B1B2B246
:103B9000B2B6B6B6B7B7B7B8B8B8B9B9B9BABABAAB
:103BA000BBBBBBBCBCBCC0C0C0C2C2C2C5C5C5C714
:103BB000C7C7C8C8C8CBCBCBCDCDCDCECECECFCF4F
:103BC000CFD1D1D1D2D2D2D4D4D4D6D6D6D9D9D9B4
:103BD000DADADADCDCDCDFDFDFE3E3E3E5E5E5E7E7
:103BE000E7E7E9E9E9EBEBEBECECECEFEFEFF0F01A
:103BF000F0F3F3F3F5F5F5F7F7F7F8F8F8FBFBFB5F
:103C0000FDFDFDFEFEFEA0A0A1E5E5E67D7D7E8733
:103C100088888F9090A9AAAAABACACB9BABABDBE3D
:103C2000BEBFC0C0E0E1E1E3E4E4F9FAFA6566662C
:103C30006D6E6E757676797A7A7D7E7E45464653D0
:103C40005454393A3A2F3030999A998A8A89B2B2C3
:103C5000B1B8B8B7BFBFBEE4E4E3050504D7D6D515
:103C6000DAD9D8DBDAD9DEDDDCE3E2E1EDECEBFB3F
:103C7000FAF98281809D9C9BD4D2D1E0DEDDE2E026
:103C8000DFE4E2E1E7E5E4E9E7E6EBE9E8ECEAE9CD
:103C9000F1EFEEFFFDFCEBE8E7EFECEBF0EDECF223
:103CA000EFEEF4F1F0FCF9F8FBF7F6FFFBFA9A9966
:103CB000999C9B9BAAA9A9B2B1B1B5B4B4B8B7B746
:103CC000BCBBBBC0BFBFC6C5C5C8C7C7CAC9C9CEB4
:103CD000CDCDD0CFCFD2D1D1E0DFDFE4E3E3ECEB49
:103CE000EBEEEDEDFFFEFECDCBCBD5D3D3D7D5D5C7
:103CF000DCDADAE2E0E0F4F2F2F7F5F5504F4FE803
:103D0000E5E5EAE7E7DFDBDB535151DCD9DAD0CF79
:103D1000D0FAF9FAFFFFFF000000FFFFFFFFFFFFEF
:103D2000FFFFFFFFFFFFFFFFFFFFFFFFFFFFFFFFA3
:103D3000FFFFFFFFFFFFFFFFFFFFFFFFFFFFFFFF93
:103D4000FFFFFFFFFFFFFFFFFFFFFFFFFFFFFFFF83
:103D5000FFFFFFFFFFFFFFFFFFFFFFFFFFFFFFFF73
:103D6000FFFFFFFFFFFFFFFFFFFFFFFFFFFFFFFF63
:103D7000FFFFFFFFFFFFFFFFFFFFFFFFFFFFFFFF53
:103D8000FFFFFFFFFFFFFFFFFFFFFFFFFFFFC02B56
:103D90003022FFFFFFFFFFFFFFFFFFFFFFFFFFFFDF
:103DA000FFFFFFFFFFFFFFFFFFFFFFFFFFFFFFFF23
:103DB000FFFFFFFFFFFFFFFFFFFFFFFFFFFFFFFF13
:103DC000FFFFFFFFFFFFFFFFFFFFFFFFFF36547402
:103DD000857037FFFFFFFFFFFFFFFFFFFFFFFFFFC4
:103DE000FFFFFFFFFFFFFFFFFFFFFFFFFFFFFFFFE3
:103DF000FFFFFFFFFFFFFFFFFFFFFFFFFFFFFFFFD3
:103E0000FFFFFFFFFFFFFFFFFFFFFF2541B184ED35
:103E100096C4AC5529FFFFFFFFFFFFFFFFFFFFFF29
:103E2000FFFFFFFFFFFFFFFFFFFFFFFFFFFFFFFFA2
:103E3000C02BB93E474D4F4DB7B6392CC0FFFFFFE1
:103E4000FFFFFFFFFFFFFFFFFFFF2742697660775D
:103E5000949286E0663CC0FFFFFFFFFFFFFFFFFF7D
:103E6000FFFFFFFFFFFFFFFFFFFFFFFFFF223346C4
:103E7000B2606163656566696B6C6C6C5FB730FFDF
:103E8000FFFFFFFFFFFFFFFFFF254165A59C906B34
:103E90005DAA8679DC69523121FFFFFFFFFFFFFF3A
:103EA000FFFFFFFFFFFFFFFFFFFFFF253D566060A5
:103EB000B35B5F6365676867666666686D73725C4F
:103EC00038FFFFFFFFFFFFFF224765C595EABF9759
:103ED000855F5D726552B73D22FFFFFFFFFFFFFF69
:103EE000FFFFFFFFFFFFFFFFFF223B59615B5A63AC
:103EF00071AA797C7978767574DD70DD6F6DBA772B
:103F0000AAB534FFFFFFFFFF43DDF2EA92919191E2
:103F1000929168B92B21FFFFFFFFFFFFFFFFFFFF1B
:103F2000FFFFFFFFFFFFFFFF2FB1625A5B6E7D8433
:103F3000AC7FE07C79AA77747582847C736F6F6F35
:103F4000747D785023FF21396D8CF2908F8D8CEF2A
:103F50008A7C38FFFFFFFFFFFFFFFFFFFFFFFFFF30
:103F6000FFFFFFFFFFFF203EA65D596F85E685E35B
:103F7000AC817FE07C7A76AC97988560483F465B61
:103F80006DDD7BE36133385561AA87FC8C898684BB
:103F9000ACF6FFFFFFFFFFFFFFFFFFFFFFFFFFFF8D
:103FA000FFFFFFFFFF2349635863848DE687868503
:103FB00084AC82807E7AE4A2FE793B2421FFFF2339
:103FC000476E6D79866F414454596274AC8684E3C0
:103FD0006D28FFFFFFFFFFFFFFFFFFFFFFFFFFFF5A
:103FE000FFFFFFFF2451635671908E8A89E688E4B3
:103FF0008585AC837F85F5FE6A29272A2B2A272110
:10400000FF56706C7AE66F3B374752586172E07E1C
:1040100046FFFFFFFFFFFFFFFFFFFFFFFFFFFFFF69
:10402000FFFFFF24536356E0948F90908B89E6E660
:10403000878685E383C49F6AFF2122222325292CBA
:10404000283A706E6DE08C69342F3A4550586450B0
:10405000C0FFFFFFFFFFFFFFFFFFFFFFFFFFFFFFAF
:10406000FFFF2250635785938374707B8F8E8A89FC
:10407000E688E485E6927C28C024232222C021C061
:1040800024316D726E6EAC8D5B2C2B30363E36203B
:10409000FFFFFFFFFFFFFFFFFFFFFFFFFFFFFFFF30
:1040A000FFFF486559FCA0E65D3E333857878F8B8C
:1040B00089E688868AAC472025242423232222C02F
:1040C00020236874716E728A86F6283B4929FFFFA7
:1040D000FFFFFFFFFFFFFFFFFFFFFFFFFFFFFFFFF0
:1040E000FF3B6659FCFE8B3F21FF232A274E8E8E15
:1040F0008B8AE6EFE36C2D2425252424232322221A
:1041000021246B76A4726F7992A435315E5B28FF0F
:10411000FFFFFFFFFFFFFFFFFFFFFFFFFFFFFFFFAF
:104120002B625A77FE8C2DFFFF252F2E2D2DDC9232
:104130008D8C8A8D7CB127262625252524242323B2
:10414000212CA477757372DD878F562735635A2526
:10415000FFFFFFFFFFFFFFFFFFFFFFFFFFFFFF214D
:10416000B16261989435FFFF222F2F3031294F9192
:104170008F8E8D8F794928282726262525242423CC
:10418000FF407CAA767574727894773E21B66B54A2
:10419000C0FFFFFFFFFFFFFFFFFFFFFFFFFFFF3934
:1041A0006A5886915AFFFF212E3231312F2B3D8BD9
:1041B000918F8F8F81472828282827262625252379
:1041C0002263807978777574A48B90572D25B16F11
:1041D00043FFFFFFFFFFFFFFFFFFFFFFFFFF23B4D2
:1041E0005E6F90772EFFFF2934323231302D39EF58
:1041F000929090908A55292929282827262625FF3C
:1042000043827E7C7B79AA76738097713F24B9655F
:104210006C2FFFFFFFFFFFFFFFFFFFFFFFFF3D6B67
:104220005A90845B21FF223334333231312D3F8D5C
:104230009290909091743127292929282826213796
:104240007984807EE07C797876AAC58652302851C0
:10425000725AC0FFFFFFFFFFFFFFFFFFFFC05D5F60
:104260007297E04BFFFF2CB935333433332C51C4F4
:104270009291909090906029252828272324B67C3D
:1042800088E383817F7D7C7B79768EC5623D2A3A87
:10429000697539FFFFFFFFFFFFFFFFFFFF386D5B11
:1042A0008BEA8146FF2236B934353534332E6EC55C
:1042B00091919191909191DD46322D314368888999
:1042C000868584AC83807EE07CAAE4EC754A332E3C
:1042D0005A775FC0FFFFFFFFFFFFFFFFFF5467A894
:1042E000EA938C4CFF2B39B935B9363530448E936F
:1042F00091919191909294EA908582858C908AE632
:1043000086E487868585E37FE07BACEDE35A382F32
:1043100049727635FFFFFFFFFFFFFFFF28A85EE130
:104320009492946C24343A36B937B933B9AA949339
:10433000C4929191958C798A929191908E8C8AE613
:1043400090F2FC80716EAAE383E080C6FC6A3D3582
:104350003B6B8052FFFFFFFFFFFFFFFFB86F65C49D
:104360009191938F5335383538B933B8A4AEAE88B0
:10437000859291AEFEC45257909190908FFC8D998A
:10438000A296DD4E3B34B856E0AC8096EA754739CC
:104390003663E06E28FFFFFFFFFFFFFF506C719D4B
:1043A000C49091938F613E383A3E5883EA98FE86D6
:1043B0005276948FEA5D2C35E69390908F8F9CFE19
:1043C000944D2923242523223E7CE3F39783B7359C
:1043D000345B7B7D38FFFFFFFFFFFF216266809D1E
:1043E000989190919394E6E07A87C4949290BF5903
:1043F0002E56BF7E60312B418F9391908F96FE8B0E
:104400003823292929282826215186CBD5FC552A4D
:104410002BB179864FFFFFFFFFFFFF2770628EED04
:10442000999791909191939494C49292F27A5D337A
:104430002F5FBF87512F36739594929193968FB8C3
:10444000262B2B2A2A292928252F7CF3EDEA653EE5
:10445000374D76896521FFFFFFFFFF34A465EA9998
:10446000989997929091919191919191C4E047314F
:10447000458694F2856E8398E4AC9292928C57278D
:104480002D2C2C2B2A2A292928266BCED2ED6D44DF
:10449000424A768C7526FFFFFFFFFFB8736B969933
:1044A00098989A98918F9193919191919191E06EB2
:1044B00087949191C4AE9CFE854EA4958871352D4C
:1044C0002E2D2D2C2B2A2A2A292561D0F4B07248B2
:1044D000F6B7778D832FFFFFFFFFFFF6766E989874
:1044E000989B96E46F60677E939191919390EFC54E
:1044F000C491919192918F8DB72C52EA7F562E2FB5
:104500002F2E2E2D2C2C2B2A2926A7D5F5FE734DC8
:104510004C4A788D8C38FFFFFFFFFF4B77DC999773
:104520009EFE9369B1B64047719290F2A0C466A412
:10453000F29291919290A4512F2D5B9576472E3057
:10454000302F2F2D2D2D2C2B292A74D6F5FEA45279
:10455000504D7C8F943FFFFFFFFFFF4C7870999C7C
:10456000FE94B830443A3F3F4079C4929C8542451E
:104570008B93919192C4733E2F41E3BF75412F31CC
:104580003130302F2E2E2D2C2937E6D5C7FE6F5611
:1045900051527E919A43FFFFFFFFFF4D7B70ED9DCF
:1045A000C5B9FF36483B41443D59988A7549B947DA
:1045B000FC93919193C490756BE494C47F4531331F
:1045C000323131302F2F2D2D265CF3D5FDA1685AC5
:1045D0005159AC949F43FFFFFFFFFF4DE0DC96C4B1
:1045E00051FFFF36B7B8414542458FAE5E39B86DD1
:1045F000949299FC75E69394C5C491F28F56323427
:104600003333323130302F29408FD1D29E985E5FC4
:1046100050608696A23DFFFFFFFFFF467F708C73C0
:1046200024FFFF344B3D41464442E09D8C6DE09AAF
:104630009898FE93525990F291919191C47B3B309E
:1046400034343332313029B8EF9DD5ED9B84475057
:104650004B6DEF9BFD33FFFFFFFFFF3A816E7C51F7
:10466000FFFFFF304B3F40474543799B9A9D9C9904
:10467000ED908B5A3643C49996BF959595987A3E9E
:104680002E2F302F2C2F508D9E99D6EB9479574E8C
:1046900049788EFD9826FFFFFFFFFF2EE36EDC3D7D
:1046A000FFFFFF2B4A423F484645819A97979898CB
:1046B000EDE45B3CB959EDEDEDEDEDEDEDED9E90EA
:1046C000A851484A5B7CED9C99D1D5E7E66E645FC2
:1046D000578491FE8421FFFFFFFFFF227A76663721
:1046E000FFFFFF2449473C49464C8F9796A5979773
:1046F00099BF6942538C9B99999999999999999CD9
:104700009E9996979D9D9A9999D4CC7B7C68685A7E
:1047100064FC95A269FFFFFFFFFFFFFF658561391C
:10472000FFFFFF21424BB8F6446395AEC59596A5B1
:10473000A598A590989EED9A999999999999999982
:10474000999A9A9A9999999998F8AC6F71696A5758
:104750007592A59749FFFFFFFFFFFFFF4BFC6C49D8
:10476000FFFFFFFF37503F414E85AE9494AE9595C5
:10477000959598988F8689959B99989898989898E8
:104780009898989898989898C5C469686E6D685D6F
:1047900088C594842BFFFFFFFFFFFFFF2E897569FB
:1047A00029FFFFFF2B4E443DAAC492F293949494A8
:1047B000AE9BED8E755E545AE099989798989898AC
:1047C00098989797979798BFF379B16772DD617062
:1047D00093978662FFFFFFFFFFFFFFFFFF6F887564
:1047E0006929FFFFFF4056749090909091F293C416
:1047F0009EFE95684943423F416D9897A5A597A5B0
:10480000A5A5A5A5A5A597C3F055506C757162E443
:10481000988FA43DFFFFFFFFFFFFFFFFFF44C4721F
:10482000867B5C4E506C878FFC8D8E8F909090981D
:10483000FE94B13F434343423F3D759995BFBF96B8
:10484000969696BFBFA5F2C26D415A6B6A6674C553
:10485000ED735A23FFFFFFFFFFFFFFFFFF227C875F
:1048600072EF8C8E8F8C8989EF8B8C8D8E8F9299C5
:10487000C555B64646454444433E509295C5C5C5C8
:10488000C59595C5AF94FCBE4649747ADC698E9D8A
:1048900089593BFFFFFFFFFFFFFFFFFFFFFF46A51B
:1048A00075E0868686E48788E689EF8B8CFC91909C
:1048B0006A43F647464646454442B67DBF949494C3
:1048C000EAEAEAAEAE89E95E436680E070819A9CCE
:1048D000604623FFFFFFFFFFFFFFFFFFFFFF217683
:1048E000EA728485858686E48788E689898D88AA28
:1048F0004F484948F647474645444071959393C40D
:10490000C49494EAE6E776525C7B7D757595FD78F4
:104910004530FFFFFFFFFFFFFFFFFFFFFFFFFF35FA
:10492000AE8975858585858586878788E68C7E63D3
:104930004A4AB7B749F647464645406EAE9292F2AC
:10494000F29394E6E48669617279757191A093504F
:104950003B21FFFFFFFFFFFFFFFFFFFFFFFFFFFF09
:10496000509EE3AA8584858585868687888B7757C0
:104970004A4B4BB7B74948F6474643A4C491919177
:1049800092F2E4BE8EDF726CDD6E6BFC9E9D694818
:1049900028FFFFFFFFFFFFFFFFFFFFFFFFFFFFFFFE
:1049A000FFBBC7BE7A84848585858586868975B177
:1049B0004C4C4B4B4AB7B7494846F6819190909181
:1049C00090E3E292EF7D68666360889EFD815E36CB
:1049D000FFFFFFFFFFFFFFFFFFFFFFFFFFFFFFFFE7
:1049E000FFC0C9EEE67BAC84848585858687E0536D
:1049F000B74E4E4C4B4B4AB7B7455A8E8F8F908D62
:104A00007FBEA5978F5F474C5A879EFD90754B20C0
:104A1000FFFFFFFFFFFFFFFFFFFFFFFFFFFFFFFFA6
:104A2000FFFF23DCFEC280ABAC8484858586865F75
:104A30003B3E43494B4B4AB747487B908E8EE4BC84
:104A4000E59EA3AE6550B7578B9E9F95E45F22FF0E
:104A5000FFFFFFFFFFFFFFFFFFFFFFFFFFFFFFFF66
:104A6000FFFFFF20C8D9D6EFE282ACE38485E47C67
:104A70005444403D3C3C3C3A3A698FFCE6BDE091F1
:104A8000EEFE935640436594F59F9C956C25FFFF81
:104A9000FFFFFFFFFFFFFFFFFFFFFFFFFFFFFFFF26
:104AA000FFFFFFFFFFFAF9D3F7E8AD82ACAD8586D3
:104AB000795B4F4BB7F6F651A4FC8781E0889AFEEC
:104AC000FE793F33B778ED9EA0A2A16F25FFFFFFCF
:104AD000FFFFFFFFFFFFFFFFFFFFFFFFFFFFFFFFE6
:104AE000FFFFFFFFFFFF2FDDD8DBD5FBEF8584E362
:104AF000858371646064DDAC87E281E6AEA0FE90E0
:104B0000502AB86A93F5F5A1FEFE62C0FFFFFFFFD1
:104B1000FFFFFFFFFFFFFFFFFFFFFFFFFFFFFFFFA5
:104B2000FFFFFFFFFFFFFFFF41DEF7DADAD7CEF22C
:104B3000F1CAF0FCEFEFEF87E58C92BF97865A340D
:104B4000406C919FA09FA2FE93B7FFFFFFFFFFFF66
:104B5000FFFFFFFFFFFFFFFFFFFFFFFFFFFFFFFF65
:104B6000FFFFFFFFFFFFFFFFFFC03D6481C2CFD10A
:104B7000CFCDCBF2C1E8E6E688E68B856E5862853C
:104B800099A1FD9E9EA39C6D2CFFFFFFFFFFFFFFE1
:104B9000FFFFFFFFFFFFFFFFFFFFFFFFFFFFFFFF25
:104BA000FFFFFFFFFFFFFFFFFFFFFFFF2B4155BB95
:104BB00071A979797C7D7EAC89909290919BFD9EC4
:104BC0009C989799F2DC38FFFFFFFFFFFFFFFFFF84
:104BD000FFFFFFFFFFFFFFFFFFFFFFFFFFFFFFFFE5
:104BE000FFFFFFFFFFFFFFFFFFFFFFFFFFFFFF22B2
:104BF000293035B9425B72838C9091939491908D5A
:104C00008884745731FFFFFFFFFFFFFFFFFFFFFFA7
:104C1000FFFFFFFFFFFFFFFFFFFFFFFFFFFFFFFFA4
:104C2000FFFFFFFFFFFFFFFFFFFFFFFFFFFFFFFF94
:104C3000FFFFFFFFFF202A3BB7565D6365605A52B6
:104C4000433021FFFFFFFFFFFFFFFFFFFFFFFFFFDD
:104C5000FFFFFFFFFFFFFFFFFFFFFFFFFFFFFFFF64
:104C6000FFFFFFFFFFFFFFFFFFFFFFFFFFFFFFFF54
:104C7000FFFFFFFFFFFFFFFFFFFF20212120FFFFBE
:104C8000FFFFFFFFFFFFFFFFFFFFFFFFFFFFFFFF34
:104C9000FFFFFFFFFFFFFFFFFFFFFFFFFFFFFFFF24
:104CA000FFFFFFFFFFFFFFFFFFFFFFFFFFFFFFFF14
:104CB000FFFFFFFFFFFFFFFFFFFFFFFFFFFFFFFF04
:104CC000FFFFFFFFFFFFFFFFFFFFFFFFFFFFFFFFF4
:104CD000FFFFFFFFFFFFFFFFFFFFFFFFFFFFFFFFE4
:104CE000FFFFFFFFFFFFFFFFFFFFFFFFFFFFFFFFD4
:104CF000FFFFFFFFFFFFFFFFFFFFFFFFFFFFFFFFC4
:104D0000FFFFFFFFFFFFFFFFFFFFFFFFFFFFFFFFB3
:104D1000FFFFFFFFFFFFFFFFFFFF0000000000009D
:104D2000000054525545564953494F4E2D58464957
:104D30004C452E0000010100000001180000000099
:104D4000400040000808FFFFFF0202023D3D3D5EBB
:104D50005E5E73737389898C0505069999FA010162
:104D6000020202047A7AFA3434C10D10A200000162
:104D700056588B4D5B89263D8A415692161719036A
:104D800004062842716897E15D8FDC0406093165ED
:104D9000AD2B71D12438520C131CA3C4EB95BAE48B
:104DA0001C2B3D38587E3A6AA2D1E7FE707C892FD1
:104DB00038426986A45B86B645678C5681B1101B64
:104DC000271E69BDB7B8B99C9D9EDAEAFA42484EE3
:104DD0000A0B0C1E2124C1D8EE8797A7ACC2D7B806
:104DE000D3ED93A9BF9FBAD4B0CFEDADCCEB5F7537
:104DF0008A50647788AACA7693B082A5C680AAD260
:104E0000698EB15E80A06387AA75A1CB56799B4F4E
:104E100071934F769B496E915079A05480AA4D783A
:104E2000A147709749739B6DADEA05080B2D496446
:104E3000436C94080D123A6188DBEAF7D6E8F8CBA8
:104E4000E1F4C6DDF1BFDBF55D6B78B2CEE7ACCA4D
:104E5000E592AFCAA6CAE94655639CBEDC8AA8C4DF
:104E60009DC2E383A2BE96BADA90B5D57D9CB98C7B
:104E7000B2D490B6D988AFD282AACD7399BC7AA3A6
:104E8000C87CA5CB77A0C46B94B849657F719DC4DD
:104E90006C9AC35B84A86594BE6392BB5D8AB16162
:104EA00090B96393BD5D8BB45E8DB65F8EB93C5A8D
:104EB000764D74975986AF5A89B23D5D7A5684AC67
:104EC000527DA5334E6740638235526D3756733D30
:104ED000607F4B769D4C779F4E7BA32B445B487243
:104EE000994275A3DFF0FED1E5F6D8EDFE99B5CB7A
:104EF000A8C8E3A3C4E0728FA685ADCF7FA8CB6618
:104F000096BF6195BF5280A5456C8D416787C5C925
:104F1000CCAAB9C49DC2DE5E92B9588AB04B789AC9
:104F20004787B52F99EA0F8FEB4B728B47739245EA
:104F300082AD3C89BC7788912C2E2F3B576545B4B8
:104F4000ED2C9DD507A9F8E7F8FF40B0DE0F96CE0F
:104F50008DABB62BB7E065DFEF24CCE208DDFD8A30
:104F6000EEFA77A3A6477E7F010202699A975B8FCC
:104F7000865389779AE4C5A5E6C68DD8B380D6ABAB
:104F80008CC2A697DAB79AE1BB70AC8C73CB99A1AF
:104F9000E6BD54B57946AC6B61B37D4EB0714BAD97
:104FA0006D49B16D419E5F42AD6456AE714AA767CF
:104FB0004AA162456A4E38A1532D93463C99523519
:104FC000974B2F7F3F3289414E975863A4685A9F71
:104FD0005E388B3673A870265E228AB58551844868
:104FE00081AE786E9C63193E106094523F782F0416
:104FF0000F005D8D4A0D2205020700A9ABA5FCEC50
:105000002BFDED9CF8DE5FE1BA25B9B092C0AA7421
:10501000DDB34B050302E0DFE0D0A5D0AE69AE936F
:105020004597722777CA86FA9F51E17825CA583E7C
:105030007B5017A0413E8F201E625352EA1C1BE694
:10504000FFFFFF000000FFFFFFFFFFFFFFFFFFFF6D
:10505000FFFFFFFFFFFFFFFFFFFFFFFFFFFFFFFF60
:10506000FFFFFFFFFFFFFFFFFFFFFFFFFFFFFFFF50
:10507000FFFFFFFFFFFFFFFFFFFFFFFFFFFFFFFF40
:10508000FFFFFFFFFFFFFFFFFFFFFFFFFFFFFFFF30
:10509000FFFFFFFFFFFFFFFFFFFFFFFFFFFFFFFF20
:1050A000FFFFFFFFFFFFFFFFFFFFFFFFFFFFFFFF10
:1050B000FFFFFFFFFFFFFFFFFFFFFFFFFFFFFFFF00
:1050C000FFFFFFFFFFFFFFFFFFFFFFFFFFFFFFFFF0
:1050D000FFFFFFFFFFFFFFFFFFFFFFFFFFFFFFFFE0
:1050E000FFFFFFFFFFFFFFFFFFFFFFFFFFFFFFFFD0
:1050F000FFFFFFFFFFFFFFFFFFFFFFFFFFFFFFEFD0
:10510000EFFFFFFFFFFFFFFFFFFFFFFFFFFFFFFFBF
:10511000FFFFFFFFFFFFFFFFFFFFFFFFFFFFFFFF9F
:10512000FFFFFFFFFFFFFFFFFFFFFFFFFFFFFFFF8F
:10513000FFFFFFFFFFFFFFFFFFFFFFFFFFEF2FA6B8
:105140002EFFFFFFFFFFFFFFFFFFFFFFFFFFFFFF40
:10515000FFFFFFFFFFFFFFFFFFFFFFFFFFFFFFFF5F
:10516000FFFFFFFFFFFFFFFFFFFFFFFFFFFFFFFF4F
:10517000FFFFFFFFFFFFFFFFFFFFFFFF1203042FF3
:10518000FFFFFFFFFFFFFFFFFFFFFFFFFFFFFFFF2F
:10519000FFFFFFFFFFFFFFFFFFFFFFFFFFFFFFFF1F
:1051A000FFFFFFFFFFFFFFFFFFFFFFFFFFFFFFFF0F
:1051B000FFFF08FFFFFFFFFFFFFFFF2E03E704FFD6
:1051C000FFFFFFFFFFFFFFFFFFFFFFFFFFFFFFFFEF
:1051D000FFFFFFFFFFFFFFFFFFFFFFFF0D080808B6
:1051E000080D0D08FFFFFFFFFFFFFFFFFFFFFFFFA1
:1051F000FFFFFFFFFFFFFFFFFFFFEFA604052FFFED
:10520000FFFFFFFFFFFFFFFFFFFFFFFFFFFFFFFFAE
:10521000FFFFFFFFFFFFFFFFFFFF171B281E1E1AE8
:105220001A1A1A1E1E284F01EFFFFFFFFFFFFFFF94
:10523000FFFFFFFFFFFFFFFFFFEF12020404EFFF7E
:10524000FFFFFFFFFFFFFFFFFFFFFFFFFFFFFFFF6E
:10525000FFFFFFFFFFFFFF091B1E8782838097264A
:1052600045434242444326788712FFFFFFFFFFFF7A
:10527000FFFFFFFFFFFFFF012EA62D030402FFFF2C
:10528000FFFFFFFFFFFFFFFFFFFFFFFFFFFFFFFF2E
:10529000FFFFFFFFFF081B1A82974E265050809792
:1052A0009796A144403B625F5D5F22230D08FFFF9C
:1052B000FFFFFFFFFFFF062E020404050512FFFF9C
:1052C000FFFFFFFFFFFFFFFFFFFFFFFFFFFFFFFFEE
:1052D000FFFFFFFF171E7C4E4E975010101010104E
:1052E0001014107C8350963F6234323231A6FFFF97
:1052F000FFFFFFFFFF2EA6120305E72A0308FFFFAB
:10530000FFFFFFFFFFFFFFFFFFFFFFFFFFFFFFFFAD
:10531000FFFFFF4F4D4E4E4E96500C0CFDFDFCFC1A
:10532000FCFC0B0C10505050827F39313232381B4C
:10533000FFFFFFFFFFA6042F04E7982B12FFFFFFDC
:10534000FFFFFFFFFFFFFFFFFFFFFFFFFFFFFFFF6D
:10535000FFFF1B1F884E4E4E96100CFDFDFCFC0AF5
:10536000070AFCFD0C10971F4D871A8756AE353B78
:1053700023FFFFFF2FE798042D05042FFFFFFFFFFA
:10538000FFFFFFFFFFFFFFFFFFFFFFFFFFFFFFFF2D
:10539000FF1B834A494E4E4EA10CFDFDFDFC0A0A3F
:1053A00007FCFCFDFD0C144D878787871A7F31357C
:1053B000678117A62A2AE7F02B0213FFFFFFFFFFE2
:1053C000FFFFFFFFFFFFFFFFFFFFFFFFFFFFFFFFED
:1053D0004C1F854949494949A2100C0A0A0A070786
:1053E000070AFCFDFD0CFB8787878787874D506286
:1053F000356E39E798E7F0980208FFFFFFFFFFFFDF
:10540000FFFFFFFFFFFFFFFFFFFFFFFFFFFFFFFFAC
:105410004D868849964E45A24945100CFC07070762
:1054200007070AFC0BFBFB8787871A1A8750505027
:1054300024052A2A2BF09802FFFFFFFFFFFFFFFF42
:10544000FFFFFFFFFFFFFFFFFFFFFFFFFFFFFF1E4D
:105450008684452029292920884A491F0C0B0B0BDB
:105460000B0B0B100CFB874D871AFBF9F9FA502632
:10547000052A2A2BF098A6FFFFFFFFFFFFFFFFFF83
:10548000FFFFFFFFFFFFFFFFFFFFFFFFFFFF1726ED
:105490007E4929A0AAAAAA294E4A4A9DA2501010C4
:1054A000101014FB1A874D4D4DFBF9F7F7F7F8D4A0
:1054B000E72A2BF0983F28FFFFFFFFFFFFFFFFFFCA
:1054C000FFFFFFFFFFFFFFFFFFFFFFFFFFFF1A4789
:1054D0004418A0AAAAAAAAA0209D848484849D9D81
:1054E000A283817F4D7F4D4D4DFBF6F5F6F3B9DA82
:1054F000DAE7F0982B634728FFFFFFFFFFFFFFFF6E
:10550000FFFFFFFFFFFFFFFFFFFFFFFFFF179647B4
:1055100020199FA0AAAAAAA020468585858484492F
:1055200083817F7F7F4D4D7F8110F6F505DFDCCCD9
:10553000C5C1DCA5435964851BFFFFFFFFFFFFFFCB
:10554000FFFFFFFFFFFFFFFFFFFFFFFFFF1E7D9538
:1055500018164B9FA0A0AA294A86864848488880EA
:10556000828181817F7F7F829711F705DFDCCDC744
:10557000BFC2A7504E4E8D659717FFFFFFFFFFFF7D
:10558000FFFFFFFFFFFFFFFFFFFFFFFFFF817B9597
:1055900018151D4BA8A019207E86868686849782C2
:1055A00081818181818182968526CFDADCCEC8BF58
:1055B000C022F94E494E4435694DFFFFFFFFFFFF02
:1055C000FFFFFFFFFFFFFFFFFFFFFFFF17797A6F6E
:1055D0001816371C4B191895957E7E7E8526788285
:1055E00082828281817C4E4896DDDEDCCAC8BFC3E0
:1055F000A5F7FA8888884E6F8F731EFFFFFFFFFFA5
:10560000FFFFFFFFFFFFFFFFFFFFFFFF287D7A7A0D
:1056100089191D5715188647474747869683787816
:1056200078828282834986A1DDDEDCD2C5BFC3C118
:10563000F7F94E844A4A4A4E6260884FFFFFFFFFE7
:10564000FFFFFFFFFFFFFFFFFFFFFFB61E767B7B25
:105650007D18191619186F7D7D7D7E45807C7C7CB8
:105660007C7878808847A1DDDCDED2C5BFBBB8F985
:10567000F9119D858484844A4959694DFFFFFFFFD4
:10568000FFFFFFFFFFFFFFFFFFFFFFFF87947B7B15
:10569000727D182929867A7A7A4779978080808363
:1056A0007C83978447A1DDDCDED2C5BFBBC61FFA71
:1056B0004946484885858585886F357D28FFFFFFE9
:1056C000FFFFFFFFFFFFFFFFFFFFFFFF81947575E7
:1056D00075726F4747727B7B7D4696979797808060
:1056E00080964627A1E4DCDAD3C5BFBBC6B5869554
:1056F00086868686868686864888673A8108FFFF82
:10570000FFFFFFFFFFFFFFFFFFFFFFFF78937676AE
:10571000729EA9ADA472727A7E45969626979726B8
:10572000457E25B5E4DCDAD3C5BFBBC6B547479592
:105730007E95958588450F0F7986483A7228FFFF38
:10574000FFFFFFFFFFFFFFFFFFFFFFFF6C6D936B8E
:1057500072AAB2B2AAA440477945454545969679C2
:105760004725B5E1DCD7D3CBBFBBC6B527474747F5
:105770004749F8F8F4F4F4F4F885483E3C82FFFF1A
:10578000FFFFFFFFFFFFFFFFFFFFFFFF6C416767AA
:10579000A9B2B2B2B2AAA342424479434545447A7F
:1057A00076B5E4DCD7D1C5BFBBC6B5277D7D7D7D91
:1057B00086F8F4F3F3F2F2F3F40F957E3C4028FF01
:1057C000FFFFFFFFFFFFFFFFFFFFFFFF783D6A7056
:1057D000AFB0B0B2B2B2AD4E3F424242427E7277FB
:1057E000B5E4DCD8D1C5BFBBC6B5257A7A7A7A7A5A
:1057F00086F4F2F1F2F2F2F2F3F8957E6B3A7FFF63
:10580000FFFFFFFFFFFFFFFFFFFFFFFF5B3D689311
:10581000A8B3B3B0B1B1AFAD443F3F3F6F6B6EB50E
:10582000E4DCD8D1C5BFBBC6B525757B7B9C7B9C12
:1058300046F4F1F1F1F2F2F2F3F88647473A244CDC
:10584000FFFFFFFFFFFFFFFFFFFFFFFF873D696ACD
:10585000ACB3B3B3B0B0AFAD3F40403E6741B9E485
:10586000DED8D1C5BFBBC6B577767575757B757546
:1058700048F4F1F0F1F2F2F2F3F8477D476759236B
:10588000FFFFFFFFFFFFFFFFFFFFFF0DA666669212
:1058900094A8B3B39AB0ADA3243E6B6D41B9E4DED6
:1058A000D8D1C5BFBACCB577777676767676757669
:1058B00085F4F2F1F1F1F2F2F40E9C7A7D72353951
:1058C000FFFFFFFFFFFFFFFFFFFFFFFF1B3C91916B
:1058D0003A94A9ACAFADA3906B676869B8E4DED623
:1058E000D1C5BFBACCB89371737373737777777779
:1058F0007DF4F3F1F1F1F2F4F87D7B7B7A7A3A31C1
:1059000017FFFFFFFFFFFFFFFFFFFFFF093E64657B
:1059100066623E9EA4723B676A693DB8E4DED6D1FA
:10592000C5BFC0C7B8416D6E9371737173737373E4
:105930009B0EF4F4F3F3F40E9C757572727A6A346C
:10594000120DFFFFFFFFFFFFFFFFFFFF0D561D655D
:105950003C67626262626A926665B8E4DED6D1C56F
:10596000BFC0C7B869686A6A6A6E937471717171F1
:10597000717A0EF8F80E7D9B77767675757B6B598C
:1059800023FFFFFFFFFFFFFFFFFFFFFF0823603A3A
:105990005F5F625F3B90626563B7E4DED6D1C8BFEC
:1059A000C0CDB83D6969686868686A6E9370707048
:1059B0007474949B94947474747473777676733A55
:1059C0002DFFFFFFFFFFFFFFFFFFFFFFFF4F5F5DAB
:1059D0005F5F3C90CACBCEB4B7E4DED8D1C5BFBFC1
:1059E000CDB7656692929292696969686A6E93937F
:1059F0009393937070947742A1A17A9473777368AC
:105A00005BFFFFFFFFFFFFFFFFFFFFFFFFFF565999
:105A10005D5D5FB9C4BDBDD6DDDED8D1C8BFBCCA2F
:105A2000B764919191916666669292929269686E5E
:105A30009393939393722D022D2D026C7071736A60
:105A4000A7FFFFFFFFFFFFFFFFFFFFFFFFFF235940
:105A50005959B4C8BDBAC2DDDED8D1C5BFBDCAB4BC
:105A60006463636565659191919166666666669209
:105A7000686D6E936EA1020404040302A193716D1C
:105A80007FFFFFFFFFFFFFFFFFFFFFFFFFFF06900E
:105A9000355CB4C4BABEE4DED8D1C8C0BDCAB45CFB
:105AA0006464616161636363656565919191916609
:105AB000666669416D432D03040404022371936DEE
:105AC00087FFFFFFFFFFFFFFFFFFFFFFFFFFFF2D30
:105AD0005858B4C2BFE4DAD7D1C8BFC2CAAE5E60FC
:105AE0006060606460616161616164646463659168
:105AF000919191916543030403032D022F6F6E6D05
:105B00001AFFFFFFFFFFFFFFFFFFFFFFFFFFFF2E5B
:105B100059338DD7E1DAD7D1C8BFC2CAAE1C9A9A21
:105B20005C5C5C5C606060605E635F3B626560649F
:105B3000636565656439032B0302A6A62F6F6E6E3D
:105B40001EFFFFFFFFFFFFFFFFFFFFFFFFFFFFFF46
:105B50005B5535DDDFD7D1C8C0C2D2AE378F8F8F4E
:105B60008F8F9A9A9A5C9A6038A64C134C2F393AC8
:105B7000606163636439A62B0502A602236E413E71
:105B80001BFFFFFFFFFFFFFFFFFFFFFFFFFFFFFF09
:105B90000631DADFD7D1C7BFC6D5AE36588E8E8E66
:105BA0008E8F8F8F8F8F9A2DFFFFFFFFFFFF0D2F9F
:105BB000625C616460902E032B05052D3963633FA1
:105BC00013FFFFFFFFFFFFFFFFFFFFFFFFFFFFFFD1
:105BD000B6DBDFD7D3C7BFC4D6AE3636365A365853
:105BE000588E8E8E8E3790FFFFFFFFFFFFFFFFFF67
:105BF0002F615C6060605BEF0203035B656360398B
:105C0000FFFFFFFFFFFFFFFFFFFFFFFFFFFFFFFFA4
:105C1000E0DFD7D3C7BCC7C657303799E7EC999AAE
:105C20005A37585858576CFFFFFFFFFFFFFFFFFF21
:105C3000FF385A5C5C5C6038232D38646064641EF5
:105C4000FFFFFFFFFFFFFFFFFFFFFFFFFFFFFFE083
:105C5000E1D7D3CCBDCDC1305557ECEBEBEBEBEE40
:105C6000EC8E57575733264C0DFFFFFFFFFFFFFF0A
:105C7000FF5B378F9A9A9A8F9A5C5E60605E90099C
:105C8000FFFFFFFFFFFFFFFFFFFFFFFFFFFFE0E161
:105C9000D7D3CCBDC8BE54545599EBE8E8E8E8E842
:105CA000EBED32333330401EFFFFFFFFFFFFFFFFFE
:105CB000FF5B368E8F8F8F8F8F9A9A5C5C8F23FF5E
:105CC000FFFFFFFFFFFFFFFFFFFFFFFFFFE5E4D741
:105CD000D3C4BDD4CF215354542AEEE8E8E8E8E811
:105CE000E8EBEC333354351F1AEF08FFFFFFFFFFDB
:105CF0004F6236588E8E8E8E8F8F8F8F379001FF2A
:105D0000FFFFFFFFFFFFFFFFFFFFFFFFE5DDD8D233
:105D1000C4C2D4E30D228C535333EEEAEAE8E8E838
:105D2000EAEAED333033535F3E902D1206134F1ED7
:105D300024335757585858588E8E8E36592FFFFF98
:105D4000FFFFFFFFFFFFFFFFFFFFFFE5E2D8D2C429
:105D5000C2DBE6FFFFEF318C8B53ECEEE9E9EAEAB8
:105D6000E9EAED55543030535755551D75867A651F
:105D700033335757575757575857338DA6FFFFFFA1
:105D8000FFFFFFFFFFFFFFFFFFEFE3E2D8D2C4C634
:105D9000DBFFFFFFFFFF2E318A8B30EDEEE9E9E9F3
:105DA000E9EEEC5554545454535353553637335449
:105DB00055543055555555555558A512FFFFFFFF01
:105DC000FFFFFFFFFFFFFFFFFFE6DBD6D2C4CCE003
:105DD0000DFFFFFFFFFFFF2E318A2130EDEEEEEACF
:105DE000EEEE985353545454545454545453213055
:105DF000328D34AE3131A5562D2FFFFFFFFFFFFF4F
:105E0000FFFFFFFFFFFFFFFFE6DBD2D2C7CEE0FFC1
:105E1000FFFFFFFFFFFFFFFF06A58A8C5398ECED05
:105E2000EC2A8B8B5353535353535354533022A662
:105E30002E061301FFFFFFFFFFFFFFFFFFFFFFFF26
:105E4000FFFFFFFFFFFFFFE6E0D9D2C8D2E5FFFF6B
:105E5000FFFFFFFFFFFFFFFFFFFF56528A212121B7
:105E600021218B8B8B8B8B53535353538B5BFFFFB6
:105E7000FFFFFFFFFFFFFFFFFFFFFFFFFFFFFFFF32
:105E8000FFFFFFFFFFFFB6E5D9D0CBD4E3FFFFFF55
:105E9000FFFFFFFFFFFFFFFFFFFF080298AB2C5241
:105EA00052525252528B8B8B8B8B8B52354FFFFF42
:105EB000FFFFFFFFFFFFFFFFFFFFFFFFFFFFFFFFF2
:105EC000FFFFFFFFFFFFFFE0D1D0DBE3FFFFFFFF9E
:105ED000FFFFFFFFFFFFFFFFFFFFFFFF12318AAB56
:105EE0005152525252525252528B8B8A62FFFFFFD2
:105EF000FFFFFFFFFFFFFFFFFFFFFFFFFFFFFFFFB2
:105F0000FFFFFFFFFFFFFFE5DBE0FFFFFFFFFFFFFE
:105F1000FFFFFFFFFFFFFFFFFFFFFFFFFFFF2D3230
:105F2000AB8A2C2C525252525252528C3808FFFFDC
:105F3000FFFFFFFFFFFFFFFFFFFFFFFFFFFFFFFF71
:105F4000FFFFFFFFFFFFFFFFFFFFFFFFFFFFFFFF61
:105F5000FFFFFFFFFFFFFFFFFFFFFFFFFFFFFF2E22
:105F60005698ABAB8A2C2C2C2C2C2C8A5BFFFFFF79
:105F7000FFFFFFFFFFFFFFFFFFFFFFFFFFFFFFFF31
:105F8000FFFFFFFFFFFFFFFFFFFFFFFFFFFFFFFF21
:105F9000FFFFFFFFFFFFFFFFFFFFFFFFFFFFFFFF11
:105FA000FF4F03992CABAB8A8A8CAB3012FFFFFFFB
:105FB000FFFFFFFFFFFFFFFFFFFFFFFFFFFFFFFFF1
:105FC000FFFFFFFFFFFFFFFFFFFFFFFFFFFFFFFFE1
:105FD000FFFFFFFFFFFFFFFFFFFFFFFFFFFFFFFFD1
:105FE000FFFFFFB6A62299535151982DFFFFFFFFE7
:105FF000FFFFFFFFFFFFFFFFFFFFFFFFFFFFFFFFB1
:10600000FFFFFFFFFFFFFFFFFFFFFFFFFFFFFFFFA0
:10601000FFFFFFFFFFFFFFFFFFFFFFFFFFFFFFFF90
:10602000FFFFFFFFFFFF0112A6A617FFFFFFFFFF05
:10603000FFFFFFFFFFFFFFFFFFFFFFFFFFFFFFFF70
:10604000FFFFFFFFFFFF00000000000000005452B0
:106050005545564953494F4E2D5846494C452E00FB
:106060000001010000000118000000004000400095
:106070000808FFFFFF0101010202020505050A0AE7
:106080000A1D1D1D2525252E2E2E3737373F3F3F54
:106090004444444949495050505757575F5F5F63E4
:1060A00063636868686C6C6C6F6F6F747474777717
:1060B000777C7C7C8282828585858787878B8B8BAA
:1060C0008C8C8C8F8F8F90909093939394949498C2
:1060D00098989999999B9B9B9D9D9D9E9E9EA0A003
:1060E000A0A2A2A2A3A3A3A5A5A5AAAAAAAFAFAF47
:1060F000B3B3B3B6B6B6BCBCBCC7C7C7C9C9C9CEB3
:10610000CECED1D1D1D4D4D4D6D6D6D7D7D7DADA49
:10611000DADBDBDBDCDCDCDEDEDEE2E2E2E3E3E397
:10612000E4E4E4E5E5E5E8E8E8EBEBEBF1F1F1F4D4
:10613000F4F4FCFCFCC1C1C2C4C4C5D2D2D3E0E0BB
:10614000E1ECECEDABACADCACBCCCBCCCDE3E4E534
:10615000D3D6D9D6D9DBD8DBDDDADDDFC5C8CACCEA
:10616000CFD1CED1D3D0D3D59FA2A4A5A8AA96999A
:106170009B989B9D9A9D9FD2D4D5B0B2B38B8D8EA8
:106180009CA0A2E0E3E48F9293A2A5A6BCC0C1911B
:106190009292959696E9EAEA7172721415157F80CB
:1061A0007F898A898D8E8DBABAB9D6D5D3D5D3D108
:1061B000F0ECE996908CA99F98CBC6C3E0D8D3A207
:1061C0009A95B0A6A0C4B5ACD4BEB19C8B81948383
:1061D000798B7A70BCA496C6AB9BD4B6A477635770
:1061E0003D312ACEA38ABD957CAB856ECA9C819633
:1061F000715B513D315E4638B2856AC09072C39280
:1062000074C59375B8886C7F5E4A85624DA4785ECC
:10621000BD8A6C7656437B5A46C18D6EC38E6FA085
:10622000745A966C53BA8666C08969BE8766BD8506
:1062300064BC84639F6F5395684DAE7A5AC187647E
:10624000B9805E92654A9C6B4EB87E5CB67C599173
:1062500062468C5E43996749B47956956447B27734
:1062600054AF7451B97A55AC714EAE734FA96F4C9F
:106270008B5B3E88583CA66C499862429A63439D6A
:1062800065448F5C3D956040875639A86B46A06594
:10629000418C5738C6BBB5DCCEC6D1C3BBBAADA6A0
:1062A000EBD8CDE8D1C4C2ACA0D0B9ACE4CABBAF86
:1062B000998DE0C3B3A79083DDBDABDBB8A5DAB59C
:1062C000A1BA9A88D8B29ED5B09BD5AD98D3AC96DA
:1062D000D3AB94D4AB94A48472D2A992D4AA93B130
:1062E0008E7AD2A78FD0A58DCEA087CC9F85271E72
:1062F00019CC9D83C9997ECA9A7FC8977BCE9C7F13
:10630000C7967ABB8C71A77C64C69477C994768B48
:106310006651B28267C38F71C59072C18B6CBC87A6
:1063200069A57356BC8362BB82618F60458B5C41FB
:10633000A36948925E409F6645A167468653369A98
:106340009694FBF5F2F6ECE7BFB3ADF3E6E0F0DFD1
:10635000D7CEC9C7E8DEDAEBE5E3F8F0EDA8A7A7EA
:10636000C0BFBFCCCBCBEFEEEEF0EFEFFFFFFF00F7
:106370000000FFFFFFFFFFFFFFFFFFFFFFFFFFFF2B
:10638000FFFFFFFFFFFFFFFFFFFFFFFFFFFFFFFF1D
:10639000FFFFFFFFFFFFFFFFFFFFFFFFFFFFFFFF0D
:1063A000FFFFFFFFFFFFFFFFFFFFFFFFFFFFFFFFFD
:1063B000FFFFFFFFFFFFFFFFFFFFFFFFFFFFFFFFED
:1063C000FFFFFFFFFFFFFFFFFFFFFFFFFFFFFFFFDD
:1063D000FFFFFFFFFFFFFFFFFFFFFFFFFFFFFF04C8
:1063E000060B0D0D07FFFFFFFFFFFFFFFFFFFFFF86
:1063F000FFFFFFFFFFFFFFFFFFFFFFFFFFFFFFFFAD
:10640000FFFFFFFFFFFFFFFFFFFFFFFFFFFFFFFF9C
:10641000FFFFFFFFFFFFFFFFFFFFFF04060B1064FE
:10642000651A65185F0C63FFFFFFFFFFFFFFFFFFAB
:10643000FFFFFFFFFFFFFFFFFFFFFFFFFFFFFFFF6C
:10644000FFFFFFFFFFFFFFFFFFFFFFFFFFFFFFFF5C
:10645000FFFFFFFFFFFFFF04060B10171C1D1C654D
:10646000171716641E180F0603FFFFFFFFFFFFFF3D
:10647000FFFFFFFFFFFFFFFFFFFFFFFFFFFFFFFF2C
:10648000FFFFFFFFFFFFFFFFFFFFFFFFFFFFFFFF1C
:10649000FFFFFF04060B11651F22201C6666151DF9
:1064A00066171716601711090863FFFFFFFFFFFF4C
:1064B000FFFFFFFFFFFFFFFFFFFFFFFFFFFFFFFFEC
:1064C000FFFFFFFFFFFFFFFFFFFFFFFFFFFFFF04D7
:1064D000060B121C2327241F1F5F19261C1C141CCB
:1064E000661818161F1811090906FFFFFFFFFFFFA6
:1064F000FFFFFFFFFFFFFFFFFFFFFFFFFFFFFFFFAC
:10650000FFFFFFFFFFFFFFFFFFFFFF03060A0E1B5A
:10651000F946F926242025F9605F16265F1B1B1C0F
:106520001B6518172165120A0907FFFFFFFFFFFF10
:10653000FFFFFFFFFFFFFFFFFFFFFFFFFFFFFFFF6B
:10654000FFFFFFFFFFFFFF03050A111A262B1D2681
:1065500028256727255F20461F1F605454216F732D
:106560006C5F65182366620A0A07FFFFFFFFFFFFE3
:10657000FFFFFFFFFFFFFFFFFFFFFFFFFFFFFFFF2B
:10658000FFFFFF03630A101A262967FA2B296526E5
:10659000461E67282524215252266CC1CC7F9BB20F
:1065A000C1541965241C130B0B07FFFFFFFFFFFFEE
:1065B000FFFFFFFFFFFFFFFFFFFFFFFFFFFFFF01E9
:1065C000050A622420282CFA2C2B261A1615604660
:1065D00046F95D46462870C1CC7F9FAAABAAE9B2B6
:1065E000C1556619261D140C0C07FFFFFFFFFFFFA6
:1065F000FFFFFFFFFFFFFFFFFFFFFF01630A122204
:10660000FAFB2FFB272A2B261F5F21F92A672B2B4A
:10661000582A70C1CC90E9B2EEABAAAAE9E9E9B276
:10662000C1561C66271F140C0C08FFFFFFFFFFFF5D
:10663000FFFFFFFFFFFFFFFF6309122241303330EE
:10664000FB2D422D4626292B2C41FA5E2C67B9BF23
:10665000CC90E9B2EEEEB2ABE9E9E9E9E9E9E9B2F9
:10666000C15A5F1BF920150D0D08FFFFFFFFFFFF4B
:10667000FFFFFFFFFF07112142323734432F2FFB6B
:106680002E2E2D422D2E4E4E42FAF2BF7D90EBB5AE
:10669000EEB2ABABABABABABE9E9E9E9E9E9E9B247
:1066A000C1521E1C2822640D0E09FFFFFFFFFFFFD1
:1066B000FFFFFF0418353B443432314330302F2F75
:1066C00048FB484F472E71C5CF96ADB0B5B0B0B0BE
:1066D000AAAAAAAAABABABAAE9E9E9E9E9E9E9B256
:1066E000C15D605F2925160E0F09FFFFFFFFFFFF49
:1066F000FFFFFF0F45373434333232314343514AC1
:10670000502FB676CFE5ECB1B0B1B1B1B1EBEBB093
:10671000B0B0AAB0AAABABE9E9E9E9E9E9A0A0B257
:10672000C15222205827170F110AFFFFFFFFFFFF5A
:10673000FFFFFF213C353534344B4C4D3369B8777E
:106740007C98A9B4B4AFAFAFAEAEADADB1B1EBEB29
:10675000EBB0B0AAAAAAE9A0E9A0E9E9A0A0A0AB81
:10676000BF5527232AF91810620BFFFFFFFFFFFF19
:10677000FFFFFF213C37445B4D6EB8777C9AA5B391
:10678000B3ACACACACEAEDECAFAFAEAEADADB1B16D
:10679000EBEBEBB0B0AAE8E8A0A0A0A0A0A0A0AA54
:1067A000BF5A28252B461912140BFFFFFFFFFFFFCE
:1067B000FFFFFF223D36B8787E919EA8A8A8A8A822
:1067C000A7A7A9A9ACEAEAEDEDECAFAEAEADADB1CD
:1067D000B1B1EBEBB0EB9FE8E8E8E8E8E8E8E8AA5D
:1067E000BF5229F967296662150CFFFFFFFFFFFF03
:1067F000FFFFFF2245318FA6A29E9EA2A2A4A4A5C0
:10680000A5A8A7A7A9ACACEAEAEDECECAFAEAEAD9B
:10681000ADB1B1EBEBB1A39F9F9F9F9F9F9F9BA0AB
:10682000BF5D2B28672A5F13640CFFFFFFFFFFFF8C
:10683000FFFFFF23FC318F9A9A9D9D9E9EA2A2A4EA
:10684000A4A5A5A8A7A9ACACEAEAEAEDECECAFAE2A
:10685000AEADB1B1B1A3A3A3A39BA39B9B9B97E8B0
:10686000BF532C292C2B6014170DFFFFFFFFFFFFD8
:10687000FFFFFF23FD328FE6E79A9A9D9D9E9EA221
:10688000A2A4A5A5A8A9A9A9ACACEAEAEDECECAF35
:10689000AEAEADADADA1A1A1A1A197979797909BE9
:1068A000BF53412AFA2C2014650DFFFFFFFFFFFFA5
:1068B000FFFFFF233E33899995E7E79A9A9D9D9EB6
:1068C0009EA2A4A4A5A8A7A9A9ACACACEAEAEDED48
:1068D000ECAFAEAEA1EAA1A19C9C9C979C90909736
:1068E00076462D2B41FA2215660DFFFFFFFFFFFFB5
:1068F000FFFFFF243E33DC929394E6E7E79A9D9DE9
:106900009E9E9EA2A4A5A8A8A7A9A9ACACEAEAED60
:10691000EDECAFAFEA9C9C9C9C9C9C9696968F90CD
:106920007646FB67424124641C0EFFFFFFFFFFFF1A
:10693000FFFFFF243F34DCE392929394E6E7E79A6B
:106940009D9D9E9EA2A4A5A5A8A7A9A9A9ACACEAB5
:10695000EAEDECEA96969C9696969696968F8F968A
:1069600076294F2C2D4226165F0EFFFFFFFFFFFFFB
:10697000FFFFFF2444697DE28DE39292939495E7B3
:10698000E79A9A9DA2A2A4A4A5A8A8A7A9A9ACAC7D
:10699000EAEAEDE5E5E5E5E5E5E5E5E5E58F898F9D
:1069A000BC5831FA2E2EF917600EFFFFFFFFFFFFD4
:1069B000FFFFFF2148307DDEE28E8DE3E39293946A
:1069C00095E6E69A9E9EA2A2A4A4A5A8A7A7A9A917
:1069D000ACA998868289E5E5E5E5E5898989DC89C0
:1069E000BC583241FBFB28181F0EFFFFFFFFFFFFC3
:1069F000FFFFFF2230317DD8DD85E2E18EE3E392B7
:106A0000939394E79D9E9EA2A2A4A4A4A5A8A7A93F
:106A1000A798DBC5CF7F909B9B90968F8F89DC8951
:106A2000BC2B32422F2F2965200FFFFFFFFFFFFFF6
:106A3000FFFFFF233133CFD9D6D8DD85E2E2E18DE8
:106A4000E39292E69A9D9D9E9EA2A2A4A4A5A8A7C9
:106A5000A5E4CC0B75CC888C8C8CE8DF907F7F8F85
:106A6000B958314230435865200FFFFFFFFFFFFF49
:106A7000FFFFFF233333CFD2D5D7D6D8DADD85E277
:106A8000E18E8D93E79A9A9D9D9E9EA2A2A4A5A5B4
:106A9000A4E47C0D0B7FDC888B8B8B8C8788DFDFFD
:106AA000C152422C30322B19200FFFFFFFFFFFFF96
:106AB000FFFFFF233434C5D07BD2D57ED7D8DADDB3
:106AC0008584E193E6E7E79A9A9D9E9EA2A2A4A4FC
:106AD000A491D8790F09DF918FDF8C8B8B8C8787FE
:106AE000745928F94333671A200FFFFFFFFFFFFF98
:106AF000FFFFFF233737C5CBD0D17BD2D3D57ED68E
:106B0000D8DADD929394E6E69A9A9D9D9E9EA2A283
:106B1000A291E27F0B620688E3E0DC7F888C8B8B9E
:106B20007516202031362C1B200FFFFFFFFFFFFFC3
:106B3000FFFFFF23444476C7C8CACDD1D17BD2D34F
:106B40007ED7DAE392939394E6E79A9A9D9D9EA26C
:106B50009DE48AE47A100E05908A868682DC7F871F
:106B60007514661C3237FA1B200FFFFFFFFFFFFF73
:106B7000FFFFFF22383877C3C6C6C8CBCED0D17B43
:106B80007BD2D8E3E39292939395E6E79A9D9D9EFC
:106B9000918A8AE28C066409D4E08A8686DBDBE08F
:106BA000BF5C1C193238411C200FFFFFFFFFFFFFA5
:106BB000FFFFFF223A39BCC2C3C3C4C6C7C8CACD8F
:106BC000D0D1D68E8E8DE39293939495E79A9A9A2C
:106BD0008D8D8A8D8AD40A640680E28ADBDBDB86AF
:106BE000BD5E29273439421C200FFFFFFFFFFFFF46
:106BF000FFFFFF223A3ABDC0C0C2C2C3C4C6C7C865
:106C0000C8CAD7E2E2E18EE3E392939394E69A93C3
:106C100083838E8DDE9004101163DF85DBDBDB86E2
:106C2000BD484141443B2D5F200FFFFFFFFFFFFFA9
:106C3000FFFFFF223A3B72BEBEC0C0C2C2C3C4C483
:106C4000C6C7D7DD85E2E2E18DE39292939495E1A8
:106C50008584838383DE8163640B05E084DBDB86CC
:106C6000BD502E42443C2E5F1F0FFFFFFFFFFFFF72
:106C7000FFFFFF23393BB8BBBEBEBEC0C0C2C2C30C
:106C8000C3C6D7D8DADD85E2E18EE3E3929392D8EA
:106C9000DADD84848485DBD408160780DD83838A6B
:106CA000BD512E42383C2F5F1F0FFFFFFFFFFFFF3C
:106CB000FFFFFF24383BB7BABBBBBEBEBEC0C0C2DD
:106CC000C2C6D7D6D6D8DDDD85E2E18EE392857ED9
:106CD000D6DADADD8584D87F040E626388D8838AA9
:106CE000BD57FB2D39612F5F1F0FFFFFFFFFFFFF18
:106CF000FFFFFF23443BB7F4BABABBBBBEBEBEC066
:106D0000C0C6D57ED7D6D8DADDDDE2E28E8E7ED360
:106D10007ED7D6D8DADD85D98163620AD482DD8A4E
:106D2000BD4A2F2E3A3D305F1F0FFFFFFFFFFFFFD1
:106D3000FFFFFF2237396EF4F4BABABABBBBBEBE4E
:106D4000BEC6D3D2D5D5D7D6D8DADD85E1DA7B7BFE
:106D5000D3D57ED6D8DADDDADDD4072D5875858D0A
:106D6000BD4B2FFB3A45311C1F0FFFFFFFFFFFFFFD
:106D7000FFFFFF223438F6F3F4F4F4BABABBBBBB1E
:106D8000BEC7D27BD2D3D57ED7D6D8DD85D2CDD1E2
:106D90007BD2D3D5D7D6D8DAD97F0FFDFEF9CC8EEA
:106DA000724B302F3BFC321B600FFFFFFFFFFFFFDA
:106DB000FFFFFF223137F6F3F3F3F4F4BABABABBAC
:106DC000BBC8D1D17BD2D2D5D5D7D6D8D8C9C9CD19
:106DD000D1D17BD3D57ED6D6D8D8C1293F3C6B86BE
:106DE000724C432F3BFC331A600FFFFFFFFFFFFF86
:106DF000FFFFFF243334F7F1F3F3F3F4F4F4BABAFA
:106E0000BBCBCDD0D1D17BD2D2D57ED67BC6C7C8A5
:106E1000CACDD17BD2D3D57ED6D6DA734EFE487496
:106E2000724D31303A453465600FFFFFFFFFFFFFC1
:106E3000FFFFFF243C36F7F8F1F1F3F3F4F4F4F438
:106E4000BBC8CBCED0D0D17BD2D2D37EC7C3C6C72E
:106E5000C8C9CDD0D17BD2D3D57ED97CEF4440F9FF
:106E6000B9443243384535181E0FFFFFFFFFFFFFBF
:106E7000FFFFFF233B356AF8F8F1F1F3F3F3F4F485
:106E8000BEC8C8C8CECDD0D0D17BD27BC2C3C3C40C
:106E9000C6C7C9CDCDD17B7BD2D3D5D9C1283F457B
:106EA000222E3532443D35171D0FFFFFFFFFFFFF38
:106EB000FFFFFF2239346AF8F8F8F1F1F1F3F3F348
:106EC000BEC8C7C7C8C9CECDD0D17BC7C0C2C2C398
:106ED000C4C6C7C8C9CDCDD17B7BD2D2D87441FE40
:106EE0002F243433373B34641B0FFFFFFFFFFFFFBA
:106EF000FFFFFF2344346AF0F8F8F8F1F1F1F3F3FF
:106F0000C0C6C6C6C7C8C8CBCED0D0C2C0C0C2C219
:106F1000C2C3C4C6C7CE7B7B7BC5C576BCB9203493
:106F2000FE292A3737363115180EFFFFFFFFFFFF06
:106F3000FFFFFF2337336AF0F0F8F8F8F8F1F1F3C8
:106F4000C2C4C4C6C6C7C8C8C8CEC7BEBEC0C0C2F9
:106F50007878C777BC71B6B66D68364D5B616726C9
:106F6000FDFD232E3834FB14150DFFFFFFFFFFFF3F
:106F7000FFFFFF223732FCF0F0F0F8F8F8F8F8F3F2
:106F8000C2C3C3C4C4C4C6C6CD7BC2BE7272B8B8C5
:106F90006DF56937445B61613C3B3A3A38393A27D1
:106FA000674031243B3F300F620CFFFFFFFFFFFFC4
:106FB000FFFFFF223568FDF0F0F0F0F0F8F8F8F48C
:106FC000C2C3C7C7C9767676B9F26D2F3744443B42
:106FD000613C3C3B3B3B3B3C3C3D453D3C3B3B2ED5
:106FE0006032FE2B2A611A66260DFFFFFFFFFFFFAE
:106FF000FFFFFF213431FDF0F0F0F0F0F8F8F8B7C2
:1070000076B9F2B6FA69344D493F1F17FD3B3B3B59
:107010003C6145FD3E3E3E453A373148422C2B29E6
:107020001D243D3F240F10303810FFFFFFFFFFFFEE
:10703000FFFFFF213343FCF86AF73837343332332C
:1070400057343949493938393A3C3744FD3E3E3F97
:107050003EFC3C393631FB422B46251E1814100EDF
:107060000C12FA4044120B121163FFFFFFFFFFFFE7
:10707000FFFFFF20332F6930304343433233333433
:10708000363744383C3DFC3E3F3F3F3E453C3A3777
:10709000332E2C2927601613120F0D0C0C0B0A0A25
:1070A00008081532FE2D08FFFFFFFFFFFFFFFFFF5F
:1070B000FFFFFF21312F482F2F43313334373A3C24
:1070C00045FC3E3F3F3E3EFDFC3B3348412A2566A2
:1070D0001664141010100F0E0C0B0908060563043B
:1070E00003FF06243C402104FFFFFFFFFFFFFFFFDB
:1070F000FFFFFF1737433336443B3C3DFCFCFD3E6E
:107100003E3E6137322FFA28601C196413141413A1
:10711000110E0D0C090605630402FFFFFFFFFFFFC0
:10712000FFFFFF0B2C3F451102FFFFFFFFFFFFFF9B
:10713000FFFFFF062DFCFD6161613D493443472C93
:10714000F9201E1B171516166413110F0D090705DC
:10715000630402FFFFFFFFFFFFFFFFFFFFFFFFFFD3
:10716000FFFFFF031343FE2F07FFFFFFFFFFFFFF9C
:10717000FFFFFFFF630C642829221E191614131544
:1071800016641412100D0A0706630302FFFFFFFFC7
:10719000FFFFFFFFFFFFFFFFFFFFFFFFFFFFFFFFFF
:1071A000FFFFFFFF0524301606FFFFFFFFFFFFFF75
:1071B000FFFFFFFFFFFFFF030405080C0F0E0C0984
:1071C0000705630301FFFFFFFFFFFFFFFFFFFFFF57
:1071D000FFFFFFFFFFFFFFFFFFFFFFFFFFFFFFFFBF
:1071E000FFFFFFFFFF0A080D0F63FFFFFFFFFFFF19
:1071F000FFFFFFFFFFFFFFFFFFFFFFFF03FFFFFF9B
:10720000FFFFFFFFFFFFFFFFFFFFFFFFFFFFFFFF8E
:10721000FFFFFFFFFFFFFFFFFFFFFFFFFFFFFFFF7E
:10722000FFFFFFFFFF02FF07640B04FFFFFFFFFFED
:10723000FFFFFFFFFFFFFFFFFFFFFFFFFFFFFFFF5E
:10724000FFFFFFFFFFFFFFFFFFFFFFFFFFFFFFFF4E
:10725000FFFFFFFFFFFFFFFFFFFFFFFFFFFFFFFF3E
:10726000FFFFFFFFFFFF02FF0B1363FFFFFFFFFFA7
:10727000FFFFFFFFFFFFFFFFFFFFFFFFFFFFFFFF1E
:10728000FFFFFFFFFFFFFFFFFFFFFFFFFFFFFFFF0E
:10729000FFFFFFFFFFFFFFFFFFFFFFFFFFFFFFFFFE
:1072A000FFFFFFFFFFFF0102040704FFFFFFFFFFD7
:1072B000FFFFFFFFFFFFFFFFFFFFFFFFFFFFFFFFDE
:1072C000FFFFFFFFFFFFFFFFFFFFFFFFFFFFFFFFCE
:1072D000FFFFFFFFFFFFFFFFFFFFFFFFFFFFFFFFBE
:1072E000FFFFFFFFFFFFFF01FFFFFFFFFFFFFFFFAC
:1072F000FFFFFFFFFFFFFFFFFFFFFFFFFFFFFFFF9E
:10730000FFFFFFFFFFFFFFFFFFFFFFFFFFFFFFFF8D
:10731000FFFFFFFFFFFFFFFFFFFFFFFFFFFFFFFF7D
:10732000FFFFFFFFFFFFFFFFFFFFFFFFFFFFFFFF6D
:10733000FFFFFFFFFFFFFFFFFFFFFFFFFFFFFFFF5D
:10734000FFFFFFFFFFFFFFFFFFFFFFFFFFFFFFFF4D
:10735000FFFFFFFFFFFFFFFFFFFFFFFFFFFFFFFF3D
:10736000FFFFFFFFFFFFFFFFFFFFFFFFFFFFFFFF2D
:10737000FFFF000000000000000054525545564930
:1073800053494F4E2D5846494C452E0024160200B5
:107390009C73030000000000000000003C16020087
:1073A00031400000083A030000000000B01602005F
:1073B000410D0000109A02003C74030068160200A0
:1073C000410D000058050300EC730300481602004D
:1073D000451F0000344D03000000000000000000C5
:1073E0000000000000000000000000005016020035
:1073F000FC730300FFFFFFFF000000007416020093
:10740000A50E00006052020000000000801602007D
:107410006919000060600300000000008C16020083
:10742000957E00008C650200000000000000000056
:10743000000000000000000000000000981602009C
:107440004C740300FFFFFFFF00000000B8160200AD
:107450007D0600002CF2020000000000C8160200A9
:10746000217C0000E486020000000000D416020027
:1074700069520000B8730200000000000000000024
:10748000000000000000000000000000FFFFFFFF00
:10749000FFFFFFFFFFFFFFFFFFFFFFFFFFFFFFFFFC
:1074A000FFFFFFFF000000A000000001020200003B
:1074B000008793034000000000100000020000005D
:1074C00003000000050000000200000004000000AE
:1074D000020000000400000004000000050000009D
:1074E0000100000002000000000000800000000118
:1074F0000100000000000000010000000700000083
:107500000200000001000000060000000100000071
:10751000001BB700000E2707006CDC02010102010E
:107520000202010001000000FFFFFFFFB017020090
:1075300000010000B80B000000000000B80B0000C4
:10754000FFFF000000000000B81702000200010267
:107550000000000001000000900100001000000089
:107560000A0000001D001E00FFFFFFFFFFFFFFFFDE
:10757000FFFFFFFFFFFFFFFFFFFFFFFFFFFFFFFF1B
:10758000FFFF1301FFFFFFFFFFFF00001F00FFFFD2
:107590000E000D00FFFFFFFFFFFFFFFFFFFFFFFFDC
:1075A000FFFFFFFFFFFFFFFFFFFFFFFFFFFFFFFFEB
:1075B000FFFF0000060107010B010C01130003018E
:1075C000FFFF050190080200000017000000000006
:1075D00001000000130200009008020001001800E2
:1075E000000000000100000012010000FFFFFFFF8B
:1075F000FFFFFFFF1E011F00FFFF0E000D00000038
:107600000401FFFFFFFF01010001FFFFFFFFFFFF7C
:10761000FFFFFFFF0A0109010E010F01FFFF080133
:1076200010011101FFFF02020402FFFFFFFFFFFF35
:10763000FFFFFFFF1C041D040602070208020902E7
:10764000FFFFFFFF140115011601170118011901B1
:10765000FFFFFFFF0C020D021A011B011C011D019F
:10766000FFFF00020000000000000000EC17020015
:1076700000010000698D00001C000000598D000011
:10768000818D00005D8D000018801900160110002A
:10769000110012001300140015001C001D001E0034
:1076A000000000001018020000010000DB8F000045
:1076B00024000000D78F0000B5900000F18F00007B
:1076C0002C18020000010000DD91000010000000F5
:1076D0000D92000003920000381802000001000023
:1076E00091950000200000001594000045950000D1
:1076F000E7930000B593000081920000859200009E
:10770000541802000001000015980000200000003D
:1077100085970000F9970000F99600009196000007
:10772000FD950000019600006C18020000010000A9
:10773000839800003000000099980000E598000050
:107740002D9900008418020000010000739B0000C6
:107750000C000000799A00007D9A0000819A0000D8
:10776000A79A0000CD9A0000F39A00003F9B00000A
:10777000199B00009018020006010000A19B000068
:107780000C000000F79B00001D9C0000AB9B00005C
:10779000D19B0000439C0000699C0000A4180200DB
:1077A00000010000499E000064000000E99C000008
:1077B000C19D00006D9E0000BC1802000001000089
:1077C000C79F00004800000009A0000025A000009D
:1077D00041A0000033A30000A3A20000BDA0000050
:1077E00017A1000057A2000083A2000000000000C3
:1077F0000000000000000000E0180200000100008E
:10780000A9A400001C000000D9A4000019A50000D4
:107810005DA4000055A500008DA5000079A400001E
:1078200085A4000091A400009DA40000EDA5000027
:1078300001A6000019A600002FA6000063A8000002
:10784000F0180200000100006DA8000038000000E0
:1078500045A600001DA70000F1A7000065A70000D5
:1078600087A70000A9A70000CFA700000819020001
:1078700000010000D5A900003000000095AB000019
:10788000F7A8000001A900000BA9000029A9000029
:107890003DA9000035AB0000F5AA0000C9A8000012
:1078A0005DA9000075A90000F9A9000024190200D3
:1078B00000010000B1A900003000000095AB0000FD
:1078C000F7A8000001A900000BA9000029A90000E9
:1078D0003DA9000035AB0000F5AA0000C9A80000D2
:1078E0005DA9000075A90000F9A900004419020073
:1078F000000100008DA900003000000095AB0000E1
:10790000F7A8000001A900000BA9000029A90000A8
:107910003DA9000035AB0000F5AA0000C9A8000091
:107920005DA9000075A90000F9A900000103580035
:1079300028003000200320000D000300E0010000BB
:107940000000000000000000FFFFFFFFFFFFFFFF3F
:107950000000000000000000000000000000000027
:10796000000000000100000000000000E081FB01B9
:107970000105580028003000200320000D000300FE
:10798000E00100000000000000000000FFFFFFFF1A
:10799000FFFFFFFF000000000000000000000000EB
:1079A00000000000000000000100000000000000D6
:1079B000E081FB0101065800280030002003200070
:1079C0000D000300E00100000000000000000000C6
:1079D000FFFFFFFFFFFFFFFF0000000000000000AF
:1079E0000000000000000000000000000100000096
:1079F00000000000E081FB016419020000010000AA
:107A0000A3B50000A0020000E1B20000A1AD00009B
:107A1000EDB0000095B100003DB100006DB5000073
:107A20006FAD000073AD00007FAD000077AD0000CA
:107A30007BAD000040950000FFFFFFFF41FF00000D
:107A4000FFFFFFFF48870500FFFFFFFF49FF000121
:107A5000000000004AFF0001FFFFFFFF4CFF000095
:107A6000FFFFFFFF4DFF0200FFFFFFFF50FF000081
:107A7000FFFFFFFF51FF0001FFFFFFFF52FF00016B
:107A8000FFFFFFFF57FF0000FFFFFFFF58FF000150
:107A9000FFFFFFFF59FF0001FFFFFFFF60FF000036
:107AA000FFFFFFFF61FF0000FFFFFFFF62FF00001D
:107AB000FFFFFFFF63FF0000FFFFFFFF64FF000009
:107AC000FFFFFFFF65FF0000FFFFFFFF66FF0100F4
:107AD000FFFFFFFF71FF0100FFFFFFFF69FF0000D5
:107AE000FFFFFFFF77FF0000FFFFFFFF7AFF0500AA
:107AF000000000007BFF0000FFFFFFFFE9FF000028
:107B0000FFFFFFFF641902000001000085BD0000B7
:107B10003000000069B60000C9B600009DB9000041
:107B20009FBC00007BB6000007B900007FB60000D4
:107B300083B60000ADB6000087B600008BB600002B
:107B4000F5B900008FB600006C19020000010000BA
:107B50008FBE00000C00000069BE000009BE0000DE
:107B60002FBE000005BE00007819020000010000D1
:107B7000C1BE00002000000037BF000067BF00004A
:107B8000B3C00000D9BF000019C0000095BF0000BD
:107B90008819020000010000CFC100002000000091
:107BA000F7C1000089C1000095C10000ADC100000F
:107BB000A1C100001DC20000CBC100009419020049
:107BC000000100008DC200001000000097C20000FC
:107BD000AC1902000001000047C3000014000000BF
:107BE00055C3000075C3000095C30000B5C3000075
:107BF000DBC3000001C4000035C4000061C4000004
:107C0000BC19020000010000C9C4000020000000EF
:107C1000C1C40000C5C40000DDC40000DC190200BE
:107C200005010000E9C60000E0000000E9C5000011
:107C3000F3C500004DC90000FDC50000B1C600003D
:107C40000BC600002BC7000059C700000000000051
:107C50000A01000000000000000000000100000018
:107C60000A0100000000000000000000F8190200F6
:107C700000010000C5D000003001000095D00000D8
:107C800077D0000059D000003BD0000017D0000092
:107C9000F1CF0000BDCF000089CF000063CF00000E
:107CA0003DCF00001BCF0000F9CE0000D3CE000076
:107CB0007FCE00002DCE0000D5CD000075CD000098
:107CC00043CD000021CD0000141A02000001000085
:107CD00001D9000024000000CDD8000083D80000A6
:107CE00061D8000043D800001DD80000FBD7000079
:107CF000D1D70000ABD7000077D700004DD70000E8
:107D0000FBD60000B7D6000077D6000037D60000BB
:107D1000F7D50000B7D5000077D5000025D50000C5
:107D20000DD30000FFD200001BD30000F1D20000F1
:107D3000241A020007010000B5D900001400000059
:107D4000BFD90000E5D900000BDA00002DDA0000F1
:107D50004BDA00006DDA00008FDA0000B1DA0000C3
:107D6000D5DA00000100040010004000000100020C
:107D700000000000010002000400080010002000C4
:107D800000000000070000000000000000000000EC
:107D900000000000809A45418E418F80454545494D
:107DA00049498E8F9092924F994F555559999A9B68
:107DB0009C9D9E9F41494F55A5A5A6A7A8A9AAABE2
:107DC000ACADAEAFB0B1B2B3B4B5B6B7B8B9BABB7B
:107DD000BCBDBEBFC0C1C2C3C4C5C6C7C8C9CACB6B
:107DE000CCCDCECFD0D1D2D3D4D5D6D7D8D9DADB5B
:107DF000DCDDDEDFE0E1E2E3E4E5E6E7E8E9EAEB4B
:107E0000ECEDEEEFF0F1F2F3F4F5F6F7F8F9FAFB3A
:107E1000FCFDFEFFB41F0200000100005716010028
:107E2000C80800008D1601004718010089180100DC
:107E3000CF18010015190100A71B01006F1A0100DE
:107E4000351901004F17010089170100C9170100FA
:107E50004F1901007319010093190100D519010090
:107E6000151A01003B1A0100031801004C00207E86
:107E70009C7F03003C7F03007C7E03000000000029
:107E800001000300060009000D001100120014009B
:107E9000160019001C001D001F00200022002500F4
:107EA00027002A002D0030003300360039003C0046
:107EB0003F0040004100440047004A004C00500091
:107EC0005300560059005C005F00620065006800C6
:107ED0006A006C006F007200760079007D008000FF
:107EE000840087008A008D009000930098009B001A
:107EF0009E00A100A300A500A700AA00AC00AE0050
:107F0000B100B400B600B900BC00BE00C100C4009E
:107F1000C500C600C900CA00CE00D100D400D700F9
:107F2000DA00DC00DE00E000E300E600EA00ED003D
:107F3000F000F200F400F600F800FB0014192433FE
:107F40002E4339161A1A2D2E151B191D2E312E2DC2
:107F50002B2F2E2D2E2E19162E2E2E21462E363359
:107F60003B2F2C393C1D15332C493E3D333D342BE2
:107F7000283C2B442A282C1D1D192A1F3B2C332753
:107F8000312D1C283319142C1A4A3330333124254F
:107F90001B33243A2725251D3C1D2E000000000020
:107FA000FC03FC03FC03FC03FC03FC03FC03FC03D9
:107FB000FC03F803F803F801F801F801F801F801EF
:107FC000F801F801F801F801F801F801F801F801E9
:107FD000F801F801F801F801F801F801F801F001E1
:107FE000F000F000F000F000F000F000F000000001
:107FF00000000000000000000000F001F803FC0792
:10800000FC07FC07FC07FC07FC07F803F001000075
:108010000000000000000000000000000000000060
:108020000000000000000000000000000000000050
:10803000000000000000000000000000F007C01F6A
:10804000F007C01FF007C01FF007C01FF007C01FD8
:10805000F007C01FF007C00FF003C00FF003C00F00
:10806000F003C00FF003C00FE003800FE003800FA8
:10807000E003800FE003800FE003800FE003800F38
:10808000E003800FE003800FE003800F000000009A
:1080900000000000000000000000000000000000E0
:1080A00000000000000000000000000000000000D0
:1080B00000000000000000000000000000000000C0
:1080C00000000000000000000000000000000000B0
:1080D00000000000000000000000000000000000A0
:1080E0000000000000000000000000000000000090
:1080F0000000000000000000000000000000000080
:10810000000000000000000000000000000000006F
:10811000000000000000000000000000000000005F
:10812000000000000000000000000000000000004F
:10813000000000000000000000000000000000003F
:10814000000000000000000000000000000000002F
:10815000000000000000000000000000000000001F
:10816000000000000000000000000000000000000F
:108170000000001F800F0000001F801F0000001F74
:10818000801F0000003F001F0000003F001F000094
:10819000003E001F0000003E003F0000003E003F88
:1081A0000000007E003E0000007E003E0000007ED9
:1081B000003E0000007C007E0000007C007E00008D
:1081C00000FC007E000000FC007C000000FC007C45
:1081D000FF07FFFFFFFFFF07FFFFFFFFFF07FFFF97
:1081E000FFFFFF07FFFFFFFFFF07FFFFFFFF01008C
:1081F00000F000F8010001F000F8010001F000F8C3
:10820000030001F000F0030001F000F0030001F0B2
:1082100000F0030003E000F0030003E000F00700BB
:1082200003E000F0070003E000E0070003E000E0E7
:10823000070003C000E0FF3FFFFFF8FFFF3FFFFF25
:10824000F8FFFF3FFFFFF8FFFF3FFFFFF8FFFF3F93
:10825000FFFFF8FF0F000F8000C00F000F8000C06D
:108260001F000F8000801F000F8000801F000F0084
:1082700000801F001F0000801F001F0000803F00C3
:108280001F0000803F001F0000003F001F00000093
:108290003E001F0000003E003F0000003E003F0087
:1082A00000007E003E0000007E003E0000007C00DA
:1082B0003E00000000000000000000000000000080
:1082C00000000000000000000000000000000000AE
:1082D000000000000000000000000000000000009E
:1082E000000000000000000000000000000000008E
:1082F000000000000000000000000000000000007E
:10830000000000000000000000000000000000006D
:10831000000000000000000000000000000000005D
:108320000000000000000000000000000000003E0F
:1083300000000000003E00000000003E00000000C1
:10834000003E00000000003E00000000003E000073
:108350000000003E00000000F0FF00000700FFFFEB
:1083600000001F00FFFF00E07F00FFFF00F0FF00A4
:10837000FFFF00E0FF01FFFF00E0FF030F3E00C032
:10838000FC03013E00C0F803003E0000F007003E81
:108390000000F007003E0000F007003E0000F0077C
:1083A000003E0000F007003E0000F007003E000025
:1083B000F007003E0000F803003E0000FC03003E12
:1083C0000000FF01003E0000FF0100FE0000FF0072
:1083D00000FE00007F0000FF00001F00E0FF000023
:1083E0000700F8FF00000100FEFF00000000FF3F53
:1083F00000800000FF3F00C00000FF3E00E00000E2
:108400003F3E00E000000F3E00F00000073E00F09D
:108410000000033E00F80000033E00F80000033EA9
:1084200000F80000033E00F80000033E00F80000E2
:10843000033E00F80000033E00F80008073E00F08D
:10844000000F1F3E00F0F00F7F3E00E0FF0FFFFF28
:1084500000C0FF0FFFFF0080FF0FFFFF0000FF0FB6
:10846000FEFF0000FF01F0FF00001F0000FF000002
:108470000000003E00000000003E00000000003E42
:1084800000000000003E00000000003E0000000070
:10849000003E00000000003E00000000003E000022
:1084A00000000000000000000000000000000000CC
:1084B00000000000000000000000000000000000BC
:1084C00000000000000000000000000000000000AC
:1084D000000000000000000000000000000000009C
:1084E000000000000000000000000000000000008C
:1084F0000000000000000000000000000F0000C0AD
:10850000000000007F0000F00F0000C0FF0000FC32
:108510001F000080FF0100FC1F000080FF0100FE23
:108520003F000000F803007F3F000000F003003F21
:108530007E000000E007801F7E000000E007801F33
:10854000FC000000C007800FF8010000C00F800F82
:10855000F8010000C00FC00FF0030000C00FC00FF3
:10856000F0030000C00FC00FE0070000C00FC00FF5
:10857000E0070000C00FC00FC00F0000C00FC00F09
:10858000800F0000C00FC00F801F0000C00FC00F81
:10859000003F0000C00FC00F003F0000C00FC00F21
:1085A000007E0000C00FC00F007E0000C00FC00F93
:1085B00007FC00E0C007800F3FFC00F8C007810FF8
:1085C0007FF800FEE007831FFFF000FEE007831F37
:1085D000FFF000FFF003073FFCE1803FF803077F57
:1085E000F8E1801FFF010FFEF0C3C00FFF010FFE77
:1085F000F0C3C00FFF001FFCE083C0073F003FF047
:10860000E007C0070F003FC0E007E00700007E0062
:10861000E007E00700007E00E007E0070000FC0044
:10862000E007E0070000FC00E007E0070000F801B9
:10863000E007E0070000F001E007E0070000F003BA
:10864000E007E0070000E007E007E0070000E007C0
:10865000E007E0070000C00FE007E0070000C00FE0
:10866000E007E0070000801FE003C0070000801F54
:10867000E003C0070000003FF003C00F0000007ED1
:10868000F003C00F0000007EF801801F000000FC16
:10869000FC01803F000000FCFF0000FF010000F82B
:1086A000FF0000FF010000F87F0000FE030000F063
:1086B0001F0000F800000000070000E000000000BC
:1086C00000000000000000000000000000000000AA
:1086D000000000000000000000000000000000009A
:1086E000000000000000000000000000000000008A
:1086F000000000000000000000000000000000007A
:108700000000000000000000000000000000000069
:108710000000000000000000000000000000000059
:108720000000000000000000000000000000000049
:108730000000000000000000000000000000000039
:108740000000000000000000000000000000000029
:108750000000000000000000000000000000E03FFA
:10876000000000000100FCFF000000000700FFFF08
:10877000000000000F00FFFF008000001F00FFFF4F
:1087800000C000001F00FFFF00C000003F003FE0EE
:1087900000E000003F000F8000E000007F000F803D
:1087A00000F000007F00070000F000007F000700DD
:1087B00000F000007F00070000F000007F000700CD
:1087C00000F000007F00070000F000007F000700BD
:1087D00000F000007F000F0000E000003F000F806D
:1087E00000E000003F001F8000C000003F003FC0CD
:1087F00000C000001F00FFE0008000000F00FFF13C
:10880000000000000F00FEFF000000000700FCFF5A
:10881000000000000300F8FF000000000100E0FF7E
:1088200000000000030080FF00000000070080FF40
:10883000000000001F00C0FF000000003F00E0FF3C
:10884000000000007F00F0FF1F0000C0FF00F88F55
:108850001F0000C0FF01FC071F000080FE03FE0395
:108860003F000080FC03FF013F000080F807FF008D
:108870007F800000F0077F007FC00000F0073F000E
:10888000FEE00000E00F1F00FEF00000E00F0F0010
:10889000FCF10000E00F0700FCFB0000E00F03000C
:1088A000F8FF0000E00F0100F0FF0000E00F000003
:1088B000E0FF0000E00F0000C07F0000F00F0000AC
:1088C000C07F0000F00F0000E0FF0000F80701008B
:1088D000F0FF0000F8070700F8FF0000FE030F009C
:1088E000FCFF0000FF037F80FEFB0000FF01FFFF95
:1088F000FFE10000FF00FFFFFFC000807F00FFFFDF
:108900007F8000C03F00FEFF3F0000E00F00F8FF47
:108910001F0000F00100C0FF000000000000000088
:108920000000000000000000000000000000000047
:108930000000000000000000000000000000000037
:108940000000000000000000000000000000000027
:108950000000000000000000000000000000000017
:108960000000000000000000000000000000000007
:1089700000000000000000000000000000000000F7
:1089800000000000000000000000000000000000E7
:1089900000000000000000000000000000000000D7
:1089A00000000000000000000000000000000000C7
:1089B0000000000000000000F007F007F007F007DB
:1089C000F007F007F007F003F003F003F003E00313
:1089D000E003E003E003E003E003E003E003E0037F
:1089E0000000000000000000000000000000000087
:1089F0000000000000000000000000000000000077
:108A00000000000000000000000000000000000066
:108A10000000000000000000000000000000000056
:108A20000000000000000000000000000000000046
:108A30000000000000000000000000000000000036
:108A40000000000000000000000000000000000026
:108A500000000000070000F0070000E00F0000C069
:108A60001F0000C01F0000803F0000807F0000004A
:108A70007F000000FE000000FE000000FC0100007E
:108A8000FC010000FC010000F8030000F8030000F6
:108A9000F8030000F0070000F0070000F0070000F6
:108AA000F0070000E00F0000E00F0000E00F000002
:108AB000E00F0000E00F0000C01F0000C01F00001A
:108AC000C01F0000C01F0000C01F0000C01F00002A
:108AD000C01F0000C01F0000C01F0000C01F00001A
:108AE000C01F0000C01F0000C01F0000C01F00000A
:108AF000C01F0000C01F0000E00F0000E00F0000DA
:108B0000E00F0000E00F0000E00F0000E00F0000A9
:108B1000F0070000F0070000F0070000F807000071
:108B2000F8030000F8030000FC010000FC01000055
:108B3000FC010000FE000000FE0000007F000000BD
:108B40007F0000003F0000801F0000801F0000C069
:108B50000F0000C0070000E0070000F00000000068
:108B60000000000000000000000000000000000005
:108B700000000000000000000000000000000000F5
:108B800000000000C01F0000C00F0000E007000050
:108B9000F0070000F0030000F8030000FC010000F3
:108BA000FC010000FE000000FE0000007E0000004E
:108BB0007F0000007F0000003F0000803F00008039
:108BC0003F0000801F0000C01F0000C01F0000C049
:108BD0001F0000C00F0000E00F0000E00F0000E0E9
:108BE0000F0000E00F0000E0070000F0070000F0B9
:108BF000070000F0070000F0070000F0070000F099
:108C0000070000F0070000F0070000F0070000F088
:108C1000070000F0070000F0070000F0070000F078
:108C2000070000F0070000F00F0000E00F0000E078
:108C30000F0000E00F0000E00F0000E00F0000E078
:108C40001F0000C01F0000C01F0000C03F000080C8
:108C50003F0000803F0000807F0000007F00000098
:108C60007F000000FE000000FE000000FC0100008C
:108C7000FC010000F8030000F0030000F007000012
:108C8000E0070000C00F0000C01F0000000000004F
:108C900000000000000000000000000000000000D4
:108CA0000000000000000000000000000000007F45
:108CB00000000000007F00000000007F00000000B6
:108CC000007F00000000007F00000000003E000068
:108CD0000000003E00000000003E00000000003EDA
:108CE00000000000003E00000008003E0000000FF1
:108CF000003E0078F00F033E00F8FE0F3F3E00FC00
:108D0000FF1FFFFF00FCFF1FFFFF00FCFF1FFFFF17
:108D100000FCFF1FFFFF00FC0000007F00000000C0
:108D200080FF00000100C0FF00000100C0F700004C
:108D30000300E0F700000700F0E300000F00F8E395
:108D400000000F00F8C100001F00FCC100003F0040
:108D5000FEC100007F00FF8000007F00FF80000058
:108D6000FF007F0000803F007E0000000E00380002
:108D700000000200300000000000000000000000C1
:108D800000000000000000000000000000000000E3
:108D900000000000000000000000000000000000D3
:108DA00000000000000000000000000000000000C3
:108DB00000000000000000000000000000000000B3
:108DC00000000000000000000000000000000000A3
:108DD0000000000000000000000000000000000093
:108DE0000000000000000000000000000000000083
:108DF0000000000000000000000000000000000073
:108E00000000000000000000000000000000000062
:108E10000000000000000000000000000000000052
:108E20000000000000000000000000000000000042
:108E30000000000000000000000000000000000032
:108E40000000000000000000000000000000000022
:108E50000000000000000000000000000000000012
:108E60000000000000000000000000000000000002
:108E700000000000000000000000000000000000F2
:108E800000000000000000000000000000000000E2
:108E900000000000000000000000000000000000D2
:108EA00000000000000000000000000000000000C2
:108EB0000000000000000000003F00000000003F34
:108EC00000000000003F00000000003F0000000024
:108ED000003F00000000003F00000000003F0000D5
:108EE0000000003F00000000003F00000000003FC5
:108EF00000000000003F00000000003F00000000F4
:108F0000003F00000000003F0000FF0FFFFF00FCDB
:108F1000FF0FFFFF00FCFF0FFFFF00FCFF0FFFFF35
:108F200000FCFF0FFFFF00FCFF0FFFFF00FC000035
:108F3000003F00000000003F00000000003F000074
:108F40000000003F00000000003F00000000003F64
:108F500000000000003F00000000003F0000000093
:108F6000003F00000000003F00000000003F000044
:108F70000000003F00000000003F00000000003F34
:108F800000000000000000000000000000000000E1
:108F900000000000000000000000000000000000D1
:108FA00000000000000000000000000000000000C1
:108FB00000000000000000000000000000000000B1
:108FC00000000000000000000000000000000000A1
:108FD0000000000000000000000000000000000091
:108FE0000000000000000000000000000000000081
:108FF0000000000000000000000000000000000071
:109000000000000000000000000000000000000060
:109010000000000000000000000000000000000050
:109020000000000000000000000000000000000040
:109030000000000000000000000000000000000030
:109040000000000000000000000000000000000020
:109050000000000000000000000000000000000010
:109060000000000000000000000000000000000000
:1090700000000000000000000000000000000000F0
:1090800000000000000000000000000000000000E0
:1090900000000000000000000000FC03FC03FC03D3
:1090A000F807F807F807F007F007F00FE00FE00FF8
:1090B000C00FC00FC01F801F801F001F003F003E59
:1090C00000000000000000000000000000000000A0
:1090D0000000000000000000000000000000000090
:1090E0000000000000000000000000000000000080
:1090F0000000000000000000000000000000000070
:10910000000000000000000000000000000000005F
:10911000000000000000000000000000000000004F
:10912000000000000000000000000000000000003F
:10913000000000000000000000000000000000002F
:10914000000000000000000000000000000000001F
:10915000000000000000000000000000FF1F00F8F9
:10916000FF1F00F8FF1F00F8FF1F00F8FF1F00F8A7
:10917000FF1F00F8000000000000000000000000D9
:1091800000000000000000000000000000000000DF
:1091900000000000000000000000000000000000CF
:1091A00000000000000000000000000000000000BF
:1091B00000000000000000000000000000000000AF
:1091C000000000000000000000000000000000009F
:1091D000000000000000000000000000000000008F
:1091E000000000000000000000000000000000007F
:1091F000000000000000000000000000000000006F
:10920000000000000000000000000000000000005E
:10921000000000000000000000000000000000004E
:10922000000000000000000000000000000000003E
:10923000000000000000000000000000000000002E
:10924000000000000000000000000000000000001E
:10925000000000000000000000000000000000000E
:109260000000F001F803FC07FC07FC07FC07FC0703
:10927000FC07F803F00100000000000000000000FF
:1092800000000000000000000000000000000000DE
:1092900000000000000000000000000000000000CE
:1092A000000000000000E0070000E00F0000E00FF9
:1092B0000000C00F0000C01F0000801F0000803FA2
:1092C0000000803F0000003F0000007F0000007FA2
:1092D0000000007E000000FE000000FC010000FC19
:1092E000010000FC010000F8030000F8030000F892
:1092F000030000F0070000F0070000E00F0000E0AE
:109300000F0000E00F0000C01F0000C01F0000C0E1
:109310001F0000803F0000803F0000807F000000B1
:109320007F0000007E000000FE000000FE00000044
:10933000FC000000FC010000FC010000F80100003E
:10934000F8030000F0030000F0070000F007000041
:10935000E0070000E00F0000E00F0000C00F000079
:10936000C01F0000801F0000803F0000803F000001
:10937000003F0000007F0000007F000000000000B0
:1093800000000000000000000000000000000000DD
:1093900000000000000000000000000000000000CD
:1093A00000000000000000000000000000000000BD
:1093B00000000000000000000000000000000000AD
:1093C000000000000000000000000000000000009D
:1093D00000000000807F00000300F0FF00000F008D
:1093E000F8FF00001F00FEFF00003F00FFFF00002D
:1093F0007F00FFFF0000FF00FF800080FF003F00B4
:1094000000C0FE011F0000C0FC010F0000E0F803D7
:109410000F0000E0F803070000F0F803070000F079
:10942000F007030000F0F007030000F8F007030066
:1094300000F8F007030000F8E007030000F8E00779
:10944000010000F8E00F010000F8E00F010000FC4F
:10945000E00F010000FCE00F010000FCE00F010044
:1094600000FCE00F010000FCE00F010000FCE00F39
:10947000010000FCE00F010000FCE00F010000FC17
:10948000E00F010000FCE00F010000FCE00F010014
:1094900000FCE00F010000FCE00F010000FCE00F09
:1094A000010000FCE00F010000FCE007010000FCEF
:1094B000E007010000F8E007030000F8F0070300F0
:1094C00000F8F007030000F8F007030000F8F003CD
:1094D000030000F0F803070000F0F803070000F0B5
:1094E000F8010F0000F0FC010F0000E0FE001F007B
:1094F00000E0FF003F0000C07F007F8000C07F00D1
:10950000FFFF00803F00FFFF00001F00FEFF000084
:109510000F00FCFF00000300F0FF00000000807F50
:10952000000000000000000000000000000000003B
:10953000000000000000000000000000000000002B
:10954000000000000000000000000000000000001B
:10955000000000000000000000000000000000000B
:1095600000000000000000000000000000000000FB
:1095700000000000000000000000000000000000EB
:1095800000000000000000000000000000000000DB
:109590000000000000000000000000000000E00FDC
:1095A0000000E01F0000E03F0000E07F0100E0FF5E
:1095B0000300E0FF0700E0FF0F00E0FF3F00E0EFE7
:1095C0007F00E0CFFF00E08FFF01E00FFE00E00F23
:1095D0007C00E00F7000E00F2000E00F0000E00FC3
:1095E0000000E00F0000E00F0000E00F0000E00FBF
:1095F0000000E00F0000E00F0000E00F0000E00FAF
:109600000000E00F0000E00F0000E00F0000E00F9E
:109610000000E00F0000E00F0000E00F0000E00F8E
:109620000000E00F0000E00F0000E00F0000E00F7E
:109630000000E00F0000E00F0000E00F0000E00F6E
:109640000000E00F0000E00F0000E00F0000E00F5E
:109650000000E00F0000E00F0000E00F0000E00F4E
:109660000000E00F0000E00F0000E00F0000E00F3E
:109670000000E00F000000000000000000000000FB
:1096800000000000000000000000000000000000DA
:1096900000000000000000000000000000000000CA
:1096A00000000000000000000000000000000000BA
:1096B00000000000000000000000000000000000AA
:1096C00000000000000000000000000080FF00001B
:1096D0000F00E0FF00003F00F8FF00007F00FEFFEA
:1096E0000000FF01FFFF0000FF03FFFF0000FE0777
:1096F000FF000080F8037F000080F0013F0000C001
:10970000C0001F0000C080001F0000E000000F002C
:1097100000E000000F0000E000000F0000E000008B
:109720000F0000E000000F0000E000000F0000E06C
:1097300000000F0000E000000F0000E000001F002C
:1097400000C000001F0000C000001F0000C000009B
:109750003F00008000003F00008000007F0000000C
:1097600000007F0000000000FE0000000000FE017D
:1097700000000000FC0300000000F80300000000EF
:10978000F00700000000F00F00000000E01F0000E4
:109790000000C03F00000000807F0000000000FFCC
:1097A0000000010000FE0000030000FC00000300B8
:1097B00000F80000070000F800000F0000F00000B3
:1097C0001F0000E000003F0000C000007F0000809C
:1097D0000000FF0000000000FE0100000000FC038C
:1097E00000000000F80300000000F0070000000087
:1097F000FF0FFFFF00F8FF0FFFFF00F8FF0FFFFF55
:1098000000F8FF0FFFFF00F8FF0FFFFF00F8FF0F4A
:10981000FFFF00F800000000000000000000000052
:109820000000000000000000000000000000000038
:109830000000000000000000000000000000000028
:109840000000000000000000000000000000000018
:109850000000000000000000000000000000000008
:1098600000000000000000000000000000000000F8
:1098700000000000000000000000000000000000E8
:1098800000000000000000000000000000000000D8
:109890000000030000FF00003F00E0FF0000FF00A9
:1098A000F8FF0000FF03FEFF0000FF0FFFFF0000B6
:1098B000FF1FFFFF0000F80FFF010080E00F7F0097
:1098C00000C080073F0000C000021F0000C0000071
:1098D0000F0000E000000F0000E000000F0000E0BB
:1098E00000000F0000E000000F0000E000000F008B
:1098F00000E000000F0000E000001F0000C00000BA
:109900001F0000C000003F0000C000003F000080BA
:1099100000007F0000000000FE0100000000FC0FBE
:1099200000001F00F8FF00001F00E0FF00001F0004
:1099300000FE00001F00F0FF00001F00FCFF000001
:109940001F00FFFF00000000FF01008000007F00FB
:1099500000C000001F0000E000000F0000E0000059
:10996000070000F00000070000F00000030000F80E
:109970000000030000F80000030000F800000300EE
:1099800000F80000030000F80000030000F80000E9
:10999000030000F80000030000F80000070000F0DA
:1099A0000000070000F000000F0000F000181F008A
:1099B00000E0001E7F0000E0E01FFF0100C0FF1F6D
:1099C000FFFF0080FF1FFFFF0000FF1FFEFF0000E2
:1099D000FF0FF8FF0000FF03E0FF00001F0000FE84
:1099E0000000000000000000000000000000000077
:1099F0000000000000000000000000000000000067
:109A00000000000000000000000000000000000056
:109A10000000000000000000000000000000000046
:109A20000000000000000000000000000000000036
:109A30000000000000000000000000000000000026
:109A40000000000000000000000000000000000016
:109A50000000000000000000000000000000000006
:109A600000007F0000800000FF0000800000FF0079
:109A700000800000FF0100800000FF030080000064
:109A8000FF0300800000FF0700800000FF0F008040
:109A90000000FF0F00800000BF1F00800000BF3FDC
:109AA000008000003F3F008000003F7F00800000FA
:109AB0003FFE008000003FFC008001003FFC008072
:109AC00003003FF8008003003FF0008007003FE004
:109AD00000800F003FE000800F003FC000801F00AB
:109AE0003F8000803F003F8000803F003F000080BB
:109AF0007E003F000080FE003F000080FC013F0030
:109B00000080F8013F000080F8033F000080F0076C
:109B10003F000080E0073F000080E00F3F00008032
:109B2000C01F3F000080801F3F000080803F3F003B
:109B30000080007F3F000080FF7FFFFF00FFFF7F6E
:109B4000FFFF00FFFF7FFFFF00FFFF7FFFFF00FF22
:109B5000FF7FFFFF00FFFF7FFFFF00FF00003F00D0
:109B6000008000003F00008000003F0000800000F7
:109B70003F00008000003F00008000003F000080A8
:109B800000003F00008000003F00008000003F0018
:109B9000008000003F00008000003F0000800000C7
:109BA0003F000080000000000000000000000000F6
:109BB00000000000000000000000000000000000A5
:109BC0000000000000000000000000000000000095
:109BD0000000000000000000000000000000000085
:109BE0000000000000000000000000000000000075
:109BF0000000000000000000000000000000000065
:109C00000000000000000000000000000000000054
:109C10000000000000000000000000000000000044
:109C20000000000000000000FF00FFFF00C0FF0078
:109C3000FFFF00C0FF00FFFF00C0FF00FFFF00C0EC
:109C4000FF00FFFF00C0FF00FFFF00C0FC0100009D
:109C50000000FC0100000000FC0100000000FC010D
:109C600000000000FC0100000000F80100000000FE
:109C7000F80100000000F80100000000F8010000F9
:109C80000000F80100000000F80100000000F801E9
:109C900000000000F80100000000F80300000000D0
:109CA000F80300000000F30380FF0000FF03F8FF4B
:109CB0000000FF03FEFF0000FF03FFFF0000FF03A3
:109CC000FFFF0080FF01FFFF00C06000FF0000E019
:109CD00000003F0000F000000F0000F0000007004F
:109CE00000F80000030000F80000030000F8000086
:109CF000030000FC0000010000FC0000010000FC6B
:109D00000000010000FC0000010000FC0000010058
:109D100000FC0000010000FC0000010000FC00004D
:109D2000010000FC0000030000F80000030000F840
:109D30000000070000F80000070000F000040F001A
:109D400000F080073F0000E0F007FF0000E0FF07A1
:109D5000FFFF00C0FF07FFFF0080FF07FEFF0000BE
:109D6000FF03FCFF0000FF00E0FF00000F0000FF0A
:109D700000000000000000000000000000000000E3
:109D800000000000000000000000000000000000D3
:109D900000000000000000000000000000000000C3
:109DA00000000000000000000000000000000000B3
:109DB00000000000000000000000000000000000A3
:109DC0000000000000000000000000000000000093
:109DD0000000000000000000000000000000000083
:109DE000000000000000000000000000FF0100C0B3
:109DF0000000FF1F00E00000FF7F00E00100FFFF08
:109E000000E00700FFFF00E00F00FFFF00E01F0081
:109E100000FE00203F0000F000003F0000C00000F6
:109E20007F0000800000FF0000000000FE00000036
:109E30000000FE0100000000FC0100000000F8012D
:109E400000000000F80300000000F803000000001C
:109E5000F00300000000F00700000000F007000021
:109E60000000F00700000000F007F01F0000E0070E
:109E7000FEFF0000E10FFFFF0000E30FFFFF00C047
:109E8000E70FFFFF00E0EF0F7FF000F0FF0F0F8004
:109E900000F0FE0F070000F8FC0F030000F8F80FB9
:109EA000010000FCF00F010000FCF00F000000FCBE
:109EB000E00F000000FEE00F000000FEE00F0000D9
:109EC00000FEE00F000000FEE00F000000FEE00FCB
:109ED000000000FEE007000000FEE007000000FEBA
:109EE000F007000000FEF007000000FEF003000095
:109EF00000FCF803010000FCF803010000FCFC0179
:109F0000030000F8FE01070000F8FF000F0000F05A
:109F10007F003FC000F03F00FFFF00E03F00FFFF79
:109F200000C00F00FFFF00800700FFFF00000100DE
:109F3000FCFF00000000E03F000000000000000007
:109F40000000000000000000000000000000000011
:109F50000000000000000000000000000000000001
:109F600000000000000000000000000000000000F1
:109F700000000000000000000000000000000000E1
:109F800000000000000000000000000000000000D1
:109F900000000000000000000000000000000000C1
:109FA00000000000000000000000000000000000B1
:109FB0000000000000000000FF1FFFFF00FCFF1F6B
:109FC000FFFF00FCFF1FFFFF00FCFF1FFFFF00FC67
:109FD000FF1FFFFF00FCFF1FFFFF00FC0000010050
:109FE00000FC0000030000F80000030000F800007F
:109FF000030000F00000070000F00000070000E090
:10A0000000000F0000E000000F0000E000001F0053
:10A0100000C000001F0000C000003F0000800000E2
:10A020003F00008000003F00000000007F000000B3
:10A0300000007E0000000000FE0000000000FE00A6
:10A0400000000000FC0100000000FC010000000016
:10A05000F80300000000F80300000000F003000017
:10A060000000F00700000000F00700000000E00F13
:10A0700000000000E00F00000000C01F0000000012
:10A08000C01F00000000803F00000000803F000073
:10A090000000803F00000000007F00000000007F03
:10A0A0000000000000FE0000000000FE00000100B3
:10A0B00000FC0000010000FC0000030000FC0000A8
:10A0C000030000F80000030000F80000070000F0A3
:10A0D0000000070000F000000F0000E000000F008B
:10A0E00000E000001F0000C000001F0000C00000D2
:10A0F0003F0000C000003F000080000000000000A2
:10A10000000000000000000000000000000000004F
:10A11000000000000000000000000000000000003F
:10A12000000000000000000000000000000000002F
:10A13000000000000000000000000000000000001F
:10A14000000000000000000000000000000000000F
:10A1500000000000000000000000000000000000FF
:10A1600000000000000000000000000000000000EF
:10A17000000000000000000000000000807F0000E0
:10A180000300F8FF00000F00FCFF00003F00FFFF8E
:10A1900000007F00FFFF0080FF00FFFF00C0FF0006
:10A1A0007F8000C0FE011F0000E0FC010F0000E006
:10A1B000F803070000F0F803070000F0F8030700B9
:10A1C00000F0F803070000F0F803070000F0F803C0
:10A1D000070000F0F803070000F0F803070000F0A4
:10A1E000F801070000E0FC010F0000E0FC011F0087
:10A1F00000E0FE003F0000C07F007F8000807F0005
:10A20000FFC000003F00FEF300001F00FCFF000045
:10A210000F00F8FF00000300E0FF00000300F0FF64
:10A2200000000F00F8FF00003F00FEFF00007F006D
:10A23000FFC30000FF00FF800080FE017F0000C020
:10A24000FC031F0000E0F8030F0000F0F007070018
:10A2500000F8F007030000F8E007010000F8E00F45
:10A26000010000FCE00F010000FCE00F010000FC19
:10A27000E00F010000FCE00F010000FCE00F010016
:10A2800000FCE00F010000FCE00F010000F8F00707
:10A29000030000F8F807070000F8FC030F0000F0C7
:10A2A000FF033F0000F0FF01FFFF00E0FF00FFFFA2
:10A2B00000C07F00FFFF00803F00FEFF00000F0096
:10A2C000F8FF00000000C0FF0000000000000000D8
:10A2D000000000000000000000000000000000007E
:10A2E000000000000000000000000000000000006E
:10A2F000000000000000000000000000000000005E
:10A30000000000000000000000000000000000004D
:10A31000000000000000000000000000000000003D
:10A32000000000000000000000000000000000002D
:10A33000000000000000000000000000000000001D
:10A340000000000080FF00000700E0FF00001F0089
:10A35000F8FF00003F00FEFF00007F00FFFF00004D
:10A36000FF00FFFF0080FF01FF000080FE033F00B1
:10A3700000C0F8031F0000E0F8070F0000E0F0073E
:10A38000070000F0F007070000F0E007030000F00E
:10A39000E00F030000F8E00F010000F8E00F0100FB
:10A3A00000F8E00F010000F8E00F010000FCE00FF2
:10A3B000010000FCE00F010000FCE00F010000FCC8
:10A3C000E00F010000FCE00F010000FCF0070300BB
:10A3D00000FCF007070000FCF8070F0000FCFC037E
:10A3E0001F0000FCFE033F0000FCFF01FDC300FC5A
:10A3F000FF00F9FF00FC7F00F9FF00FC3F00E1FFD8
:10A4000000FC0F00C1FF00F8010001FE00F8000091
:10A41000030000F80000030000F80000030000F84B
:10A420000000030000F80000030000F00000070037
:10A4300000F00000070000F000000F0000E0000046
:10A440000F0000E000001F0000C000001F0000C05F
:10A4500000003F00008000007F0000800000FF013E
:10A4600000000000FE070000E000FCFF0000FF000D
:10A47000F8FF0000FF00F0FF0000FF00C0FF000039
:10A48000FF0000FF00007F0000F00000000000005F
:10A4900000000000000000000000000000000000BC
:10A4A00000000000000000000000000000000000AC
:10A4B000000000000000000000000000000000009C
:10A4C000000000000000000000000000000000008C
:10A4D000000000000000000000000000000000007C
:10A4E000000000000000000000000000000000006C
:10A4F000000000000000000000000000000000005C
:10A50000000000000000000000000000000000004B
:10A51000000000000000000000000000000000003B
:10A52000F001F803FC07FC07FC07FC07FC07FC072D
:10A53000F803F0010000000000000000000000002F
:10A54000000000000000000000000000000000000B
:10A5500000000000000000000000000000000000FB
:10A560000000F001F803FC07FC07FC07FC07FC07F0
:10A57000FC07F803F00100000000000000000000EC
:10A5800000000000000000000000000000000000CB
:10A5900000000000000000000000000000000000BB
:10A5A00000000000000000000000000000000000AB
:10A5B0000000000000000000F001F803FC07FC07A9
:10A5C000FC07FC07FC07FC07F803F0010000000093
:10A5D000000000000000000000000000000000007B
:10A5E000000000000000000000000000000000006B
:10A5F00000000000000000000000FC03FC03FC035E
:10A60000F807F807F807F007F007F00FE00FE00F82
:10A61000C00FC00FC01F801F801F001F003F003EE3
:10A62000000000000000000000000000000000002A
:10A63000000000000000000000000000000000001A
:10A64000000000000000000000000000000000000A
:10A6500000000000000000000000000000000000FA
:10A6600000000000000000000000000000000000EA
:10A6700000000000000400000000001C00000000BA
:10A68000007C0000010000FC0000070000FC00004E
:10A690000F0000FC00003F0000F80000FF0000E099
:10A6A0000000FF0300800000FE0F00000000F83FE4
:10A6B00000000000E0FF0000030080FF00000F002A
:10A6C00000FE00003F0000F800007F0000E00000F6
:10A6D000FF0100800000FE0700000000F80F0000EE
:10A6E0000000E00F00000000F80F00000000FF0F66
:10A6F00000000000FF0300C00000FF0000F00000A9
:10A700003F0000FE00000F0080FF00000100E0FF9E
:10A7100000000000FC7F00000000FF1F00000000A0
:10A72000FF0700C00000FF0000F800003F0000FC31
:10A7300000000F0000FC0000030000FC000000000F
:10A7400000FC00000000001C0000000000040000ED
:10A7500000000000000000000000000000000000F9
:10A7600000000000000000000000000000000000E9
:10A7700000000000000000000000000000000000D9
:10A7800000000000000000000000000000000000C9
:10A7900000000000000000000000000000000000B9
:10A7A00000000000000000000000000000000000A9
:10A7B0000000000000000000000000000000000099
:10A7C0000000000000000000000000000000000089
:10A7D0000000000000000000000000000000000079
:10A7E0000000000000000000000000000000000069
:10A7F0000000000000000000000000000000000059
:10A800000000000000000000000000000000000048
:10A810000000000000000000000000000000000038
:10A820000000000000000000000000000000000028
:10A830000000000000000000000000000000000018
:10A840000000000000000000000000000000000008
:10A8500000000000000000000000000000000000F8
:10A860000000000000000000000000000000FF0FDA
:10A87000FFFF00FCFF0FFFFF00FCFF0FFFFF00FCCE
:10A88000FF0FFFFF00FCFF0FFFFF00FCFF0FFFFFAC
:10A8900000FC0000000000000000000000000000BC
:10A8A00000000000000000000000000000000000A8
:10A8B0000000000000000000000000000000000098
:10A8C0000000000000000000FF0FFFFF00FCFF0F72
:10A8D000FFFF00FCFF0FFFFF00FCFF0FFFFF00FC6E
:10A8E000FF0FFFFF00FCFF0FFFFF00FC0000000058
:10A8F0000000000000000000000000000000000058
:10A900000000000000000000000000000000000047
:10A910000000000000000000000000000000000037
:10A920000000000000000000000000000000000027
:10A930000000000000000000000000000000000017
:10A940000000000000000000000000000000000007
:10A9500000000000000000000000000000000000F7
:10A9600000000000000000000000000000000000E7
:10A9700000000000000000000000000000000000D7
:10A9800000000000000000000000000000000000C7
:10A9900000000000000000000000000000000000B7
:10A9A00000000000000000000000000000000000A7
:10A9B0000000000000000000000000000000000097
:10A9C0000000000000000000000000000000000087
:10A9D0000000000000000000000000000000000077
:10A9E0000000000000000000000000000000000067
:10A9F0000000000000000000000000000000000057
:10AA0000000800000000000E00000000800F0000A1
:10AA10000000E00F00000000F80F00000000FC0F35
:10AA200000000000FF0700000000FF0100C0000060
:10AA30007F0000F000001F0000FC0000070000FF86
:10AA400000000100C0FF00000000F07F00000000D7
:10AA5000FC1F00000000FF0700000000FF01008055
:10AA600000007F0000E000001F0000F80000070069
:10AA700000FC0000010000FC0000070000FC0000DA
:10AA80003F0000FC0000FF0000F00000FF0300C0DA
:10AA90000000FF1F00000000FC7F00000100E0FF3D
:10AAA00000000F0080FF00003F0000FE0000FF00DC
:10AAB00000F80000FF0700C00000FF0F00000000CA
:10AAC000FC0F00000000F00F00000000C00F0000AD
:10AAD0000000000E00000000000800000000000060
:10AAE0000000000000000000000000000000000066
:10AAF0000000000000000000000000000000000056
:10AB00000000000000000000000000000000000045
:10AB10000000000000000000000000000000000035
:10AB20000000000000000000000000000000000025
:10AB30000000000000000000000000000000000015
:10AB40000000000000000000000000000000000005
:10AB500000000000000000000000000000000000F5
:10AB600000000000000000000000000000000000E5
:10AB700000000000000000000000000000000000D5
:10AB800000000000000000000000000000000000C5
:10AB90003F0000E0FF0300FCFF0F00FFFF7FC0FF4E
:10ABA000FF7FE0FFFF3FE0FFC03FF01F001EF80700
:10ABB0000018F8030000F8030000FC010000FC018D
:10ABC0000000FC010000FC000000FC000000FC0094
:10ABD0000000FC010000FC010000FC010000F80383
:10ABE0000000F8030000F0070000F00F0000E01F75
:10ABF0000000C03F0000C07F000080FF030000FF96
:10AC0000070000FE070000F80F0000F01F0000E042
:10AC10001F0000E01F0000C03F0000803F000080D8
:10AC20003F0000803F0000003F0000003F000000A8
:10AC30000000000000000000000000000000000014
:10AC400000000000000000003E0000007F00000047
:10AC5000FF000080FF000080FF000080FF000080F8
:10AC6000FF000080FF0000807F0000003E00000029
:10AC700000000000000000000000000000000000D4
:10AC800000000000000000000000000000000000C4
:10AC900000000000000000000000000000000000B4
:10ACA00000000000000000000000000000000000A4
:10ACB0000000000000000000000000000000000094
:10ACC000000000000000000000000000000007007D
:10ACD00080FF000000007F00F8FF00000000FF037D
:10ACE000FEFF00000000FF0FFFFF00800000FF1FBD
:10ACF000FFFF00E00000FC7FFF0000F00000C0FF4D
:10AD00000F0000FC030000FE030000FE070000F837
:10AD1000000000FF0F0000F00000007F0F0000E0C7
:10AD20000000803F1F0000800000C01F3F000000A7
:10AD30000000C00F7F0000000000E0077E00000060
:10AD40000000E007FC00030080FFF003F8000F00A4
:10AD5000F8FFF003F8013F00FCFFF801F001FF00ED
:10AD6000FCFFF801F003FF01FCFFF800F003FE0117
:10AD7000FC00F800E003F803FC00FC00E007F0072B
:10AD8000FC00FC00E007E007FC00FC00C007E00F4F
:10AD9000FC007C00C007C00FF8007C00C00FC00F93
:10ADA000F8007C00C00F801FF8007C00C00F801FDF
:10ADB000F8017C00C00F801FF8017C00C00F801FCD
:10ADC000F801FC00C00F801FF801FC00C00F801FBD
:10ADD000F801FC00C00F801FF801F800C00F801FB1
:10ADE000F801F800C00F801FF803F801C00F801FA2
:10ADF000F803F001C00FC00FF803F001C00FC00F3F
:10AE0000FC07F003C007E00FBC0FE007C007F8071E
:10AE1000BE1FE00FE007FF033FFFC0FFE007FF0397
:10AE20001FFE80FFE007FF011FFC00FFF0037F0013
:10AE300007F800FEF0031F0003C000F8F80100004F
:10AE400000000000F801000000000000FC0000000D
:10AE500000000000FE000000000000007F00000075
:10AE6000000000007F000080000000003F0000C0E4
:10AE7000000000001F0000F0030000000F0000FEB3
:10AE80001F0000000700E0FFFF0300000100FFFFBC
:10AE9000FFFF00000000FF7FFFFF00000000FF1F1A
:10AEA000FEFF00000000FF07F0FF000000003F0071
:10AEB00000FE000000000000000000000000000094
:10AEC0000000000000000000000000000000000082
:10AED0000000000000000000000000000000000072
:10AEE0000000000000000000000000000000000062
:10AEF0000000000000000000000000000000000052
:10AF00000000000000000000000000000000000041
:10AF10000000000000000000000000000000000031
:10AF200000000000000000000000C00F0000000052
:10AF3000E01F00000000E01F00000000E01F000014
:10AF40000000F03F00000000F03F00000000F87F2C
:10AF500000000000F87F00000000F87F0000000003
:10AF6000FCFC00000000FCFC00000000FCFC0000F9
:10AF70000100FEFC000001007EF8000003007FF8E5
:10AF8000000003007FF8000003003FF0000007000E
:10AF90003FF0008007001FE0008007001FE00080F6
:10AFA0000F001FE000C00F000FC000C01F000FC047
:10AFB00000E01F000FC000E01F00078000E03F001E
:10AFC000078000F03F00078000F03F00030000F022
:10AFD0007F00030000F87F00010000F8FE00010080
:10AFE00000FCFF00FFFF00FCFF00FFFF00FCFF0173
:10AFF000FFFF00FEFF01FFFF00FEFF01FFFF00FE5D
:10B00000FF03FFFF00FFF8030000007FF0030000D4
:10B01000003FF0070000803FF0070000803FE00F96
:10B020000000C01FE00F0000C01FE00F0000C00FB5
:10B03000C01F0000E00FC01F0000E00F801F0000D5
:10B04000E007803F0000F007803F0000F007007F2E
:10B050000000F803007F0000F803007F0000F80301
:10B0600000FE0000FC0100FE0000FC0100000000EA
:10B0700000000000000000000000000000000000D0
:10B0800000000000000000000000000000000000C0
:10B0900000000000000000000000000000000000B0
:10B0A00000000000000000000000000000000000A0
:10B0B0000000000000000000000000000000000090
:10B0C0000000000000000000000000000000000080
:10B0D0000000000000000000000000000000000070
:10B0E0000000000000000000000000000000000060
:10B0F000FF01F8FF0000FF01FFFF0080FF01FFFFDD
:10B1000000E0FF01FFFF00F8FF01FFFF00FCFF016F
:10B11000FFFF00FEFC010F0000FEFC01010000FF2C
:10B12000FC01000000FFFC010000807FFC0100002A
:10B13000807FFC010000803FFC010000803FFC019B
:10B140000000803FFC010000803FFC010000803FC8
:10B15000FC010000803FFC010000003FFC010000FA
:10B16000007FFC010000007FFC01000000FEFC01EC
:10B17000010000FCFC010F0000F8FF01FFFF00F0E0
:10B18000FF01FFFF00C0FF01FCFF0000FF01FFFF08
:10B190000080FF01FFFF00F0FF01FFFF00F8FC014E
:10B1A0000F0000FEFC01010000FFFC01000000FF99
:10B1B000FC010000807FFC010000803FFC010000DA
:10B1C000C03FFC010000C03FFC010000C01FFC01AB
:10B1D0000000C01FFC010000C01FFC010000C01FD8
:10B1E000FC010000C03FFC010000C03FFC0100006A
:10B1F000C03FFC010000803FFC010000807FFC019B
:10B20000000080FFFC01010000FFFC010F0000FEB8
:10B21000FF01FFFF00FEFF01FFFF00FCFF01FFFF3A
:10B2200000F8FF01FFFF00E0FF01FFFF0080FF01CA
:10B23000FCFF000000000000000000000000000013
:10B2400000000000000000000000000000000000FE
:10B2500000000000000000000000000000000000EE
:10B2600000000000000000000000000000000000DE
:10B2700000000000000000000000000000000000CE
:10B2800000000000000000000000000000000000BE
:10B2900000000000000000000000000000000000AE
:10B2A000000000000000000000000000000000009E
:10B2B00000000000FF0000F00000FF0700FF00009A
:10B2C000FF3FE0FF0000FFFFF0FF0100FFFFE0FF96
:10B2D0000300FFFFE0FF0700C0FFC03F0F0000FEBC
:10B2E000C0031F0000F880003F0000F000007F0056
:10B2F00000C000007F0000800000FF000080000010
:10B30000FF0000000000FE0100000000FE01000040
:10B310000000FC0100000000FC0300000000FC0332
:10B3200000000000F80300000000F8030000000027
:10B33000F80700000000F80700000000F807000010
:10B340000000F00700000000F00700000000F00718
:10B3500000000000F00700000000F00700000000FF
:10B36000F00700000000F00700000000F0070000F8
:10B370000000F80700000000F80700000000F807D0
:10B3800000000000F80300000000F80300000000C7
:10B39000F80300000000FC0300000000FC030000B4
:10B3A0000000FC0100000000FE0100000000FE01A2
:10B3B00000000000FF0000000000FF00008000000F
:10B3C0007F0000C000007F0000E000003F0000F0B0
:10B3D00000001F0000FCC0010F00C0FFC01F0700DD
:10B3E000FFFFC0FF0300FFFFC0FF0100FFFFC0FF22
:10B3F0000000FF7FC0FF0000FF1F00FF0000FF01F3
:10B4000000F000000000000000000000000000004C
:10B41000000000000000000000000000000000002C
:10B42000000000000000000000000000000000001C
:10B43000000000000000000000000000000000000C
:10B4400000000000000000000000000000000000FC
:10B4500000000000000000000000000000000000EC
:10B4600000000000000000000000000000000000DC
:10B4700000000000000000000000000000000000CC
:10B48000FF01F0FF0000FF01FFFF0000FF01FFFFD1
:10B4900000C0FF01FFFF00F0FF01FFFF00FCFF0104
:10B4A000FFFF00FEFC011F0000FFFC01030080FF06
:10B4B000FC010000C0FFFC010000C07FFC01000097
:10B4C000E03FFC010000F01FFC010000F00FFC0158
:10B4D0000000F807FC010000F807FC010000F80379
:10B4E000FC010000FC03FC010000FC03FC01000067
:10B4F000FC01FC010000FC01FC010000FE01FC015C
:10B500000000FE01FC010000FE01FC010000FE0045
:10B51000FC010000FE00FC010000FE00FC01000038
:10B52000FE00FC010000FE00FC010000FE00FC012A
:10B530000000FE00FC010000FE01FC010000FE0115
:10B54000FC010000FE01FC010000FC01FC01000008
:10B55000FC01FC010000FC01FC010000FC03FC01FB
:10B560000000FC03FC010000F807FC010000F807E4
:10B57000FC010000F00FFC010000F00FFC010000D6
:10B58000E01FFC010000E03FFC010000C07FFC0167
:10B59000010080FFFC01070080FFFC013F0000FF6D
:10B5A000FF01FFFF00FEFF01FFFF00F8FF01FFFFAB
:10B5B00000F0FF01FFFF00C0FF01FEFF0000FF01E0
:10B5C000E0FF00000000000000000000000000009C
:10B5D000000000000000000000000000000000006B
:10B5E000000000000000000000000000000000005B
:10B5F000000000000000000000000000000000004B
:10B60000000000000000000000000000000000003A
:10B61000000000000000000000000000000000002A
:10B62000000000000000000000000000000000001A
:10B63000000000000000000000000000000000000A
:10B640000000000000000000FF01FFFF00E0FF011C
:10B65000FFFF00E0FF01FFFF00E0FF01FFFF00E050
:10B66000FF01FFFF00E0FF01FFFF00E0FC01000021
:10B670000000FC0100000000FC0100000000FC01D3
:10B6800000000000FC0100000000FC0100000000C0
:10B69000FC0100000000FC0100000000FC010000B3
:10B6A0000000FC0100000000FC0100000000FC01A3
:10B6B00000000000FC0100000000FC010000000090
:10B6C000FC0100000000FC0100000000FC01000083
:10B6D0000000FF01FFFF00C0FF01FFFF00C0FF01EE
:10B6E000FFFF00C0FF01FFFF00C0FF01FFFF00C020
:10B6F000FF01FFFF00C0FC0100000000FC01000092
:10B700000000FC0100000000FC0100000000FC0142
:10B7100000000000FC0100000000FC01000000002F
:10B72000FC0100000000FC0100000000FC01000022
:10B730000000FC0100000000FC0100000000FC0112
:10B7400000000000FC0100000000FC0100000000FF
:10B75000FC0100000000FC0100000000FC010000F2
:10B760000000FC0100000000FF01FFFF00E0FF01FE
:10B77000FFFF00E0FF01FFFF00E0FF01FFFF00E02F
:10B78000FF01FFFF00E0FF01FFFF00E000000000FD
:10B7900000000000000000000000000000000000A9
:10B7A0000000000000000000000000000000000099
:10B7B0000000000000000000000000000000000089
:10B7C0000000000000000000000000000000000079
:10B7D0000000000000000000000000000000000069
:10B7E0000000000000000000000000000000000059
:10B7F0000000000000000000000000000000000049
:10B800000000000000000000000000000000000038
:10B81000FF01FFFF00E0FF01FFFF00E0FF01FFFF6E
:10B8200000E0FF01FFFF00E0FF01FFFF00E0FF017C
:10B83000FFFF00E0FC0100000000FC010000000030
:10B84000FC0100000000FC0100000000FC01000001
:10B850000000FC0100000000FC0100000000FC01F1
:10B8600000000000FC0100000000FC0100000000DE
:10B87000FC0100000000FC0100000000FC010000D1
:10B880000000FC0100000000FC0100000000FC01C1
:10B8900000000000FC0100000000FC0100000000AE
:10B8A000FC0100000000FF01FFFF00C0FF01FFFFDF
:10B8B00000C0FF01FFFF00C0FF01FFFF00C0FF014C
:10B8C000FFFF00C0FF01FFFF00C0FC0100000000FF
:10B8D000FC0100000000FC0100000000FC01000071
:10B8E0000000FC0100000000FC0100000000FC0161
:10B8F00000000000FC0100000000FC01000000004E
:10B90000FC0100000000FC0100000000FC01000040
:10B910000000FC0100000000FC0100000000FC0130
:10B9200000000000FC0100000000FC01000000001D
:10B93000FC0100000000FC0100000000FC01000010
:10B940000000FC0100000000FC0100000000FC0100
:10B9500000000000000000000000000000000000E7
:10B9600000000000000000000000000000000000D7
:10B9700000000000000000000000000000000000C7
:10B9800000000000000000000000000000000000B7
:10B9900000000000000000000000000000000000A7
:10B9A0000000000000000000000000000000000097
:10B9B0000000000000000000000000000000000087
:10B9C0000000000000000000000000000000000077
:10B9D000000000007F0000F80000FF07C0FF00002B
:10B9E000FF1FF8FF0000FF7FFCFF0100FFFFFCFFCF
:10B9F0000300FFFFF8FF0700E0FFF81F0F0000FE45
:10BA0000F0011F0000F830003F0000F000003F0090
:10BA100000C000007F0000800000FF0000800000E8
:10BA2000FF0000000000FE0100000000FE01000019
:10BA30000000FC0100000000FC0300000000FC030B
:10BA400000000000F80300000000F8030000000000
:10BA5000F80700000000F80700000000F8070000E9
:10BA60000000F00700000000F00700000000F007F1
:10BA70000700FEFFF0070700FEFFF0070700FEFFCC
:10BA8000F0070700FEFFF0070700FEFFF0070700C2
:10BA9000FEFFF8070000FE00F8070000FE00F807B0
:10BAA0000000FE00F8030000FE00F8030000FE00A6
:10BAB000F8030000FE00FC030000FE00FC01000093
:10BAC000FE00FE010000FE00FE010000FE00FF007F
:10BAD0000000FE00FF000000FE007F000080FE006E
:10BAE0007F0000C0FE003F0000E0FE003F0000F8C5
:10BAF000FE001F0000FEFE000F00C0FFFE0F07004B
:10BB0000FFFFFEFF0300FFFFFEFF0000FFFFFEFF41
:10BB10000000FF3FFCFF0000FF0FC0FF0000FF011F
:10BB200000F800000000000000000000000000001D
:10BB30000000000000000000000000000000000005
:10BB400000000000000000000000000000000000F5
:10BB500000000000000000000000000000000000E5
:10BB600000000000000000000000000000000000D5
:10BB700000000000000000000000000000000000C5
:10BB800000000000000000000000000000000000B5
:10BB900000000000000000000000000000000000A5
:10BBA000FC010000FC01FC010000FC01FC010000A4
:10BBB000FC01FC010000FC01FC010000FC01FC0197
:10BBC0000000FC01FC010000FC01FC010000FC0184
:10BBD000FC010000FC01FC010000FC01FC01000074
:10BBE000FC01FC010000FC01FC010000FC01FC0167
:10BBF0000000FC01FC010000FC01FC010000FC0154
:10BC0000FC010000FC01FC010000FC01FC01000043
:10BC1000FC01FC010000FC01FC010000FC01FC0136
:10BC20000000FC01FC010000FC01FF01FFFFFCFF24
:10BC3000FF01FFFFFCFFFF01FFFFFCFFFF01FFFF14
:10BC4000FCFFFF01FFFFFCFFFF01FFFFFCFFFC010A
:10BC50000000FC01FC010000FC01FC010000FC01F3
:10BC6000FC010000FC01FC010000FC01FC010000E3
:10BC7000FC01FC010000FC01FC010000FC01FC01D6
:10BC80000000FC01FC010000FC01FC010000FC01C3
:10BC9000FC010000FC01FC010000FC01FC010000B3
:10BCA000FC01FC010000FC01FC010000FC01FC01A6
:10BCB0000000FC01FC010000FC01FC010000FC0193
:10BCC000FC010000FC01FC010000FC01FC01000083
:10BCD000FC01FC010000FC01FC010000FC01FC0176
:10BCE0000000FC0100000000000000000000000057
:10BCF0000000000000000000000000000000000044
:10BD00000000000000000000000000000000000033
:10BD10000000000000000000000000000000000023
:10BD20000000000000000000000000000000000013
:10BD30000000000000000000000000000000000003
:10BD400000000000000000000000000000000000F3
:10BD500000000000000000000000000000000000E3
:10BD600000000000FF1F00FCFF1F00FCFF1F00FC85
:10BD7000FF1F00FCFF0300E07F0000007F000000C9
:10BD80007F0000007F0000007F0000007F000000B7
:10BD90007F0000007F0000007F0000007F000000A7
:10BDA0007F0000007F0000007F0000007F00000097
:10BDB0007F0000007F0000007F0000007F00000087
:10BDC0007F0000007F0000007F0000007F00000077
:10BDD0007F0000007F0000007F0000007F00000067
:10BDE0007F0000007F0000007F0000007F00000057
:10BDF0007F0000007F0000007F0000007F00000047
:10BE00007F0000007F0000007F0000007F00000036
:10BE10007F0000007F0000007F0000007F00000026
:10BE20007F0000007F000000FF0300E0FF1F00FC18
:10BE3000FF1F00FCFF1F00FCFF1F00FC00000000B4
:10BE400000000000000000000000000000000000F2
:10BE500000000000000000000000000000000000E2
:10BE600000000000000000000000000000000000D2
:10BE700000000000000000000000000000000000C2
:10BE800000000000000000000000000000000000B2
:10BE900000000000030000F8030000F8030000F8B1
:10BEA000030000F8030000F8030000F8030000F8A6
:10BEB000030000F8030000F8030000F8030000F896
:10BEC000030000F8030000F8030000F8030000F886
:10BED000030000F8030000F8030000F8030000F876
:10BEE000030000F8030000F8030000F8030000F866
:10BEF000030000F8030000F8030000F8030000F856
:10BF0000030000F8030000F8030000F8030000F845
:10BF1000030000F8030000F8030000F8030000F835
:10BF2000030000F8030000F8030000F8030000F825
:10BF3000030000F8030000F8030000F8030000F815
:10BF4000030000F8030000F8030000F8030000F805
:10BF5000030000F8030000F8030000F8030000F8F5
:10BF6000030000F8030000F8030000F8030000F8E5
:10BF7000030000F8030000F8070000F0070000F0DD
:10BF80000F0000F01F0000E07F8000E0FFFF00C016
:10BF9000FFFF00C0FFFF0080FEFF0000FCFF00006D
:10BFA000E07F000000000000000000000000000032
:10BFB0000000000000000000000000000000000081
:10BFC0000000000000000000FC010000F00FFC0178
:10BFD0000000E01FFC010000C03FFC010000807F6A
:10BFE000FC010000007FFC01000000FEFC010100DC
:10BFF00000FEFC01030000FCFC01070000F8FC014E
:10C000000F0000F0FC011F0000E0FC011F0000C059
:10C01000FC013F000080FC017F000080FC01FF006C
:10C020000000FC01FE010000FC01FC030000FC011B
:10C03000F8070000FC01F0070000FC01E00F000021
:10C04000FC01C01F0000FC01C03F0000FC01807F1C
:10C050000000FC01007F0000FC0100FF0000FD016A
:10C0600080FF0000FF01C0FF0000FF01C0FF0000D3
:10C07000FF01E0FF0000FF01F0CF0000FF01F80723
:10C080000000FE01F8070000FC01FC030000FC01B9
:10C09000FE010000FC01FE010000FC01FF000000A9
:10C0A000FC017F000080FC017F000080FC013F005C
:10C0B00000C0FC011F0000E0FC011F0000E0FC01CB
:10C0C0000F0000F0FC01070000F8FC01070000F879
:10C0D000FC01030000FCFC01010000FEFC0101006A
:10C0E00000FEFC01000000FFFC010000807FFC015D
:10C0F0000000807FFC010000C03FFC010000E01F49
:10C10000FC010000E01FFC010000F00F0000000037
:10C11000000000000000000000000000000000001F
:10C12000000000000000000000000000000000000F
:10C1300000000000000000000000000000000000FF
:10C1400000000000000000000000000000000000EF
:10C1500000000000000000000000000000000000DF
:10C1600000000000000000000000000000000000CF
:10C1700000000000000000000000000000000000BF
:10C1800000000000000000000000000000000000AF
:10C19000FC0100000000FC0100000000FC010000A8
:10C1A0000000FC0100000000FC0100000000FC0198
:10C1B00000000000FC0100000000FC010000000085
:10C1C000FC0100000000FC0100000000FC01000078
:10C1D0000000FC0100000000FC0100000000FC0168
:10C1E00000000000FC0100000000FC010000000055
:10C1F000FC0100000000FC0100000000FC01000048
:10C200000000FC0100000000FC0100000000FC0137
:10C2100000000000FC0100000000FC010000000024
:10C22000FC0100000000FC0100000000FC01000017
:10C230000000FC0100000000FC0100000000FC0107
:10C2400000000000FC0100000000FC0100000000F4
:10C25000FC0100000000FC0100000000FC010000E7
:10C260000000FC0100000000FC0100000000FC01D7
:10C2700000000000FC0100000000FC0100000000C4
:10C28000FC0100000000FC0100000000FC010000B7
:10C290000000FC0100000000FC0100000000FC01A7
:10C2A00000000000FC0100000000FC010000000094
:10C2B000FF01FFFF00E0FF01FFFF00E0FF01FFFFC4
:10C2C00000E0FF01FFFF00E0FF01FFFF00E0FF01D2
:10C2D000FFFF00E000000000000000000000000080
:10C2E000000000000000000000000000000000004E
:10C2F000000000000000000000000000000000003E
:10C30000000000000000000000000000000000002D
:10C31000000000000000000000000000000000001D
:10C32000000000000000000000000000000000000D
:10C3300000000000000000000000000000000000FD
:10C3400000000000000000000000000000000000ED
:10C35000000000000000000000000000FF0100C01D
:10C360000000E07FFF0100C00000E0FFFF0100E0EF
:10C370000000E0FFFF0100E00100E0FFFF0100E03E
:10C380000100E0FFFF0100F00100E0FFFF0100F00D
:10C390000300E0FFFB0100F00300E0F7FB0100F801
:10C3A0000300E0F7FB0100F80700E0EFF90100F8F7
:10C3B0000700E0EFFD0100FC0700E0EFFD0100FCDD
:10C3C0000F00E0CFFC0100FC0F00E0CFFC0100FEFD
:10C3D0000F00E0CFFC01007E1F00E08FFC01007E1B
:10C3E0001F00E08FFC01007F3F00E08FFC01003F59
:10C3F0003F00E00FFC01003F3F00E00FFC01803FE9
:10C400007E00E00FFC01801F7E00E00FFC01801F1A
:10C410007E00E00FFC01C01FFC00E00FFC01C00F1C
:10C42000FC00E00FFC01E00FFC00E00FFC01E00F5E
:10C43000F801E00FFC01E007F801E00FFC01F00754
:10C44000F801E00FFC01F007F003E00FFC01F0033E
:10C45000F003E00FFC01F803F003E00FFC01F80328
:10C46000E007E00FFC01F801E007E00FFC01FC0130
:10C47000C00FE00FFC01FC01C00FE00FFC01FC004D
:10C48000C00FE00FFC01FE00801FE00FFC01FE006A
:10C49000801FE00FFC017E00801FE00FFC017F0089
:10C4A000003FE00FFC017F00003FE00FFC013F0078
:10C4B000003FE00FFC013F0000FEE00FFC013F00E9
:10C4C00000FEE00FFC011F0000FCE00FFC011F005C
:10C4D00000FCE00FFC010F0000FCE00FFC010F006E
:10C4E00000F8E00FFC010F0000F8E00FFC0107006E
:10C4F00000F8E00FFC01070000F0E00FFC0107006E
:10C5000000F0E00FFC01030000F0E00F000000006D
:10C51000000000000000000000000000000000001B
:10C52000000000000000000000000000000000000B
:10C5300000000000000000000000000000000000FB
:10C5400000000000000000000000000000000000EB
:10C5500000000000000000000000000000000000DB
:10C5600000000000000000000000000000000000CB
:10C5700000000000000000000000000000000000BB
:10C5800000000000000000000000000000000000AB
:10C59000000000000000000000000000000000009B
:10C5A000000000000000000000000000000000008B
:10C5B0000000000000000000FF0100007F00FF01FC
:10C5C00000007F00FF0100807F00FF0100807F00EE
:10C5D000FF0100C07F00FF0100E07F00FF0100E0DD
:10C5E0007F00FF0100F07F00FF0100F07F00FB01F2
:10C5F00000F87F00FB0100FC7F00F90100FC7F00D8
:10C60000F90100FE7F00F80100FE7F00FC01007FC1
:10C610007F00FC01007F7F00FC01803F7F00FC0168
:10C62000C03F7F00FC01C01F7F00FC01E01F7F00B6
:10C63000FC01E00F7F00FC01F0077F00FC01F80720
:10C640007F00FC01F8037F00FC01FC037F00FC017C
:10C65000FC017F00FC01FE007F00FC01FF007F0069
:10C66000FC017F007F00FC017F007F80FC013F0018
:10C670007F80FC013F007FC0FC011F007FC0FC01E8
:10C680000F007FE0FC010F007FF0FC0107007FF04E
:10C69000FC0107007FF8FC0103007FF8FC010100AA
:10C6A0007FFCFC0101007FFEFC0100007FFEFC011D
:10C6B00000003FFFFC0100003F7FFC010000BF7F46
:10C6C000FC010000FF3FFC010000FF1FFC01000017
:10C6D000FF1FFC010000FF0FFC010000FF0FFC0129
:10C6E0000000FF07FC010000FF03FC010000FF0346
:10C6F000FC010000FF01FC010000FF010000000040
:10C700000000000000000000000000000000000029
:10C710000000000000000000000000000000000019
:10C720000000000000000000000000000000000009
:10C7300000000000000000000000000000000000F9
:10C7400000000000000000000000000000000000E9
:10C7500000000000000000000000000000000000D9
:10C7600000000000000000000000000000000000C9
:10C770000000000000000000000000000000FF01B9
:10C78000008000000000FF1F00F800000000FF7F95
:10C7900000FE00000100FFFF80FF00000300FFFF1C
:10C7A000C0FF00000700FFFFE0FF00000F0000FFD8
:10C7B000F0FF00001F0000F8F81F00003F0000F02D
:10C7C000FC0700007F0000C0FC0300007F00008029
:10C7D000FE010000FF000000FF000000FF0000005D
:10C7E000FF000000FE0100007F000000FE010000CD
:10C7F0007F000080FC0100003F000080FC0300007F
:10C800003F0000C0FC0300003F0000C0F803000030
:10C810001F0000C0F80300001F0000C0F803000064
:10C820001F0000C0F80700001F0000E0F80700002C
:10C830001F0000E0F80700001F0000E0F007000004
:10C840000F0000E0F00700000F0000E0F00700001C
:10C850000F0000E0F00700000F0000E0F00700000C
:10C860000F0000E0F00700000F0000E0F0070000FC
:10C870000F0000E0F00700000F0000E0F0070000EC
:10C880001F0000E0F80700001F0000E0F8070000AC
:10C890001F0000E0F80300001F0000C0F8030000C4
:10C8A0001F0000C0F80300001F0000C0FC030000D0
:10C8B0003F0000C0FC0300003F0000C0FC0100007E
:10C8C0003F000080FE0100007F000080FE010000AC
:10C8D0007F000000FF000000FF000000FF000000DC
:10C8E000FF0000007F000080FE0100007F0000C00C
:10C8F000FC0300003F0000E0FC0700001F0000F800
:10C90000F81F00000F0000FFF0FF00000700FFFF0E
:10C91000E0FF00000300FFFFC0FF00000100FFFF79
:10C9200080FF00000000FF7F00FE00000000FF1FEE
:10C9300000F800000000FF0100800000000000007F
:10C9400000000000000000000000000000000000E7
:10C9500000000000000000000000000000000000D7
:10C9600000000000000000000000000000000000C7
:10C9700000000000000000000000000000000000B7
:10C9800000000000000000000000000000000000A7
:10C990000000000000000000000000000000000097
:10C9A0000000000000000000000000000000000087
:10C9B0000000000000000000000000000000000077
:10C9C0000000000000000000000000000000000067
:10C9D0000000000000000000000000000000000057
:10C9E000FF01C0FF0000FF01FCFF0000FF01FFFF8F
:10C9F0000000FF01FFFF00C0FF01FFFF00E0FF019B
:10CA0000FFFF00F0FC017F0000F8FC011F0000F8B0
:10CA1000FC01070000FCFC01030000FCFC0103001A
:10CA200000FCFC01010000FEFC01010000FEFC0115
:10CA3000010000FEFC01000000FEFC01000000FE01
:10CA4000FC01000000FEFC01000000FEFC010000F3
:10CA500000FEFC01010000FEFC01010000FCFC01E5
:10CA6000010000FCFC01030000FCFC01030000FCD1
:10CA7000FC01070000F8FC011F0000F0FC01FF00B2
:10CA800000F0FF01FFFF00E0FF01FFFF00C0FF011A
:10CA9000FFFF0080FF01FEFF0000FF01F8FF000024
:10CAA000FF0180FF0000FC0100000000FC0100000D
:10CAB0000000FC0100000000FC0100000000FC017F
:10CAC00000000000FC0100000000FC01000000006C
:10CAD000FC0100000000FC0100000000FC0100005F
:10CAE0000000FC0100000000FC0100000000FC014F
:10CAF00000000000FC0100000000FC01000000003C
:10CB0000FC0100000000FC0100000000FC0100002E
:10CB10000000FC0100000000FC0100000000FC011E
:10CB20000000000000000000000000000000000005
:10CB300000000000000000000000000000000000F5
:10CB400000000000000000000000000000000000E5
:10CB500000000000000000000000000000000000D5
:10CB600000000000000000000000000000000000C5
:10CB700000000000000000000000000000000000B5
:10CB800000000000000000000000000000000000A5
:10CB90000000000000000000000000000000000095
:10CBA000000000000000FF01008000000000FF1FE7
:10CBB00000F800000000FF7F00FE00000100FFFF02
:10CBC00080FF00000300FFFFC0FF00000700FFFF21
:10CBD000E0FF00000F0000FFF0FF00001F0000F862
:10CBE000F81F00003F0000F0FC0700007F0000C0BD
:10CBF000FC0300007F000080FE010000FF00000039
:10CC0000FF000000FF000000FF000000FE01000028
:10CC10007F000000FE0100007F000080FC0100009A
:10CC20003F000080FC0300003F0000C0FC03000048
:10CC30003F0000C0F80300001F0000C0F803000020
:10CC40001F0000C0F80300001F0000C0F80700002C
:10CC50001F0000E0F80700001F0000E0F8070000D8
:10CC60001F0000E0F00700000F0000E0F0070000E8
:10CC70000F0000E0F00700000F0000E0F0070000E8
:10CC80000F0000E0F00700000F0000E0F0070000D8
:10CC90000F0000E0F00700000F0000E0F0070000C8
:10CCA0000F0000E0F00700001F0000E0F8070000A0
:10CCB0001F0000E0F80700001F0000E0F80300007C
:10CCC0001F0000C0F80300001F0000C0F8030000B0
:10CCD0001F0000C0FC0300003F0000C0FC03000078
:10CCE0003F000080FC0100003F000080FE010000CA
:10CCF0007F000080FE0100007F000000FF000000B8
:10CD0000FF000000FF000000FF0000007F00008027
:10CD1000FE0100007F0000C0FC0300003F0000E0B7
:10CD2000FC0700001F0000F8F81F00000F0000FFC4
:10CD3000F0FF00000700FFFFE0FF00000300FFFF1F
:10CD4000C0FF00000100FFFF80FF00000000FF7F28
:10CD500000FE00000000FF1F00F800000000FF01BF
:10CD600000FC00000000010000FC000000000000CA
:10CD700000FE00000000000000FF000000000000B6
:10CD8000807F000000000000C07F00000000000065
:10CD9000E03F000000000000F01F00000000000065
:10CDA000F81F000000000000FC0F00000000000061
:10CDB000FE07000000000000FC030000000000006F
:10CDC000F8010000000000007000000000000000FA
:10CDD0002000000000000000000000000000000033
:10CDE0000000000000000000000000000000000043
:10CDF0000000000000000000000000000000000033
:10CE00000000000000000000FF01E0FF0000FF0143
:10CE1000FEFF0000FF01FFFF0080FF01FFFF00E0B9
:10CE2000FF01FFFF00F0FF01FFFF00F8FC013F00E2
:10CE300000FCFC010F0000FCFC01030000FEFC01F3
:10CE4000010000FEFC01000000FEFC01000000FFEC
:10CE5000FC01000000FFFC010000007FFC0100005D
:10CE6000007FFC010000007FFC010000007FFC014E
:10CE70000000007FFC01000000FFFC01000000FF3B
:10CE8000FC01000000FEFC01010000FEFC010100AD
:10CE900000FCFC01030000FCFC010F0000F8FC0199
:10CEA0003F0000F0FF01FFFF00E0FF01FFFF00C0B7
:10CEB000FF01FFFF0080FF01FEFF0000FF01F8FF00
:10CEC0000000FF01FCFF0000FC01FE010000FC016E
:10CED000FE000000FC01FF000000FC017F0000805C
:10CEE000FC017F000080FC013F0000C0FC011F002E
:10CEF00000C0FC011F0000E0FC010F0000F0FC017D
:10CF00000F0000F0FC01070000F8FC01030000FC2A
:10CF1000FC01030000FCFC01010000FEFC0100001C
:10CF200000FEFC01000000FFFC010000807FFC010E
:10CF30000000807FFC010000C03FFC010000E01FFA
:10CF4000FC010000E01FFC010000F00F00000000E9
:10CF500000000000000000000000000000000000D1
:10CF600000000000000000000000000000000000C1
:10CF700000000000000000000000000000000000B1
:10CF800000000000000000000000000000000000A1
:10CF90000000000000000000000000000000000091
:10CFA0000000000000000000000000000000000081
:10CFB0000000000000000000000000000000000071
:10CFC000000000000000000000000100C0FF0000A1
:10CFD0000F00F8FF00001F00FFFF00007F00FFFFB1
:10CFE0000080FF00FFFF0080FF01FFFF0000FF0146
:10CFF000FF800000FE030E000000FC0302000000A2
:10D00000F80300000000F80700000000F00700002F
:10D010000000F00700000000F00700000000F0072B
:10D0200000000000F00700000000F0070000000012
:10D03000F00700000000F80700000000F8030000FF
:10D040000000FC0300000000FE0300000000FF01E0
:10D0500000800000FF0000E00000FF0000F800007A
:10D060007F0000FE00003F0080FF00000F00E0FF97
:10D0700000000700F0FF00000100F8FF00000000C2
:10D08000FC7F00000000FE1F00000000FF07000002
:10D090000000FF0100800000FF00008000007F0012
:10D0A000008000003F0000C000003F0000C0000002
:10D0B0001F0000C000001F0000C000001F0000C0D3
:10D0C00000001F0000C000001F0000C000001F0083
:10D0D00000C000001F0000C000003F0000800000F2
:10D0E0003F000080000C7F000080000FFF00000068
:10D0F000F00FFF070000FF0FFEFF0000FF0FFCFF17
:10D100000000FF0FF8FF0000FF0FE0FF0000FF012D
:10D1100080FF00001F0000FC000000000000000075
:10D1200000000000000000000000000000000000FF
:10D1300000000000000000000000000000000000EF
:10D1400000000000000000000000000000000000DF
:10D1500000000000000000000000000000000000CF
:10D1600000000000000000000000000000000000BF
:10D1700000000000000000000000000000000000AF
:10D18000000000000000000000000000000000009F
:10D190000000000000000000FF7FFFFF00FCFF7F99
:10D1A000FFFF00FCFF7FFFFF00FCFF7FFFFF00FC95
:10D1B000FF7FFFFF00FCFF7FFFFF00FC000000FE81
:10D1C0000000000000FE0000000000FE0000000063
:10D1D00000FE0000000000FE0000000000FE000055
:10D1E000000000FE0000000000FE0000000000FE45
:10D1F0000000000000FE0000000000FE0000000033
:10D2000000FE0000000000FE0000000000FE000024
:10D21000000000FE0000000000FE0000000000FE14
:10D220000000000000FE0000000000FE0000000002
:10D2300000FE0000000000FE0000000000FE0000F4
:10D24000000000FE0000000000FE0000000000FEE4
:10D250000000000000FE0000000000FE00000000D2
:10D2600000FE0000000000FE0000000000FE0000C4
:10D27000000000FE0000000000FE0000000000FEB4
:10D280000000000000FE0000000000FE00000000A2
:10D2900000FE0000000000FE0000000000FE000094
:10D2A000000000FE0000000000FE0000000000FE84
:10D2B0000000000000FE0000000000FE0000000072
:10D2C00000FE0000000000FE0000000000FE000064
:10D2D000000000FE0000000000FE00000000000052
:10D2E000000000000000000000000000000000003E
:10D2F000000000000000000000000000000000002E
:10D30000000000000000000000000000000000001D
:10D31000000000000000000000000000000000000D
:10D3200000000000000000000000000000000000FD
:10D3300000000000000000000000000000000000ED
:10D3400000000000000000000000000000000000DD
:10D3500000000000000000000000000000000000CD
:10D36000FC010000FC01FC010000FC01FC010000CC
:10D37000FC01FC010000FC01FC010000FC01FC01BF
:10D380000000FC01FC010000FC01FC010000FC01AC
:10D39000FC010000FC01FC010000FC01FC0100009C
:10D3A000FC01FC010000FC01FC010000FC01FC018F
:10D3B0000000FC01FC010000FC01FC010000FC017C
:10D3C000FC010000FC01FC010000FC01FC0100006C
:10D3D000FC01FC010000FC01FC010000FC01FC015F
:10D3E0000000FC01FC010000FC01FC010000FC014C
:10D3F000FC010000FC01FC010000FC01FC0100003C
:10D40000FC01FC010000FC01FC010000FC01FC012E
:10D410000000FC01FC010000FC01FC010000FC011B
:10D42000FC010000FC01FC010000FC01FC0100000B
:10D43000FC01FC010000FC01FC010000FC01FC01FE
:10D440000000FC01FC010000FC01FC010000FC01EB
:10D45000FC000000F803FE000000F803FE000000DE
:10D46000F803FF000000F8077F000000F0077F00CE
:10D470000080F00F3F0000C0E01F3F0000F0E07FA1
:10D480001F0003FEC0FF0F00FFFF80FF0700FFFF2C
:10D4900000FF0300FFFF00FE0000FFFF00F8000098
:10D4A000FF3F00E00000FF07000000000000000058
:10D4B000000000000000000000000000000000006C
:10D4C000000000000000000000000000000000005C
:10D4D000000000000000000000000000000000004C
:10D4E000000000000000000000000000000000003C
:10D4F000000000000000000000000000000000002C
:10D50000000000000000000000000000000000001B
:10D51000000000000000000000000000000000000B
:10D52000000000000000000000FE0000E00F00FF0F
:10D530000000E01F007F0000C01F007F0000C01F30
:10D54000807F0000C03F803F0000803F803F0000A0
:10D55000803F803F0000807FC01F0000007FC01F11
:10D560000000007FC01F0000007FE00F000000FEF1
:10D57000E00F000000FEE00F000000FEF0070100D9
:10D5800000FCF007010000FCF007010000FCF803BC
:10D59000030000F8F803030000F8F803030000F8A4
:10D5A000FC01070000F0FC01070000F0FC0107008F
:10D5B00000F0FE000F0000E0FE000F0000E0FE00A3
:10D5C0000F0000E07F001F0000C07F001F0000C0B0
:10D5D0007F001F0000C03F003F8000803F003F8071
:10D5E00000803F003F8000801F007FC000001F00C0
:10D5F0007FC000001F007FC000000F00FEE00000A1
:10D600000F00FEE000000F00FEE000000700FCE05D
:10D6100000000700FCF100000700FCF1000003001F
:10D62000F8F100000300F8F300000300F8FB00002D
:10D630000100F0FB00000100F0FB00000000F0FF23
:10D6400000000000E0FF00000000E0FF000000001C
:10D65000E07F00000000C07F00000000C07F0000ED
:10D660000000C03F00000000803F000000000000FC
:10D6700000000000000000000000000000000000AA
:10D68000000000000000000000000000000000009A
:10D69000000000000000000000000000000000008A
:10D6A000000000000000000000000000000000007A
:10D6B000000000000000000000000000000000006A
:10D6C000000000000000000000000000000000005A
:10D6D000000000000000000000000000000000004A
:10D6E000000000000000000000000000000000003A
:10D6F0000000000000000000007F030000F81F0091
:10D7000000C0007F070000FC1F0000C0807F0700F2
:10D7100000FC3F0000C0803F070000FC3F0000808D
:10D72000803F070000FC3F000080803F0F0000FEAC
:10D730003F000080C03F0F0000FE7F000080C01F40
:10D740000F0000FE7F000000C01F0F0000BE7F0022
:10D750000000C01F1F0000BF7F000000E00F1F007F
:10D7600000BFFF000000E00F1F0000BFFE00000030
:10D77000E00F1F00009FFE000000E00F3F00801F31
:10D78000FE000000F0073F00801FFE010000F007D0
:10D790003F00801FFC010000F0073F00C01FFC019C
:10D7A0000000F8077E00C00FFC010000F8037E00B7
:10D7B000C00FFC010000F8037E00C00FF80300005A
:10D7C000F8037E00E007F8030000FC03FC00E0071C
:10D7D000F8030000FC01FC00E007F8030000FC0176
:10D7E000FC00E007F0070000FC01FC00F003F0077C
:10D7F0000000FE00F801F003F0070000FE00F80151
:10D80000F003F0070000FE00F801F003E00F000055
:10D81000FE00F801F801E00F00007F00F003F801BE
:10D82000E00F00007F00F003F801E00F00007F0030
:10D83000F003FC01C00F00007F00F007FC00C01FD8
:10D8400000003F00E087FC00C01F00003F00E087B1
:10D85000FC00801F00003F00E0877E00801F00006A
:10D860001F00E0877E00801F00001F00C08F7E0029
:10D87000803F00001F00C0CF7E00003F00001F005F
:10D88000C0CF3F00003F00000F00C0CF3F00003F6F
:10D8900000000F0080CF3F00003F00000F0080CF4E
:10D8A0003F00007E00000F0080FF1F00007E000090
:10D8B000070080FF1F0000FE0000070000FF1F00A0
:10D8C00000FE0000070000FF1F0000FC0000070032
:10D8D00000FF0F0000FC0000030000FF0F0000FC31
:10D8E0000000030000FE0F0000FC0000030000FE2B
:10D8F000070000F80000010000FE070000F800002B
:10D90000010000FE070000F80000010000FC070015
:10D9100000F800000000000000000000000000000F
:10D9200000000000000000000000000000000000F7
:10D9300000000000000000000000000000000000E7
:10D9400000000000000000000000000000000000D7
:10D9500000000000000000000000000000000000C7
:10D9600000000000000000000000000000000000B7
:10D9700000000000000000000000000000000000A7
:10D980000000000000000000000000000000000097
:10D990000000000000000000000000000000000087
:10D9A0000000000000000000000000000000000077
:10D9B0000000000000000000000000000000000067
:10D9C0000000000000000000000000000000000057
:10D9D0000000000000000000000000000000000047
:10D9E0000000000000000000007F0000803F803F3A
:10D9F0000000007FC03F0000007FC01F000000FE4D
:10DA0000E00F010000FCF00F010000FCF007030034
:10DA100000F8F803070000F8F803070000F0FC0125
:10DA20000F0000E0FE010F0000E0FE001F0000C03C
:10DA30007F003F0000807F003F8000803F007F80AC
:10DA400000001F00FEC000001F00FEE000000F00ED
:10DA5000FCE100000700FCF100000700F8F3000003
:10DA60000300F0FF00000100F0FF00000100E0FFF4
:10DA700000000000C0FF00000000C0FF0000000028
:10DA8000807F00000000C07F00000000C0FF000099
:10DA90000000E0FF00000100E0FF00000300F0FFD5
:10DAA00000000300F8F300000700F8F300000F0087
:10DAB000FCE100000F00FCE100001F00FEC00000C0
:10DAC0001F00FF8000003F007F8000007F003F00BC
:10DAD00000807F003F000080FE001F0000C0FC01AE
:10DAE0001F0000E0FC010F0000E0F8030F0000F051
:10DAF000F803070000F0F007030000F8E00F030050
:10DB000000FCE00F010000FCC01F010000FE801FB0
:10DB1000000000FF803F000000FF007F0000807FCA
:10DB2000007F0000803F00FE0000C03F00000000BA
:10DB300000000000000000000000000000000000E5
:10DB400000000000000000000000000000000000D5
:10DB500000000000000000000000000000000000C5
:10DB600000000000000000000000000000000000B5
:10DB700000000000000000000000000000000000A5
:10DB80000000000000000000000000000000000095
:10DB90000000000000000000000000000000000085
:10DBA0000000000000000000000000000000000075
:10DBB00000FF0000007F007F000000FF007F0000EA
:10DBC00000FE803F010000FE803F010000FCC01FFE
:10DBD000030000FCC01F030000F8E00F070000F87E
:10DBE000E00F070000F0F0070F0000F0F0070F0053
:10DBF00000E0F8030F0000E0F8031F0000C0FC0184
:10DC00001F0000C0FC013F000080FE003F000080BC
:10DC1000FE007F0000007F007F0000007F00FE000C
:10DC200000003F00FE8000003F00FC8000001F005D
:10DC3000FCC100001F00F8C100000F00F8E3000065
:10DC40000F00F0E300000700F0F700000700E0F726
:10DC500000000300E0FF00000100C0FF0000010021
:10DC6000C0FF0000000080FF0000000080FF0000F7
:10DC70000000007F00000000007F00000000007F27
:10DC800000000000007F00000000007F0000000096
:10DC9000007F00000000007F00000000007F000007
:10DCA0000000007F00000000007F00000000007FF7
:10DCB00000000000007F00000000007F0000000066
:10DCC000007F00000000007F00000000007F0000D7
:10DCD0000000007F00000000007F00000000007FC7
:10DCE00000000000007F00000000007F0000000036
:10DCF000007F0000000000000000000000000000A5
:10DD00000000000000000000000000000000000013
:10DD10000000000000000000000000000000000003
:10DD200000000000000000000000000000000000F3
:10DD300000000000000000000000000000000000E3
:10DD400000000000000000000000000000000000D3
:10DD500000000000000000000000000000000000C3
:10DD600000000000000000000000000000000000B3
:10DD70000000000000000000FF0FFFFF00F0FF0F99
:10DD8000FFFF00F0FF0FFFFF00F0FF0FFFFF00F0AD
:10DD9000FF0FFFFF00F0FF0FFFFF00F000000F007C
:10DDA00000E000001F0000E000001F0000C00000B5
:10DDB0003F0000C000003F00008000007F00000026
:10DDC0000000FF0000000000FE0000000000FE0157
:10DDD00000000000FC0100000000F803000000004B
:10DDE000F80700000000F00700000000F00F00003E
:10DDF0000000E00F00000000C01F00000000C01F76
:10DE000000000000803F00000000807F0000000054
:10DE1000007F0000000000FE0000000000FE000087
:10DE2000010000FC0000030000FC0000030000F8FB
:10DE30000000070000F80000070000F000000F00DD
:10DE400000E000001F0000E000001F0000C0000014
:10DE50003F0000C000003F00008000007F00000085
:10DE60000000FF0000000000FE0000000000FE01B6
:10DE700000000000FC0100000000F80300000000AA
:10DE8000F80700000000F00700000000F00F00009D
:10DE90000000E00F00000000FF1FFFFF00F8FF1F61
:10DEA000FFFF00F8FF1FFFFF00F8FF1FFFFF00F854
:10DEB000FF1FFFFF00F8FF1FFFFF00F8000000003A
:10DEC0000000000000000000000000000000000052
:10DED0000000000000000000000000000000000042
:10DEE0000000000000000000000000000000000032
:10DEF0000000000000000000000000000000000022
:10DF00000000000000000000000000000000000011
:10DF10000000000000000000000000000000000001
:10DF200000000000000000000000000000000000F1
:10DF3000000000000000000000000000FF0300F8E7
:10DF4000FF0300F8FF0300F8FF0300F8FF0300F8E9
:10DF5000FF0300F8F8030000F8030000F8030000D6
:10DF6000F8030000F8030000F8030000F8030000C5
:10DF7000F8030000F8030000F8030000F8030000B5
:10DF8000F8030000F8030000F8030000F8030000A5
:10DF9000F8030000F8030000F8030000F803000095
:10DFA000F8030000F8030000F8030000F803000085
:10DFB000F8030000F8030000F8030000F803000075
:10DFC000F8030000F8030000F8030000F803000065
:10DFD000F8030000F8030000F8030000F803000055
:10DFE000F8030000F8030000F8030000F803000045
:10DFF000F8030000F8030000F8030000F803000035
:10E00000F8030000F8030000F8030000F803000024
:10E01000F8030000F8030000F8030000F803000014
:10E02000F8030000F8030000F8030000FF0300F805
:10E03000FF0300F8FF0300F8FF0300F8FF0300F8F8
:10E04000FF0300F8000000000000000000000000D6
:10E0500000000000000000000000000000000000C0
:10E06000000000000000000000000000007F000031
:10E07000007F0000003F0000803F0000803F000064
:10E08000801F0000C01F0000C00F0000E00F000054
:10E09000E00F0000E0070000F0070000F0070000BC
:10E0A000F0030000F8030000F8010000FC0100008C
:10E0B000FC010000FC000000FE000000FE0000006B
:10E0C0007E0000007F0000003F0000003F00008055
:10E0D0003F0000801F0000801F0000C01F0000C024
:10E0E0000F0000C00F0000E0070000E0070000E0A4
:10E0F000070000F0030000F0030000F8030000F840
:10E10000010000F8010000FC000000FC000000FC21
:10E11000000000FE0000007E0000007F0000007F85
:10E120000000003F0000803F0000801F0000801FB3
:10E130000000C01F0000C00F0000E00F0000E00F53
:10E140000000E007000000000000000000000000E8
:10E1500000000000000000000000000000000000BF
:10E1600000000000000000000000000000000000AF
:10E17000000000000000000000000000000000009F
:10E18000000000000000000000000000000000008F
:10E19000000000000000000000000000FF3F0080C1
:10E1A000FF3F0080FF3F0080FF3F0080FF3F008077
:10E1B000FF3F00803F0000803F0000803F00008064
:10E1C0003F0000803F0000803F0000803F00008053
:10E1D0003F0000803F0000803F0000803F00008043
:10E1E0003F0000803F0000803F0000803F00008033
:10E1F0003F0000803F0000803F0000803F00008023
:10E200003F0000803F0000803F0000803F00008012
:10E210003F0000803F0000803F0000803F00008002
:10E220003F0000803F0000803F0000803F000080F2
:10E230003F0000803F0000803F0000803F000080E2
:10E240003F0000803F0000803F0000803F000080D2
:10E250003F0000803F0000803F0000803F000080C2
:10E260003F0000803F0000803F0000803F000080B2
:10E270003F0000803F0000803F0000803F000080A2
:10E280003F0000803F0000803F000080FF3F008093
:10E29000FF3F0080FF3F0080FF3F0080FF3F008086
:10E2A000FF3F0080000000000000000000000000B0
:10E2B000000000000000000000000000000000005E
:10E2C000000000000000000000000000000000004E
:10E2D0000000003C00000000003E00000000007E46
:10E2E00000000000007F0000000000FF00000000B0
:10E2F00080FF0000010080FF00000100C0FF00005F
:10E300000300C0F700000300E0E700000700E0E3BF
:10E3100000000700E0C300000F00F0C100000F0084
:10E32000F08100001F00F88000001F00F8000000CE
:10E330003F00FC0000003E007C0000007E007E00EC
:10E3400000007C003E000000FC003F000000FC00DC
:10E350001F000000F8001F000080F8010F0000807F
:10E36000F0010F0000C0F0030F0000C0E003070041
:10E3700000C0E007070000E0C007030000E0C00F96
:10E38000030000F0800F010000F0801F010000F882
:10E39000001F000000F8003F000000FC000000002B
:10E3A000000000000000000000000000000000006D
:10E3B000000000000000000000000000000000005D
:10E3C000000000000000000000000000000000004D
:10E3D000000000000000000000000000000000003D
:10E3E000000000000000000000000000000000002D
:10E3F000000000000000000000000000000000001D
:10E40000000000000000000000000000000000000C
:10E4100000000000000000000000000000000000FC
:10E4200000000000000000000000000000000000EC
:10E4300000000000000000000000000000000000DC
:10E4400000000000000000000000000000000000CC
:10E4500000000000000000000000000000000000BC
:10E4600000000000000000000000000000000000AC
:10E47000000000000000000000000000000000009C
:10E48000000000000000000000000000000000008C
:10E49000000000000000000000000000000000007C
:10E4A000000000000000000000000000000000006C
:10E4B000000000000000000000000000000000005C
:10E4C000000000000000000000000000000000004C
:10E4D000000000000000000000000000000000003C
:10E4E000000000000000000000000000000000002C
:10E4F000000000000000000000000000000000001C
:10E50000000000000000000000000000000000000B
:10E5100000000000000000000000000000000000FB
:10E5200000000000000000000000000000000000EB
:10E5300000000000000000000000000000000000DB
:10E5400000000000000000000000000000000000CB
:10E5500000000000000000000000000000000000BB
:10E5600000000000000000000000000000000000AB
:10E57000000000000000000000000000000000009B
:10E58000000000000000000000000000FFFFFEFF90
:10E59000FFFFFEFFFFFFFEFFFFFFFEFFFFFFFEFF8F
:10E5A000000000000000000000000000000000006B
:10E5B000000000000000000000000000010000FF5B
:10E5C000010000FF000080FF0000807F0000C03FCE
:10E5D0000000C01F0000E00F0000F0070000F00383
:10E5E0000000F8010000FC0000007C0000000000BA
:10E5F000000000000000000000000000000000001B
:10E60000000000000000000000000000000000000A
:10E6100000000000000000000000000000000000FA
:10E6200000000000000000000000000000000000EA
:10E6300000000000000000000000000000000000DA
:10E6400000000000000000000000000000000000CA
:10E6500000000000000000000000000000000000BA
:10E6600000000000000000000000000000000000AA
:10E67000000000000000000000000000000000009A
:10E68000000000000000000000000000000000008A
:10E69000000000000000000000000000000000007A
:10E6A000000000000000000000000000000000006A
:10E6B000000000000000000000000000000000005A
:10E6C000000000000000000000000000000000004A
:10E6D000000000000000000000000000000000003A
:10E6E000000000000000000000000000000000002A
:10E6F000000000000000000000000000000000001A
:10E700000000000000000000000000000000000009
:10E7100000000000000000000000000000000000F9
:10E7200000000000000000000000000000000000E9
:10E7300000000000000000000000000000000000D9
:10E74000010080FF00000F00F0FF00007F00FCFFD1
:10E750000000FF01FEFF0000FF01FFFF0000FF00BF
:10E76000FFFF0000FC00FF00008070007F000080C1
:10E7700040003F00008000001F0000C000001F009C
:10E7800000C000001F0000C000001F0000C000000B
:10E790001F0000C000001F0000C000001F0000C0DC
:10E7A00000001F0000C00000FF3F00C00700FFFF87
:10E7B00000C03F00FFFF00C07F00FFFF00C0FF015F
:10E7C000FFFF00C0FF011FC000C0FE031F0000C00C
:10E7D000F8071F0000C0F0071F0000C0F0071F006F
:10E7E00000C0E00F1F0000C0E00F1F0000C0E00FDE
:10E7F0001F0000C0E00F1F0000C0E00F3F0000C07E
:10E80000E00F3F0000C0E00F7F0000C0F00FFF00EE
:10E8100000C0F007FF0100C0FC07FF0300C0FF07B6
:10E82000EFFF00C0FF03CFFF00C0FF018FFF00C05C
:10E83000FF0007FF00C07F0007FC00C00F0000F0D2
:10E8400000000000000000000000000000000000C8
:10E8500000000000000000000000000000000000B8
:10E8600000000000000000000000000000000000A8
:10E870000000000000000000000000000000000098
:10E880000000000000000000000000000000000088
:10E890000000000000000000000000000000000078
:10E8A0000000000000000000000000000000000068
:10E8B00000000000F80300000000F8030000000062
:10E8C000F80300000000F80300000000F803000057
:10E8D0000000F80300000000F80300000000F80347
:10E8E00000000000F80300000000F8030000000032
:10E8F000F80300000000F80300000000F803000027
:10E900000000F80300000000F80300000000F80316
:10E9100000000000F803F8070000F803FF3F0000C4
:10E92000F803FFFF0080F903FFFF00E0FB03FFFF98
:10E9300000F0F703FFFF00F8FF030FE000F8FF030C
:10E94000038000FCFF03010000FCFE03000000FE4A
:10E95000FE03000000FEFC03000000FFFC030000BB
:10E96000007FF8030000007FF8030000007FF80339
:10E970000000803FF8030000803FF8030000803F64
:10E98000F8030000803FF8030000803FF803000018
:10E99000803FF8030000803FF8030000803FF80349
:10E9A0000000803FF8030000803FF8030000803F34
:10E9B000F8030000803FF8030000803FF8030000E8
:10E9C000007FFC030000007FFC030000007FFC03CD
:10E9D000000000FFFE03000000FEFE03010000FE39
:10E9E000FF03010000FCFF03038000FCFF030FE0B6
:10E9F00000F8F703FFFF00F8F303FFFF00F0F10357
:10EA0000FFFF00E0E003FFFF0080E003FF3F0000A6
:10EA10000000F807000000000000000000000000F7
:10EA200000000000000000000000000000000000E6
:10EA300000000000000000000000000000000000D6
:10EA400000000000000000000000000000000000C6
:10EA500000000000000000000000000000000000B6
:10EA600000000000000000000000000000000000A6
:10EA70000000000000000000000000000000000096
:10EA80000000000000000000000000000000000086
:10EA90000000000000000000000000000000000076
:10EAA0000000000000000000000000000000000066
:10EAB000000000000000E07F0300FCFF0F00FFFFEC
:10EAC0001F00FFFF3F00FEFF7F00FEFFFF003EC074
:10EAD000FF010400FE010000FC030000F803000039
:10EAE000F8070000F0070000F0070000F007000042
:10EAF000E00F0000E00F0000E00F0000E00F00005A
:10EB0000E00F0000E00F0000E00F0000E00F000049
:10EB1000E00F0000E00F0000E00F0000E00F000039
:10EB2000E00F0000F0070000F0070000F007000011
:10EB3000F8070000F8030000FC030000FE010000DD
:10EB4000FF010200FF001EC07F00FEFF3F00FEFF2E
:10EB50001F00FEFF0F00FEFF0300FCFF0000E07F30
:10EB600000000000000000000000000000000000A5
:10EB70000000000000000000000000000000000095
:10EB80000000000000000000000000000000000085
:10EB90000000000000000000000000000000000075
:10EBA0000000000000000000000000000000000065
:10EBB00000FE0000000000FE0000000000FE00005B
:10EBC000000000FE0000000000FE0000000000FE4B
:10EBD0000000000000FE0000000000FE0000000039
:10EBE00000FE0000000000FE0000000000FE00002B
:10EBF000000000FE0000000000FE0000000000FE1B
:10EC00000000000000FE0000000000FE000000FF09
:10EC100000FE0700E0FF00FE0F00F8FF00FE3F00CF
:10EC2000FCFF00FE7F00FEFF007EFF00FFFF007E76
:10EC3000FF003F8000FEFE010F0000FEFC01070008
:10EC400000FEFC03030000FEF803030000FEF807CB
:10EC5000010000FEF007010000FEF007010000FEC9
:10EC6000F007000000FEE00F000000FEE00F0000D3
:10EC700000FEE00F000000FEE00F000000FEE00FCD
:10EC8000000000FEE00F000000FEE00F000000FEAC
:10EC9000E00F000000FEE00F000000FEE00F0000AB
:10ECA00000FEE00F000000FEE00F000000FEE00F9D
:10ECB000000000FEF007000000FEF007000000FE6C
:10ECC000F007010000FEF007010000FEF80303005A
:10ECD00000FEF803030000FEFC01070000FEFE0139
:10ECE0000F0000FEFF003F8000FEFF00FFFF007EE0
:10ECF0007F00FEFF007E3F00FCFF007E0F00F8FF5C
:10ED0000007E0700E0FF007E000000FF0000000022
:10ED100000000000000000000000000000000000F3
:10ED200000000000000000000000000000000000E3
:10ED300000000000000000000000000000000000D3
:10ED400000000000000000000000000000000000C3
:10ED500000000000000000000000000000000000B3
:10ED600000000000000000000000000000000000A3
:10ED70000000000000000000000000000000000093
:10ED80000000000000000000000000000000000083
:10ED90000000000000000000000000000000000073
:10EDA0000000000000000000000000000000000063
:10EDB0000000000000000000000000000000000053
:10EDC00000000000000000000000807F0000030041
:10EDD000F0FF00000F00FCFF00001F00FEFF00001E
:10EDE0003F00FFFF00007F00FFFF0080FF007F80EB
:10EDF00000C0FE001F0000C0FC010F0000E0F8038F
:10EE00000F0000E0F803070000F0F003070000F037
:10EE1000F007030000F0F007030000F8E00703002C
:10EE200000F8E007030000F8E00F030000F8FF0F10
:10EE3000FFFF00F8FF0FFFFF00F8FF0FFFFF00F8D4
:10EE4000FF0FFFFF00F8FF0FFFFF00F8FF0FFFFFAE
:10EE500000F8E00F00000000E00F00000000E00FED
:10EE600000000000E00F00000000E00F00000000C4
:10EE7000F00700000000F00700000000F0070000AD
:10EE80000000F80300000000F80300000000FC038D
:10EE900000000000FE0100000000FF00000000E094
:10EEA000FF0007C000E07F00FFFF00E03F00FFFF22
:10EEB00000E01F00FFFF00E00700FFFF00E001008F
:10EEC000FFFF00000000F03F000000000000000015
:10EED0000000000000000000000000000000000032
:10EEE0000000000000000000000000000000000022
:10EEF0000000000000000000000000000000000012
:10EF00000000000000000000000000000000000001
:10EF100000000000000000000000000000000000F1
:10EF200000000000000000000000000000000000E1
:10EF3000000000000000000000000000000080FF52
:10EF40000700F0FF0F00F0FF1F00E0FF3F00E0FFB1
:10EF50003F00E0FF7F0000807F0000007F00000096
:10EF6000FE000000FE000000FE000000FE000000A9
:10EF7000FE000000FE000000FE000000FE00000099
:10EF8000FE000000FF0300FFFF1F00FFFF7F00FFE8
:10EF9000FF7F00FFFF7F00FFFE000000FE0000007B
:10EFA000FE000000FE000000FE000000FE00000069
:10EFB000FE000000FE000000FE000000FE00000059
:10EFC000FE000000FE000000FE000000FE00000049
:10EFD000FE000000FE000000FE000000FE00000039
:10EFE000FE000000FE000000FE000000FE00000029
:10EFF000FE000000FE000000FE000000FE00000019
:10F00000FE000000FE000000FE000000FE00000008
:10F01000FE000000FE000000FE000000FE000000F8
:10F02000FE000000FE0000000000000000000000E4
:10F0300000000000000000000000000000000000D0
:10F0400000000000000000000000000000000000C0
:10F0500000000000000000000000000000000000B0
:10F0600000000000000000000000000000000000A0
:10F070000000000000000000000000000000000090
:10F080000000000000000000000000000000000080
:10F090000000000000000000000000000000000070
:10F0A0000000000000000000000000000000000060
:10F0B0000000000000000000000000000000000050
:10F0C000030000FC00001F00FFFF00FC7F00FFFFAB
:10F0D00000FCFF00FFFF00FCFF01FFFF00FCFE0340
:10F0E000FF0300E0F803FE000000F0077F000000CF
:10F0F000F0077F000000E0073F000000E00F3F0046
:10F100000080E00F3F000080E00F3F000080E00F34
:10F110003F000080E00F3F000080E00F3F000080D4
:10F12000E00F3F000080E00F3F000080F0077F000D
:10F130000000F0077F000000F803FF000000FC0360
:10F14000FE010000FF01FCFF0000FF00F8FF0000CF
:10F150007F00F0FF00001F00C0FF00003F0000FE26
:10F1600000007E0000000000F80000000000F80130
:10F1700000000000F00300000000F00300000000A9
:10F18000F00300000000F00300000000FC0300009A
:10F190000000FF01F8FF0000FF01FFFF0000FF007B
:10F1A000FFFF00807F00FFFF00C0FF01FFFF00E0C6
:10F1B000FF07FFFF00F0F00F1F0000F0C01F070067
:10F1C00000F8803F030000F8003F030000F8007FD4
:10F1D000010000F8007F010000F8007E010000F847
:10F1E000007E030000F8007E030000F8007F0300AB
:10F1F00000F0007F070000F0803F0F0000E0C03FFC
:10F200003F0000E0F01FFF0100C0FF1FFFFF008074
:10F21000FF0FFFFF0000FF03FCFF0000FF00F0FFF7
:10F2200000001F0000FE00000000000000000000C1
:10F2300000000000F80300000000F80300000000D8
:10F24000F80300000000F80300000000F8030000CD
:10F250000000F80300000000F80300000000F803BD
:10F2600000000000F80300000000F80300000000A8
:10F27000F80300000000F80300000000F80300009D
:10F280000000F80300000000F80300000000F8038D
:10F2900000000000F803FC070000F803FF3F000037
:10F2A000F803FFFF00C0F903FFFF00E0FB03FFFFCF
:10F2B00000F0FF03FFFF00F8FF030FE000F8FF037B
:10F2C000038000FCFF03010000FCFE03010000FCC2
:10F2D000FE03000000FEFC03000000FEFC03000033
:10F2E00000FEF803000000FEF803000000FEF80333
:10F2F000000000FEF803000000FEF803000000FE1E
:10F30000F803000000FEF803000000FEF803000010
:10F3100000FEF803000000FEF803000000FEF80302
:10F32000000000FEF803000000FEF803000000FEED
:10F33000F803000000FEF803000000FEF8030000E0
:10F3400000FEF803000000FEF803000000FEF803D2
:10F35000000000FEF803000000FEF803000000FEBD
:10F36000F803000000FEF803000000FEF8030000B0
:10F3700000FEF803000000FEF803000000FEF803A2
:10F38000000000FEF803000000FEF803000000FE8D
:10F39000000000000000000000000000000000006D
:10F3A000000000000000000000000000000000005D
:10F3B000000000000000000000000000000000004D
:10F3C000000000000000000000000000000000003D
:10F3D000000000000000000000000000000000002D
:10F3E000000000000000000000000000000000001D
:10F3F000000000000000000000000000E001F80331
:10F40000F803F803F807F803F803F803E001000035
:10F41000000000000000000000000000F803F803F6
:10F42000F803F803F803F803F803F803F803F80304
:10F43000F803F803F803F803F803F803F803F803F4
:10F44000F803F803F803F803F803F803F803F803E4
:10F45000F803F803F803F803F803F803F803F803D4
:10F46000F803F803F803F803F803F803F8030000BF
:10F47000000000000000000000000000000000008C
:10F48000000000000000000000000000000000007C
:10F49000000000003C007F007F007F00FF007F0035
:10F4A0007F007F003C000000000000000000000022
:10F4B000000000007F007F007F007F007F007F0052
:10F4C0007F007F007F007F007F007F007F007F0044
:10F4D0007F007F007F007F007F007F007F007F0034
:10F4E0007F007F007F007F007F007F007F007F0024
:10F4F0007F007F007F007F007F007F007F007F0014
:10F500007F007F007F007F007F007F007F007F0003
:10F510007F007F007F007F007E00FE00FE01FCFF79
:10F52000FCFFF8FFF0FFE0FF807F0000F803000021
:10F530000000F80300000000F80300000000F803DA
:10F5400000000000F80300000000F80300000000C5
:10F55000F80300000000F80300000000F8030000BA
:10F560000000F80300000000F80300000000F803AA
:10F5700000000000F80300000000F8030000000095
:10F58000F80300000000F80300000000F80300008A
:10F590000000F803070000F8F8030F0000F0F8037C
:10F5A0001F0000E0F8033F0000C0F8037F00008068
:10F5B000F8037F000000F803FF000000F803FE01DD
:10F5C0000000F803FC030000F803F8070000F8034C
:10F5D000F00F0000F803E01F0000F803C01F000058
:10F5E000F803803F0000F003007F0000F00300FFFD
:10F5F0000000F10300FE0000F30300FC0000F7032D
:10F6000000FC0000F70300FE0000FF0300FF000005
:10F61000FF0300FF0000FF0380FF0000FE03C03F68
:10F620000000FC03C01F0000F803E00F0000F80317
:10F63000F00F0000F803F8070000F803F8030000DB
:10F64000F803FC030000F803FE010000F803FE00CD
:10F650000000F803FF000000F8037F000080F803BB
:10F660003F0000C0F8031F0000C0F8031F0000E0C7
:10F67000F8030F0000F0F803070000F0F80307009C
:10F6800000F8F803030000FC000000000000000088
:10F69000000000000000000000000000000000006A
:10F6A000000000000000000000000000000000005A
:10F6B000000000000000000000000000000000004A
:10F6C000000000000000000000000000000000003A
:10F6D000000000000000000000000000000000002A
:10F6E000000000000000000000000000000000001A
:10F6F00000000000F803F803F803F803F803F80328
:10F70000F803F803F803F803F803F803F803F80321
:10F71000F803F803F803F803F803F803F803F80311
:10F72000F803F803F803F803F803F803F803F80301
:10F73000F803F803F803F803F803F803F803F803F1
:10F74000F803F803F803F803F803F803F803F803E1
:10F75000F803F803F803F803F803F803F803F803D1
:10F76000F803F803F803F8030000000000000000AD
:10F770000000000000000000000000000000000089
:10F780000000000000000000000000000000000079
:10F790000000000000000000000000000000000069
:10F7A0000000000000000000000000000000000059
:10F7B0000000000000000000000000000000000049
:10F7C0000000000000000000000000000000000039
:10F7D0000000000000000000000000000000000029
:10F7E0000000000000000000000000000000000019
:10F7F0000000000000000000000000000000F80F02
:10F80000070000F8F003FF3F3F0000FFF003FFFF99
:10F810007F8080FFF103FFFFFFC1E0FFF303FFFFE5
:10F82000FFE3E0FFF703FFFFFFF3F0FFFF031FC05D
:10F83000E0F7F80FFF030780C0FFF807FF0307009A
:10F8400080FFF803FE03030000FFF803FC0303003E
:10F8500000FEFC01FC03010000FEFC01FC030100B2
:10F8600000FEFC01F803010000FCFC01F8030100AC
:10F8700000FCFC01F803010000FCFC01F80301009E
:10F8800000FCFC01F803010000FCFC01F80301008E
:10F8900000FCFC01F803010000FCFC01F80301007E
:10F8A00000FCFC01F803010000FCFC01F80301006E
:10F8B00000FCFC01F803010000FCFC01F80301005E
:10F8C00000FCFC01F803010000FCFC01F80301004E
:10F8D00000FCFC01F803010000FCFC01F80301003E
:10F8E00000FCFC01F803010000FCFC01F80301002E
:10F8F00000FCFC01F803010000FCFC01F80301001E
:10F9000000FCFC01F803010000FCFC01F80301000D
:10F9100000FCFC01F803010000FCFC01F8030100FD
:10F9200000FCFC01F803010000FCFC01F8030100ED
:10F9300000FCFC01F803010000FCFC01F8030100DD
:10F9400000FCFC01F803010000FCFC0100000000C9
:10F9500000000000000000000000000000000000A7
:10F960000000000000000000000000000000000097
:10F970000000000000000000000000000000000087
:10F980000000000000000000000000000000000077
:10F990000000000000000000000000000000000067
:10F9A0000000000000000000000000000000000057
:10F9B0000000000000000000000000000000000047
:10F9C0000000000000000000000000000000000037
:10F9D0000000000000000000000000000000000027
:10F9E0000000000000000000000000000000000017
:10F9F0000000000000000000000000000000000007
:10FA000000000000000000000000000000000000F6
:10FA100000000000000000000000000000000000E6
:10FA200000000000000000000000000000000000D6
:10FA300000000000000000000000000000000000C6
:10FA40000000FC070000F003FF3F0000F003FFFF91
:10FA500000C0F103FFFF00E0F303FFFF00F0F70336
:10FA6000FFFF00F8FF030FE000F8FF03038000FC36
:10FA7000FF03010000FCFE03010000FCFE03000088
:10FA800000FEFC03000000FEFC03000000FEF80383
:10FA9000000000FEF803000000FEF803000000FE76
:10FAA000F803000000FEF803000000FEF803000069
:10FAB00000FEF803000000FEF803000000FEF8035B
:10FAC000000000FEF803000000FEF803000000FE46
:10FAD000F803000000FEF803000000FEF803000039
:10FAE00000FEF803000000FEF803000000FEF8032B
:10FAF000000000FEF803000000FEF803000000FE16
:10FB0000F803000000FEF803000000FEF803000008
:10FB100000FEF803000000FEF803000000FEF803FA
:10FB2000000000FEF803000000FEF803000000FEE5
:10FB3000F803000000FEF803000000FE00000000D3
:10FB400000000000000000000000000000000000B5
:10FB500000000000000000000000000000000000A5
:10FB60000000000000000000000000000000000095
:10FB70000000000000000000000000000000000085
:10FB80000000000000000000000000000000000075
:10FB90000000000000000000000000000000000065
:10FBA0000000000000000000000000000000000055
:10FBB0000000000000000000000000000000000045
:10FBC0000000000000000000000000000000000035
:10FBD0000000000000000000000000000000000025
:10FBE0000000000000000000000000000000000015
:10FBF0000000000000000000000000000000000005
:10FC000000000000000000000000C03F00000300F2
:10FC1000F8FF00000F00FEFF00001F00FFFF008044
:10FC20003F00FFFF00C07F00FFFF00E0FF001F80DC
:10FC300000F0FE010F0000F0FC01030000F8FC03DF
:10FC4000030000F8F803010000FCF803010000FCC9
:10FC5000F007000000FEF007000000FEF0070000C3
:10FC600000FEE00F0000007EE00F0000007FE00FCC
:10FC70000000007FE00F0000007FE00F0000007F29
:10FC8000E00F0000007FE00F0000007FE00F0000A9
:10FC9000007FE00F0000007FE00F0000007FE00F1A
:10FCA0000000007FE00F0000007FE0070000007E02
:10FCB000F007000000FEF007000000FEF007000063
:10FCC00000FEF803010000FCF803010000FCFC0347
:10FCD000030000FCFC01030000F8FE000F0000F828
:10FCE000FF001F8000F07F00FFFF00E03F00FFFFEC
:10FCF00000C01F00FFFF00800700FEFF00000100A2
:10FD0000FCFF00000000C03F0000000000000000F9
:10FD100000000000000000000000000000000000E3
:10FD200000000000000000000000000000000000D3
:10FD300000000000000000000000000000000000C3
:10FD400000000000000000000000000000000000B3
:10FD500000000000000000000000000000000000A3
:10FD60000000000000000000000000000000000093
:10FD70000000000000000000000000000000000083
:10FD80000000000000000000000000000000000073
:10FD90000000000000000000000000000000000063
:10FDA0000000000000000000000000000000000053
:10FDB0000000000000000000000000000000000043
:10FDC0000000000000000000000000000000000033
:10FDD0000000F8070000F003FF3F0000F003FFFF02
:10FDE0000080F103FFFF00E0F303FFFF00F0F703E3
:10FDF000FFFF00F8FF030FE000F8FF03038000FCA3
:10FE0000FF03010000FCFE03000000FEFC030000F5
:10FE100000FEFC03000000FFFC030000007FF8036D
:10FE20000000007FF8030000007FF8030000803F1F
:10FE3000F8030000803FF8030000803FF803000053
:10FE4000803FF8030000803FF8030000803FF80384
:10FE50000000803FF8030000803FF8030000803F6F
:10FE6000F8030000803FF8030000803FF803000023
:10FE7000803FF8030000803FF8030000007FFC0390
:10FE80000000007FFC030000007FFC03000000FF77
:10FE9000FE03000000FEFE03010000FEFF03010060
:10FEA00000FCFF03038000FCFF030FE000F8F703F2
:10FEB000FFFF00F8F303FFFF00F0F903FFFF00E08E
:10FEC000F803FFFF0080F803FF3F0000F803F80786
:10FED0000000F80300000000F80300000000F80331
:10FEE00000000000F80300000000F803000000001C
:10FEF000F80300000000F80300000000F803000011
:10FF00000000F80300000000F80300000000F80300
:10FF100000000000F80300000000F80300000000EB
:10FF2000F80300000000F80300000000F8030000E0
:10FF30000000F803000000000000000000000000C6
:10FF400000000000000000000000000000000000B1
:10FF500000000000000000000000000000000000A1
:10FF60000000000000000000000000000000000091
:10FF70000000000000000000000000000000000081
:10FF80000000000000000000000000000000000071
:10FF90000000000000000000000000FF000007005B
:10FFA000E0FF007E0F00F8FF007E3F00FCFF007EB8
:10FFB0007F00FEFF007EFF00FFFF007EFF003F800E
:10FFC00000FEFE010F0000FEFC01070000FEFC0326
:10FFD000030000FEF803030000FEF807010000FE26
:10FFE000F007010000FEF007010000FEF00700002E
:10FFF00000FEE00F000000FEE00F000000FEE00F3A
:020000024000BC
:10000000000000FEE00F000000FEE00F000000FE18
:10001000E00F000000FEE00F000000FEE00F000017
:1000200000FEE00F000000FEE00F000000FEE00F09
:10003000000000FEE00F000000FEE00F000000FEE8
:10004000F007000000FEF007000000FEF0070100CE
:1000500000FEF007010000FEF803030000FEF803B5
:10006000030000FEFC01070000FEFE010F0000FE81
:10007000FF003F8000FEFF00FFFF007E7F00FEFFCD
:1000800000FE3F00FCFF00FE0F00F8FF00FE07002F
:10009000E0FF00FE000000FF00FE0000000000FE88
:1000A0000000000000FE0000000000FE0000000054
:1000B00000FE0000000000FE0000000000FE000046
:1000C000000000FE0000000000FE0000000000FE36
:1000D0000000000000FE0000000000FE0000000024
:1000E00000FE0000000000FE0000000000FE000016
:1000F000000000FE0000000000FE0000000000FE06
:1001000000000000000000000000000000000000EF
:1001100000000000000000000000000000000000DF
:1001200000000000000000000000000000000000CF
:1001300000000000000000000000000000000000BF
:10014000000000000000F00FF003F03FF003F07F2C
:10015000F003F0FFF103E0FFF303E0FFF30320F807
:10016000F70300C0FF030080FF030000FE03000050
:10017000FE030000FC030000FC030000F803000085
:10018000F8030000F8030000F8030000F803000083
:10019000F8030000F8030000F8030000F803000073
:1001A000F8030000F8030000F8030000F803000063
:1001B000F8030000F8030000F8030000F803000053
:1001C000F8030000F8030000F8030000F803000043
:1001D000F8030000F8030000F8030000F803000033
:1001E000F8030000F8030000F8030000000000001E
:1001F00000000000000000000000000000000000FF
:1002000000000000000000000000000000000000EE
:1002100000000000000000000000000000000000DE
:1002200000000000000000000000000000000000CE
:1002300000000000000000000000000000000000BE
:1002400000000000000000000000000000000000AE
:10025000000000000000000000000000000000009E
:10026000000000000000000000000000000000008E
:1002700000000000070000FE3F00C0FFFF00F8FF85
:10028000FF01F8FFFF03F8FFFF07F0FFF807F00199
:10029000F00F7000E00F0000E00F0000E00F000022
:1002A000E00F0000E00F0000E00F0000F00F000082
:1002B000F8070000FE070000FF030080FF0100E0D8
:1002C000FF0000F87F0000FE1F0080FF0700C0FF56
:1002D0000100E0FF0000F07F0000F81F0000F807B9
:1002E0000000FC030000FC030000FC010000FC0116
:1002F0000000FC010000FC010000FC010010FC03F8
:10030000001CF803801FF80FFF1FF0FFFF1FE0FF26
:10031000FF1FE0FFFF0F80FFFF0300FE7F0000F0E4
:1003200000000000000000000000000000000000CD
:1003300000000000000000000000000000000000BD
:1003400000000000000000000000000000000000AD
:10035000000000000000000000000000000000009D
:10036000000000000000000000000000000000008D
:10037000000000000000000000000000000000007D
:100380003C0000007C0000007C0000007C000000BD
:10039000FC000000FC000000FC000000FC0100006C
:1003A000FC030000FF0F80FFFF3F80FFFF7F80FF07
:1003B000FF7F80FFFF7F80FFFC010000FC01000049
:1003C000FC010000FC010000FC010000FC01000039
:1003D000FC010000FC010000FC010000FC01000029
:1003E000FC010000FC010000FC010000FC01000019
:1003F000FC010000FC010000FC010000FC01000009
:10040000FC010000FC010000FC010000FC010000F8
:10041000FC010000FC010000FC010000FC010000E8
:10042000FC010000FC010000FC010000FE000000D7
:10043000FF000000FF0080FF7F0080FF7F0080FF43
:100440003F0080FF0F0080FF030000FE000000005F
:10045000000000000000000000000000000000009C
:10046000000000000000000000000000000000008C
:10047000000000000000000000000000000000007C
:10048000000000000000000000000000000000006C
:10049000000000000000000000000000000000005C
:1004A000000000000000000000000000000000004C
:1004B000000000000000000000000000000000003C
:1004C000000000000000000000000000000000002C
:1004D000000000000000000000000000000000001C
:1004E000000000000000000000000000000000000C
:1004F000000000000000F803000000FEF803000008
:1005000000FEF803000000FEF803000000FEF80300
:10051000000000FEF803000000FEF803000000FEEB
:10052000F803000000FEF803000000FEF8030000DE
:1005300000FEF803000000FEF803000000FEF803D0
:10054000000000FEF803000000FEF803000000FEBB
:10055000F803000000FEF803000000FEF8030000AE
:1005600000FEF803000000FEF803000000FEF803A0
:10057000000000FEF803000000FEF803000000FE8B
:10058000F803000000FEF803000000FEF80300007E
:1005900000FEF803000000FEF803000000FEF80370
:1005A000000000FEF803010000FEF803010000FE59
:1005B000F803030000FEFC01030000FEFC0107003D
:1005C00000FEFE010F0000FEFF003F8000FEFF0066
:1005D000FFFF007E7F00FEFF007E3F00FCFF007EED
:1005E0001F00F8FF007E0F00E0FF007E010000FF0B
:1005F00000000000000000000000000000000000FB
:1006000000000000000000000000000000000000EA
:1006100000000000000000000000000000000000DA
:1006200000000000000000000000000000000000CA
:1006300000000000000000000000000000000000BA
:1006400000000000000000000000000000000000AA
:10065000000000000000000000000000000000009A
:10066000000000000000000000000000000000008A
:10067000000000000000000000000000000000007A
:10068000000000000000000000000000000000006A
:10069000000000000000000000000000000000005A
:1006A000000000000000000000000000000000004A
:1006B000000000000000000000000000000000FE3C
:1006C000070000F000FE070000F0007F0F0000E0D0
:1006D000007F0F0000E0007F0F0000E0003F1F00E0
:1006E00000C0803F1F0000C0803F1F0000C0801F6F
:1006F0003F000080C01F3F000080C01F3F000080FF
:10070000C00F7F000000E00F7F000000E00F7F00BF
:100710000000E007FE000000F007FE000000F00708
:10072000FE000000F003FC010000F803FC010000E3
:10073000F803FC010000F801F8010000FC01F803D7
:100740000000FC01F8030000FC00F0030000FE00C4
:10075000F0070000FE00E00700007E00E007000058
:100760007E00E00F00007F00C00F00003F00C00FC0
:1007700000003F00C01F00003F00809F00001F00DE
:10078000809F00001F00809F00001F0000BF00002E
:100790000F0000FF00000F0000FF00000F0000FE30
:1007A0000000070000FE0000070000FE0000070038
:1007B00000FC00000000000000000000000000003D
:1007C0000000000000000000000000000000000029
:1007D0000000000000000000000000000000000019
:1007E0000000000000000000000000000000000009
:1007F00000000000000000000000000000000000F9
:1008000000000000000000000000000000000000E8
:1008100000000000000000000000000000000000D8
:1008200000000000000000000000000000000000C8
:1008300000000000000000000000000000000000B8
:1008400000000000000000000000000000000000A8
:100850000000000000000000000000000000000098
:100860000000000000000000000000000000000088
:100870000000000000000000000000000000000078
:100880000000000000000000000000000000000068
:100890000000000000000000000000000000000058
:1008A00000000000007F7F000080007F007F7F004D
:1008B0000080007F007FFF000080007F803FFF00FE
:1008C000008000FE803FFF0000C000FE803FFF016F
:1008D00000C000FE803FF70100C000FE801FF7014E
:1008E00000C000FCC01FF70101E000FCC01FF703BF
:1008F00001E000FCC01FF30301E000F8C00FE303B8
:1009000001E000F8E00FE30703F000F8E00FE30771
:1009100003F000F8E00FE10703F000F0E007C10F7B
:1009200003F800F0E007C10F07F800F0F007C10F6F
:1009300007F800F0F007C00F07F800E0F003801F91
:1009400007FC00E0F003801F0FFC00E0F803801FAD
:100950000FFC00E0F803003F0F7C00C0F801003FEF
:100960000F7E00C0F801003F1F7E00C0F801007E2E
:100970001F7E00C0FC01007E1F3E0080FC00007E48
:100980001F3F0080FC00007E1F3F0080FC00007CB9
:100990003F3F0000FC0000FC3F1F00007C0000FC0B
:1009A000BF1F00007E0000F8BF1F00007E0000F89F
:1009B000BE1F00007F0000F8BE0F00003F0000F8DF
:1009C000BE0F00003F0000F0FE0F00003F0000F0EF
:1009D000FC0700003F0000F0FC0700001F0000E0E3
:1009E000FC0700001F0000E0FC0700000000000002
:1009F00000000000000000000000000000000000F7
:100A000000000000000000000000000000000000E6
:100A100000000000000000000000000000000000D6
:100A200000000000000000000000000000000000C6
:100A300000000000000000000000000000000000B6
:100A400000000000000000000000000000000000A6
:100A50000000000000000000000000000000000096
:100A60000000000000000000000000000000000086
:100A70000000000000000000000000000000000076
:100A80000000000000000000000000000000000066
:100A90000000000000000000000000000000000056
:100AA0000000000000000000000000000000000046
:100AB0000000000000000000000000000000000036
:100AC0000000000000000000000000000000000026
:100AD0000000000000000000000000000000000016
:100AE000000000000000C03F0F0000F0E01F1F00EA
:100AF00000E0E00F1F0000C0F00F3F0000C0F00753
:100B00003F000080F8037F000000FC03FF000000AE
:100B1000FC01FE000000FE00FC010000FE00FC01E4
:100B200000007F00F80300003F00F08700003F0056
:100B3000F08700001F00E0CF00000F00C0DF0000C2
:100B40000F00C0FF0000070080FF0000030000FF4F
:100B50000000030000FF0000010000FE0000010093
:100B600000FE0000030000FF0000070000FF00007F
:100B7000070080FF00000F00C0FF00001F00E0EF33
:100B800000001F00E0CF00003F00F08700007F0062
:100B9000F88700007F00F8030000FE00FC01000061
:100BA000FE01FE010000FC01FE000000F8037F00D2
:100BB0000000F8077F000080F0073F000080F00F82
:100BC0003F0000C0E01F1F0000E0C01F0F0000E05A
:100BD000C03F0F0000F0807F070000F80000000019
:100BE0000000000000000000000000000000000005
:100BF00000000000000000000000000000000000F5
:100C000000000000000000000000000000000000E4
:100C100000000000000000000000000000000000D4
:100C200000000000000000000000000000000000C4
:100C300000000000000000000000000000000000B4
:100C400000000000000000000000000000000000A4
:100C50000000000000000000000000000000000094
:100C60000000000000000000000000000000000084
:100C70000000000000000000000000000000000074
:100C80000000000000000000000000000000000064
:100C90000000000000000000000000000000000054
:100CA000000000000000000000000000000000FE46
:100CB000030000F800FE030000F8007F070000F0CA
:100CC000007F070000F0003F070000F0803F0F00AA
:100CD00000E0803F0F0000E0C01F0F0000E0C01FD9
:100CE0001F0000C0C01F1F0000C0E00F1F0000C099
:100CF000E00F3F000080E0073F000080F0073F006A
:100D00000000F0077F000000F0037F000000F80300
:100D10007E000000F801FE000000FC01FE00000063
:100D2000FC01FC000000FC00FC010000FE00FC01D6
:100D300000007E00F80100007E00F80300007F0044
:100D4000F80300003F00F00300003F00F007000040
:100D50003F00E08700001F00E08700001F00E087E1
:100D600000000F00C0CF00000F00C0CF00000F0038
:100D7000C0CF0000070080DF0000070080FF0000F8
:100D8000030080FF0000030000FF0000030000FFDD
:100D90000000010000FF0000010000FE0000000054
:100DA00000FE0000000000FC0000010000FC00004C
:100DB000010000FC0000010000F80000030000F842
:100DC0000000030000F80000030000F0000007002E
:100DD00000F00000070000E000000F0000E000004D
:100DE0001F0000C000007F0000C00000FFFF008067
:100DF0000000FFFF00800000FFFF00000000FCFF7C
:100E000000000000F8FF00000000C07F00000000AC
:100E100000000000000000000000000000000000D2
:100E200000000000000000000000000000000000C2
:100E300000000000000000000000000000000000B2
:100E400000000000000000000000000000000000A2
:100E50000000000000000000FF0FFCFFFF0FFCFF80
:100E6000FF0FFCFFFF0FFCFFFF0FFCFF0000FC016A
:100E70000000F8030000F8070000F0070000E00F92
:100E80000000E00F0000C01F0000803F0000803F16
:100E90000000007F000000FE000000FE010000FCDA
:100EA000030000FC030000F8070000F0070000F05A
:100EB0000F0000E01F0000C01F0000C03F000080C6
:100EC0007F0000007F000000FE000000FE01000027
:100ED000FC010000F8030000F8030000F007000028
:100EE000E00F0000E00F0000FF1FFEFFFF1FFEFFEE
:100EF000FF1FFEFFFF1FFEFFFF1FFEFF00000000A1
:100F000000000000000000000000000000000000E1
:100F100000000000000000000000000000000000D1
:100F200000000000000000000000000000000000C1
:100F300000000000000000000000000000000000B1
:100F400000000000000000000000000000000000A1
:100F500000000000000080070000807F000080FF8C
:100F6000010080FF030080FF070080FF070000F8FA
:100F70000F0000F00F0000E00F0000E00F0000E0A5
:100F80000F0000E00F0000E00F0000E00F0000E0A5
:100F90000F0000E00F0000E00F0000E00F0000E095
:100FA0000F0000E00F0000E00F0000E00F0000E085
:100FB0000F0000E00F0000E00F0000E01F0000C085
:100FC0001F0000C07F000080FF010080FF3F000085
:100FD000FC3F0000C03F0000F03F0000FC3F00006D
:100FE000FF3F0000FF0000803F0000C01F0000C066
:100FF0001F0000C00F0000E00F0000E00F0000E045
:101000000F0000E00F0000E00F0000E00F0000E024
:101010000F0000E00F0000E00F0000E00F0000E014
:101020000F0000E00F0000E00F0000E00F0000E004
:101030000F0000E00F0000E00F0000E00F0000F0E4
:10104000070000F8070080FF030080FF010080FF19
:10105000000080FF0000807F00008007000000008B
:101060000000000000000000000000000000000080
:101070000000000000000000000000000000003F31
:101080000000003F0000003F0000003F0000003F64
:101090000000003F0000003F0000003F0000003F54
:1010A0000000003F0000003F0000003F0000003F44
:1010B0000000003F0000003F0000003F0000003F34
:1010C0000000003F0000003F0000003F0000003F24
:1010D0000000003F0000003F0000003F0000003F14
:1010E0000000003F0000003F0000003F0000003F04
:1010F0000000003F0000003F0000003F0000003FF4
:101100000000003F0000003F0000003F0000003FE3
:101110000000003F0000003F0000003F0000003FD3
:101120000000003F0000003F0000003F0000003FC3
:101130000000003F0000003F0000003F0000003FB3
:101140000000003F0000003F0000003F0000003FA3
:101150000000003F0000003F0000003F0000003F93
:101160000000003F0000003F0000003F0000003F83
:101170000000003F0000003F0000003F0000003F73
:101180000000003F0000003F0000003F0000003F63
:101190000000003F0000003F0000003F0000003F53
:1011A0000000003F0000003F0000003F0000000082
:1011B00000000000003C0000C03F0000E03F0000D5
:1011C000F03F0000F83F0000FC3F0000FC0300007F
:1011D000FE010000FE000000FE000000FE00000016
:1011E000FE000000FE000000FE000000FE00000007
:1011F000FE000000FE000000FE000000FE000000F7
:10120000FE000000FE000000FE000000FE000000E6
:10121000FE000000FE000000FE0000007F00000055
:101220007F0000003F0000C03F0000F01F0080FF73
:10123000070080FF0000807F010080FF0F0080FF1B
:101240001F0080FF3F0000E07F0000807F00000063
:101250007F000000FE000000FE000000FE00000015
:10126000FE000000FE000000FE000000FE00000086
:10127000FE000000FE000000FE000000FE00000076
:10128000FE000000FE000000FE000000FE00000066
:10129000FE000000FE000000FE000000FE01000055
:1012A000FC030000FC3F0000F83F0000F03F00009E
:1012B000E03F0000C03F0000003C000000000000D4
:1012C000000000000000000000000000000000001E
:1012D000000000000000000000000000000000000E
:1012E00000000000000000000000000000000000FE
:1012F00000000000000000000000000000000000EE
:1013000000000000000000000000000000000000DD
:1013100000000000000000000000000000000000CD
:1013200000000000000000000000000000000000BD
:1013300000000000000000000000000000000000AD
:10134000000000000000000000000000000000009D
:10135000000000000000000000000000000000008D
:101360000000000000000000000000003F000080BE
:101370000004FF0100F0000CFF0300FE001CFF074B
:1013800080FF007CFF0FFFFF00FCFF0FFFFF00FC52
:10139000800FFF7F00FC000EFF1F00F0000CFF031A
:1013A00000E000087F0000000000000000000000D6
:1013B000000000000000000000000000000000002D
:1013C000000000000000000000000000000000001D
:1013D000000000000000000000000000000000000D
:1013E00000000000000000000000000000000000FD
:1013F00000000000000000000000000000000000ED
:1014000000000000000000000000000000000000DC
:1014100000000000000000000000000000000000CC
:1014200000000000000000000000000000000000BC
:1014300000000000000000000000000000000000AC
:10144000000000000000000000000000000000009C
:10145000000000000000000000000000000000008C
:10146000000000000000000000000000000000007C
:10147000000000000000000000000000000000006C
:10148000000000000000000000000000000000005C
:10149000000000000000000000000000000000004C
:1014A00000000000100020FF94150400B414040094
:1014B0000000000004040608080B090404040608E0
:1014C00004040404080808080808080808080404B4
:1014D000080808080E080A090A09080A0A04070980
:1014E000080C0A0A090A0A09080A080E090A090466
:1014F0000404050805080807080804080804040788
:10150000040C0808080805080408080A0808080563
:101510000405050404040404040404040404040489
:10152000040404040404040404040404040404047B
:10153000040404040904080808080408050A050747
:1015400008040A080508040405080704050405073B
:101550000B0B0B080808080808080D0909090909F8
:10156000040404040A0A0A0A0A0A0A080A0A0A0AF5
:101570000A0A09080808080808080C0708080808E3
:1015800004040404080808080808080608080808ED
:10159000080808080000000000000000000000002B
:1015A000000000000000000000000000000000003B
:1015B00000000000000000000060006000600060AB
:1015C00000600060006000600000006000600000DB
:1015D000000000000000000000CC00CC00CC00CCDB
:1015E00000CC00000000000000000000000000002F
:1015F000000000000000000000360036007F007F81
:1016000000360036006C006C00FE00FE006C006CC2
:1016100000000000000000000018007E00DB00DB7E
:1016200000D800FC003E001B00DB00DB007E001841
:1016300000000000000000006070C0D880D900DB0E
:1016400000760006C00D601B60336063C0C10000FF
:101650000000000000000000001C003600220022F4
:101660000036001C0039006D00470066003F000096
:1016700000000000000000000060006000600060EA
:1016800000600000000000000000000000000000FA
:1016900000000000000000000030006000600060FA
:1016A000006000600060006000600060006000603A
:1016B000006000300000000000C0006000600060BA
:1016C000006000600060006000600060006000601A
:1016D000006000C0000000000030003000FC00305E
:1016E000007800480000000000000000000000003A
:1016F00000000000000000000000000000180018BA
:101700000018001800FF001800180018001800004A
:1017100000000000000000000000000000000000C9
:10172000000000000000000000600060006000C0D9
:1017300000000000000000000000000000000000A9
:10174000000000F000F000000000000000000000B9
:101750000000000000000000000000000000000089
:10176000000000000000000000E000E000E00000D9
:1017700000000000000000000030003000300030A9
:101780000070006000600060006000E000C000C009
:1017900000C0000000000000003C0066006600661B
:1017A000006600660066006600660066003C000099
:1017B0000000000000000000001800780018001869
:1017C0000018001800180018001800180018000071
:1017D0000000000000000000003C0066006600669B
:1017E0000006000C0018003000600060007E000061
:1017F0000000000000000000003C006600660006DB
:101800000006001C0006000600660066003C0000A2
:101810000000000000000000000000660066006696
:1018200000660066007E007E0006000600060000DE
:101830000000000000000000007E0060006000600A
:10184000007C00660006000600660066003C0000A2
:101850000000000000000000003C00660066006020
:101860000060007C0066006600660066003C0000C8
:101870000000000000000000007E00060006000CD2
:10188000000C007E0018001800300030003000000E
:101890000000000000000000003C006600660066DA
:1018A0000066003C0066006600660066003C0000C2
:1018B0000000000000000000003C006600660066BA
:1018C0000066003E0006000600060066003C0000C0
:1018D0000000000000000000000000000060006048
:1018E0000000000000000000000000600060000038
:1018F0000000000000000000000000000060006028
:10190000000000000000000000600060006000C0F7
:10191000000000000000000000000006000C00189D
:1019200000300060006000300018000C000600006D
:101930000000000000000000000000000000007E29
:10194000007E0000007E007E00000000000000001D
:1019500000000000000000000000006000300018DF
:10196000000C00060006000C0018003000600000AB
:101970000000000000000000003C006600660066F9
:101980000006000C001800180000001800180000E5
:101990000000000000008007E01C703830339867BA
:1019A000D866D86CD86C986D9867F0320030701C8F
:1019B000C00700000000000000180018003C003CB8
:1019C00000240066007E007E00E700C300C3000024
:1019D0000000000000000000007F806180618061E5
:1019E0008061007F8061806180618061007F000094
:1019F0000000000000000000001E003300610061D4
:101A0000006000600060006100610033001E0000A3
:101A10000000000000000000007E00638061806123
:101A2000806180618061806180610063007E000070
:101A30000000000000000000007F00600060006007
:101A40000060007F0060006000600060007F0000B8
:101A50000000000000000000007F006000600060E7
:101A60000060007F006000600060006000600000B7
:101A70000000000000000000001F803180608060D6
:101A8000006000608067806180618031801E00009E
:101A900000000000000000008061806180618061C2
:101AA0008061807F806180618061806180610000F1
:101AB00000000000000000000060006000600060A6
:101AC0000060006000600060006000600060000076
:101AD0000000000000000000000C000C000C000CD6
:101AE000000C000C000C00CC00CC00CC00780000F6
:101AF0000000000000000000806100630066006CD0
:101B0000007800700078006C00660063806100005F
:101B10000000000000000000006000600060006045
:101B2000006000600060006000600060007F0000F6
:101B3000000000000000000060606060E070E07085
:101B4000E079E079606F606F6066606660600000F9
:101B500000000000000000008061807180718079C9
:101B6000807D806D806F806780638063806100000E
:101B70000000000000000000001E00338061806152
:101B8000806180618061806180610033001E00009F
:101B90000000000000000000007F80618061806123
:101BA00080618061007F0060006000600060000074
:101BB0000000000000000000001E00338061806112
:101BC000806180618061806580670033801F0000D4
:101BD0000000000000000000007F806180618061E3
:101BE00080618061007F806180618061C0600000F1
:101BF0000000000000000000003E0063006300637E
:101C00000038000E0003006300630063003E000024
:101C1000000000000000000000FF0018001800187D
:101C2000001800180018001800180018001800000C
:101C30000000000000000000806180618061806120
:101C4000806180618061806180610033001E0000DE
:101C5000000000000000000000C300C300C30066D5
:101C6000006600660024003C003C001800180000DC
:101C700000000000000000000CC00CC30CC30CC32B
:101C800098679867B034F03C6018601860180000DE
:101C9000000000000000000080C180C10063003629
:101CA000001C001C001C0036006380C180C10000C5
:101CB0000000000000000000C0C0C0C0C0C08061C3
:101CC0000033001E000C000C000C000C000C000087
:101CD000000000000000000080FF800100030006FB
:101CE000000C000800180030006000C080FF0000F9
:101CF0000000000000000000007000600060006054
:101D000000600060006000600060006000600060D3
:101D1000006000700000000000C000C000C000C0F3
:101D20000060006000600060006000300030003043
:101D3000003000000000000000E000600060006073
:101D40000060006000600060006000600060006093
:101D5000006000E0000000000020007000F800D8E3
:101D600000880000000000000000000000000000EB
:101D70000000000000000000000000000000000063
:101D80000000000000000000000000000000000053
:101D9000000000FF0000006000700030001800002C
:101DA0000000000000000000000000000000000033
:101DB0000000000000000000000000000000003CE7
:101DC00000660046001E003600660066003E000009
:101DD0000000000000000000006000600060006083
:101DE000007C00660066006600660066007C0000FD
:101DF0000000000000000000000000000000003CA7
:101E0000006600600060006000600066003C00004A
:101E100000000000000000000006000600060006AA
:101E2000003E00660066006600660066003E000038
:101E30000000000000000000000000000000003C66
:101E400000660066007E006000600066003C0000E6
:101E50000000000000000000003000600060006032
:101E600000F0006000600060006000600060000042
:101E70000000000000000000000000000000003E24
:101E8000006600660066006600660066003E0006AA
:101E90000066003C00000000006000600060006020
:101EA000007C006600660066006600660066000052
:101EB0000000000000000000006000600000006002
:101EC0000060006000600060006000600060000072
:101ED00000000000000000000060006000000060E2
:101EE00000600060006000600060006000600060F2
:101EF000006000C000000000006000600060006042
:101F00000066006C007800700078006C00660000CD
:101F10000000000000000000006000600060006041
:101F20000060006000600060006000600060000011
:101F30000000000000000000000000000000C07F62
:101F40006066606660666066606660666066000027
:101F50000000000000000000000000000000007C05
:101F600000660066006600660066006600660000A7
:101F70000000000000000000000000000000003C25
:101F8000006600660066006600660066003C0000B1
:101F90000000000000000000000000000000007CC5
:101FA000006600660066006600660066007C0060F1
:101FB0000060006000000000000000000000003E23
:101FC000006600660066006600660066003E000669
:101FD000000600060000000000000000000000787D
:101FE0000070006000600060006000600060000041
:101FF0000000000000000000000000000000003CA5
:10200000006600620038001C00460066003C0000CC
:10201000000000000000000000000060006000F010
:102020000060006000600060006000600030000040
:10203000000000000000000000000000000000663A
:10204000006600660066006600660066003E0000EE
:10205000000000000000000000000000000000C3BD
:1020600000C3006600660066003C0018001800000F
:102070000000000000000000000000000000C0C0E0
:10208000C0CCC0CC806D806D807F003300330000F9
:10209000000000000000000000000000000000C37D
:1020A0000066003C00180018003C006600C30000F9
:1020B000000000000000000000000000000000C35D
:1020C00000C300C300660066003C003C0018001816
:1020D0000030006000000000000000000000007EF2
:1020E0000006000C0018001800300060007E0000A0
:1020F0000000000000000000001800300030003038
:1021000000300030006000600030003000300030EF
:1021100000300018000000000060006000600060F7
:1021200000600060006000600060006000600060AF
:10213000006000600000000000C0006000600060FF
:1021400000600060003000300060006000600060EF
:10215000006000C00000000000E800B800000000BF
:10216000000000000000000000000000000000006F
:10217000000000000000000000000060006000603F
:1021800000600060006000600060006000600000AF
:10219000000000000000000000000060006000601F
:1021A000006000600060006000600060006000008F
:1021B00000000000000000000000006000600060FF
:1021C000006000600060006000600060006000006F
:1021D00000000000000000000000006000600060DF
:1021E000006000600060006000600060006000004F
:1021F00000000000000000000000006000600060BF
:10220000006000600060006000600060006000002E
:10221000000000000000000000000060006000609E
:10222000006000600060006000600060006000000E
:10223000000000000000000000000060006000607E
:1022400000600060006000600060006000600000EE
:10225000000000000000000000000060006000605E
:1022600000600060006000600060006000600000CE
:10227000000000000000000000000060006000603E
:1022800000600060006000600060006000600000AE
:10229000000000000000000000000060006000601E
:1022A000006000600060006000600060006000008E
:1022B00000000000000000000000006000600060FE
:1022C000006000600060006000600060006000006E
:1022D00000000000000000000000006000600060DE
:1022E000006000600060006000600060006000004E
:1022F00000000000000000000000006000600060BE
:10230000006000600060006000600060006000002D
:10231000000000000000000000000060006000609D
:10232000006000600060006000600060006000000D
:10233000000000000000000000000060006000607D
:1023400000600060006000600060006000600000ED
:10235000000000000000000000000060006000605D
:1023600000600060006000600060006000600000CD
:10237000000000000000000000000060006000603D
:1023800000600060006000600060006000600000AD
:10239000000000000000000000000060006000601D
:1023A000006000600060006000600060006000008D
:1023B000000000000000003000300060000000005D
:1023C000000000000000000000000000000000000D
:1023D0000000000000000060006000C0000000007D
:1023E00000000000000000000000000000000000ED
:1023F00000000000000000000000006000600060BD
:10240000006000600060006000600060006000002C
:10241000000000000000000000000060006000609C
:10242000006000600060006000600060006000000C
:10243000000000000000000000000060006000607C
:1024400000600060006000600060006000600000EC
:10245000000000000000000000000060006000605C
:1024600000600060006000600060006000600000CC
:10247000000000000000000000000060006000603C
:1024800000600060006000600060006000600000AC
:10249000000000000000000000000060006000601C
:1024A000006000600060006000600060006000008C
:1024B00000000000000000000000006000600060FC
:1024C000006000600060006000600060006000006C
:1024D00000000000000000000000006000600060DC
:1024E000006000600060006000600060006000004C
:1024F00000000000000000000000006000600060BC
:10250000006000600060006000600060006000002B
:10251000000000000000000000000060006000609B
:10252000006000600060006000600060006000000B
:10253000000000000000000000000060006000607B
:1025400000600060006000600060006000600000EB
:10255000000000000000000000000060006000605B
:1025600000600060006000600060006000600000CB
:10257000000000000000000000000060006000603B
:1025800000600060006000600060006000600000AB
:10259000000000000000000000000000000000003B
:1025A000000000000000000000000000000000002B
:1025B00000000000000000000060006000000060FB
:1025C000006000600060006000600060006000006B
:1025D000000000000000000000000000000C003CB3
:1025E000006E00680068006800700076003C0030F3
:1025F00000000000000000000038006C0060006077
:10260000006000300078003000300066007C000080
:1026100000000000000000000066003C00240024D0
:102620000024003C006600000000000000000000E4
:10263000000000000000000000C300C300C30066EB
:10264000006600FF001800FF0018001800180000C6
:1026500000000000000000000060006000600060FA
:10266000006000600000000000600060006000602A
:102670000060006000000000003C0066002400389C
:102680000038006C0036001C001C00240066003C72
:10269000000000000000000000D800D800D80000B2
:1026A000000000000000000000000000000000002A
:1026B0000000000000000000003F8061C0CCC0D2DC
:1026C000C0D2C0D0C0D2C0D2C0CC8061003F000018
:1026D000000000000000000000000020001000309A
:1026E00000500030000000700000000000000000FA
:1026F00000000000000000000000000000000000DA
:1027000000000036006C00D8006C003600000000AD
:1027100000000000000000000000000000000000B9
:102720000000007E0006000600000000000000001F
:102730000000000000000000000000000000000099
:102740000000000000F00000000000000000000099
:102750000000000000000000003F8061C0DCC0D22B
:10276000C0D2C0D2C0DCC0D4C0D28061003F000063
:1027700000000000000000FF00000000000000005A
:102780000000000000000000000000000000000049
:102790000000000000000000000000700050005029
:1027A00000700000000000000000000000000000B9
:1027B0000000000000000000000000000000000019
:1027C00000180018007E001800180000007E0000AD
:1027D00000000000000000000000006000B00030B9
:1027E000006000F000000000000000000000000099
:1027F00000000000000000000000006000B0006069
:1028000000B00060000000000000000000000000B8
:1028100000000000000000000038003000600000F0
:1028200000000000000000000000000000000000A8
:102830000000000000000000000000000000006632
:10284000006600660066006600660066007F006045
:1028500000600060000000000000003C007C007C84
:10286000007C007C003C000C000C000C000C000004
:102870000000000000000000000000000000000058
:102880000000006000600000000000000000000088
:102890000000000000000000000000000000000038
:1028A00000000000000000000000000000000030F8
:1028B00000180070000000000000006000E00060F0
:1028C0000060006000000000000000000000000048
:1028D00000000000000000000000007000500050E8
:1028E00000500070000000700000000000000000B8
:1028F00000000000000000000000000000000000D8
:10290000000000D8006C0036006C00D80000000009
:10291000000000000000000000006030C070803146
:1029200000330036C00CC0194033C063C0C0000083
:10293000000000000000000000006030C070803126
:1029400000330036800DC01AC0308061C0C3000063
:10295000000000000000000000006030C05880311E
:10296000005B0036C00CC0194033C063C0C000001B
:102970000000000000000000000000180018000027
:10298000001800180030006000660066003C00007F
:102990000000000000380018000C00180018003C6F
:1029A000003C002400660066007E00C300C30000F7
:1029B00000000000001C0018003000180018003C47
:1029C000003C002400660066007E00C300C30000D7
:1029D000000000000018003C006600180018003CD1
:1029E000003C002400660066007E00C300C30000B7
:1029F00000000000007A005E000000180018003C93
:102A0000003C002400660066007E00C300C3000096
:102A10000000000000660066000000180018003C7E
:102A2000003C002400660066007E00C300C3000076
:102A3000000000000018003C0018000000180018FA
:102A4000003C002400660066007E00C300C3000056
:102A500000000000000000000000F01F001E003613
:102A60000036E03700660066007E00C6F0C7000052
:102A700000000000000000000000001E00330061A4
:102A8000006000600060006000610033001E000C08
:102A90000006001C001C000C0006007F00600060A7
:102AA0000060007E0060006000600060007F000049
:102AB00000000000000E000C0018007F00600060A5
:102AC0000060007E0060006000600060007F000029
:102AD00000000000000C001E0033007F006000605A
:102AE0000060007E0060006000600060007F000009
:102AF00000000000003300330000007F0060006031
:102B00000060007E0060006000600060007F0000E8
:102B10000000000000C00060000000600060006075
:102B20000060006000600060006000600060000005
:102B300000000000003000600000006000600060E5
:102B400000600060006000600060006000600000E5
:102B50000000000000600090000000600060006065
:102B600000600060006000600060006000600000C5
:102B700000000000009000000000006000600060A5
:102B800000600060006000600060006000600000A5
:102B900000000000000000000000007E0063806173
:102BA000806180F98061806180610063007E000047
:102BB00000000000003D002F0000806180718079DE
:102BC0008079806D806D80678067806380610000A0
:102BD00000000000001C000C0006001E0033806195
:102BE000806180618061806180610033001E00002F
:102BF00000000000000E000C0018001E0033806171
:102C0000806180618061806180610033001E00000E
:102C100000000000000C001E0033001E0033806125
:102C2000806180618061806180610033001E0000EE
:102C300000000000003D002F0000001E00338061F6
:102C4000806180618061806180610033001E0000CE
:102C500000000000003300330000001E00338061DC
:102C6000806180618061806180610033001E0000AE
:102C70000000000000000000000000000000000054
:102C800000000066003C0018003C006600000000E8
:102C900000000000000000000000801F003380637F
:102CA0008067806D806D807980710033007E0000C8
:102CB00000000000001C000C000680618061806143
:102CC000806180618061806180610033001E00004E
:102CD00000000000000E000C00188061806180611F
:102CE000806180618061806180610033001E00002E
:102CF00000000000000C001E0033000080618061B5
:102D0000806180618061806180610033001E00000D
:102D100000000000003300330000806180618061AA
:102D2000806180618061806180610033001E0000ED
:102D300000000000000E000C0018C0C0C0C0806180
:102D40000033001E000C000C000C000C000C0000F6
:102D50000000000000000000000000600060007E35
:102D60000063006300630063007E00600060000099
:102D700000000000000000000000003C006600664B
:102D80000066006C0066006600660066006C00006D
:102D9000000000000000000000380018000C0000D7
:102DA000003C0066001E003600660066003E000023
:102DB0000000000000000000001C001800300000AF
:102DC000003C0066001E003600660066003E000003
:102DD00000000000000000000018003C0066000039
:102DE000003C0066001E003600660066003E0000E3
:102DF00000000000000000000000007A005E0000FB
:102E0000003C0066001E003600660066003E0000C2
:102E100000000000000000000000006600660000E6
:102E2000003C0066001E003600660066003E0000A2
:102E300000000000000000000018003C0018000026
:102E4000003C0066001E003600660066003E000082
:102E50000000000000000000000000000000000072
:102E6000C03F6066E01F003600666066C03F00003D
:102E70000000000000000000000000000000000052
:102E8000003C00660060006000600066003C0018C6
:102E9000000C00380000000000380018000C000092
:102EA000003C0066007E006000600066003C0000A0
:102EB0000000000000000000001C001800300000AE
:102EC000003C0066007E006000600066003C000080
:102ED00000000000000000000018003C0066000038
:102EE000003C0066007E006000600066003C000060
:102EF0000000000000000000000000660066000006
:102F0000003C0066007E006000600066003C00003F
:102F1000000000000000000000E000600030000041
:102F20000060006000600060006000600060000001
:102F300000000000000000000070006000C0000001
:102F400000600060006000600060006000600000E1
:102F50000000000000000000006000F00000000021
:102F600000600060006000600060006000600000C1
:102F70000000000000000000000000900090000031
:102F800000600060006000600060006000600000A1
:102F90000000000000000000000000760018006C37
:102FA000000C003E0066006600660066003C000003
:102FB00000000000000000000000007A005E000039
:102FC000007C006600660066006600660066000021
:102FD000000000000000000000380018000C000095
:102FE000003C00660066006600660066003C00006B
:102FF0000000000000000000001C0018003000006D
:10300000003C00660066006600660066003C00004A
:1030100000000000000000000018003C00660000F6
:10302000003C00660066006600660066003C00002A
:1030300000000000000000000000007A005E0000B8
:10304000003C00660066006600660066003C00000A
:1030500000000000000000000000006600660000A4
:10306000003C00660066006600660066003C0000EA
:103070000000000000000000000000000000003020
:103080000030000000780000003000300000000038
:103090000000000000000000000000000000000030
:1030A000003E006E006E006600760076007C000038
:1030B000000000000000000000380018000C0000B4
:1030C000006600660066006600660066003E00005E
:1030D0000000000000000000001C0018003000008C
:1030E000006600660066006600660066003E00003E
:1030F00000000000000000000018003C0066000016
:10310000006600660066006600660066003E00001D
:1031100000000000000000000000006600660000E3
:10312000006600660066006600660066003E0000FD
:103130000000000000000000001C0018003000002B
:1031400000C300C300660066003C003C0018001885
:1031500000300060000000000000006000600060BF
:10316000007C00660066006600660066007C006009
:1031700000600060000000000000006600660000C3
:1031800000C300C300660066003C003C0018001845
:1031900000300060120110010000004051C2031312
:1031A00000010102030109022000010100A032090F
:1031B00004000002080650040705820240000A07C6
:1031C00005050240000A040309042A0346007500AD
:1031D00074007500720065002000440065007300F3
:1031E000690067006E0073002C00200049006E002B
:1031F00063002E0016035500530042004D0053009B
:103200002D004400720076002E000C0330003000C8
:1032100030003000310012034D00530074006F0085
:1032200072006100670065000000000019000000E6
:10323000010100001800000001010000170000005B
:1032400001010000B0200200000100005144010013
:1032500024000000CD430100D5430100C820020036
:103260001001000061460100040000005D450100FE
:103270009D450100BD450100DD450100E945010016
:10328000514601001A00000002050100E020020082
:1032900000010000914601000C000000E146010021
:1032A000F5460100A1460100B946010011470100A1
:1032B0001F4701008C210200000100008B4C01001F
:1032C0002C000000C9490100614901004549010085
:1032D000254B0100954A0100B94A0100DD4A010071
:1032E000014B0100A421020000010000814C0100FB
:1032F0002C000000C9490100614901004549010055
:10330000254B0100954A0100B94A0100DD4A010040
:10331000014B010000010820200108204001082085
:103320006001082080010820A0010820C0010820B9
:10333000E00108200200000003000000040000007B
:10334000050000000100000006800000078000006A
:1033500006000000070000000A0000000B0000004B
:103360000C0000000D0000000E0000000F00000027
:10337000080000000900000000800000018000003B
:10338000028000000380000004800000058000002F
:103390000E8000000F8000000A8000000B800000FB
:1033A0000C8000000D800000CC210200060100000E
:1033B000614D010014000000754D0100794D0100C0
:1033C0007D4D0100814D01008F4D01009F4D010099
:1033D000A94D0100B34D0100C14D0100054E010092
:1033E000534E0100BF4E0100C34E0100C74E010005
:1033F000CB4E0100554F01000D4F0100314E010031
:10340000194F0100E8210200060100004D4D0100A6
:1034100014000000754D0100794D01007D4D010043
:10342000814D01008F4D01009F4D0100A94D01000C
:10343000B34D0100C14D0100054E0100534E010086
:10344000BF4E0100C34E0100C74E0100CB4E01002C
:10345000554F01000D4F0100314E0100194F010081
:103460000422020006010000394D01001400000092
:10347000754D0100794D01007D4D0100814D010028
:103480008F4D01009F4D0100A94D0100B34D01007A
:10349000C14D0100054E0100534E0100BF4E010019
:1034A000C34E0100C74E0100CB4E0100554F010035
:1034B0000D4F0100314E0100194F01002022020082
:1034C000060100001D4D010014000000754D0100B3
:1034D000794D01007D4D0100814D01008F4D0100AE
:1034E0009F4D0100A94D0100B34D0100C14D0100E8
:1034F000054E0100294F0100574E0100814E010089
:10350000AF4E0100CB4E0100554F01000D4F0100A1
:10351000314E0100194F01003C220200060100005B
:10352000094D010014000000754D0100794D0100A6
:103530007D4D0100814D01008F4D01009F4D010027
:10354000A94D0100B34D0100C14D0100054E010020
:10355000534E0100BF4E0100C34E0100C74E010093
:10356000CB4E0100554F01000D4F0100314E0100BF
:10357000194F01005822020006010000ED4C010025
:1035800014000000754D0100794D01007D4D0100D2
:10359000814D01008F4D01009F4D0100A94D01009B
:1035A000B34D0100C14D0100054E0100294F01003E
:1035B000574E0100814E0100AF4E0100CB4E01007D
:1035C000554F01000D4F0100314E0100194F010010
:1035D000B4800920B8800920BC800920A08009207F
:1035E00000000000000000000000000000000000DB
:1035F0000000000080C2024084C2024088C2024033
:103600008CC2024090C20240000000000000000096
:1036100000000000000000000000000000000000AA
:10362000000000000000000000000000000000009A
:10363000000000000000000000000000000000008A
:10364000000000000000000000000000000000007A
:10365000000000000000000000000000000000006A
:10366000000000000000000000000000000000005A
:103670000000000094800920988009209C80092087
:103680008080092000000000000000000000000011
:10369000000000000000000000C2024004C202401E
:1036A00008C202400CC2024010C2024014C20240D2
:1036B00018C202401CC2024020C2024024C2024082
:1036C00028C202402CC2024030C2024034C2024032
:1036D00038C202403CC2024040C2024044C20240E2
:1036E00048C202404CC2024050C2024054C2024092
:1036F00058C202405CC2024060C2024064C2024042
:1037000068C202406CC2024070C2024074C20240F1
:1037100078C202407CC2024074800920788009206F
:103720007C8009206080092000000000000000006B
:1037300000000000000000000000000080C1024006
:1037400084C1024088C102408CC1024090C1024045
:1037500094C1024098C102409CC10240A0C10240F5
:10376000A4C10240A8C10240ACC10240B0C10240A5
:10377000B4C10240B8C10240BCC10240C0C1024055
:10378000C4C10240C8C10240CCC10240D0C1024005
:10379000D4C10240D8C10240DCC10240E0C10240B5
:1037A000E4C10240E8C10240ECC10240F0C1024065
:1037B000F4C10240F8C10240FCC10240548009201B
:1037C000588009205C80092040800920B080024098
:1037D000B4800240A4800240A8800240AC80024035
:1037E00000C1024004C1024008C102400CC10240B5
:1037F00010C1024014C1024018C102401CC1024065
:1038000020C1024024C1024028C102402CC1024014
:1038100030C1024034C1024038C102403CC10240C4
:1038200040C1024044C1024048C102404CC1024074
:1038300050C1024054C1024058C102405CC1024024
:1038400060C1024064C1024068C102406CC10240D4
:1038500070C1024074C1024078C102407CC1024084
:1038600034800920388009203C80092020800920EC
:103870000000000000000000000000000000000048
:103880000000000080C0024084C0024088C00240A6
:103890008CC0024090C0024094C0024098C00240D8
:1038A0009CC00240A0C00240A4C00240A8C0024088
:1038B000ACC00240B0C00240B4C00240B8C0024038
:1038C000BCC00240C0C00240C4C00240C8C00240E8
:1038D000CCC00240D0C00240D4C00240D8C0024098
:1038E000DCC00240E0C00240E4C00240E8C0024048
:1038F000ECC00240F0C00240F4C00240F8C00240F8
:10390000FCC0024014800920188009201C80092076
:103910000080092090800240948002408480024010
:10392000888002408C80024000C0024004C00240F7
:1039300008C002400CC0024010C0024014C0024047
:1039400018C002401CC0024020C0024024C00240F7
:1039500028C002402CC0024030C0024034C00240A7
:1039600038C002403CC0024040C0024044C0024057
:1039700048C002404CC0024050C0024054C0024007
:1039800058C002405CC0024060C0024064C00240B7
:1039900068C002406CC0024070C0024074C0024067
:1039A00078C002407CC002408C220200000100006E
:1039B000C15101002C0000009D5201006F52010016
:1039C0000000000000000000000000005551010050
:1039D00051510100A42202000001000081510100A8
:1039E0002C0000009D5201006F52010000000000F9
:1039F000000000000000000055510100515101007D
:103A00000100000003040000140000000304000093
:103A10000F02000002040000000000000304000088
:103A200013000000030400000E0200000204000066
:103A30001C000000010400001F010000A40500009C
:103A400003050000050400001B0000000104000045
:103A50001E010000A405000002050000050400008E
:103A60000B020000370000001D01000037000000BD
:103A70001C010000370000001B010000370000009F
:103A80001A010000370000000D020000370000009E
:103A90000C0200003700000009000000A700000031
:103AA00008000000A7000000190100003700000016
:103AB0001D01000036000000180100003700000062
:103AC0001C01000036000000170100003700000054
:103AD0001B01000036000000160100003700000046
:103AE0001A01000036000000150100003700000038
:103AF00019010000360000001D040000360000001F
:103B0000140100003700000018010000360000001A
:103B10001C0400003600000007000000A7000000A1
:103B200017010000360000000D0200003600000002
:103B300006000000370000001601000036000000FB
:103B40000C020000360000001501000036000000E5
:103B500009020000370000001D04000035000000CD
:103B600014010000360000000802000037000000C9
:103B70001C040000350000000702000037000000B0
:103B80000D020000350000000A00000037000000B0
:103B900006020000370000000C02000034000000A4
:103BA00009020000360000000C0200003500000091
:103BB0001D0400003700000008020000360000006D
:103BC0001C04000037000000050000003700000062
:103BD000070200003600000004000000370000006B
:103BE0000602000036000000050200003700000059
:103BF000040200003700000003020000370000004C
:103C0000020200003700000001020000370000003F
:103C10000002000037000000C42202000001000082
:103C2000C55A0100200200001D000000195B0100C0
:103C300089590100C9590100095A01000D5A0100B2
:103C40001D5A0100995A0100755A01001401000023
:103C500032000000010200003100000019030000E2
:103C600032000000020100003300000010030000D9
:103C700032000000E0220200000100009562010015
:103C80000C0000000562010085610100496201002D
:103C9000676201007B620100F8220200000100005F
:103CA000816201000C0000000562010085610100D5
:103CB00049620100676201007B620100102302007B
:103CC0000001000059630100080000006563010065
:103CD000B16301000D640100060000003400000023
:103CE0001600000031000000070200003200000052
:103CF0001E0300003300000015000000310000002A
:103D0000060200003200000016030000330000002D
:103D10001400000031000000050200003200000025
:103D20001503000033000000130000003100000004
:103D30000402000032000000140300003300000001
:103D400012000000310000000302000032000000F9
:103D500013030000330000001100000031000000D8
:103D600002020000320000000802000033000000E0
:103D700012030000330000001000000031000000BA
:103D800001020000320000001103000033000000B7
:103D90000F000000310000000002000032000000AF
:103DA0001003000033000000010000003400000098
:103DB000030000003100000000000000340000009B
:103DC00002000000310000000600000001000000B9
:103DD00000000140696B01000400000005000000C4
:103DE0000100000000C00040596B0100030000000A
:103DF0007823020000010000A16B01001C000000FC
:103E00000B6D0100136C0100BD6B0100056C01001E
:103E1000F76B0100796B0100CB6B0100D76B0100E0
:103E2000E56B01009023020000010000856B01009A
:103E30001C0000000B6D0100136C0100BD6B010044
:103E4000056C0100F76B0100796B010000000000B8
:103E500000000000E56B01001200000032000000CD
:103E600018010000350000001B02000032000000B5
:103E700011000000320000001701000035000000B2
:103E80001A020000320000001000000032000000A2
:103E900015010000330000001C0100003500000087
:103EA00017020000320000000F0000003200000086
:103EB000140100003500000016020000320000006E
:103EC000D823020002020000D96E01002000000089
:103ED000D1710100BB730100F56E0100236F010079
:103EE0002D6F0100CB7301009B70010009000000E1
:103EF000A3000000020200003300000001050000E2
:103F00003300000008000000A300000003020000CE
:103F1000330000000005000033000000070000002F
:103F2000A300000004020000330000001D04000094
:103F3000330000000600000033000000050200000E
:103F4000330000001C0400003300000005000000E6
:103F5000330000000F0200003300000004000000E6
:103F6000330000000E0100003300000006020000D4
:103F7000330000000E020000330000001D010000AD
:103F8000330000001A030000330000001C01000091
:103F90003300000019030000330000001B01000083
:103FA0003300000018030000330000001A01000075
:103FB0003300000017030000330000000824020053
:103FC00000010000D57501002C000000B57401004F
:103FD000C57401006F760100DF74010009750100EE
:103FE0001D75010029750100D7760100FD750100DE
:103FF0003824020000010000B17501002C0000000F
:10400000B5740100C57401006F760100DF74010012
:10401000097501001D75010029750100D7760100A1
:10402000FD750100030000008D75010000160200FF
:1040300016000000010000007D750100D417020089
:10404000010000000D000000B10100000E000000A2
:10405000330000001F000000010000001E010000EE
:10406000B20100005024020000010000E9780100C4
:1040700010000000FD780100B97B01000979010002
:104080001579010021790100D17C0100C17A01007C
:10409000C57A01003D790100D57901006D7A0100F2
:1040A000897A010099780100C57801000B7D010033
:1040B0003D7B0100057B01008D7801000E000000B2
:1040C000310000001F010000B10100001E010000CE
:1040D000B10100000C000000B10100000D00000063
:1040E000B10100000E000000330000001F000000BE
:1040F000010000001901000032000000160100005C
:10410000320000001B010000320000001601000018
:104110003200000013010000320000001A0100000C
:1041200031000000190100003100000018010000FA
:1041300031000000170100003100000016010000EE
:1041400031000000150100003100000014010000E2
:104150003100000013010000310000001D010000CB
:10416000310000001B000000020000001C010000E4
:10417000310000001C000000020000001B010000D4
:1041800031000000120100003100000009020000AF
:10419000310000001E000000010000001D000000B2
:1041A000010000007824020000010000657E01008B
:1041B00024000000857F010021830100F1820100BD
:1041C000817E0100417E01008D7E01008D7F010016
:1041D000B18001005D820100D5800100CB82010029
:1041E000A1850100CB850100F3850100917F0100CD
:1041F000D97F010021800100698001002581010033
:1042000035810100A1820100942402000001000018
:10421000497E010024000000857F01002183010008
:10422000F1820100817E0100417E01008D7E01004E
:104230008D7F0100B18001005D820100D580010009
:10424000CB820100A1850100CB850100F38501002F
:10425000917F0100D97F0100218001006980010068
:104260002581010035810100A1820100BC240200EA
:1042700006010000578B010010000000CD8A0100EC
:10428000A98B0100F18A0100018B0100218B010043
:10429000638B0100258B01003D8B010006000000AF
:1042A00094060200AC4204002444040008430400C5
:1042B00004430400044304000443040004430400D2
:1042C00004430400044304000443040004430400C2
:1042D00004430400FFFFFFFFFFFFFFFFFFFFFFFF9F
:1042E000FFFF0000E8430400C843040070430400DB
:1042F0003C43040034430400284304001C430400EE
:104300000C430400000000002E0000002561202561
:1043100062202565202554202559000025483A258E
:104320004D3A255300000000256D2F25642F257977
:1043300000000000414D00504D0000004A616E0039
:10434000466562004D617200417072004D617900F6
:104350004A756E004A756C004175670053657000C0
:104360004F6374004E6F76004465630000000000E8
:104370004A616E7561727900466562727561727923
:10438000004D6172636800417072696C004D617923
:10439000004A756E65004A756C79004175677573E2
:1043A000740053657074656D626572004F63746F5D
:1043B000626572004E6F76656D626572004465637A
:1043C000656D62657200000053756E004D6F6E0082
:1043D000547565005765640054687500467269003D
:1043E000536174000000000053756E646179004DE4
:1043F0006F6E646179005475657364617900576507
:10440000646E657364617900546875727364617970
:1044100000467269646179005361747572646179F0
:104420000000000011E101002DE1010039E101006F
:1044300045E1010061E101006DE1010079E1010068
:1044400087E101000007032004170201085710400C
:104450008000000020202020202020202068282804
:10446000282820202020202020202020202020203C
:1044700020202020481010101010101010101010C4
:1044800010101010848484848484848484841010A4
:1044900010101010108181818181810101010101C1
:1044A00001010101010101010101010101010110ED
:1044B0001010101010828282828282020202020296
:1044C00002020202020202020202020202020210BE
:1044D00010101020220000002100000000002041E8
:1044E0000000C84200401C4620BCBE4CCA1B0E5AED
:1044F000AEC59D74000000000000000000002440D4
:104500000000000000005940000000000088C34087
:104510000000000084D797410080E03779C3414311
:10452000176E05B5B5B89346F5F93FE9034F384D19
:10453000321D30F94877825A3CBF737FDD4F1575C5
:104540003031323334353637383961626364656609
:1045500030313233343536373839414243444546B9
:1045600001000000000000000A0000000000000040
:104570006400000000000000E803000000000000EC
:104580001027000000000000A086010000000000CD
:1045900040420F00000000008096980000000000DC
:1045A00000E1F5050000000000CA9A3B0000000091
:1045B00000E40B540200000000E8764817000000F9
:1045C0000010A5D4E800000000A0724E18090000F9
:1045D00000407A10F35A00000080C6A47E8D0300CC
:1045E0000000C16FF286230000008A5D78456301F8
:1045F000000064A7B3B6E00D0000E8890423C78A71
:10460000FF7F0000000000A000000000000000008C
:10461000000000006C780300EC780300AC78030025
:104620000000000020030000E00100000300000083
:104630000000000000000000010000002003000056
:10464000200300000001000020030000E001000042
:104650000500000000000000000000000100000054
:10466000400600004006000000010000200300009A
:10467000E001000004000000000000000000000055
:10468000010000004006000040060000000100009C
:10469000E07F0000FFFFFFFF140000000A000000A1
:1046A0006400000064000000AAAAAAAA000000009A
:1046B000FFFFFFFFFFFFFFFFFFFFFFFF0100000005
:1046C000A0420400A0420400A0420400A042040052
:0446D000A042040000
:0400000300000301F5
:00000001FF
