:1000000010090010010300001B0300007C03000026
:100010001D0300001F03000021030000FBE3FFEFAE
:10002000000000000000000000000000F98A01004C
:100030002503000000000000518B0100958B01009A
:100040006154010071540100815401009154010078
:10005000A1540100B1540100C1540100D154010068
:10006000E1540100F1540100015501001155010056
:100070002155010031550100415501005155010044
:100080006155010071550100815501009155010034
:10009000A1550100B1550100C1550100D155010024
:1000A000E1550100F1550100015601001156010012
:1000B0002156010031560100415601005156010000
:1000C00061560100715601008156010091560100F0
:1000D000A1560100B1560100C1560100D1560100E0
:0400E000E1560100E4
:0402FC00FFFFFFFF02
:10030000DFF88CD023488047DFF884D0224880472C
:1003100022482349016000F045B82FE02EE02DE08F
:100320002CE02BE02AE029E028E027E026E025E089
:1003300024E023E022E021E020E01FE01EE01DE0B9
:100340001CE01BE01AE019E018E017E016E015E0E9
:1003500014E013E012E011E010E00FE00EE00DE019
:100360000CE00BE00AE009E008E007E006E005E049
:1003700004E003E002E001E000E0FFE71EF0040F0C
:100380000CBFEFF30880EFF3098013F0F1B8000021
:1003900000000110498F000009B2010008ED00E0E3
:1003A000000000002C498D462C482D492D4A00F0B4
:1003B00041F82D482D492E4A00F03CF82D482E4991
:1003C0002E4A00F037F82E482E492F4A00F032F816
:1003D0002E482F492F4A00F02DF82F482F49304A38
:1003E00000F028F82F483049304A00F023F8304810
:1003F0003049002200F029F82F483049002200F04F
:1004000024F82F482F49091A0022026004300160A5
:100410001C481D49884205D00268043003B4904747
:1004200003BCF7E700208646EC4600200021264A60
:100430009047FEE7884207D0521A05D00378013072
:100440000B700131013AF9D17047884202D0027035
:100450000130FAE77047000010090010186A040024
:1004600000000010D4000010CC040000CC040000F8
:10047000F8FE0100186A04000000001000000010DF
:10048000F8FE0100F8FE0100F8FE0100F8FE010090
:10049000F8FE0100F8FE0100F8FE0100F8FE010080
:1004A000186A0400EC6A0400D4000010D4000010A4
:1004B00000C012A0C0F512A0C0F512A0C8F512A08D
:0C04C000C8F512A0000080A0138F0000FF
:1004CC00024B4FF0FF321A60704700BF88C012A079
:1004DC002DE9F04F91B0044612F0CAFB0FAA00218F
:1004EC0020461BF0E4FD4F4E4FF4F84307930025D4
:1004FC00069547F6E07705970223049340F2DF1345
:10050C00039340F27F230293019500950F9B4FF4C8
:10051C00F0724FF42071304611F05CFB424C2146D6
:10052C00304611F090FE304611F08FFE80461F22AF
:10053C003E49304611F09CFEADF83450ADF83650C3
:10054C00F369ADF83830336AADF83A303946304695
:10055C0011F07BFB2146304611F075FE0BAF4FF4CA
:10056C00B47239460DA812F0DDFDBDF82CB0BDF803
:10057C002E90BDF83240DFF8B8A04FF4B47251465B
:10058C00384612F0EFFDADF82CB0ADF82E90ADF86A
:10059C003240544634F86039063BADF830300DF13A
:1005AC0024092B4680224946384612F095FD99E8DD
:1005BC00030087E8030008F142022B4692B2494639
:1005CC00384612F043FDBDF824302AF8603CBDF8E3
:1005DC002830A380BDF8263063804033E380154B70
:1005EC00A360154BE360154B2361A561E561A56222
:1005FC002146304612F075F82946304611F027FB9B
:10060C00B4F866300093B4F86430B4F86220B4F8EF
:10061C006010304611F085FA12F03EFBA56611B061
:10062C00BDE8F08F98C012A0C0380400F8FE01009D
:10063C0068C012A01CFF0100CD040000C02D0300F7
:10064C0010B582B0114C0021204611F000FB0021A6
:10065C00204611F0FAFA0021204611F0FBFA0C4B5F
:10066C00196809120B4B1A68121202F10903009354
:10067C0001F109030A3A0A39204611F052FA002115
:10068C00204611F0E7FA02B010BD00BF98C012A0CE
:10069C0094C012A090C012A02DE9F04F8DB0002292
:1006AC004E4B1A604E4B5A679A67DA67DA661A67CE
:1006BC00B3F86020B3F864100A44521049490A6038
:1006CC00B3F86220B3F8663013445B10464A1360EB
:1006DC00464A102101201AF0CFF910B10DB0BDE837
:1006EC00F08F424C424A434920681AF0FCF92246EA
:1006FC000AA941481CF0BAF820B13C4B18681AF012
:10070C00DDF9EBE70BA93D481BF0ADFC28B1374BED
:10071C0019680A981CF017F9EFE709AA00210B9841
:10072C001BF0C5FC08A936481AF0F2FD18B10B985D
:10073C001BF0B0FCEBE7334908981AF0D5FD002804
:10074C00F5D10B98FFF7C4FE1AF09CFA0446234B24
:10075C001B68002BEBD1DFF89490DFF884802A4FD4
:10076C0084E01F4B0022DA661A6710264FF00A0B42
:10077C00DFF890A01D4658461AF0BAF8DAF80000D7
:10078C0003685B69642205A99847EB6E059A1A44C5
:10079C00EA662B6F06990B442B67013EEBD1114691
:1007AC00002AB8BF02F10F0109110D4AD1661A4691
:1007BC00002BB8BF03F10F021211094B1A674FF04F
:1007CC00FF325A671AF05EFA104B186075E04FF45E
:1007DC0096329DE04FF49633A4E000BF88C012A07F
:1007EC0008C012A094C012A090C012A004C012A005
:1007FC004824020024FF010030FF01003CFF0100EF
:10080C0040FF01008CC012A098C012A000C012A022
:10081C00B04200F0E780774B9B6E002B40F0E680F7
:10082C00754B1E60754B1D6033120A3B03932B12E4
:10083C000A3B0493724D04AA03A9284611F019FA35
:10084C00284612F0D1FCBDF81020BDF80C106D48F4
:10085C0012F076FA674B4FF0FF329A6614201AF0BA
:10086C0047F8694B1B68002B7FF461AF0023D9F864
:10087C0000204146384612F02BF9054626461AF060
:10088C0001FA0446002DE9D1B042E7D05F4B18685D
:10089C0003685B69642205A9984705461AF0F2F9CA
:1008AC005B4B1A681860002DD8D1524B5B6F0193CB
:1008BC00002B3FF456AF831A01934E4BD96E059A19
:1008CC00521A0592196F069B5B1A0693019901FB4C
:1008DC0002F2002ABCBF02F57F42FF3212144549D6
:1008EC00896F01EB4222019901FB03F3002BBCBF82
:1008FC0003F57F43FF331B143E49C96F01EB4323C0
:10090C00B2F5963FBFF663AF42498A42B8BF0A467A
:10091C0038498A67B3F5963FBFF65CAF3D498B42C9
:10092C00B8BF0B46DFF8CCC0CCF87C303249086835
:10093C00DDF804A00AFB02F1DFF8DCE08EFB0165B8
:10094C00CE17C6EBA51606442C4909680AFB03F51D
:10095C008EFB05AEED17C5EBAE150D44BCF864C0AF
:10096C00ACF10B0C4FEA0C2EB6EB0C2F06DD02EBA8
:10097C00D272521052421F4EB26776461D4AB2F8DE
:10098C0060200B324FEA022CB6EB022F07DA194E1D
:10099C00B26F02EBD27252105242B2676646154ADF
:1009AC00B2F866200B3A4FEA022CB5EB022F06DDAB
:1009BC0003EBD3735B105B420E4AD36765460D4B5A
:1009CC00B3F862300B334FEA032CB5EB032FBFF6B1
:1009DC001FAF084AD36F03EBD3735B105B42D36733
:1009EC00654615E7A9427FF416AF37E7FFF728FEF7
:1009FC0016E700BF08C012A094C012A090C012A0AD
:100A0C0098C012A080ED020088C012A08CC012A069
:100A1C0000C012A000D4FEFFD34D62107047836952
:100A2C004FF0FF329A6670472DE9F04FABB0044699
:100A3C0000F16C0A29AA002140681BF038FB12F067
:100A4C0017F9052019F054FF04F108084FF4F84386
:100A5C0007930023069347F6E07205920222049254
:100A6C0040F2DF12039240F27F2202920193009334
:100A7C00299B4FF4F0724FF42071404611F0AAF804
:100A8C007849404611F0DFFB774B1B68002B00F0D8
:100A9C00A78023681A680AAD40F2EA7302930A230E
:100AAC00019302230093714B1B68714928461DF07A
:100ABC009DFC1F222946404611F0DAFB00214046DE
:100ACC0011F0C5F8404611F0C0FB05460023ADF807
:100ADC009C30ADF89E30636AADF8A030A36AADF8D7
:100AEC00A230122127A812F085FA23685E689B6851
:100AFC00002B7CD15446BDF8A220BDF89E30D21AF2
:100B0C00A2F23312521B0023C2F34F0221A927A8D1
:100B1C0012F07AFA022325AF0DF18C0BCDF8208060
:100B2C00CDF824A09A463368002B00F09180322334
:100B3C008022394627A812F067FABDF8A020BDF82C
:100B4C009C30D21AA2F2E3120023C2F34F0221A965
:100B5C00384612F09DFA06F1100504F160094FF0C9
:100B6C0032082E4655F8103C002B6BD043468022A1
:100B7C005946384612F08CFABDF88C302380BDF8FB
:100B8C008E306380BDF89030A380BDF89230E38046
:100B9C0055F8103CA36055F80C3CE36055F8083C44
:100BAC00236155F8043CA3610023E361A382203444
:100BBC0010354C45D5D1BAF1010A47D1DDF820806A
:100BCC00DDF824A00023C9F808305146404611F046
:100BDC0088FD1BF007FC002840D02BB0BDE8F08F3F
:100BEC0023681F221968404611F042FB66E705F1A5
:100BFC00420225AF022392B2394627A812F026FAF8
:100C0C00802223A9384612F0ADFABDF88C20A4F846
:100C1C006C20BDF88E30A4F86E307F32A4F87020B2
:100C2C003F33A4F87230134B6367134BA367134B1A
:100C3C00E367C4F884400023C4F88830A4F88030FB
:100C4C008C3458E7A5F11006A146B4E74C466AE788
:100C5C00DDF82080DDF824A0A146B3E712F024F8DB
:100C6C00BBE700BFC038040000D712A004D712A005
:100C7C0048FF01001CFF01002B0A0000C02D0300DF
:100C8C002DE9F04182B005464FF4B6701BF0B0FB75
:100C9C0004466A461021012019F0EEFE08B100232B
:100CAC0000935CB14FF4B672002120461DF099FC04
:100CBC002560009B2BB920461BF0A2FB02B0BDE8BF
:100CCC00F0816A4601A923481BF0D0FD18B10098A9
:100CDC0019F0F4FEEFE7211D1F481BF0C4F920B1F9
:100CEC00009901981BF02FFEF1E72046FFF79CFEC0
:100CFC0004F16C08194F04F1080605E02046FFF7D3
:100D0C0093FE09E03B68BBB9A36EF3B9EB681BB16A
:100D1C00984710F0010FF1D14FF0FF33009A414684
:100D2C00304611F0D5FE0028ECD0A36E002BE9D193
:100D3C002046FFF779FEE5E706F020FB2046FFF79B
:100D4C0073FE064B00221A60D5E760681BF0A2F90F
:100D5C00C6E700BF30FF01003CFF0100F8C012A045
:100D6C0008B58069FFF78CFF08BD000070B504461C
:100D7C000D460E4B1B6883B100201AF0B7F90C4BD3
:100D8C001E6808F09FF82A46B0FBF4F130461BF0C1
:100D9C0066FC00201AF07CF970BD054905481BF073
:100DAC0047FC024B4FF0FF321A60E5E7FCC012A083
:100DBC0000C112A074FF010008B51421FA20FFF73E
:100DCC00D5FF08BD08B54FF4FA716420FFF7CEFFCC
:100DDC0008BD83694FF0FF32C3F8E4207047000070
:100DEC0010B582B004460F4B1B68B3B9002110F04C
:100DFC002EFF47F6E071204610F027FF0A48838843
:100E0C0042880188C08801380090013B01320131D1
:100E1C00204610F086FE02B010BD47F6E07110F0CF
:100E2C0016FFE6E70CC112A010C112A008B5034BC7
:100E3C0000221A601BF0ACFA08BD00BF0CC112A056
:100E4C0000B58FB003A91A481BF00DF9194B1B689C
:100E5C00B3F1FF3F28D0174B4FF0FF321A6041F22D
:100E6C008833059342F21073069347F2305307937D
:100E7C004FF47A730493104B0A93104B0B93104B53
:100E8C000C93104B0D934FF4F07300934FF42073AD
:100E9C007622DC210C4812F0DFF904A903981BF030
:100EAC003BFA0FB05DF804FBFFF7C0FFF9E700BF9A
:100EBC003CFF01000CC112A095320100513301001E
:100ECC00A134010019350100E027020010B50446D9
:100EDC00FFF7B6FFA069FFF783FF10BD2DE9F04FB8
:100EEC0097B04FF48A701BF083FA1A4B1860A8B1B4
:100EFC0004464FF48A7200211DF073FB4FF0FF3350
:100F0C00C4F80431144A1021012019F0B5FD40B188
:100F1C00104C20681BF074FA0023236017B0BDE856
:100F2C00F08F0D4A15A90D481BF0A0FC20B10A4BFF
:100F3C00186819F0C3FDEBE7064B196860310848D7
:100F4C001BF091F870B1044B196815981BF0FBFC61
:100F5C00EDE700BF08C112A004C112A030FF0100D0
:100F6C003CFF0100D74C236803F5887203F58671AA
:100F7C00186E1BF0D5F8246811F07AFE08AA00212F
:100F8C00206E1BF094F84FF4F84307930025069558
:100F9C0047F6E07BCDF814B00223049340F2DF1344
:100FAC00039340F27F23029301950095089B4FF425
:100FBC00F0724FF42071204610F00CFEC24920460E
:100FCC0011F041F9204611F040F9C4F800011F223C
:100FDC00BE49204611F04CF95946204610F035FE1A
:100FEC002946204610F033FEADF82450ADF82650BB
:100FFC00E369ADF82830236AADF82A300DF12409E5
:10100C000821484611F0F6FFD4F8003103F14602EE
:10101C000BAE052392B23146484612F017F80DAFCD
:10102C0096E8030087E80300052380223146384602
:10103C0012F02EF80121304611F0DCFFBDF82C30F7
:10104C00A4F864307F33A4F86830BDF82E30A4F8CF
:10105C0066303F33A4F86A309D4BE3669D4B2367A3
:10106C009D4B6367E467C4F8805097E8030086E8FB
:10107C00030064223946304612F074F8BDF83A3059
:10108C00BDF836209B1A03EBD3735A100632934EDD
:10109C00052392B23146384611F0D8FFB6F80080DD
:1010AC00204611F0D2F808F110088044A6F804800C
:1010BC00B6F80280204611F0C8F808F110088044F8
:1010CC001FFA88F3F3803288A4F88420B288A4F83D
:1010DC0088207288A4F88620A4F88A30804BC4F843
:1010EC008C30804BC4F89030C4F89450C4F89C40B9
:1010FC00C4F8A050BDF82880BDF82430A8EB030834
:10110C00A8F2E318784BA3FB0838C8F34F08434602
:10111C002A463946484611F0BBFF04F1F00A434613
:10112C0054225146484611F0B3FF04F1F80804224A
:10113C004146504612F016F81421404611F03EFF7D
:10114C002B464FF4C8723946484611F0A1FF4FF4B4
:10115C00907204F1E801384611F0E4FF5A49204638
:10116C0011F071F80121204611F0D9F829462046DA
:10117C0010F070FD5946204610F067FD9AE8030008
:10118C0089E80300BDF82A300093BDF82830BDF87B
:10119C002620BDF82410204610F0C3FC98E803006C
:1011AC0089E80300BDF82A300093BDF82830BDF85B
:1011BC002620BDF82410204610F0B3FC2046FFF783
:1011CC000FFE3588204611F040F873884219083319
:1011DC0016324649204610F0FBFF0127DFF810813C
:1011EC003B0288FB0312DE17C6EB2216F60106F44F
:1011FC00F84600253146204610F027FDB4F8EA20C9
:10120C00B4F8E8103A442944204610F075FB013537
:10121C00B5F5C87FEED10137612FE1D10127DFF899
:10122C00D0803B0288FB0312DE17C6EB2216B600F9
:10123C0006F4787600253146204610F006FDB4F809
:10124C00EA203A44B4F8E81060322944204610F001
:10125C0053FB0135B5F5C87FEDD10137612FE0D1D6
:10126C000127DFF88C803B0288FB0312DE17C6EBEC
:10127C002216C6F3C40600253146204610F0E5FCC4
:10128C00B4F8EA203A44B4F8E810C03229442046B5
:10129C0010F032FB0135B5F5C87FEDD10137612F68
:1012AC00E1D147F6E071204610F0CFFC04F1640167
:1012BC00204611F016FA11F0EFFC024E0D4F0FAD57
:1012CC0031E000BF08C112A0C03804007CFF01004F
:1012DC001CFF0100DF0D0000C02D030010C112A087
:1012EC00E01D0200D90E0000ABAAAAAA98FF0100CB
:1012FC00ABAAAA2A04C112A00021C2F80C11106ECC
:10130C001AF000FF604B1B684FF0FF32C3F804214A
:10131C0030682A4600F1640111F034FA3468D4F8CC
:10132C000431002B3CD13368D3F8E420002A40F080
:10133C00A6804FF4FA722946386819F054FC00283C
:10134C00ECD1109B1493119B139313AA14A930681E
:10135C0010F084FC129B012BDAD13268139BB2F88B
:10136C00F2109942D4DCB2F8F6108B42D0DC14990E
:10137C00B2F8F0008842CBDCB2F8F4008142C7DC52
:10138C00B2F8FE008342B7DCC11AD2F8103103FB6D
:10139C0001F1431CB2F8FA001B1AB1FBF3F1ACE7F4
:1013AC000121204610F0BBFFB4F8F880B4F8FAB075
:1013BC00B4F8FC90B4F8FEA004F5887204F58671BC
:1013CC00206E1AF0ADFEAAEB0B02D4F80C3102FB26
:1013DC000333D4F81021B3FBF2F5AAEB0505D4F8CE
:1013EC0008319D422CD08BBB0121204610F032FCE1
:1013FC0047F6E071204610F028FCCDF800A04B46D3
:10140C005A464146204610F08CFBC4F80851002186
:10141C00204610F01FFC47F6E071204610F015FC3A
:10142C000021204610F013FCD4F80821531D009322
:10143C0009F10F03053AA8F10F01204610F071FBDA
:10144C00114B1B680022C3F8042138E70021204609
:10145C0010F000FC0021204610F0F7FB0021204684
:10146C0010F0F5FBD4F80821531D009309F10F037C
:10147C00053AA8F10F01204610F053FBB4E7186EA3
:10148C001AF008FE5FE500BF08C112A0F0B583B0EA
:10149C0006460C4615464FF4F843019302F1080337
:1014AC00009301F10803083A083911F02BFC0027CE
:1014BC000197AB1D0093A31DAA1FA11F304611F06D
:1014CC0021FC47F6FF7301932B1D0093231D2A1F4C
:1014DC00211F304611F016FC0197AB1C0093A31C86
:1014EC00AA1EA11E304611F00DFC03B0F0BD000089
:1014FC0030B5A3B021A941481AF0B5FD08B123B00D
:10150C0030BD21981AF0F1FD4FF4807121981AF03A
:10151C00F9FD11F0ADFB20AA002121981AF0C7FDAE
:10152C0008AC4FF4F84307930023069347F6E07298
:10153C0005920222049240F2DF12039240F27F22C3
:10154C00029201930093209B4FF4F0724FF42071A0
:10155C00204610F03FFB2A49204610F074FE1F2253
:10156C002849204610F084FE204610F06EFE84B20E
:10157C00254B1B78012B24D008AD23464FF4207249
:10158C002249284610F030FE63004FF420722049A7
:10159C00284610F029FEC4F178039B004FF420720A
:1015AC001C49284610F020FEA4EB840404F5F073CB
:1015BC004FF420721849284610F016FE11F06CFBFF
:1015CC009DE708AD23464FF420721449284610F0CD
:1015DC000BFEC4F178039B004FF420720D49284692
:1015EC0010F002FEA4EB840404F5F0734FF42072A7
:1015FC000949284610F0F8FDE0E700BF3CFF010068
:10160C00C0380400ACFF01001CC112A02C00020069
:10161C0050000200ECFF010010000200C4FF0100AA
:10162C002DE9F04F97B004908B4600234FF0FF3715
:10163C00DFF874A2099715469C4A137058461BF0A4
:10164C00CDF81DB99A4B1B68032B09D0FFF750FF3F
:10165C00984F974B0393002308930DF1480974E0BE
:10166C00944E954C3246214658461BF0D1F806F163
:10167C00100204F1100158461BF0CAF806F12002C2
:10168C0004F1200158461BF0C3F858461BF0B3F880
:10169C000446854B1B680995D2E0002313931493E1
:1016AC000136204619F024F9032E40F2E380AD08F0
:1016BC0013954FEA98031493079A494658461BF022
:1016CC00A7F8039B1C1D99E80F0084E80F00089DE8
:1016DC006C1C774B1C60FFF76FFBBDF81410BDF84A
:1016EC0018200023019302F10803009301F1080371
:1016FC00083A0839049811F005FB25B1DAF80030E6
:10170C00E3B9322510E0FFF7F3FEDAF80030002BD6
:10171C00F7D01037039B1033039315E0284619F0CC
:10172C00E7F8DAF800304BB9494658461AF0EEFFA4
:10173C000028F3D1129B13F0010FEFD1032C75D0BD
:10174C001037039B10330393089407977B6805931A
:10175C00BA68069292B299B20498FFF797FE0025E8
:10176C000295A8462E46322484E0DFF850910DF104
:10177C00280812AD32260394059717E0304619F06D
:10178C00B7F8294658461AF0C1FF0028F6D1129B2B
:10179C0013F0010FF2D14FF4967019F0A9F809F17A
:1017AC00100908F1100812AB984526D0D9F804306E
:1017BC000293D9F80870BAB299B20498FFF766FE92
:1017CC004446214658461AF0A1FF0028F9D1236857
:1017DC0013F0010FF5D0FFF7EFFABDF80810BAB20D
:1017EC000023019302F10803009301F10803083A66
:1017FC000839049811F086FAC3E7039C059F0B9AED
:10180C00A2F23622302A1BD80C9AA2F5CB72302ABF
:10181C0016D80F9AA2F59472302A11D8109AD83A89
:10182C00099B302A98BF3B46099309E058461AF0A9
:10183C00E2FF0446DAF80070002F96D000230993DB
:10184C00DAF800306BB94FF0FF350123002C7FF430
:10185C00F3AE099A002A7FF4EFAE154B9A6402F0AE
:10186C00F9FD17B0BDE8F08F4FF0FF33029320461F
:10187C0019F03EF8494658461AF048FF0028F6D1B0
:10188C00DAF80030B3F1FF3F3FF407AF129B13F0CF
:10189C00010FE9D0029B002BE9D0139B1D44149B34
:1018AC0098440136FDE600BFF8C012A01CC112A07E
:1018BC0010D612A06C24020014D612A04C240200E4
:1018CC0010B584B00446184A1021012019F0D4F840
:1018DC0010B1002004B010BD134A03A913481AF02C
:1018EC00C5FF20B1104B186819F0E8F8F1E702A910
:1018FC000F481AF0B8FB28B10B4B196803981BF072
:10190C0022F8EFE701AA002102981AF0D0FB094B4C
:10191C009B6C002B0CBF22464FF0FF3203990198B1
:10192C00FFF77EFEE8E700BF18C112A030FF0100F0
:10193C003CFF010010D612A070B586B0002205A99C
:10194C0012481AF093FFE8B9052401AD3226294656
:10195C0005981AF0DBFE019B13F0010F10D03046F6
:10196C0018F0C6FF013CF2D14FF0FF34002105986E
:10197C001AF0E9FF0A2018F0BBFF204606B070BD34
:10198C000024F3E74FF0FF34F7E700BF30FF01000E
:10199C0008B54FF0FF30FFF793FF08BD704700000C
:1019AC002DE9F84F274B186808B9BDE8F88F4FF0B0
:1019BC00FF3119F013F8244C2449204610F043FC55
:1019CC000021204610F0ABFC0021204610F044F919
:1019DC004FF47871204610F038F9DFF874B0DFF866
:1019EC0074A04FF0140927461EE0424621463846A3
:1019FC0010F0B6FA2978384610F023FB2B783370A8
:101A0C000834B4F5167F06D015F8012F16F8013FEF
:101A1C009A42F5D0E9E709F108090BF1330B0AF109
:101A2C00330AB9F5D27F04D0C84656465D46C02469
:101A3C00EAE70121044810F072FC024B186818F018
:101A4C00E7FFB2E724C112A01CD512A0B0260400F7
:101A5C0023CB12A02BC112A070B5124901F6C316EC
:101A6C000B4633310A4601F1300015685468D2F840
:101A7C0008E0D2F80CC01D605C60C3F808E0C3F845
:101A8C000CC0103210338242EFD11088927818803B
:101A9C009A70B142E4D13322202103481CF0A1FDFD
:101AAC0070BD00BF24CB12A0E7D412A038B50446F9
:101ABC003B4B186800B938BD4FF0FF3118F08EFF62
:101ACC00384B1B88322B02D9364B00221A80364BEE
:101ADC001D88312D0AD900221A80A4F10803052B88
:101AEC003FD8DFE803F02B3E593E0C27A4F1080346
:101AFC00052B36D8DFE803F022351335031E40F6EC
:101B0C00F612202129481CF06CFD0023254A138075
:101B1C00254A1380224B186818F07AFFCBE76B1C10
:101B2C009BB2214A1380312BF4D9FFF795FF1E4B42
:101B3C001D80EFE71B4B00221A80EBE7194B1B882B
:101B4C00002BE7D0013B9BB2164A1380164A128831
:101B5C0002EB420202EB021214490A442021D15436
:101B6C00D8E7114B1D880F48038805EB450202EBA3
:101B7C0002120E490A44D45401339BB20380322B17
:101B8C00C8D96B1C9BB2084A1380312BC2D9FFF702
:101B9C0063FF054B1D80BDE7034B01221A80B9E79B
:101BAC0024C112A02AC112A028C112A024CB12A0B9
:101BBC0010B50446007828B1FFF778FF14F8010F30
:101BCC000028F9D110BD00002DE9F0478CB0044677
:101BDC0011F04EF80BAA002120461AF068FA414C7D
:101BEC004FF4F84307930023069347F6E0750595E9
:101BFC000222049240F2DF12039240F27F22029200
:101C0C00019300930B9B4FF4F0724FF4207120461C
:101C1C000FF0E0FF3449204610F015FB1F2233492A
:101C2C00204610F025FB2946204610F00EF8304EC9
:101C3C00DFF8C080A146B2463369002B49D0338807
:101C4C000A937388099309AA0AA9264810F011F877
:101C5C00BDF82420BDF82810306911F071F898F8FF
:101C6C000010002451B1454600241E4F384610F098
:101C7C00F0FA044415F8011F0029F7D1BAF8063020
:101C8C00BAF80020BAF804100A4464080233C4EB12
:101C9C0062024146484610F09BFA2036D6F808807E
:101CAC00B8F1000FC7D10F4C002120460FF0CFFF29
:101CBC004FF4D27300934FF418731222BE212046B6
:101CCC000FF02FFFFFF76CFE10F0E6FF0CB0BDE835
:101CDC00F087F3880093B3887288318801480FF03D
:101CEC0020FFBCE71CD512A0C03804007400020011
:101CFC00BC2402001CFF010010B582B040F6F614A3
:101D0C002246002121481CF06CFC22462021204850
:101D1C001CF067FC00231F4A13801F4A13801F4AC4
:101D2C001021012018F0A8FE08B102B010BD1B4A0A
:101D3C0069461B481AF09AFD20B1184B186818F028
:101D4C00BDFEF2E701A917481AF08DF998B9164BA8
:101D5C001B68B3B10198FFF737FF1448FFF728FF52
:101D6C00FFF71EFEFFF72EF84FF4FA6018F0C0FDD7
:101D7C0001981AF08FF9094B196800981AF0E3FDD5
:101D8C00DBE7094818F0C2FDE4E700BF2CC112A044
:101D9C0024CB12A028C112A02AC112A020C112A0CB
:101DAC0030FF01003CFF010024C112A09C00020086
:101DBC00014B01221A60704784D512A010B582B075
:101DCC000A4C0B4B198820460FF041FF47F6E07187
:101DDC0020460FF03AFF51230093A1231222222117
:101DEC0020460FF09EFE02B010BD00BF88D512A099
:101DFC000000001008B5084B1B780133DBB2062B32
:101E0C0028BF0023044A1370044A32F81320044BF1
:101E1C001A80FFF7D3FF08BD80D512A0FC24020066
:101E2C00000000102DE9F04F89B005466C481AF0FF
:101E3C00DFFA03906B4C012120460FF00BFF47F6A5
:101E4C00E07120460FF001FFEB880093AB886A88A5
:101E5C00298820460FF065FE07AA0321624819F075
:101E6C0003FB002850D1DDF80CA04FF013090DF145
:101E7C00140806AF5B4ED346CA46A9465D46CF242E
:101E8C000694CDF814A04246394630460FF0F1FEC8
:101E9C00012300932B46059A069930460FF0EAFF72
:101EAC000235013440F25F239C42E9D10BF5487BAB
:101EBC000AF1010A40F2A3139A45DFD14D4604AB57
:101ECC00474A0399079819F04CFB18B1444B049AF4
:101EDC009A424FD1079819F001FB424C0121204640
:101EEC000FF0B8FE002120460FF0AFFEEB880093F8
:101EFC00AB886A88298820460FF013FE03981AF0E5
:101F0C007FFA09B0BDE8F08F074607AA03213748CE
:101F1C0019F0AAFA04460028A5D0354B19684FF4DD
:101F2C001622881811F03EF9FEF74CFF2D4E0021B9
:101F3C0030460FF08FFE002130460FF088FE47F63A
:101F4C00E07130460FF081FE2223009340F25F23B4
:101F5C001222CE2130460FF0E4FD092F0DD00D2FAB
:101F6C0027D10D2C1ED01423D02222491D4810F04D
:101F7C002FF924E0FEF726FFACE70D2C0BD0092C33
:101F8C004FF014034FF0D0020CBF1B491B491548EE
:101F9C0010F01EF913E01423D0221949304610F02A
:101FAC0017F90CE01423D02216490E4810F010F942
:101FBC0005E01423D02214490A4810F009F9012134
:101FCC0008480FF047FE4FF4FA6018F091FC084BEC
:101FDC0018684FF41622811811F0E4F87DE700BF61
:101FEC0000E2040088D512A0B4000200C000020078
:101FFC000400001058010200F00002001801020059
:10200C00CC00020038010200740102002DE9F04FEF
:10201C008BB005468C481AF0EBF903908B4C0121E0
:10202C0020460FF017FE47F6E07120460FF00DFE2C
:10203C00EB880093AB886A88298820460FF071FDE5
:10204C0009AA0121824819F00FFA814640B109AA68
:10205C000121804819F008FA0446002840F09C80C1
:10206C0006AB794A0399099819F064FA0446099861
:10207C0019F034FA5CB1744B069A9A4204D1DDF82B
:10208C000CA04FF0130B06E0FEF79CFE32E0DDF8DF
:10209C000CA04FF0130B0DF11C0808AF6B4ECDF8D4
:1020AC0010900594D146DA46AB46A9F10205CF242F
:1020BC000894CDF81CA04246394630460FF0D9FDA5
:1020CC0035F8023F079A089930460FF0DDFD0134D0
:1020DC0040F25F239C42EBD109F548790AF1010AE1
:1020EC0040F2A3139A45E0D1DDF81090059C5D46B3
:1020FC00002C3AD0584B19684FF41622881811F05E
:10210C0051F8FEF75FFE514C002120460FF0A2FD66
:10211C00002120460FF09BFD47F6E07120460FF0A2
:10212C0094FD2223009340F25F231222CE212046FD
:10213C000FF0F7FCB9F1090F71D0B9F10D0F7CD08C
:10214C001423D0224549414810F042F801213F4860
:10215C000FF080FD4FF4FA6018F0CAFB3E4B186884
:10216C004FF41622811811F01DF8384C012120462D
:10217C000FF070FD002120460FF067FDEB880093F7
:10218C00AB886A88298820460FF0CBFC03981AF09C
:10219C0037F90BB0BDE8F08F2F4B19684FF41622AE
:1021AC00881810F0FFFFFEF70DFE284E0021304678
:1021BC000FF050FD002130460FF049FD47F6E0715D
:1021CC0030460FF042FD2223009340F25F2312228F
:1021DC00CE2130460FF0A5FCB9F1090F0DD0B9F1A5
:1021EC000D0FADD10D2C21D0092C26D11423D022CA
:1021FC001B4916480FF0ECFFA8E70D2C08D0092C52
:10220C000DD11423D022174910480FF0E1FF9DE7A0
:10221C001423D022144930460FF0DAFF96E714232A
:10222C00D022114909480FF0D3FF8FE71423D02295
:10223C000E4906480FF0CCFF88E71423D0220B4937
:10224C0002480FF0C5FF81E700E2040088D512A018
:10225C00B4000200C0000200040000101C020200C6
:10226C00F8010200A801020084010200D80102005A
:10227C00A0F1CF0CBCF5C87F1AD2A1F1130CBCF5A0
:10228C00C87F15D2A2F1CF0CBCF5C87F10D2A3F138
:10229C00130CBCF5C87F0BD200B583B0009313466A
:1022AC000A46014603480FF039FB03B05DF804FB06
:1022BC00704700BF88D512A008B5A0F1CF03B3F5C5
:1022CC00C87F09D2A1F11303B3F5C87F04D20A4623
:1022DC00014602480FF010FB08BD00BF88D512A0C4
:1022EC0070B58AB009AA002119F0E1FE10F0C0FC0B
:1022FC001E4C4FF4F84307930025069547F6E076FD
:10230C0005960223049340F2DF13039340F27F23DC
:10231C00029301950095099B4FF4F0724FF42071D4
:10232C0020460FF057FC124920460FF08CFF1F225D
:10233C00104920460FF09CFF314620460FF085FCDB
:10234C000D49204610F0CDF9294620460FF07FFCB0
:10235C0040F2A313009340F25F231222CE212046B9
:10236C000FF0DFFB10F098FC0AB070BD88D512A0FE
:10237C00C038040028020200082502002DE9F04FA5
:10238C0091B0864B00221A60854A1021012018F06A
:10239C0073FB10B111B0BDE8F08F814A0EA98148D2
:1023AC001AF064FA20B17E4B186818F087FBF1E73D
:1023BC000FA97D4819F057FE28B1794B19680E9872
:1023CC001AF0C1FAEFE70BAA00210F9819F06FFE73
:1023DC000F98FFF785FFFFF7F1FC4FF0FF3130202E
:1023EC0004F080FC0026B246B1466C4C6C4D0DF1ED
:1023FC001C082768002F40F0CD804FF0FF3241467B
:10240C00286818F0F0FB0028F3D1089B0D93099B6A
:10241C000C930CAA0DA965480FF020FC0D9BCF3B2B
:10242C00B3F5C87F80F0AC800C9B133BB3F5C87F31
:10243C0080F0A6800A9B012B01D0B946D7E719F092
:10244C00C9FF5B4B1988002940F0858057480FF075
:10245C00FCFBB9F1000F50D0DDF834900C9F0AF161
:10246C00FF308046711E09F1FF3B7B1E02935A46DA
:10247C000591FFF7FDFE3B465A463146CDF81080DC
:10248C004046FFF7F5FE721C114607F10108434662
:10249C005A4603910498FFF7EBFE029B4A46DDF87F
:1024AC0014B059465046FFF7E3FE3B464A463146C8
:1024BC005046FFF7DDFE43464A4603995046FFF768
:1024CC00D7FE0AF1010A09F10109029B4A46594655
:1024DC005046FFF7CDFE3B464A4631465046FFF785
:1024EC00C7FE43464A4603995046FFF7C1FEDDF846
:1024FC0034A00C9E4FF0FF3979E70D9E0C9F06F12E
:10250C00FF3A07F1FF3949465046FFF7D5FE3946E9
:10251C005046FFF7D1FE07F1010841465046FFF740
:10252C00CBFE49463046FFF7C7FE39463046FFF72B
:10253C00C3FE41463046FFF7BFFE013649463046E2
:10254C00FFF7BAFE39463046FFF7B6FE4146304635
:10255C00FFF7B2FECBE715480FF077FBB9F1000F90
:10256C0008D00C9B00930D9B324651460F480FF040
:10257C00D5F9BCE70C9A0D990C480FF0BDF9B6E7EC
:10258C0007AA0C49094810F0FDF80A9B002B08BF5C
:10259C00B9462CE70F9819F07DFD0EE784D512A0F3
:1025AC007CD512A030FF01003CFF010088D512A0A1
:1025BC00000000100825020038B505460C46B2F59F
:1025CC00004F20D0102A33D0002A30D1486E18F09A
:1025DC0067FBB0F57A7F2AD318F054FB606604F1E0
:1025EC0068020121714818F03FFF102800F2C180E9
:1025FC00DFE800F022BFBFBF6CBFBFBFBF8F3DBFC6
:10260C00BF80BFBF9E008368694A0021204698475F
:10261C00AB68684A012120469847AB68664A02219C
:10262C002046984718F02EFB60660023E36638BD01
:10263C00436908469847FAE7AB68604A022120468E
:10264C009847A06E18F04AFF002302221946204634
:10265C00D5F80CC0E0472B69022120469847584B0F
:10266C001A889B78A4F8022184F80431DFE7AB6860
:10267C00544A022120469847534B07CBC4F8020119
:10268C00C4F80611C4F80A211A889B78A4F80E2104
:10269C0084F81031E36E0133E3660E2BC7D9AB68B7
:1026AC004A4A022120469847002303221946204615
:1026BC00D5F80CC0E0472B69032120469847444BC2
:1026CC0003CBC4F80201C4F80611B0E7AB68414A69
:1026DC00022120469847404B07CBC4F80201C4F8AE
:1026EC000611C4F80A211A889B78A4F80E2184F8E4
:1026FC001031CFE7AB68394A022120469847384B56
:10270C0003CBC4F80201C4F806111B88A4F80A31E3
:10271C00C0E7AB68334A022120469847324B03CBC3
:10272C00C4F80201C4F806111B88A4F80A31B1E7F9
:10273C00AB682E4A022120469847DFF8B4C0BCE8AB
:10274C000F00C4F80201C4F80611C4F80A21C4F839
:10275C000E319CF8003084F8123100230322194604
:10276C002046D5F80CC0E0472B690321204698473A
:10277C0090E7AB681D4A0221204698471D4B07CBBA
:10278C00C4F80201C4F80611C4F80A211B88A4F885
:10279C000E310023032219462046D5F80CC0E04721
:1027AC002B6903212046984774E700BFBC02020046
:1027BC005C02020078020200AC020200D0020200AD
:1027CC0060160200E802020008030200D4030200B3
:1027DC00EC03020018030200380302004803020055
:1027EC0064030200700302008C03020098030200D1
:1027FC00B0030200C4030200B2F5004F00D07047D2
:10280C0038B505460C46002184F86C108368264ABE
:10281C002046984704F16401244818F079FDC8B1AA
:10282C00AB68234A0021204698470023032219460F
:10283C002046D5F80CC0E0472B6903212046984769
:10284C001C4B03CBC4F80201C4F806111B88A4F876
:10285C000A3138BD04F16801606E18F045FD00289E
:10286C00DED1A06E03685B6940F6C41204F17001FE
:10287C0098470028D4D1AB680F4A002120469847CE
:10288C000023022219462046D5F80CC0E0472B69DC
:10289C00022120469847094B1A889B78A4F80221FC
:1028AC0084F80431D5E700BFF403020040FF0100B7
:1028BC0010040200380402004404020060160200F6
:1028CC00F0B583B005460C46B2F5004F4BD0002A4C
:1028DC0067D1886E03681B6901A99847002870D1DD
:1028EC00019A636F9342B8BF6267236F9A42B8BF75
:1028FC00226782EAE273A3EBE273C3F3423304F17F
:10290C007807C3EB431103EB8106334612145F497E
:10291C0038461BF06BFDAB683A46002120469847C1
:10292C00C82017F0E5FFE36E0133E366052B38D9B9
:10293C00226FB2F5702F57DB626FB2F5201F7CDC73
:10294C00EF680023022219462046B8472B69022162
:10295C00204698473346BDF906204D4904F5817051
:10296C001BF044FD1DE083684A4A0021204698472D
:10297C0004F16401484818F0CBFCA0B1EE680023C8
:10298C00032219462046B0472B690321204698475D
:10299C00424B03CBC4F80201C4F806111B88A4F8FF
:1029AC000A3103B0F0BD04F16801606E18F09CFCB4
:1029BC000028E3D14FF4C813236763670023E36651
:1029CC00EFE7EE680023032219462046B0472B6937
:1029DC00032120469847324B07CBC4F80201C4F8B8
:1029EC000611C4F80A21DCE7019282EAE273A3EB38
:1029FC00E273C3F34233C3EB431103EB810633465B
:102A0C001214284938461BF0F1FCAB683A460021F9
:102A1C0020469847EF680023032219462046B84702
:102A2C002B690321204698473346BDF906201E49E1
:102A3C0004F581701BF0DAFCB3E7019282EAE273D1
:102A4C00A3EBE273C3F34233C3EB431103EB8106F5
:102A5C0033461214154938461BF0C8FCAB683A468D
:102A6C00002120469847EF68002303221946204690
:102A7C00B8472B690321204698473346BDF90620F9
:102A8C000B4904F581701BF0B1FC8AE79804020035
:102A9C003805020068040200840402008C03020062
:102AAC008C040200BC040200E8040200FC040200D6
:102ABC00280502002DE9F0418AB005460C46164661
:102ACC006946704818F024FC60B1EE6800230322BC
:102ADC0019462046B0472B690321204698470AB077
:102AEC00BDE8F08101A9009818F0FEFB002834D154
:102AFC00B6F5004F3CD0002EF1D102AE20273A465D
:102B0C00002130461BF06DFD01980368D3F814804A
:102B1C003B4632464121C047002800F08B80EE68CE
:102B2C000023032219462046B0472B690321204677
:102B3C009847554B03CBC4F80201C4F806111A8808
:102B4C009B78A4F80A2184F80C31019803689C69DD
:102B5C0020234E4A4121A047C1E7EE6800230322FF
:102B6C0019462046B0472B69032120469847B6E703
:102B7C00AB68474A002120469847019803685E6974
:102B8C002023424A4121B047B0B1EE680023032212
:102B9C0019462046B0472B690321204698473A4BEB
:102BAC0003CBC4F80201C4F806111A889B78A4F868
:102BBC000A2184F80C3192E702AF2022AA21384670
:102BCC001BF00FFD019803689E6920233A464121B2
:102BDC00B04706462022552138461BF002FDAEB107
:102BEC0001238DF80830EE68002303221946204695
:102BFC00B0472B69032120469847264B07CBC4F8D6
:102C0C000201C4F80611C4F80A2168E701980368A8
:102C1C009E69142302AA4321B04701238DF8083082
:102C2C000028E0D1019803689C69012302AA46217F
:102C3C00A04754E7202202A917481BF062FB50B9A9
:102C4C00EE680023022219462046B0472B69022168
:102C5C002046984779E7EE68002303221946204660
:102C6C00B0472B690321204698470C4B07CBC4F87F
:102C7C000201C4F80611C4F80A211B7884F80E313D
:102C8C0063E700BF4405020060050200E8D512A00E
:102C9C004C0502006C050200A82502007805020014
:102CAC0003460120186000BF00BF00BF00BF00BF7B
:102CBC0000BF00BF00BF00BF00BF00BF00BF00BF10
:102CCC0000BF00BF00BF00BF00BF00BF00BF00BF00
:102CDC0000BF00BF00BF00BF00BF00BF00BF00BFF0
:102CEC0000BF00BF00BF00BF00BF00BF00BF00BFE0
:102CFC0000BF00BF00BF00BF00BF00BF00BF00BFD0
:102D0C0000BF00BF00BF00BF00BF00BF00BF00BFBF
:102D1C0000BF00BF00BF00BF00BF00BF00BF00BFAF
:102D2C0000BF00BF00BF00BF00BF00BF00BF00BF9F
:102D3C0000BF00BF00BF00BF00BF00BF00BF00BF8F
:102D4C0000BF00BF00BF00BF00BF00BF00BF00BF7F
:102D5C0000BF00BF00BF00BF00BF00BF00BF00BF6F
:102D6C0000BF00BF00BF00BF00BF00BF00BF00BF5F
:102D7C0000BF00BF00BF00BF00BF00BF00BF00BF4F
:102D8C0000BF00BF00BF00BF00BF00BF00BF00BF3F
:102D9C0000BF00BF00BF00BF00BF00BF00BF00BF2F
:102DAC0000BF00BF00BF00BF00BF00BF00BF00BF1F
:102DBC0000BF00BF00BF00BF00BF00BF00BF00BF0F
:102DCC0000BF00BF00BF00BF00BF00BF00BF00BFFF
:102DDC0000BF00BF00BF00BF00BF00BF00BF00BFEF
:102DEC0000BF00BF00BF00BF00BF00BF00BF00BFDF
:102DFC0000BF00BF00BF00BF00BF00BF00BF00BFCF
:102E0C0000BF00BF00BF00BF00BF00BF00BF00BFBE
:102E1C0000BF00BF00BF00BF00BF00BF00BF00BFAE
:102E2C0000BF00BF00BF1A68824202D140007FF48D
:102E3C0039AF7047F0B502468908013911F0010E1F
:102E4C003CD073464FF0AA3042F823005B00194285
:102E5C00FAD14FF055331360734602EB830052F8EE
:102E6C002340B4F1AA3F14D15B001942F5D14FF0C5
:102E7C00AA331360F4464FF055361F4610E05B0042
:102E8C00194207D052F82340B4F1AA3FF7D063455A
:102E9C00F5D0F0BD57514FEA4C0C11EA0C0F0BD08A
:102EAC004FEA8C0502EB8C0042F82C601368B3F1EE
:102EBC00AA3FEED17346E5E70020EAE74FF0553321
:102ECC0003604FF0AA3303600020E2E7032928D9FE
:102EDC0010B502464FEA910C8646012340F8043B9C
:102EEC009C4503F10103F9D8012300E00B46104681
:102EFC001168994214D1D94342F8041B591C9C45C2
:102F0C00F4D800236FF001047046DEF80010E21ACA
:102F1C00914205D101330EF1040E9C45F4D80020EA
:102F2C0010BD002070470000B2F5004F00D0704774
:102F3C0070B505460C4683682A4A002120469847FE
:102F4C0015F0E6FD4FF02040FFF7AAFE064615F0FF
:102F5C00EFFDB6B1AB68244A012120469847002307
:102F6C00032219462046D5F80CC0E0472B690321F3
:102F7C002046984732461D4904F581701BF036FAFD
:102F8C0070BD15F0C5FD4FF400014FF02040FFF768
:102F9C0051FF064615F0CCFD002EDBD115F0B8FD27
:102FAC004FF400014FF02040FFF790FF064615F05C
:102FBC00BFFD002ECED1AB680D4A012120469847AB
:102FCC00EE680023022219462046B0472B690221E5
:102FDC00204698474FF40002064904F581701BF017
:102FEC0005FACDE788050200B4050200CC05020005
:102FFC009C050200AC050200F0B5C3B006460C46B9
:10300C0015468368534A012120469847524B03CBFF
:10301C00C4F80201C4F806111B88A4F80A3141AAAD
:10302C001021284618F058FB002874D104F581773C
:10303C00419B512B03D040F2E93043B0F0BD41AA83
:10304C001121284618F048FB002867D1419B522BD0
:10305C0002D040F2E930F0E741AA1221284618F0DC
:10306C003BFB00285DD1419B592B02D040F2E9304B
:10307C00E3E73A4B07CBC4F802017960BA60B36856
:10308C00374A0121204698474FF480224FF4E00143
:10309C00284618F011FB002846D1802301AA4FF4D2
:1030AC00E001284618F0E4FA002840D101AB21A930
:1030BC0013F8012BFF2A3DD18B42F9D1294B07CBB9
:1030CC00C4F802017960BA60B368274A012120462E
:1030DC0098470623254A2649284618F0DBFA60BB98
:1030EC000623244A2449284618F0D4FA40BB8023EE
:1030FC0001AA1F49284618F0BBFA20BB0C221F4915
:10310C0001A81BF0FEF808BB1D4B1A889B78A4F88D
:10311C000221BB7091E740F2E9308EE740F2E930D2
:10312C008BE740F2E93088E740F2EA3085E740F27D
:10313C00EA3082E740F2EB307FE74FF47B707CE7BC
:10314C004FF47B7079E74FF47B7076E74FF47B702C
:10315C0073E700BFD40502008C030200E4050200F3
:10316C00F0050200000602000C0602001C0602001C
:10317C00FCFF710024060200020072002C06020003
:10318C0060160200F0B591B00C4600230193ADF827
:10319C000830B2F5004F01D011B0F0BD0546836880
:1031AC001E4A0021204698470FA91D4818F03CFAEA
:1031BC00C8B903A90F9818F09FFA039B0F9A2146E0
:1031CC002846FFF719FF06460F9818F044FA66B91F
:1031DC00EE680023022219462046B0472B690221D3
:1031EC0020469847D8E74FF47A7604F16407C6F383
:1031FC000E020C4938461BF0F9F8AB683A4602212E
:10320C0020469847EE680023032219462046B04713
:10321C002B69032120469847BEE700BF3C060200FD
:10322C005C0602006406020030B583B005460C460D
:10323C00B2F5004F1ED0102A37D0002A33D1486E79
:10324C0017F02EFDB0F57A7F2DD317F01BFD6066BD
:10325C0004F168020121654818F006F90D2800F206
:10326C008E80DFE800F0268C8C8C5A8C8C8C8C7DBC
:10327C00418C8C6E83685E4A002120469847AB686F
:10328C005C4A012120469847AB685B4A02212046E4
:10329C00984701A9594817F0E3FD0023E36623671B
:1032AC0017F0F0FC606603B030BD436908469847E0
:1032BC00F9E7AB68524A022120469847A06E18F0F5
:1032CC000DF90023022219462046D5F80CC0E04720
:1032DC002B690221204698474A4B1A889B78A4F800
:1032EC00022184F80431DEE7AB68474A022120460C
:1032FC009847464B07CBC4F80201C4F80611C4F832
:10330C000A211A889B78A4F80E2184F81031236FB7
:10331C005A1C042B47D02267C5E7AB683C4A0221F4
:10332C00204698473B4B07CBC4F80201C4F8061162
:10333C00C4F80A211A889B78A4F80E2184F810315D
:10334C00E5E7AB68344A022120469847334B03CB60
:10335C00C4F80201C4F806111B88A4F80A31D6E798
:10336C00AB682F4A0221204698472E4B03CBC4F85A
:10337C000201C4F806111B88A4F80A31C7E7AB6830
:10338C001D4A022120469847274B07CBC4F802015F
:10339C00C4F80611C4F80A211A889B78A4F80E21E7
:1033AC0084F81031B3E700232367E36E0133E3663F
:1033BC00062B16D1AB681D4A0221204698470023E4
:1033CC00032219462046D5F80CC0E0472B6903218F
:1033DC0020469847164B03CBC4F80201C4F80611DB
:1033EC0061E701A9054817F03BFD5CE7D406020034
:1033FC007806020098060200AC020200C406020025
:10340C00D002020060160200E8020200080302006B
:10341C001803020038030200480302006403020090
:10342C00700302008C030200E4060200D4030200C5
:10343C00EC03020030B583B005460C46B2F5004FE4
:10344C001ED0102A37D0002A33D1486E17F028FC32
:10345C00B0F57A7F2DD317F015FC606604F1680285
:10346C000121654818F000F80D2800F28E80DFE885
:10347C0000F0268C8C8C5A8C8C8C8C7D418C8C6EB8
:10348C0083685E4A002120469847AB685C4A01215C
:10349C0020469847AB685B4A02212046984701A911
:1034AC00594817F0DDFC0023E366236717F0EAFBAD
:1034BC00606603B030BD436908469847F9E7AB68CE
:1034CC00524A022120469847A06E18F007F80023B4
:1034DC00022219462046D5F80CC0E0472B69022180
:1034EC00204698474A4B1A889B78A4F8022184F806
:1034FC000431DEE7AB68474A022120469847464B29
:10350C0007CBC4F80201C4F80611C4F80A211A88C2
:10351C009B78A4F80E2184F81031236F5A1C042BCD
:10352C0047D02267C5E7AB683C4A02212046984742
:10353C003B4B07CBC4F80201C4F80611C4F80A21AE
:10354C001A889B78A4F80E2184F81031E5E7AB6853
:10355C00344A022120469847334B03CBC4F802016E
:10356C00C4F806111B88A4F80A31D6E7AB682F4AB9
:10357C000221204698472E4B03CBC4F80201C4F815
:10358C0006111B88A4F80A31C7E7AB681D4A022153
:10359C0020469847274B07CBC4F80201C4F8061104
:1035AC00C4F80A211A889B78A4F80E2184F81031EB
:1035BC00B3E700232367E36E0133E366062B16D1D2
:1035CC00AB681D4A02212046984700230322194666
:1035DC002046D5F80CC0E0472B69032120469847BC
:1035EC00164B03CBC4F80201C4F8061161E701A91C
:1035FC00054817F035FC5CE7D4060200F40602001F
:10360C0098060200AC02020014070200D00202006D
:10361C0060160200E8020200080302001803020010
:10362C003803020048030200640302007003020026
:10363C008C030200E4060200D4030200EC03020037
:10364C0070470000B2F5004F00D07047F0B587B05E
:10365C0005460C468368404A00212046984705A938
:10366C003E4817F023FCE0B1AB683D4A00212046F0
:10367C0098470023032219462046EE68B0472B6971
:10368C00032120469847374B03CBC4F80201C4F8FA
:10369C0006111B88A4F80A31059817F014FC07B022
:1036AC00F0BD022301930A238DF8083001238DF815
:1036BC000930CDF810D001A9059817F00CFCD8B141
:1036CC00AB68294A002120469847EE680023032264
:1036DC0019462046B0472B69032120469847234BB7
:1036EC0003CBC4F80201C4F806111A889B78A4F81D
:1036FC000A2184F80C31CFE7009B642202FB03F310
:10370C001B4EA6FB03269B1B06EB5306760A04F105
:10371C0064073246174938461AF068FEAB683A46D9
:10372C00002120469847503E282E0AD9EE680023E7
:10373C00032219462046B0472B690321204698479F
:10374C00AAE7EE680023022219462046B0472B69EF
:10375C000221204698479FE7F00702003C07020031
:10376C00040802008C030200240802008C070200EB
:10377C00251540524808020000B583B00023019380
:10378C00072809D8DFE800F0040C11161B20252AA5
:10379C0001A9154817F064FB019803B05DF804FB10
:1037AC0001A9124817F05CFBF6E701A9104817F0C5
:1037BC0057FBF1E701A90F4817F052FBECE701A901
:1037CC000D4817F04DFBE7E701A90C4817F048FB33
:1037DC00E2E701A90A4817F043FBDDE701A9094814
:1037EC0017F03EFBD8E700BF600802006808020033
:1037FC0070080200780802008008020088080200A5
:10380C00900802009808020082B02DE9F04F8FB0AA
:10381C0080468B46144619931C9D83689B4A012154
:10382C00584698479A4B03CBCBF80201CBF80611BC
:10383C001B88ABF80A310DAA1021204617F04CFF5B
:10384C00002840F011810BF5817A0D9B512B06D08D
:10385C0040F2E9300FB0BDE8F04F02B070470DAA4E
:10386C001121204617F038FF002840F000810D9BF5
:10387C00522B02D040F2E930ECE70DAA122120467F
:10388C0017F02AFF002840F0F5800D9B592B40F0D3
:10389C00F48000260596B146CDF810A0099508963F
:1038AC00C246D846069408F1640B059A79495846E5
:1038BC001AF09CFDDAF808305A4601214046984728
:1038CC0000230393039A744958461AF08FFDDAF8D3
:1038DC0008305A46012140469847099B002B00F0BE
:1038EC00AC80059BC3EB0323079319AB0B93002709
:1038FC003D460A970A9A694958461AF077FDDAF854
:10390C0008305A460121404698470B9B1E465C697D
:10391C00089B9C4206D13369002B00F08280FB1877
:10392C0008933DE0DFF8789123464A465D495846B6
:10393C001AF05CFDDAF808305A46032140469847E5
:10394C00E9E73B460022584958461AF04FFDDAF891
:10395C0008305A460121404698472A465349049854
:10396C001AF044FD3CB109F1FF33621E4A4403F8DE
:10397C00016F9342FBD122462946069E304617F032
:10398C009BFE00287CD123464A462946304617F038
:10399C0081FE002877D101372544089B9F423FD0F8
:1039AC00079B83EA0706039B002BCAD03B460122E8
:1039BC003F4958461AF01AFDDAF808305A460121E8
:1039CC00404698472A463B4904981AF00FFD234677
:1039DC004A462946069817F04BFE002CDBD009F11D
:1039EC00FF324B46601E4844944612F8011FB14208
:1039FC0002D19042F8D1CEE7D946C3F1010301912F
:103A0C00009663443A462C4948461AF0EFFCDAF823
:103A1C0008304A4602214046984740F2014019E7D7
:103A2C001F460A9B01330A930B9A08320B92099A90
:103A3C009A4201D008945DE70894039B01330393E9
:103A4C00022B7FF43FAF059B01330593022B7FF4D0
:103A5C002AAFDDF810A0194B1A889B78A8F8022120
:103A6C008AF802300020F5E640F2E930F2E640F246
:103A7C00E930EFE640F2E930ECE640F2E930E9E615
:103A8C0042F24870E6E642F24970E3E6D4050200E1
:103A9C008C030200A0080200AC080200BC08020063
:103AAC00000040A0C8080200E80802001409020047
:103ABC00280902005409020068090200601602007D
:103ACC00B2F5004F00D07047F0B59BB005460C46E0
:103ADC008368264A00212046984719A9244817F0E4
:103AEC00A3FD40BB0DA9199817F006FEEC460DF18D
:103AFC00380EBEE80F00ACE80F00BEE80F00ACE8D3
:103B0C000F009EE807008CE807000D9B199A2146D0
:103B1C002846FFF779FE0646199817F09CFD66B902
:103B2C00EE680023022219462046B0472B69022179
:103B3C002046984718E04FF47A7604F16407C6F3F0
:103B4C000E020C4938461AF051FCAB683A46022179
:103B5C0020469847EE680023032219462046B047BA
:103B6C002B690321204698471BB0F0BDA409020025
:103B7C005C06020064060200034B1B684FF0FF3228
:103B8C00C3F8D42B704700BF0CD612A070B58AB006
:103B9C0004460FF06DF809AA0021204618F087FAA8
:103BAC00184C4FF4F84307930023069347F6E0763E
:103BBC0005960222049240F2DF12039240F27F2219
:103BCC00029201930093099B4FF4F0724FF4207111
:103BDC0020680DF0FFFF0C4D294620680EF033FBDA
:103BEC001F220A4920680EF043FB314620680EF074
:103BFC002CF8294620680EF026FB0FF04DF80AB081
:103C0C0070BD00BF0CD612A0C0380400C809020059
:103C1C002DE9F04788B0734F386800F66424002310
:103C2C00ADF81830ADF81A30C369ADF81C30036A22
:103C3C00ADF81E306C490EF006FB38680EF005FB33
:103C4C0086B206AD052128460FF0D4F906F14602DE
:103C5C00022392B2694628460FF0F8F904AB95E8B6
:103C6C00030083E803003A6802F6CC3282E80300D2
:103C7C00022118460FF0BEF90436B6B2442E38BFF6
:103C8C0044265A4B1D78082D61D80027DFF8548143
:103C9C00DFF85CA1DFF85C91D8F800301B6EAB420A
:103CAC0033D9BDF816300133BDF812209B1A9E4251
:103CBC002BDA0123324602A904A80FF0A5F9BDF8AE
:103CCC0008302380BDF80A306380BDF80C30413BCE
:103CDC00A380BDF80E20E280D8F80010EB0103F1B0
:103CEC0068000844A060C4F80CA0C4F810906433B9
:103CFC000B44A361404BE3610232A1F8D22B013794
:103D0C0020340135ABB2082BC6D9012168460FF01F
:103D1C0071F9BDF8003023807F33A380BDF80230E9
:103D2C0063803F33E380354BA360354BE360354B09
:103D3C0023610023A361E3612A4B1B681B6EBB420A
:103D4C0007D820340023A36008B0BDE8F087002713
:103D5C00DBE7012168460FF04DF9224B1B68B3F8E5
:103D6C00D02B413A2284B3F8D02B013AA284B3F879
:103D7C00CE2B01326284B3F8CE2B4132E284224A3C
:103D8C00A262224AE262224A22630022A263E26316
:103D9C001B6E9F4228BF4034D4D2012168460FF0DD
:103DAC0029F9104B1B68B3F8D02B413AA4F84020EA
:103DBC00B3F8D02B013AA4F84420B3F8D22B413AF3
:103DCC00A4F84220B3F8D23B013BA4F846300E4B8A
:103DDC00A364104BE364104B23650023A365E365D8
:103DEC006034AFE70CD612A0C038040008D612A07D
:103DFC00D13F0000FCCF0200293E00001CFF010057
:103E0C00853B0000C02D0300E01D0200B13F000007
:103E1C0004410200853F0000D839020070B588B01B
:103E2C0004460388ADF818304388ADF81A308388FF
:103E3C00ADF81C30C388ADF81E301C4D1C492868E9
:103E4C000EF001FA28680EF000FA85B206AE0221D7
:103E5C0030460FF0B3F80223402204A930460FF08D
:103E6C0017F9236993B1BDF810300393BDF81230E4
:103E7C00029302AA03A90D4B18680DF0FAFEBDF8C7
:103E8C000820BDF80C1020690EF05AFF2A4669462E
:103E9C0006A80FF047F9BDF80230BDF80020A16864
:103EAC00024800680EF094F908B070BD0CD612A050
:103EBC00C0380400F0B587B00EF0DAFE294C2A4960
:103ECC0020680EF0C0F920680EF0BFF9054647F6E1
:103EDC00E07120680DF0B9FE002120680DF0B7FEEE
:103EEC002068B0F8D03BB0F8CE2BB0F8CC1BB0F8B3
:103EFC00D26B00960DF015FE2068036E1BBB90F87C
:103F0C00E03B102B05D0092B27D0302B27D0174F97
:103F1C0000E0164F39460EF004FA04AE114C23683B
:103F2C0082B2314603F6CC300FF01CF9AAB202A9CA
:103F3C0030460FF0F7F8BDF80A30BDF808203946C6
:103F4C0020680EF045F9074B186800F664210EF056
:103F5C00C8FB0EF0A1FE07B0F0BD054FDAE7054F28
:103F6C00D8E700BF0CD612A0C0380400F00902003C
:103F7C00040A0200240A020008B5084B1B78591DDC
:103F8C00074A1268126E914200D308BD0133034AEE
:103F9C001370FFF73DFEFFF78DFFF6E708D612A072
:103FAC000CD612A008B5064B1B7803B908BD013B13
:103FBC00034A1370FFF72CFEFFF77CFFF6E700BFF8
:103FCC0008D612A008B5806900F0C4FE054B1B682A
:103FDC00D3F8D80BFFF7DAFDFFF71AFEFFF76AFFED
:103FEC0008BD00BF0CD612A030B59BB0024601AD87
:103FFC000C4928461AF0FAF90BAC01232A460A4957
:10400C0020461AF0F3F96A460121204617F02CFAE3
:10401C00044610B120461BB030BD009817F05EFA74
:10402C00F8E700BF4C0A0200540A020010B58CB02D
:10403C00024602AC084920461AF0D8F901AA01211F
:10404C00204617F011FA044610B120460CB010BDF2
:10405C00019817F043FAF8E7680A020010B58CB023
:10406C00024602AC084920461AF0C0F901AA012107
:10407C00204617F0F9F9044610B120460CB010BDDB
:10408C00019817F02BFAF8E7800A02002DE9F04F9F
:10409C0095B0814600231293384B1D6808AC02463C
:1040AC00374920461AF0A2F913A9204617F0F0FE62
:1040BC0018B1302015B0BDE8F08F3249139817F0C5
:1040CC004CFF70B1129B002B4DD0002B50DD643592
:1040DC0001242746DFF8B0A0DFF8B080DFF8B0B0DD
:1040EC0019E012AB00222B49139817F04BFF129BCF
:1040FC00002BEAD12849139817F02FFF12AB00229E
:10410C002449139817F03EFFDCE70134E4B227464C
:10411C00129B9C422CDC05AE3A46514630461AF0B6
:10412C0065F9502300932B1D42463146139817F026
:10413C0059FF08BB03AE3A46594630461AF056F9B9
:10414C002823009305F1550342463146139817F086
:10415C0049FF0028D9D145F8809B084B1A68136E8B
:10416C0001331366D1E7139817F0CCFE3020A1E78A
:10417C00139817F0C7FE9DE730209BE70CD612A0D2
:10418C00800A0200980A0200C00A0200E01D020028
:10419C00C80A0200AC0A0200B80A02002DE9F04F6E
:1041AC0091B002460190314B1D6806AC3049204657
:1041BC001AF01CF905AA0121204617F055F90646FC
:1041CC0018B1304611B0BDE8F08F04A9059817F06E
:1041DC00E5F9049B002B45D005F1640B00252F4617
:1041EC002C460DF10C0A0DF10B094FF0010811E0F2
:1041FC002C2B06D04F2D09D80BEB05021371013572
:10420C0004E00BEB050300251D7101270134049B11
:10421C00A34227D9534642464946059817F08AF9D6
:10422C000646F8B9039BEBB19DF80B300D2BEDD086
:10423C00002FDDD00A2B07D0272DE7D80BEB05027A
:10424C0082F855300135E1E75D44002785F855705B
:10425C00019B4BF8803B054B1A68136E01331366B8
:10426C003D46D3E7059817F039F9AAE70CD612A00A
:10427C00680A020070B5A8B040F6E43018F0B8F83F
:10428C00674B186080B140F6E43200211AF0A9F9AE
:10429C0025AA1021012016F0EFFB38B1604C2068E4
:1042AC0018F0AEF80023236028B070BD25AA24A90D
:1042BC005C4818F0DBFA18B1259816F0FFFBEDE717
:1042CC0027A9594817F0CFFE20B12599249818F04A
:1042DC003AFBF1E7524B1B68279AC3F8D82B4FF0E7
:1042EC00FF31302002F0FEFC0020FFF77DFE04467B
:1042FC000120FFF779FE002C79D068B901230093D7
:10430C0000238DF804308DF85530684600F022FDFE
:10431C00279817F0BFFED8E70020FFF79FFE044652
:10432C008DF898000120FFF799FE8DF89900002C6C
:10433C005FD0002834D13A4B1B680124C3F8DC4B06
:10434C0000221A662046FFF7A1FE04F1A0030DEB34
:10435C00030404F8080C324B1B6883F8E00B279815
:10436C00FFF714FCFFF754FCFFF7A4FD2C4C20AE18
:10437C004FF0FF352368D3F8D43B002BC8D12A4625
:10438C003146259816F02FFC0028F3D1244B1868E1
:10439C004FF4FA73259A00F664210EF099FBE7E7C7
:1043AC000020FFF743FE05468DF898000120FFF72B
:1043BC003DFE8DF899001DB3B0F10D0418BF01241A
:1043CC00174B1B68C3F8DC4B00221A6604F1A003E0
:1043DC006B4413F8083CCBB1114B1B6804F1A002E1
:1043EC000DEB020414F8082C83F8E02BB7E700233C
:1043FC0085E70B4B1B680024C3F8DC4B1C66A1E75C
:10440C00074B1B680024C3F8DC4B1C662046FFF7E7
:10441C00C5FE04F1A0036B4403F8080CDCE700BFF5
:10442C000CD612A030FF01003CFF01000022084B0B
:10443C0003F14C0013F8011B0A448342FAD1D24316
:10444C00034BD86C904214BF16200020704700BF5D
:10445C0010D612A000B583B000220D4B03F14C0016
:10446C0013F8011B0A448342FAD1D243084BDA6495
:10447C0001A9084816F075FF10B103B05DF804FBF4
:10448C00502300220249019816F08AFFF5E700BF7D
:10449C0010D612A04405020000B583B001A90B4848
:1044AC0016F05FFF034618B1184603B05DF804FB25
:1044BC00502300220649019816F060FF034600289D
:1044CC00F2D1FFF7B3FF0346EEE700BF440502004D
:1044DC0010D612A038B51A4C5022002120461AF0E2
:1044EC0080F84FF0FF35A564C02184F83A10A8225B
:1044FC0084F83B200A2384F83C30142084F83D00D7
:10450C00FF2084F83E5084F83F0084F8400084F883
:10451C00421084F8432084F84430012384F8453059
:10452C00BD2384F83530332384F83630062384F8E1
:10453C003730682384F83830222384F8393038BD7A
:10454C0010D612A0074B1B684FF0FF32C3F80C2299
:10455C00C3F824220021C3F81012C3F81422C3F8A4
:10456C001C1270476CD612A0064B1B680022C3F8B5
:10457C0028224FF0FF32C3F81422034B0361034B84
:10458C00C36070476CD612A078BA0200D9470000FD
:10459C002DE9F0438FB005460EF06AFB744B1B6897
:1045AC00D3F8E831012B08D88BB9724B18684FF44B
:1045BC00162201460EF0F6FD09E04FF416226E4964
:1045CC00096802FB03116B4B18680EF0EBFD684B8E
:1045DC001868D0F81032002B36D1654B1B68D3F815
:1045EC001C32002B40F09080002D00F0B780604B07
:1045FC001B68D3F82C22002A40F08D80D3F830228F
:10460C00002A00F0A880D3F8E831042B00F08B804E
:10461C00574B1B68D3F8E831002B00F09180564BB8
:10462C001B68534C2268D2F8E8114FF4162202FB97
:10463C0001F1A1F51620194418440EF007FC23686B
:10464C000022C3F830228BE000210DF000FB484C17
:10465C00002120680DF0F9FA002120680DF0FAFA1B
:10466C00464920680DF0EFFD23680CAE03F5FA7295
:10467C0092E8030086E80300012118460DF0EAFADF
:10468C00206800F164010EF02CF82368D3F8C821DF
:10469C00D3F8C43101323A49684619F0A7FE69468D
:1046AC0020680DF03EFE8146236803F5F67393E80F
:1046BC00030086E803000A2130460EF09BFC0AAF8B
:1046CC001FFA89F2394630460EF04CFD97E803008C
:1046DC0086E8030020680DF0B8FD82B239463046FA
:1046EC000EF020FD47F6E07120680DF0AEFA0021C7
:1046FC0020680DF014FEBDF82A30BDF8282069465C
:10470C0020680DF065FD68E7C6224FF48E711D48D8
:10471C000EF016FB68E70EF0C7FA154B1B6800226B
:10472C00C3F82C221CE0144B18684FF4162200F529
:10473C00E11100F53B1000F500500EF033FD67E77A
:10474C000D4B18684FF4162200F51611A0F5162023
:10475C000EF028FD63E70EF09FFA01E00EF09CFAD4
:10476C00034B1B680022C3F814220FB0BDE8F08382
:10477C006CD612A00400001060D612A0C038040041
:10478C00D00A02003048020008B50F4B1B68D3F862
:10479C00102292B90C4B1A68D2F8C8310133D2F8F6
:1047AC00C4118B4228BF0023C2F8C8314FF0FF332D
:1047BC00C2F81832C2F8303208BD0020C3F810021B
:1047CC00FFF7E6FEE6E700BF6CD612A008B5084B73
:1047DC001B684FF0FF32C3F82822C3F81422054B94
:1047EC000361054BC3600020FFF7CEFF08BD00BF7F
:1047FC006CD612A0A4C102007545000008B5114B7F
:10480C001B68D3F81022BAB90E4B1B68D3F8C82119
:10481C001AB9D3F8C421C3F8C821D3F8C821013A76
:10482C00C3F8C8210022C3F810224FF0FF32C3F89E
:10483C001822C3F82C2208BD0020C3F81002FFF781
:10484C00A7FEE1E76CD612A02DE9F04FADF5077D80
:10485C00B0F800C0B0F802B00769B989F88907F15F
:10486C00150406AE0DF5067E14F8012CD20814F8CA
:10487C00023CDB085B0143EA822314F8032C43EA75
:10488C00D20326F8023B03347645EDD100284FD0F5
:10489C00441E01F2123201FB0422174400220DF1D6
:1048AC00180ADFF894803B46CDF814C00490D94622
:1048BC0030E00236BD4224D015F8013B3AF81340E3
:1048CC00002CF6D023464A463146D8F800000DF0AD
:1048DC00DBF906F1010B23464A465946D8F800008D
:1048EC000DF0D2F92346009A3146D8F800000DF0AD
:1048FC00CBF92346009A5946D8F800000DF0C4F9BC
:10490C00D7E7019B0299039A013209F10209049835
:10491C0090420DD01F465B1A1D460029F4D009F1B8
:10492C00010B059ECDF800B0019302910392C3E7F1
:10493C000DF5077DBDE8F08F6CD612A02DE9F04F78
:10494C00BFB04FF0FF320023079306930593B2E0FC
:10495C004FF0FF32AFE093F8CC21022A40F0C08038
:10496C0000220792059A3B92079A03323C9200224E
:10497C003BA9D3F8E00116F0DCF8002206929AE08D
:10498C0093F8D421022A40F0B18001220792E9E782
:10499C00039D3D95D4F82432002B40F0EF80D4F8E1
:1049AC003432002B00F0C5804FF000038DF824301A
:1049BC00824B1B681B6E1A681DAF0135009509AB45
:1049CC007F49384619F012FD08AA0121384616F025
:1049DC004BFD002840F0D280049BDD1C089816F09B
:1049EC007DFD784B196801F53B1303F5005304F575
:1049FC0009724FF4162000FB051138460EF086FAAA
:104A0C000446002840F0BA806C4B1868049B00EBFD
:104A1C00C303022283F8CC213D9AC3F8D021069B14
:104A2C00002B00F0A9803B9B9A4200F0978000225B
:104A3C0041E0002E3BD1B8F1000FB8BF884408F11B
:104A4C00FF37B9F1000FB8BFF1442E464B4609F1C0
:104A5C00FF394246B846013081422AD9B2FBF1F700
:104A6C0001FB17220492B3FBFEF70EFB17330393E3
:104A7C0004EBC207D7F8D0B15B4589D197F8CC715C
:104A8C00002F85D0B542E6D3002DD2D1614538BF79
:104A9C00ACEB010C0CF10105D64538BFAAEB0E0AA4
:104AAC0053460AF1010A6246AC460125D3E7354666
:104ABC00D1E74FF0FF32414B1B683DA9D3F8DC0125
:104ACC0016F091F8B8B93D9B0593B3F1FF3F66D052
:104ADC003A4B1B68D3F8D021059991423FF43BAF78
:104AEC00D3F8D821059991423FF44AAF059B3B93EB
:104AFC004FF0FF330693059D3D95079802462B46D4
:104B0C002E490C68D4F8C4E17146022928BF022151
:104B1C00461C471E05F1010A05F1FF3BBEF1000FD3
:104B2C003FF416AF00200546B846B4460646D946B3
:104B3C0094E7226E5532244909A819F057FC37E73F
:104B4C003D9B3B934FF0FF333C931C4B1B68002267
:104B5C003BA9D3F8E00115F0ECFF12E03C950022E4
:104B6C003BA9D0F8E00115F0E4FF3D9B0593049BB5
:104B7C000793069400229EE700229CE7069B002BDD
:104B8C00DED10E4B1B68049A03EBC203022283F89E
:104B9C00CC213D9AC3F8D021002206928BE74FF02E
:104BAC00FF323B92054B1B683BA9D3F8E00115F093
:104BBC00C0FF00203FB0BDE8F08F00BF6CD612A044
:104BCC00EC0A020060D612A0E00A020070B58AB0AE
:104BDC0004460EF04DF809AA0021204617F067FA9A
:104BEC00154C4FF4F84307930023069347F6E076F1
:104BFC0005960222049240F2DF12039240F27F22C9
:104C0C00029201930093099B4FF4F0724FF42071C0
:104C1C0020680CF0DFFF094D294620680DF013FBCE
:104C2C00314620680DF011F8294620680DF00BFB79
:104C3C000EF032F80AB070BD6CD612A0C038040069
:104C4C00F0B5B1B01A4B1B680022C3F8C421184C44
:104C5C00184F03AE21E01A6E55323946304619F022
:104C6C00C5FB23681A6E126817ADD3F8C431013333
:104C7C00009333461049284619F0B8FB02AA0121CB
:104C8C00284616F0F1FB88B92268D2F8C4310133FA
:104C9C00C2F8C431029816F021FC2368D3F83422F0
:104CAC00002AD8D000238DF80C30DAE731B0F0BDF3
:104CBC006CD612A0E00A0200EC0A0200F0B583B038
:104CCC00234B1B68D3F8C8714FF0FF3203F5E47126
:104CDC00D3F8DC0115F06AFF6E461D4CFA2508E08E
:104CEC00C3F81C02FFF754FC19E02368D3F81C220C
:104CFC002AB323682A463146D3F8E00115F073FF36
:104D0C000028F2D1009BBB42F3D1019BB3F1FF3FD2
:104D1C0013D00F4B1B68D3F81C22002AE0D10C4B8C
:104D2C001B680022C3F818224FF0FF31C3F814128D
:104D3C000199C3F8E811C3F81C2203B0F0BD4FF081
:104D4C00FF32C3F81C220020FFF722FCD1E700BF82
:104D5C006CD612A02DE9F04794B005464FF40E70B6
:104D6C0017F046FBC24B186058B304464FF40E7252
:104D7C00002119F036FC04F5EE720421032015F025
:104D8C007BFE08B3BA4B1B68D3F8E421002A40F031
:104D9C003C82B74B1B68D3F8DC01002840F04E82F4
:104DAC00B34B1B68D3F8E001002840F04A82B04CAA
:104DBC00206817F025FB00232360AE4B186817F012
:104DCC001FFB14B0BDE8F087A94B1A6802F5F0720E
:104DDC000821032015F050FE0028D3D12B794BB9B4
:104DEC0095F8553033B9A24B1B684FF0FF32C3F81E
:104DFC00342204E09E4B1B680022C3F834229E48E8
:104E0C0017F0F6FA9B4A10600028DAD000F516234A
:104E1C0003F6FF736FF30B03984A1360944B1A68F5
:104E2C000023C2F8E43102F5F272019202220092E0
:104E3C004FF420729249934815F074FF0028A1D1C9
:104E4C008B4B1B684FF0FF31C3F810120022C3F8D4
:104E5C001C22C3F80C221D66C3F8C821C3F8181213
:104E6C00C3F81412C3F82022874B1B6883B112AA13
:104E7C001021012015F000FE002883D112AA11A9DF
:104E8C00824817F0F3FC48B1129815F017FE79E739
:104E9C007D4A0121032015F0EFFDE8E713A97C48BA
:104EAC0017F0E1F820B11299119817F04CFDEBE7CF
:104EBC00FFF7C6FE6E4B1B68D3F8C4311BB91398B1
:104ECC0017F0E8F8EFE71398FFF780FE684F3C689F
:104EDC000025ADF80C50ADF80E50E369ADF810306C
:104EEC00236AADF812306B4920460DF0ACF93968E5
:104EFC0003AE2B464A2201F5FA7130460EF0A6F8A5
:104F0C003B6803F5FE7296E8030082E8030005AEE9
:104F1C0003F5FA7393E8030086E803000521304695
:104F2C000EF068F80DF11C0A282340225146304639
:104F3C000EF0AEF8BDF81C30A4F86430BDF81E308D
:104F4C00A4F86630BDF82030A4F86830BDF82230E3
:104F5C00A4F86A30DFF84091C4F86C904F4B23678B
:104F6C004F4B6367E567DFF83C81C4F880802823EA
:104F7C004022514630460EF08BF8BDF81C30A4F898
:104F8C008430BDF81E30A4F88630BDF82030A4F86B
:104F9C008830BDF82230A4F88A30C4F88C90424B8B
:104FAC00C4F89030414BC4F89430C4F89C50C4F809
:104FBC00A08028234022514630460EF069F8BDF8F7
:104FCC001C30A4F8A430BDF81E30A4F8A630BDF8EF
:104FDC002030A4F8A830BDF82230A4F8AA30C4F8C8
:104FEC00AC90334BC4F8B030324BC4F8B430C4F886
:104FFC00BC50C4F8C08039680223642201F5F671F4
:10500C0030460EF069F828234022514630460EF007
:10501C0063F8BDF81C30A4F8C430BDF81E30A4F8F9
:10502C00C630BDF82030A4F8C830BDF82230A4F842
:10503C00CA30C4F8CC90204BC4F8D0301F4BC4F805
:10504C00D430C4F8DC50C4F8E080C4F8EC503B68B1
:10505C00D3F80C32002B7FF432AF3C464FF0FF37C5
:10506C00094E3DE0FFF72AFE15F00CFE05463EE02A
:10507C006CD612A064D612A080B7410060D612A0E4
:10508C00000B02004949000068D612A030FF010055
:10509C003CFF0100C0380400E01D0200094800007C
:1050AC004CB3020055480000D947000078BA020002
:1050BC0095470000D0C802005145000020AC02000A
:1050CC003846FFF765FA15F0DDFD054614E00020C3
:1050DC00FFF75AFB2368D3F80C32002B7FF4EFAEAA
:1050EC0017F078F92368D3F81832002BBAD123685B
:1050FC00D3F81432002BE3D100220DF127013068D4
:10510C0015F071FD022812D09DF82730012BDED04E
:10511C00022B08D0002BDDD14B4B1B684FF0FF321C
:10512C00C3F80C22CBE60020FFF768FBD2E73A4627
:10513C000DA9129815F057FD0028CBD1424B1868D9
:10514C00D0F8103283B9109B012B3FD0D0F8283205
:10515C00D3B1284615F0A4FD40F6B733984210D9C8
:10516C000020FFF711FB0CE04FF4FA73129A00F1D8
:10517C0064010DF0ADFC284615F092FDB0F57A6F88
:10518C0017D2109B012B27D02F4B1A68D2F8203244
:10519C004BB1D2F80832D2F804229B1A13F1800FCB
:1051AC002BDB802B2DDC284B1B680022C3F8202224
:1051BC0090E7254B1B680022C3F810224FF0FF32FA
:1051CC00C3F8142215F05EFD0546DAE74FF0FF3305
:1051DC00C0F81032C0F814321B4B1B68D3F82022D5
:1051EC003AB90F9AC3F804224FF0FF32C3F82022C9
:1051FC0070E70F9AC3F80822F6E70020FFF7C4FA0D
:10520C00D1E70020FFF7FAFACDE74FF0FF320C920E
:10521C000CA9D3F8DC0115F0C9FC00260AAD0A4C28
:10522C000A9623684FF0FF322946D3F8E00115F0B7
:10523C00DAFC0A9BB3F1FF3FF2D1AAE515F03EFC74
:10524C00AEE515F03BFCB2E56CD612A08269D2F843
:10525C00C83183F00103C2F8C831704783694FF03D
:10526C00FF329A60704700002DE9F04F95B004466C
:10527C000DF0FEFC254613AA002155F80C0B16F078
:10528C0016FF4FF4F84307930026069647F6E0778F
:10529C0005974FF00209CDF8109040F2DF130393FD
:1052AC0040F27F23029301960096139B4FF4F07209
:1052BC004FF4207128460CF08DFC784928460CF0F0
:1052CC00C2FF28460CF0C1FFA4F8C0011F2274498C
:1052DC0028460CF0CDFF394628460CF0B6FC31467A
:1052EC0028460CF0B4FCADF84460ADF84660A36AF7
:1052FC00ADF84830E36AADF84A300DF144080821A6
:10530C0040460DF077FEB4F8C02146320BAF4B4649
:10531C0092B2394640460DF099FE012138460DF007
:10532C0069FEBDF82C30A4F86C307F33A4F87030D3
:10533C00BDF82E30A4F86E303F33A4F87230594BC0
:10534C006367594BA367594BE367C4F88440C4F8AF
:10535C008860314628460CF0E2FF314628460CF0B6
:10536C0079FC012128460CF0DAFF514928460CF053
:10537C006AFF312128460CF06CFFA4F8C2012846C4
:10538C000CF063FF82B2A4F8C421B4F8C2B10BEBE9
:10539C004B0B4FEA4B0B0BF18A0B04F5D67708320B
:1053AC00802A38BF802292B2394640460DF0BAFEB0
:1053BC000DF13C0897E8030088E803001FFA8BF214
:1053CC00394640460DF0CEFE97E8030088E803000E
:1053DC000DF1240B4B468022594640460DF07CFEC5
:1053EC000DF1340A33468022514658460DF00CFE1E
:1053FC00BDF83430A4F88C30BDF83630A4F88E30BB
:10540C00BDF83830A4F89030BDF83A30A4F892309A
:10541C00DFF8A0B0C4F894B0274BC4F89830274BF1
:10542C00C4F89C30C4F8A440C4F8A860B4F8C221F5
:10543C000432334692B2514640460DF04DFEBDF853
:10544C003430A4F8AC30BDF83630A4F8AE30BDF82A
:10545C003830A4F8B030BDF83A30A4F8B230C4F803
:10546C00B4B0154BC4F8B830C4F8BC60C4F8C44030
:10547C00C4F8C860494638460DF0BCFDC4F8D46089
:10548C00064928460CF0DFFE04F16C0128460DF0AD
:10549C0028F90DF001FC15B0BDE8F08FC038040000
:1054AC00080B02001CFF010069520000C02D030014
:1054BC0078900300E01D0200595200009C7202001B
:1054CC002DE9F04F8DB04FF4E87016F091FF764B4C
:1054DC001860A0B104464FF4E872002119F081F86D
:1054EC000123C4F8BC3104F5E671704816F0D9FFFD
:1054FC0040B16D4C206816F083FF002323600DB083
:10550C00BDE8F08F6A4A1021012015F0B5FA30B1D0
:10551C00654B1B68D3F8CC0116F0D0FFE9E7644A61
:10552C000BA9644817F0A2F920B1614B186815F06B
:10553C00C5FAEDE75C4B19685F4816F094FD28B18D
:10554C005B4B19680B9817F0FEF9EEE7564C206888
:10555C00FFF78AFE20688368002B6BD0006816F07A
:10556C0099FDEDE7059B03EBC303544A82FB031241
:10557C00DB17C3EB620303F5001305931A149BB2FC
:10558C0003EB8303DB0B4E4908A818F02FFF74E0E4
:10559C004C4B089371E06D08454405F1FF3AB9F89E
:1055AC00AE21414620460CF0DBFC47F6E07120466C
:1055BC000CF04BFB039B1978202901D05F2920D1DB
:1055CC0007AA06A920460CF0E4FC069B9A451CDCB5
:1055DC00A8465E4529D0394620460CF038FB3946A2
:1055EC0020460CF032FB394620460CF033FBB9F860
:1055FC00C2510136039633782E2BCCD05F2BCBD1F6
:10560C00C9E720460CF01DFDDAE7394620460CF0C0
:10561C001CFB079AB9F8C4311344013B0093AB1E31
:10562C00069920460CF07DFAD2E71F4B1868836868
:10563C00002B93D14FF4FA731D4A126800F16C01E0
:10564C000C300DF045FA184BD3F8009005A9D9F899
:10565C00CC0116F03BFF00289AD1D9F8C8110129CA
:10566C0080D0059B1A149BB203EB8303DB0B002940
:10567C0089D1154908A818F0B9FE09F10C04134991
:10568C0020460CF0E0FD002120460CF048FE47F6C9
:10569C00E07120460CF0D9FAB9F8AC810DF11F0677
:1056AC000DF1260B002796E774D612A08404020095
:1056BC0070D612A030FF01003CFF010067666666E1
:1056CC00380B0200457272002C0B0200789003001C
:1056DC0070477047A0F862104FF0FF33C0F8C83025
:1056EC0070474FF0FF33C0F8C8307047074B1B684A
:1056FC0003B9704710B5D0F834411146204608F074
:10570C00BDFE0349204608F0B9FE10BD78D612A0A4
:10571C00AC15020010B5D0F83441054B53F82210EB
:10572C00204608F0ABFE0349204608F0A7FE10BD4A
:10573C00C8250200440B020008B5094B1B683BB995
:10574C00084B1B6843B1084908F098FE002008BDBF
:10575C00064908F093FEF9E7054908F08FFEF5E7D6
:10576C0088D612A08CD612A0500B0200480B020057
:10577C005C0B020070B586B00546012920D014469A
:10578C0002293FD1214B1B686BB3214B1A6801AE28
:10579C002049304618F02AFE6168304618F075FF33
:1057AC0018B31A4B1B685BB3194B1A6801AC1A4936
:1057BC00204618F01BFE2146284608F05FFE0DE03F
:1057CC00124B1B686BB1124B1A6801AC1349204683
:1057DC0018F00CFE2146284608F050FE002006B0BA
:1057EC0070BD0022F1E70022D1E7094B1A680C4981
:1057FC00304618F0FBFD3146284608F03FFEEDE739
:10580C000022D3E7074908F039FEE7E700D712A0DA
:10581C0004D712A0AC050200840B02006C0B020032
:10582C00740B0200940B020010B50446012904D03D
:10583C00064908F023FE002010BD012001F008FEEF
:10584C000349204608F01AFEF5E700BF940B02004E
:10585C00500B020010B50446012904D0064908F08B
:10586C000DFE002010BD022001F0F2FD0349204680
:10587C0008F004FEF5E700BFB00B0200500B02006D
:10588C0010B5012904D00446022905D0002010BD12
:10589C00032001F0DDFDF9E70B4B4FF0FF321A60EE
:1058AC00032001F0D5FD084A1368002BFCD1074BEF
:1058BC001B6823B10649204608F0E0FDE6E70549E0
:1058CC00204608F0DBFDE1E788D612A08CD612A0AA
:1058DC00500B02005C0B020010B50446012904D0E9
:1058EC00064908F0CBFD002010BD052001F0B0FDED
:1058FC000349204608F0C2FDF5E700BFB00B0200DB
:10590C00500B020008B5002001F0A2FD002008BDDC
:10591C00F8B50646042904D0124908F0AFFD002062
:10592C00F8BD1546506808F089FD0446A86808F0D3
:10593C0085FD0746E86808F081FDE40104F4F844AD
:10594C00BF0007F478773C43C0F3C4000443064B14
:10595C001C80042001F07CFD0449304608F08EFDCB
:10596C00DDE700BFB00B020080D612A0500B020086
:10597C002DE9F84380460D46144602F58179144B07
:10598C001A889B78A4F8022189F80230204601F08D
:10599C0089FD0023C4F8C830C4F834814FF40042A8
:1059AC0021460C48A847D4F8C8304BB9094F0026FB
:1059BC00324621463846A847D4F8C830002BF7D0D9
:1059CC004A460549404608F08BFDBDE8F88300BF08
:1059DC0060160200DC250200001E020010B5CEB0DD
:1059EC000446022905D0094908F048FD00204EB0B4
:1059FC0010BD506808F022FD6A4636900123ADF8C0
:105A0C00003103492046FFF7B3FFEFE7B00B02006C
:105A1C00352F000010B5CEB00446022905D00C4934
:105A2C0008F02CFD00204EB010BD506808F006FDAB
:105A3C000022ADF8002128B16A4606492046FFF73E
:105A4C0097FFEFE76A4604492046FFF791FFE9E725
:105A5C00B00B0200CD3A00009131000000B5CFB080
:105A6C00012906D0054908F009FD00204FB05DF86A
:105A7C0004FB6A460249FFF77BFFF6E7B00B020016
:105A8C005136000000B5CFB0012906D0054908F009
:105A9C00F5FC00204FB05DF804FB6A460249FFF7A5
:105AAC0067FFF6E7B00B0200C12A000000B5CFB0CB
:105ABC00012906D0054908F0E1FC00204FB05DF843
:105ACC0004FB6A460249FFF753FFF6E7B00B0200EE
:105ADC00CD28000000B5CFB0012906D0054908F04B
:105AEC00CDFC00204FB05DF804FB6A460249FFF77D
:105AFC003FFFF6E7B00B0200C525000000B5CFB0A4
:105B0C00012906D0054908F0B9FC00204FB05DF81A
:105B1C0004FB6A460249FFF72BFFF6E7B00B0200C5
:105B2C000528000000B5CFB0012906D0054908F0C2
:105B3C00A5FC00204FB05DF804FB6A460249FFF754
:105B4C0017FFF6E7B00B02003532000000B5CFB0FE
:105B5C00012906D0054908F091FC00204FB05DF8F2
:105B6C0004FB6A460249FFF703FFF6E7B00B02009D
:105B7C004134000010B50446022904D00B4908F04A
:105B8C007DFC002010BD506808F058FC002814BFA4
:105B9C004FF0FF320022064B1A6014BF054A064A2A
:105BAC000649204608F09CFCEBE700BFB00B020056
:105BBC0078D612A0CC0B0200D00B0200D40B020042
:105BCC0030B5C3B00446012906D0414908F056FC53
:105BDC000025284643B030BD41A93E4815F024FDB0
:105BEC0000286ED14FF480224FF4E001419815F05B
:105BFC0063FD002834D1802301AA4FF4E0014198C1
:105C0C0015F036FD002832D101AB21A913F8012B78
:105C1C00FF2A33D18B42F9D106232F4A2F494198C1
:105C2C0015F038FD88BB06232D4A2E49419815F0F6
:105C3C0031FD88BB802301AA2849419815F018FD35
:105C4C0088BB0C22284901A818F05BFB054688BBD1
:105C5C002649204608F012FC419815F0FCFCB8E7E8
:105C6C002349204608F00AFC4FF0FF35B1E72149E3
:105C7C00204608F003FC4FF0FF35AAE71E492046EA
:105C8C0008F0FCFB4FF0FF35A3E71C49204608F059
:105C9C00F5FB4FF0FF359CE71849204608F0EEFB6A
:105CAC004FF0FF3595E71349204608F0E7FB4FF01E
:105CBC00FF358EE71249204608F0E0FB4FF0FF3528
:105CCC0087E71049204608F0D9FB002581E700BF83
:105CDC00B00B02005C0602001C060200FCFF730005
:105CEC0024060200020074002C060200500B020075
:105CFC00E80B0200080C0200240C02003C0C020011
:105D0C005C0C02007C0C02002DE9F04F89B0009075
:105D1C0014460139062900F2DD82DFE811F0D502C4
:105D2C00DB02DB02CA020700DB02BF00506808F08E
:105D3C0085FB0546A06808F081FB8146E06808F009
:105D4C007DFB8046206908F079FB0646E8B2FDF73A
:105D5C0013FD0746002862D05FFA88F0FDF70CFDB2
:105D6C000446002863D049EA052080B215F0CAFD2C
:105D7C000546B0F1FF3F62D046EA082080B215F02C
:105D8C00C1FD0546B0F1FF3F5ED05FFA86F823688F
:105D9C001B6B0022414620469847012505FA06F662
:105DAC0023681B6A31462046984723685B6B0022A8
:105DBC0041462046984705FA09F53B685B6A294637
:105DCC00384698473B68DB692946384698473B6814
:105DDC005B6B00225FFA89F138469847322012F04B
:105DEC00B3FD2368DB6A07AA3146204698473B6817
:105DFC009B6A294638469847322012F0A5FD236845
:105E0C00DB6A06AA314620469847079B43B3069B9C
:105E1C00FBB91B49009808F063FB002550E22A46A9
:105E2C001849009808F05CFB4FF0FF3548E24246F9
:105E3C001449009808F054FB4FF0FF3540E212492A
:105E4C00009808F04DFB3BE21049009808F048FB25
:105E5C0036E20F49009808F043FB4FF0FF352FE274
:105E6C00069B33B10B49009808F03AFB4FF0FF3515
:105E7C0026E20949009808F033FB4FF0FF351FE28A
:105E8C00500B0200980C0200B00C0200D80C02005F
:105E9C00000D0200280D0200140D0200506808F0DD
:105EAC00CDFA0546A06808F0C9FA8246E06808F009
:105EBC00C5FA8046206908F0C1FA8346606908F08B
:105ECC00BDFA8146A06908F0B9FA0190E8B2FDF775
:105EDC0053FC0746002800F080815FFA88F0FDF73C
:105EEC004BFC0446002800F080815FFA89F0FDF736
:105EFC0043FC0646002800F080814AEA052080B267
:105F0C0015F000FD0546B0F1FF3F00F07E814BEA35
:105F1C00082080B215F0F6FC0546B0F1FF3F00F00A
:105F2C007981019B43EA092080B215F0EBFC054610
:105F3C00B0F1FF3F00F073814FF0010808FA0AF549
:105F4C003B681B6A294638469847E9B203913B687F
:105F5C001B6B0222384698475FFA8AF13B685B6BF1
:105F6C00002202913846984708FA0BF923681B6AFD
:105F7C004946204698475FFA89F0049023681B6BCA
:105F8C0002220146204698475FFA8BFB23685B6B25
:105F9C000022594620469847019B08FA03FA3368B9
:105FAC001B6A5146304698475FFA8AF00590336871
:105FBC001B6B02220146304698479DF80400019065
:105FCC0033685B6B00220146304698473B68DB69BF
:105FDC002946384698473B685B6B00220299384645
:105FEC00984723681B6B0022594620469847236824
:105FFC001B6A49462046984723685B6B002259462A
:10600C00204698473B685B6A294638469847404685
:10601C0012F09AFC2368DB6A07AA49462046984787
:10602C003B689B6A294638469847404612F08CFCE0
:10603C002368DB6A06AA494620469847079B002B33
:10604C0000F0F980069B002B40F0EE803B681B6A49
:10605C002946384698473B681B6B02220399384601
:10606C00984723681B6A49462046984723681B6B50
:10607C00022204992046984733681B6A51463046E1
:10608C00984733681B6B0222059930469847336852
:10609C00DB6951463046984733685B6B00220199A7
:1060AC003046984723681B6B002259462046984778
:1060BC0023681B6A49462046984723685B6B00227D
:1060CC0059462046984733685B6A51463046984794
:1060DC00012012F039FC2368DB6A07AA49462046E6
:1060EC00984733689B6A514630469847012012F016
:1060FC002BFC2368DB6A06AA494620469847079B77
:10610C00002B00F0AF80069B002B40F0A4803B6876
:10611C001B6A2946384698473B681B6B0222039939
:10612C003846984723681B6A494620469847236897
:10613C001B6B022204992046984733681B6A514610
:10614C003046984733681B6B0222059930469847B6
:10615C003B68DB692946384698473B685B6B0022F5
:10616C0002993846984733681B6B0022019C2146E4
:10617C003046984733681B6A514630469847336817
:10618C005B6B00222146304698473B685B6A294688
:10619C0038469847012012F0D7FB3368DB6A07AA10
:1061AC005146304698473B689B6A29463846984783
:1061BC00012012F0C9FB3368DB6A06AA514630464F
:1061CC009847079B002B64D0069B002B5AD144495F
:1061DC00009808F085F9002572E02A46414900989C
:1061EC0008F07EF94FF0FF356AE042463D490098D1
:1061FC0008F076F94FF0FF3562E04A4639490098CD
:10620C0008F06EF94FF0FF355AE03749009808F066
:10621C0067F955E03549009808F062F950E03449C7
:10622C00009808F05DF94BE03249009808F058F9F5
:10623C004FF0FF3544E0069B33B12F49009808F02E
:10624C004FF94FF0FF353BE02C49009808F048F926
:10625C004FF0FF3534E02749009808F041F94FF032
:10626C00FF352DE0069B33B12349009808F038F92F
:10627C004FF0FF3524E02149009808F031F94FF038
:10628C00FF351DE01B49009808F02AF94FF0FF3547
:10629C0016E0069B33B11849009808F021F94FF02D
:1062AC00FF350DE01549009808F01AF94FF0FF354D
:1062BC0006E0506808F0C2F8A06808F0BFF80025A6
:1062CC00284609B0BDE8F08F0D49009808F0D6F8C3
:1062DC000025F5E70A49009808F0D0F80025EFE70B
:1062EC00500B0200980C0200B00C0200D80C0200FB
:1062FC003C0D0200000D0200280D0200140D0200DE
:10630C00B00B020010B50446002140F2192015F024
:10631C0089FA40F2192015F0CFFA28B10549204628
:10632C0008F0ACF8002010BD0349204608F0A6F890
:10633C00F8E700BF500B0200640D020010B50446D4
:10634C00022904D0084908F099F8002010BD5068C3
:10635C0008F074F8C1B2012014F044FE0349204641
:10636C0008F08CF8F1E700BFB00B0200500B0200F4
:10637C0008B5054908F082F84FF4FA7014F0B8FA31
:10638C0002F036FD002008BD500B020030B585B080
:10639C000446012929D0022940F0908055684A49C9
:1063AC00284618F072F900284FD04849284618F0B2
:1063BC006CF900287DD102A816F0AAF8BDF80C20C3
:1063CC0040F201139A4205D1BDF80E2040F2E2735F
:1063DC009A4259D03E49204608F050F89DF80A20C0
:1063EC003C49204608F07CF86BE0684616F090F8C3
:1063FC0040F24C4014F07CFA02A816F089F84FF4E5
:10640C00FA7014F075FABDF80420BDF80C309A42FD
:10641C0005D1BDF80620BDF80E309A4204D02E49A5
:10642C00204608F02BF84CE0BDF80020BDF80830F1
:10643C009A42F4D19DF802209DF80A309A42EED18E
:10644C002649204608F01AF83BE001238DF80C3061
:10645C008DF80D3040F2E273ADF80E3008238DF854
:10646C00083000238DF809308DF80A3002A816F098
:10647C0063F820B11A49204608F000F821E01649CB
:10648C00204607F0FBFF1CE0BDF80830082BA1D11B
:10649C009DF80A30033BDBB2022B9BD811492046F6
:1064AC0007F0ECFF9DF80A200A49204608F018F87E
:1064BC0007E00D49204607F0E1FF02E00A4907F02A
:1064CC00DDFF002005B030BD900D02001406020067
:1064DC00C00D0200B00D0200500B0200780D02003E
:1064EC00940D0200A40D0200B00B0200F0B5D1B067
:1064FC000546012908D0144602290AD0104907F094
:10650C00BDFF002051B0F0BD02AA0E49FFF730FAD2
:10651C00F7E701A90C4815F0A6FD0028F1D1019F61
:10652C00606807F08BFF0146384615F0EBFD0198CB
:10653C0015F0B0FD0549284607F0A0FFE1E700BFC4
:10654C00B00B02004D3600003CFF0100500B020066
:10655C0010B50446054B4FF0FF329A64FDF77AFFF5
:10656C000349204607F08AFF002010BD10D612A068
:10657C00500B0200F0B589B00546484B0593012934
:10658C002AD0022940F0848054684549204618F0EE
:10659C007CF8002835D100238DF81830BD238DF8F8
:1065AC00193033238DF81A3006238DF81B306823ED
:1065BC008DF81C3022238DF81D303A4B08AA12E9B5
:1065CC00030058631987FDF745FF00284AD0364968
:1065DC00284607F053FF5EE0324A92F839300393B5
:1065EC0092F83830029392F83730019392F83630A3
:1065FC00009392F8353092F834202C4907F070FF54
:10660C0049E000238DF81830237833B30022164666
:10661C0005AF07E02649284607F030FF3BE014F8A9
:10662C00013FC3B13A2BFAD02E2BF8D0062EF1D065
:10663C00013202F12001694401F80C3C022AEED12E
:10664C00384607F0FBFE06F120036B4403F8080CF8
:10665C0001360022E3E7062EAFD01649284607F094
:10666C000DFF18E00F4A92F83930039392F8383046
:10667C00029392F83730019392F83630009392F8E7
:10668C00353092F834200949284607F029FF02E0FA
:10669C00094907F0F3FE002009B0F0BD243F3F008C
:1066AC00B80A020010D612A0400E0200D80D02004B
:1066BC00000E0200200E0200B00B02002DE9F04388
:1066CC0087B0804601290BD0022961D1546800257E
:1066DC008DF81450013C2A460DF108092F461CE098
:1066EC002F4A92F83D30019392F83C30009392F887
:1066FC003B3092F83A202B4907F0F2FE4BE0042D88
:10670C001ED0484607F09AFE05F118036B4403F8B7
:10671C00040C01353A463378BBB101342646237854
:10672C002E2BECD0002BEAD0511C18326A4402F804
:10673C00103C01F118036B4403F8107C0A46EAE79D
:10674C001949404607F09AFE25E0042D04D017495C
:10675C00404607F093FE1EE0059A114BC3F83A2011
:10676C00FDF778FE20B11249404607F087FE12E093
:10677C000B4A92F83D30019392F83C30009392F81A
:10678C003B3092F83A200749404607F0A9FE02E058
:10679C00084907F073FE002007B0BDE8F08300BF86
:1067AC0010D612A06C0E0200800E02009C0E02008D
:1067BC00BC0E0200B00B02002DE9F04387B08046FE
:1067CC0001290BD0022961D1546800258DF8145091
:1067DC00013C2A460DF108092F461CE02F4A92F87D
:1067EC004530019392F84430009392F8433092F87C
:1067FC0042202B4907F074FE4BE0042D1ED0484676
:10680C0007F01CFE05F118036B4403F8040C01356A
:10681C003A463378BBB10134264623782E2BECD084
:10682C00002BEAD0511C18326A4402F8103C01F1DA
:10683C0018036B4403F8107C0A46EAE719494046F2
:10684C0007F01CFE25E0042D04D01749404607F044
:10685C0015FE1EE0059A114BC3F84220FDF7FAFD18
:10686C0020B11249404607F009FE12E00B4A92F89B
:10687C004530019392F84430009392F8433092F8EB
:10688C0042200749404607F02BFE02E0084907F07A
:10689C00F5FD002007B0BDE8F08300BF10D612A0B4
:1068AC006C0E0200E80E02000C0F0200340F020006
:1068BC00B00B02002DE9F04387B0804601290BD0C4
:1068CC00022961D1546800258DF81450013C2A46E8
:1068DC000DF108092F461CE02F4A92F84130019324
:1068EC0092F84030009392F83F3092F83E202B49BA
:1068FC0007F0F6FD4BE0042D1ED0484607F09EFD38
:10690C0005F118036B4403F8040C01353A4633784F
:10691C00BBB10134264623782E2BECD0002BEAD0C9
:10692C00511C18326A4402F8103C01F118036B44F4
:10693C0003F8107C0A46EAE71949404607F09EFD29
:10694C0025E0042D04D01749404607F097FD1EE0C2
:10695C00059A114BC3F83E20FDF77CFD20B112497E
:10696C00404607F08BFD12E00B4A92F84130019340
:10697C0092F84030009392F83F3092F83E2007494D
:10698C00404607F0ADFD02E0084907F077FD002016
:10699C0007B0BDE8F08300BF10D612A06C0E020049
:1069AC00680F02008C0F0200B00F0200B00B020047
:1069BC0070B582B0044600230093022905D01C490F
:1069CC0007F05CFD002002B070BD15466946194801
:1069DC0014F046FA01A9184815F02AFE686807F069
:1069EC002DFD0546B0B1009803685B6B0122114682
:1069FC009847002014F07AFB019E02F063FAB0FB7A
:106A0C00F5F1304615F048FE2A460C49204607F0B1
:106A1C0067FDD7E70021019815F03EFE002014F029
:106A2C0037FB009803685B6B002201219847EBE76A
:106A3C00B00B02007008020074FF0100E00F0200AE
:106A4C002DE9F04792B0054600238DF84230042919
:106A5C000AD0504907F012FD4F49284607F00EFDA9
:106A6C00002012B0BDE8F0871446506807F0E6FC31
:106A7C000746A06807F0E2FC0646E06807F0DEFC7B
:106A8C0004466FB1012F37D0022F40D111A94348D2
:106A9C0015F052F848B14249284607F0EFFC04E0E3
:106AAC0011A9404815F048F808BB642C02D0B4F585
:106ABC00C87F35D124238DF80430ADF806400DF194
:106ACC004203029301228DF80C204FF0FF33049304
:106ADC000DF1430105918DF818200793002E54D029
:106AEC000024314FDFF8C490DFF8C48029E031492D
:106AFC00284607F0C3FCD8E711A92F4815F01CF85D
:106B0C000028D2D02D49284607F0B8FCCDE72C49F7
:106B1C00284607F0B3FC2049284607F0AFFC9FE756
:106B2C002849284607F0AAFC1B49284607F0A6FC72
:106B3C0096E74946284607F0A1FC0BE00134A64233
:106B4C0023D0A7FB04239B094FF47A7202FB134357
:106B5C00002BEED09DF8423001338DF8423001A964
:106B6C00119814F0FEFF9DF843209DF842309A4294
:106B7C00E4D00DF1240A22464146504617F036FC6B
:106B8C005146284607F07AFCD8E7119814F0E1FF3B
:106B9C0066E700BF001102008410020038100200EA
:106BAC0040100200F00F0200D34D6210B802020038
:106BBC00E4100200F80F0200141002001C10020076
:106BCC005C100200B810020030B587B06A46102184
:106BDC00012013F051FF08B107B030BD6A4601A97E
:106BEC00174815F043FE38BB02AD0A24224629464D
:106BFC00009813F0F8FF0028F8D0059B002BF5D176
:106C0C0002AD0A2422462946009813F0ECFF002816
:106C1C00F8D0059B012BF5D102AD0A24224629465A
:106C2C00009813F0E0FF0028F8D0059B002BF5D15D
:106C3C000099019815F087FE009813F03FFFCBE701
:106C4C0030FF010038B50446012904D0134907F080
:106C5C0015FC002038BD124D4FF4F8432B80042056
:106C6C0000F0F6FBFFF7B0FF4FF478732B80042095
:106C7C0000F0EEFBFFF7A8FF1F232B80042000F091
:106C8C00E7FBFFF7A1FF47F6FF732B80042000F012
:106C9C00DFFB0449204607F0F1FBDAE7B00B0200FA
:106CAC0080D612A0500B020000B583B0094B002215
:106CBC001A6001A9084815F0A8FB10B103B05DF8E3
:106CCC0004FB06490860064B4FF48052019807F00C
:106CDC005DFDF3E778D612A0201102007CD612A03D
:106CEC00F4250200F0B589B08DF81C003A238DF81C
:106CFC001D302F238DF81E3000238DF81F30B1F17D
:106D0C00FF3F0AD004A907A814F074FC002800F077
:106D1C0096800924204609B0F0BD0D4601464C482A
:106D2C0017F028FB04A907A814F064FC04460028FB
:106D3C007ED1049F0598A0FB0701000D40EA0130AD
:106D4C00090D16F0E7F806463946424817F012FBD3
:106D5C00069A0599404817F00DFB4FF089413046D3
:106D6C0016F0ACFB00284DD04FF06A51304616F0AF
:106D7C000EFA06464FF0894116F0A0FB002838D0D9
:106D8C004FF06A51304616F002FA06464FF0894130
:106D9C0016F094FB20B34FF06A51304616F0F7F919
:106DAC0016F007F902460B462C4817F0E3FA694631
:106DBC0007A814F005FC002835D1B5F1FF3F18BF2A
:106DCC000446A7D1264817F0F5FA019A00992548F0
:106DDC0017F0D0FA039A0299234817F0CBFA99E7E7
:106DEC00304616F0E6F802460B46204817F0C2FA79
:106DFC0010E0304616F0DDF802460B461C4817F042
:106E0C00B9FA07E0304616F0D4F802460B4619489A
:106E1C0017F0B0FA694607A814F0D2FB0028D1D0BD
:106E2C00B5F1FF3F09D1144817F0C4FA092471E7F2
:106E3C00124817F0BFFA09246CE709246AE769467F
:106E4C0007A814F0BDFB041E18BF092462E700BF9D
:106E5C002811020040110200681102008C1102007E
:106E6C00EC1102000012020034120200A411020004
:106E7C00BC110200D4110200681202008812020038
:106E8C0010B58AB009AA002115F011F9104C4FF475
:106E9C00F84307930F4B1B88069347F6E073059353
:106EAC000023049340F2DF12039240F27F220292FD
:106EBC0001930093099B4FF4F0724FF4207120461C
:106ECC000AF088FE044920460BF0BDF90AB010BD4B
:106EDC0094D612A080D612A0C038040010B58AB087
:106EEC0009AA002115F0E3F8124C4FF4F84307936C
:106EFC000023069347F6E07205920222049240F2B8
:106F0C00DF12039240F27F22029201930093099BBD
:106F1C004FF4F0724FF4207120460AF05BFE0649E4
:106F2C0020460BF090F91F22044920460BF0A0F9E3
:106F3C000AB010BD94D612A0C0380400041402008C
:106F4C0010B58AB009A91E4815F08DF808B10AB021
:106F5C0010BD099815F0C9F84FF48071099815F017
:106F6C00D1F80BF085FE08AA0021099815F09FF8BE
:106F7C00144C4FF4F84307930023069347F6E07242
:106F8C0005920222049240F2DF12039240F27F2219
:106F9C00029201930093089B4FF4F0724FF420710E
:106FAC0020460AF017FE084920460BF04CF91F2228
:106FBC00064920460BF05CF90BF06EFEC7E700BFEC
:106FCC003CFF010094D612A0C03804001814020033
:106FDC002DE9F04FA7B008908B460024854B1C6020
:106FEC00084615F0FBFB13F04DFE8146824B0693D1
:106FFC00824B079305940DF1380869E013F042FEBB
:10700C0081464FF0FF3406E02CB913F03BFEA0EBA9
:10701C00090AB24521D8284613F06AFC4146584665
:10702C0015F074FB0028EFD10E9B13F0010FE5D087
:10703C00002CEAD00F9B039A1A440392109B049ADB
:10704C001A440492013713F01DFE8146284613F0B2
:10705C004FFC032FE2D94FF0000A039BB3FBF7F36D
:10706C000F93049BB3FBF7F7109712AC059D04EB41
:10707C00051498E80F0084E80F00022D0DDC0D9A22
:10708C004146584615F0C4FB079B1C1D98E80F00A1
:10709C0084E80F006B1C594A1360F9F78DFE00232E
:1070AC0001930C9B00930B9B0A9A099908980BF07F
:1070BC0029FE42F20F739A4549D9059B013305937A
:1070CC00069A10320692079A10320792052B56D068
:1070DC00069B0D939C88A4F1080109911D89A5F1CB
:1070EC0008020A9204F108000B9005F108031E46F1
:1070FC000C934FF4F843019300960346089E3046D8
:10710C000BF000FE00270197AB1D0093A31DAA1FD7
:10711C00A11F30460BF0F6FD47F6FF7301932B1DB4
:10712C000093231D2A1F211F30460BF0EBFD019706
:10713C00AB1C0093A31CAA1EA11E30460BF0E2FD53
:10714C00049703973C46322542F2107666E74FF0DF
:10715C00000A322542F2107406E0284613F0C8FBF0
:10716C000AF1320AA245A8D04146584615F0CEFA8B
:10717C000028F2D10E9B13F0010FEED19DE758467B
:10718C0015F039FB42F20F739A4500D838B1194B00
:10719C0000221A60FDF75EF927B0BDE8F08F154BA1
:1071AC004FF0FF321A6012AB154926AE41F28A55E8
:1071BC0058684A68A2F59054A04212DB02F590522E
:1071CC0090420EDC9C688A68A2F5AC500A38844266
:1071DC000BDB2A44944208DC103310319E42E7D179
:1071EC00D8E7044B00221A60D4E7024B00221A6045
:1071FC00D0E700BF8CD612A08427020010D612A0B4
:10720C0034270200F8B5FFF769FE29274FF4806593
:10721C00274E002421026FF30E01294489B2304617
:10722C000AF013FD3A4604F1140130460AF064FBEF
:10723C000134B4F5807FEDD105F58065ADB2013731
:10724C00482FE6D149272025194E002421026FF33F
:10725C000E01294489B230460AF0F7FC3A4604F193
:10726C00140130460AF048FB0134B4F5807FEDD1AF
:10727C002035ADB20137682FE7D1692701260C4DB7
:10728C00002421026FF30E01314489B228460AF022
:10729C00DCFC3A4604F1140128460AF02DFB0134BB
:1072AC00B4F5807FEDD101360137202EE8D1F8BD41
:1072BC0094D612A010B58AB009AA002114F0F7FEDA
:1072CC00104C4FF4F84307930023069347F6FF72D4
:1072DC0005920222049240F2DF12039240F27F22C6
:1072EC00029201930093099B4FF4F0724FF42071BA
:1072FC0020460AF06FFC044920460AF0A4FF0AB0AD
:10730C0010BD00BF94D612A0C03804002DE9F04186
:10731C0086B0074688461446164B4FF0FF321A606B
:10732C0001AE00252A463146204613F05CFC0028AD
:10733C00F8D005AA0021384614F0B9FE0E4B0022F5
:10734C001A803846FFF79CFD41460598FFF740FE32
:10735C003846FFF7C3FD01AE00252A4631462046CC
:10736C0013F041FC0028F8D0024B00221A6006B042
:10737C00BDE8F08188D612A080D612A070B586B078
:10738C002F4A0421012013F077FB08B106B070BD21
:10739C0002AA1021012013F06FFB38B1294B0022F7
:1073AC001A60274B186813F089FBEFE702AA05A9AE
:1073BC00254815F05BFA18B1029813F07FFBEDE746
:1073CC0004A9224814F04FFE20B10299059815F03B
:1073DC00BAFAF1E703AA0021049814F068FEFFF74B
:1073EC00AFFD184B4FF0FF321A6001AE144D14462E
:1073FC0004E0029A05990498FFF788FF224631466B
:10740C00286813F0F0FB019B002BDED0023B032B12
:10741C00F4D801A252F823F035740000FF73000079
:10742C003D740000457400000498FFF7EBFEE5E79F
:10743C000498FFF725FDE1E70498FFF73BFFDDE734
:10744C0084D612A090D612A030FF01003CFF0100A0
:10745C0030B583B00190104B4FF0FF321A600F4BD8
:10746C001B683BB90A250D4C284613F041FA2368DA
:10747C00002BF9D0094B186808B903B030BD4FF098
:10748C00FF3201A9064B186813F053FBB0FA80F0D9
:10749C0040094042F1E700BFF8C012A090D612A0FC
:1074AC0084D612A008B56022014917F071F808BD06
:1074BC0094D612A083694FF0FF329A6070478369AB
:1074CC000122C3F80422C3F810224FF0FF32C3F894
:1074DC001422704783690222C3F804220122C3F8E4
:1074EC0010224FF0FF32C3F8142270478369032235
:1074FC00C3F804220122C3F810224FF0FF32C3F864
:10750C001422704783690422C3F804220022C3F8B2
:10751C0010224FF0FF32C3F8142270478369052202
:10752C00C3F804220022C3F810224FF0FF32C3F834
:10753C001422704783690622C3F804220022C3F880
:10754C0010224FF0FF32C3F81422704710B582B0EE
:10755C008469D4F8103283B3684614F0D9FF98B913
:10756C009DF80420BDF80610D4F80432022B0DD07F
:10757C00032B1CD0012B04D1013A08BF0C228DF82F
:10758C000420684614F0D8FF02B010BD9DF80530F9
:10759C00013B11F0030F1DBF1D49521812F8012CAD
:1075AC001D22002B18BF1A468DF80520E9E700298B
:1075BC00E7D00139ADF80610E3E7684614F0A8FFF0
:1075CC000028E1D1D4F80432052B0FD0062B16D0AD
:1075DC00042B07D19DF80030013B172B28BF172334
:1075EC008DF80030684614F0A7FFCDE79DF8013008
:1075FC00013B3B2B28BF3B238DF80130F2E79DF874
:10760C000230013B3B2B28BF3B238DF80230E9E7CE
:10761C00D427020030B583B08569D5F810428CB3FD
:10762C00684614F075FFA0B99DF80420BDF806104B
:10763C00D5F80432022B0ED0032B1FD0012B05D111
:10764C0001320C2A98BF13468DF80430684614F0AA
:10765C0073FF03B030BD214B134413F8010C11F030
:10766C00030F02D1022A08BF1D209DF805300133FB
:10767C00834288BF01238DF80530E7E70131ADF86F
:10768C000610E3E7684614F043FF0028E1D1D5F873
:10769C000432052B0FD0062B16D0042B07D19DF8E6
:1076AC0000305A1C172B18BF14468DF80040684642
:1076BC0014F042FFCDE79DF801305A1C3B2B18BF4C
:1076CC0014468DF80140F2E79DF802305A1C3B2B12
:1076DC0018BF14468DF80240E9E700BFD42702001A
:1076EC002DE9F04385B006460D461746984600F145
:1076FC000C04002120460AF0AAFA002120460AF0C8
:10770C00A4FA002120460AF0A5FA6A8829880132D9
:10771C00013120460AF024FC414620460AF095FA35
:10772C00397820292ED102AA03A920460AF031FC6F
:10773C00B5F80090B6F80A329944039B4B4525DB0B
:10774C006A882B880133B6F80A1201321944204694
:10775C000AF006FC414620460AF077FA797820298F
:10776C0024D102AA03A920460AF013FC2D88B6F8EE
:10777C000A3205EB4305023D039BAB421ADB05B015
:10778C00BDE8F08320460AF05CFCCCE700212046E3
:10779C000AF05BFA029AB6F80C321344013B0093E0
:1077AC004B46039920460AF0BCF9C9E720460AF07B
:1077BC0048FCD6E7002120460AF047FA029AB6F8B0
:1077CC000C321344013B00932B46039920460AF0DC
:1077DC00A8F9D4E770B584B0044601A814F098FE5B
:1077EC00002840F0CE8004F10C05684928460AF0C8
:1077FC002AFD002128460AF092FD47F6E071284642
:10780C000AF023FA9DF80820614903A816F0EEFD52
:10781C00D4F80432012B03AE47F6E07308BF4FF4E3
:10782C007873324604F5D6712046FFF759FF47F6B8
:10783C00E07128460AF009FAB4F8E631B4F8E4210C
:10784C0001330132534928460AF0C2FC9DF8092045
:10785C004F49304616F0CAFDD4F80432022B47F6D5
:10786C00E07308BF4FF47873324604F5DA712046A2
:10787C00FFF736FF47F6E07128460AF0E6F9B4F850
:10788C00EE31B4F8EC2101330132424928460AF0BA
:10789C009FFCBDF80A20404BA3FB02135B0964213B
:1078AC0001FB132292B23D49304616F09FFDD4F8ED
:1078BC000432032B47F6E07308BF4FF4787332465B
:1078CC0004F5DE712046FFF70BFF9DF804203049CC
:1078DC00304616F08BFDD4F80432042B47F6E073D7
:1078EC0008BF4FF47873324604F5E2712046FFF777
:1078FC00F7FE47F6E07128460AF0A7F9B4F8F6311E
:10790C00B4F8F42101330132254928460AF060FC11
:10791C009DF805202149304616F068FDD4F8043254
:10792C00052B47F6E07308BF4FF47873324604F525
:10793C00E6712046FFF7D4FE47F6E07128460AF0C0
:10794C0084F9B4F8FE31B4F8FC2101330132144946
:10795C0028460AF03DFC9DF806201049304616F0EA
:10796C0045FDD4F80432062B47F6E07308BF4FF4FC
:10797C007873324604F5EA712046FFF7B1FE04B085
:10798C0070BD0023019302932DE700BF7890030094
:10799C0034140200381402001F85EB513C14020011
:1079AC00441402002DE9F04F99B0054600F16C0328
:1079BC0009930BF05DF92F4617AA002157F80C0B11
:1079CC0014F075FB4FF4F84307930024069447F624
:1079DC00E078CDF814800226049640F2DF1303936E
:1079EC0040F27F23029301940094179B4FF4F072A2
:1079FC004FF4207138460AF0EDF8E14938460AF0A8
:107A0C0022FC38460AF021FCA5F808021F22DD49A9
:107A1C0038460AF02DFC414638460AF016F9214644
:107A2C0038460AF014F9ADF85440ADF85640AB6A3C
:107A3C00ADF85830EB6AADF85A300DF15408082106
:107A4C0040460BF0D7FAB5F8082246320FAC334655
:107A5C0092B2214640460BF0F9FA0BAB94E80300C6
:107A6C0083E80300D5F81432002B40F0C081099C48
:107A7C0001210FA80BF0BEFABDF83C3023807F33F8
:107A8C00A380BDF83E3063803F33E380BE4BA360E0
:107A9C00BE4BE360BE4B2361A5610026E661A68266
:107AAC00314638460AF03BFC314638460AF0D2F8EB
:107ABC00012138460AF033FCB64938460AF0C3FBBC
:107ACC00312138460AF0C5FB0230A5F80A022F21F5
:107ADC0038460AF0BEFB0130A5F80E0238460AF013
:107AEC00B4FB80B2A5F80C02B5F80A8208EB480882
:107AFC00B5F80E32984408F104084FEA48084200E1
:107B0C0005F5EE790C3292B2494615A80BF00AFB3A
:107B1C000DF14C0A99E803008AE8030008F104020D
:107B2C0092B2494650460BF01DFB99E803008AE8D7
:107B3C000300B5F80C2204320DF13409022392B281
:107B4C00494650460BF060FAB5F80A22520092B240
:107B5C0005F5D67B0423594648460BF099FA334673
:107B6C00B5F80E2205F5F27148460BF091FA0DF1BD
:107B7C0044089BE8030088E80300BDF844302384E4
:107B8C00BDF846306384BDF84830A384BDF84A3054
:107B9C00E384DFF804B2C4F828B0804BE3622663B8
:107BAC00A563E663A686B5F80A22520092B205F5E3
:107BBC00DA7B0423594648460BF06AFA3346B5F88B
:107BCC000E2205F5F67148460BF062FA9BE80300AD
:107BDC0088E80300BDF84430A4F84030BDF84630C6
:107BEC00A4F84230BDF84830A4F84430BDF84A300F
:107BFC00A4F84630DFF8A0B1C4F848B0684BE36491
:107C0C002665A565E665A4F85460B5F80A2252000D
:107C1C0092B205F5DE7B3346594648460BF038FAEE
:107C2C009BE8030088E80300BDF84430A4F86030FA
:107C3C00BDF84630A4F86230BDF84830A4F8643082
:107C4C00BDF84A30A4F86630DFF84CB1C4F868B01F
:107C5C00544BE3662667A567E667A4F87460B5F82D
:107C6C000C220432334692B2494650460BF0CCF902
:107C7C00B5F80A22520092B205F5E27A0423514675
:107C8C0048460BF005FA3346B5F80E2205F5FA71A5
:107C9C0048460BF0FDF99AE8030088E80300BDF8AC
:107CAC004430A4F88030BDF84630A4F88230BDF8DA
:107CBC004830A4F88430BDF84A30A4F88630C4F8B3
:107CCC0088B0394BC4F88C30C4F89060C4F8985024
:107CDC00C4F89C60A4F89460B5F80A22520092B2E1
:107CEC0005F5E67A0423514648460BF0D1F93346A4
:107CFC00B5F80E2205F5FE7148460BF0C9F99AE865
:107D0C00030088E80300BDF84430A4F8A030BDF8A7
:107D1C004630A4F8A230BDF84830A4F8A430BDF821
:107D2C004A30A4F8A630C4F8A8B0204BC4F8AC3044
:107D3C00C4F8B060C4F8B850C4F8BC60A4F8B4601F
:107D4C00B5F80A22520092B205F5EA7A334651464A
:107D5C0048460BF09DF99AE8030088E80300BDF84B
:107D6C004430A4F8C030BDF84630A4F8C230BDF899
:107D7C004830A4F8C430BDF84A30A4F8C63017E037
:107D8C00C0380400481402001CFF0100C17400003C
:107D9C00C02D030078900300E01D0200CB7400009E
:107DAC00E1740000F97400001175000029750000E1
:107DBC00C4F8C8B0394BC4F8CC30C4F8D060C4F89F
:107DCC00D850C4F8DC60A4F8D460C4F8E860344936
:107DDC0038460AF038FA099938460AF082FC2846E7
:107DEC00FFF7F8FC0AF058FF19B0BDE8F08F0DAEA4
:107DFC004FF4817231460BA80BF0B4F90DF1440A23
:107E0C0002238022514630460BF042F9BDF8443033
:107E1C00A5F86C30BDF84630A5F86E30BDF848308A
:107E2C00A5F87030BDF84A30A5F87230DFF87490C0
:107E3C00C5F874901C4BAB671C4BEB67C5F88450B2
:107E4C000024C5F888404FF00108A5F8808023462F
:107E5C008022514630460BF01BF9BDF84430A5F892
:107E6C008C30BDF84630A5F88E30BDF84830A5F8FA
:107E7C009030BDF84A30A5F89230C5F894900C4B70
:107E8C00C5F898300B4BC5F89C30C5F8A450C5F814
:107E9C00A840A5F8A08005F1AC04E9E54175000007
:107EAC00C0380400E01D02002176000054E20200FC
:107EBC005975000028D702002DE9F04182B012F06C
:107ECC00E1FE04464FF4067014F092FA384B186039
:107EDC0080B14FF40672002116F083FB354A102155
:107EEC00012012F0C9FD40B1314C206814F088FA21
:107EFC000023236002B0BDE8F0812E4A01A92E4870
:107F0C0014F0B4FC20B12B4B186812F0D7FDEBE742
:107F1C00274B1968294814F0A6F828B1254B196885
:107F2C00019814F010FDEEE7214D2868FFF73AFD9B
:107F3C0028688668002E36D1DFF878804FF4FA77FF
:107F4C0018E0204612F0ACFE40F6B733984206D942
:107F5C00174B1B680022C3F81422C3F804222868AC
:107F6C00D0F81432B34218D12868FFF733FC2868D4
:107F7C008368C3B93B46D8F8002000F16C010C3083
:107F8C000AF0A6FD2B68D3F81432002BE7D000289A
:107F9C00D7D012F077FE0446E1E7FFF703FD2B681C
:107FAC00D3F81462E0E7006814F074F8B6E700BF89
:107FBC00F8D612A0F4D612A030FF01003CFF01004D
:107FCC0070B540F20D1013F009FC002140F20D10B9
:107FDC0013F028FC142440F20D163225304613F011
:107FEC00E5FB284612F084FC304613F0EBFB2846E8
:107FFC0012F07EFC013CF1D140F20D15FA2428461A
:10800C0013F0D4FB204612F073FC284613F0DAFB75
:10801C00204612F06DFCF2E700B583B0064B0193DD
:10802C0003230093002380220449054812F07AFEB2
:10803C00002003B05DF804FBFCD612A06C14020007
:10804C00CD7F000000B583B0002101913020FEF7F8
:10805C0049FE124816F0AEF9FCF71EFA80B910482A
:10806C0013F01EF9A0B9FFF7D7FF0E4805F036FD47
:10807C00FEF71AFE00F0FEF8002003B05DF804FBDA
:10808C00094816F097F9FCF725FAFCF7E3F9E6E74F
:10809C00064A002101A80BF0F5FEE4E77414020077
:1080AC009C140200AC1402008C140200A8140200F0
:1080BC0008B500F069FE00F06BFB00F07DFE50B1DE
:1080CC0000F0E0FD00F04CFC002000F0D7FC01209B
:1080DC0000F014FD08BD00F06FFC002000F0CEFC99
:1080EC00F5E7000000B583B000F0A4FE00F0ECFD55
:1080FC00FFF7DEFF0022114601200BF07FF8084B42
:10810C0001930323009300234FF420620549064892
:10811C0012F008FE00F0ACFB002003B05DF804FB8D
:10812C00F8D712A0B41402005180000000B583B03F
:10813C0000F002FC01A9094814F028FC019814F085
:10814C0040FC6421019814F02EFC019814F046FCBC
:10815C00019814F050FC03B05DF804FBBC14020051
:10816C0010B500231C781A46013312781444B3F569
:10817C00002FF8D1012012F0BBFB4FF00043187810
:10818C0020441A4601331278104413F1FF4FF8D1F2
:10819C0010BD000008B5FFF7E3FF034B1860034B5D
:1081AC004FF0FF321A6008BD04D712A000D712A0FE
:1081BC0030B58BB00023284A136001930322009240
:1081CC0080222649264812F0ADFD09A9254813F056
:1081DC004AFF08B10BB030BD08AA0021099813F072
:1081EC0066FF214D4FF4F843079300240694059441
:1081FC000223049340F2DF13039340F27F23029394
:10820C0001940094089B4FF4F0724FF420712846AF
:10821C0009F0E0FC154928460AF015F8B522D221E0
:10822C0013480AF071FC01252146099813F06AFFE6
:10823C00284612F05DFB0134FF2CF5D1064B1B6870
:10824C00002BC7D10A25044C284612F051FB236899
:10825C00002BF9D0BEE700BF00D712A0C814020053
:10826C00A18100003CFF010008D712A0C038040017
:10827C00E027020000B585B003A9284813F0F3FEEF
:10828C0010B105B05DF804FB02AA0021039813F0AD
:10829C000EFFFFF78DFF642140F20B20F8F766FD0F
:1082AC00642140F29320F8F761FD642140F20F3015
:1082BC00F8F75CFD642140F21640F8F757FD642195
:1082CC0040F20F30F8F752FD642140F29320F8F79A
:1082DC004DFD642140F20B20F8F748FDF9F72CFB1B
:1082EC00F9F7EEFA4FF0FF313120FEF7FBFC80B1CD
:1082FC004FF4F07300934FF420737622DC2108487E
:10830C000AF0AAFF0748F8F7BBFC039813F0C2FE6B
:10831C00B7E74FF47A7012F0EBFAE9E73CFF010093
:10832C00E02702009C85030030B585B004468DF82B
:10833C000F000BF00DF9A0B105460A2C0DD04FF42F
:10834C007A730093002301220DF10F01284614F0DB
:10835C0073F89DF80F0005B030BD0D20FFF7E4FF5A
:10836C00EDE74FF0FF30F6E708B5FFF7DDFF08BD8E
:10837C00012801D00020704710B514461B4B18681B
:10838C0088B359B112F0D9FD194B1B78012B08D0C9
:10839C00022B14D0032B1CD000210BE012F0DAFDC1
:1083AC00F2E7D42304FB03F3124981FB03211944A4
:1083BC00C1F3C7110D4B186812F0D9FD10BD9623EF
:1083CC0004FB03F30B4981FB03211944C1F3C711CF
:1083DC00F0E7962303FB04F2064981FB02311144BA
:1083EC00C1F3C711E6E70020E8E700BFF4D712A0FD
:1083FC00F0D712A08180808008B502480EF02AF8D0
:10840C0008BD00BFF486030010B58AB0EC46084CDA
:10841C000FCCACE80F000FCCACE80F0094E80300D5
:10842C008CE8030068460BF0BBFF0AB010BD00BF20
:10843C003887030010B588B00DF1040C064C0FCC36
:10844C00ACE80F0094E807008CE8070001A80DF0D9
:10845C00DFFC08B010BD00BF60870300064B5A6BF1
:10846C0022F018025A63DA6B42F40052DA631A6A89
:10847C0042F400521A62704700800920704770471E
:10848C0008B50CF0C5FF08BD7047000010B50446D8
:10849C001121174800F03CFD4FF0080383F31188BD
:1084AC00BFF36F8FBFF34F8F124B5A6B22F0180232
:1084BC005A631A6A42F400521A621A460021936BEC
:1084CC0043F4005393630C4B00BF013BFCD1D36BC3
:1084DC0043F40053D363084B00BF013BFCD1013183
:1084EC008C42ECD8054B00BF013BFCD1E6E700BF4A
:1084FC009C15020000800920C0E1E40000B4C40413
:10850C0008B50B4B1B6803B108BD094B4FF0FF328C
:10851C001A600CF01FFC40F2035140F202500CF0B8
:10852C001DFF04480022014602F05CF8ECE700BF96
:10853C00ECD712A0F00F020008B50B4B1B6803B16F
:10854C0008BD094B4FF0FF321A600CF0A9FB40F24A
:10855C000F2140F20E200CF02DFF044800220146A2
:10856C0002F040F8ECE700BFE8D712A014100200AC
:10857C0008B5084B1B6803B108BD064B4FF0FF3222
:10858C001A60FFF7D9FF49220349044803F0F6FCAF
:10859C00F2E700BFE4D712A014100200840402001A
:1085AC0008B5084B1B6803B108BD064B4FF0FF32F2
:1085BC001A60FFF7C1FF1D220349044800F0BCFDFF
:1085CC00F2E700BFE0D712A01410020040FF010038
:1085DC0008B5074B1B6803B108BD054B4FF0FF32C4
:1085EC001A600CF077F90348014601F08FFEF3E7AF
:1085FC00DCD712A0B015020008B5074B1B6803B1FD
:10860C0008BD054B4FF0FF321A600CF079F90348A6
:10861C00014601F07BFEF3E7D8D712A0B815020093
:10862C0030B585B004460D460CF0FEFA4FF6FF72DD
:10863C000392029201920092134610210F200EF029
:10864C00FDFA04482B462246014603F0BFFB05B059
:10865C0030BD00BFC81502000E4B1B6803B170473C
:10866C0010B582B00B4B4FF0FF341C600A4C134614
:10867C000A460146204603F0A9FB01A9204613F047
:10868C00C4FE01980AF058FF01980AF05BFF02B093
:10869C0010BD00BFD4D712A02011020038B504467B
:1086AC000D460CF0C1FA032102200EF0A1FA2A4665
:1086BC0021460248FFF7D0FF38BD00BFC0150200AD
:1086CC0008B50C4B1B6803B108BD0A4B4FF0FF32C9
:1086DC001A600CF0E5FA4FF6FF7340F21B2240F2E1
:1086EC001A2140F216200EF0C5FD0348014603F096
:1086FC00F5FBE9E7D0D712A0D015020008B5074B5F
:10870C001B6803B108BD054B4FF0FF321A600BF02C
:10871C00D7FC0348014600F06BFDF3E7CCD712A061
:10872C003C07020008B5074B1B6803B108BD054B9D
:10873C004FF0FF321A6017200BF0D8FCFFF7DEFF6A
:10874C00F4E700BFC8D712A008B5074B1B6803B1EC
:10875C0008BD054B4FF0FF321A6018200BF0DEFC01
:10876C00FFF7CCFFF4E700BFC4D712A008B5074B46
:10877C001B6803B108BD054B4FF0FF321A6019207E
:10878C000BF0E4FCFFF7BAFFF4E700BFC0D712A070
:10879C0008B5084B1B6803B108BD064B4FF0FF3200
:1087AC001A601A200BF0DEFD0348014601F008F9AF
:1087BC00F2E700BFBCD712A0D815020008B5074BD2
:1087CC001B6803B108BD054B4FF0FF321A604FF028
:1087DC000041034801F0D6FCF4E700BFB8D712A063
:1087EC005C06020010B588B00DF1040C0C4C0FCCDB
:1087FC00ACE80F0094E807008CE80700094B1B68F5
:10880C000BB108B010BD074B4FF0FF321A604FF49C
:10881C0081700DF087FC01A9034800F097FFF0E789
:10882C007C870300B4D712A0E015020000B585B018
:10883C000C4B0FCB0DF1100C0CE90F000A4B1B6805
:10884C0013B105B05DF804FB074B4FF0FF321A6013
:10885C0040F201200DF092FC6946044803F0D2FC72
:10886C00EFE700BF98870300ACD712A074FF01009C
:10887C0008B5084B1B6803B108BD4FF0FF30054B22
:10888C00186000210DF06AFD0348014603F03CF925
:10889C00F2E700BFA8D712A01C13020000B585B0E8
:1088AC000023009301238DF804308DF8053040F23D
:1088BC00D973ADF80630FFF7DBFF114815F07AFDE0
:1088CC0003A9104812F024FD02A9039812F00CFD24
:1088DC00029803689B6969469847172807D050B1DE
:1088EC000146094815F046FD05B05DF804FB074844
:1088FC0015F060FDF8E7064815F05CFDF4E700BFE5
:10890C00EC1502001C1302003016020000160200C7
:10891C005C16020008B5064B1B6803B108BD044B7E
:10892C004FF0FF321A60034801F0AEF9F6E700BFD2
:10893C00A4D712A04405020008B5074B1B6803B16D
:10894C0008BD054B4FF0FF321A6010F087F8034852
:10895C00014604F02FFFF3E7A0D712A0BC140200CD
:10896C0010B58AB0EC46104C0FCCACE80F000FCC15
:10897C00ACE80F0094E803004CF8040BACF80010C2
:10898C000A4B1B680BB10AB010BD084B4FF0FF32FD
:10899C001A6068460FF08EFD0549064804F038FE53
:1089AC000CF0BAF9EFE700BFB48703009CD712A014
:1089BC00C4060200C018020010B58AB0EC46114C77
:1089CC000FCCACE80F000FCCACE80F0094E8030020
:1089DC004CF8040BACF800100B4B1B680BB10AB035
:1089EC0010BD094B4FF0FF321A6068460FF0FEFDC8
:1089FC000649074804F00CFE02214FF48F7012F068
:108A0C0011FFECE7DC87030098D712A014070200D3
:108A1C00C01802000C4B1B6803B1704710B582B034
:108A2C00094B4FF0FF321A60084C204608F0F8FE54
:108A3C0001A9204612F06CFC12F0DEFC04490198EE
:108A4C0012F0E8FC02B010BD94D712A0641602001C
:108A5C003814020008B5064B1B6803B108BD044B63
:108A6C004FF0FF321A600349034802F0F3FFF5E7B9
:108A7C0090D712A0C01802006C1602000E4B1B6897
:108A8C0003B1704710B582B004460B4B4FF0FF3268
:108A9C001A60FFF7DFFFFFF7BDFF01A9074812F0CF
:108AAC0037FC6946019812F01FFC0099204605F02E
:108ABC000FFF02B010BD00BF8CD712A06C160200C5
:108ACC0008B5094B1B6803B108BD074B4FF0FF32CB
:108ADC001A60FFF7F5FD0CF0E3F840F2152203499C
:108AEC00034802F0CDFBEFE788D712A0D0150200A7
:108AFC00A814020000487047C0E1E4000E4B1B684C
:108B0C0003B1704710B582B004460B4B4FF0FF32E7
:108B1C001A60FFF7D5FFFFF77DFF01A9074812F098
:108B2C00F7FB6946019812F0DFFB0099204605F02F
:108B3C00CFFE02B010BD00BF84D712A0A814020053
:108B4C00114B1B6803B1704730B583B00E4B4FF01F
:108B5C00FF321A600CF068F80C4D402300934FF66E
:108B6C00FF7315221221284600F0E6FC084C214622
:108B7C00284612F0BEF9D421206812F0F8F9054B02
:108B8C0001221A7003B030BD80D712A070160200FB
:108B9C00F4D712A0F0D712A008B50D4B1B6803B187
:108BAC0008BD0B4B4FF0FF321A60FFF7C9FF0949A4
:108BBC00012012F0CBFA002012F06AFAFF210020FB
:108BCC0012F010FAFF21012012F00CFAE8E700BFB6
:108BDC007CD712A07D83000008B5FFF727FEFFF7B6
:108BEC00DBFFFFF7D5FD08BD08B5074B1B6803B1CC
:108BFC0008BD054B4FF0FF321A600BF053FB0348D6
:108C0C00014600F053FEF3E778D712A07816020065
:108C1C0010B58EB00DF1040C174C0FCCACE80F0056
:108C2C000FCCACE80F0094E80F008CE80F00134B4E
:108C3C001B680BB10EB010BD104B4FF0FF321A6019
:108C4C000BF0F2FF0CF00EF80CF02AF8FFF76AFDAF
:108C5C00FFF77AFD0A4C01A9204603F029FE0DA965
:108C6C00204612F055FB4FF4C0424FF400510D98C2
:108C7C0013F07CFEDEE700BF1488030074D712A04B
:108C8C0030FF010000B585B001AB0B4A07CA03C326
:108C9C001A800A4B1B6813B105B05DF804FB074B37
:108CAC004FF0FF321A6001A80EF074FF044905481A
:108CBC0004F04EF9F0E700BF4488030070D712A00F
:108CCC00901602009C14020008B5084B1B6803B1F7
:108CDC0008BD064B4FF0FF321A6005480EF04EFCF3
:108CEC000448014603F012FAF2E700BF6CD712A059
:108CFC00E8860300A416020010B596B048221B4962
:108D0C0004A815F045FC1A4B1B680BB116B010BD2E
:108D1C00174B4FF0FF321A600BF0A4FF0BF0C0FFA3
:108D2C000BF0FAFFFFF7D0FF04A80CF027FFFFF7BA
:108D3C0059FD02AB00220F4949690F4812F06CFA39
:108D4C0003A90E4812F08CF801A90D4812F0E0FAB4
:108D5C006946019812F0C8FA029803689C69009B56
:108D6C00084A12680399A047D0E700BF7488030033
:108D7C00B0D712A0080000103CFF0100AC16020096
:108D8C00E01502000400001008B5084B1B6803B185
:108D9C0008BD064B4FF0FF321A6005480EF02CFC54
:108DAC000448014603F0B2F9F2E700BF68D712A0FD
:108DBC00DC860300AC14020010B50C2012F092FDFE
:108DCC000C2012F0F3FC0C2012F008FD1C2012F009
:108DDC0011FD00211C2012F025FD1C2012F06CFD51
:108DEC00044608B1204610BD0C2012F0EBFCF9E74C
:108DFC00BFF34F8F0549CA6802F4E062044B13437A
:108E0C00CB60BFF34F8F00BFFDE700BF00ED00E06C
:108E1C000400FA0508B50BF007FF0BF023FF0BF06D
:108E2C003FFF0BF05BFF0BF077FF0BF093FFFFF7AF
:108E3C00DBFE08BD08B5FFF7EDFF80210846FFF704
:108E4C002DFC80210846FFF7EBFBFFF755FFFFF7E2
:108E5C0057FBFFF771FBFFF78BFBFFF7B9FBFFF736
:108E6C00CBFBFFF72DFCFFF75DFCFFF76DFCFFF76D
:108E7C007DFCFFF7A3FCFFF74DFDFFF7C9FEFFF7E5
:108E8C000DFDFFF78DFBFFF7A7FE08BD4FF4F0704B
:108E9C0070474FF420707047024B1A6811781170AC
:108EAC001868704704000010034B1B684FF416221F
:108EBC0002FB0030704700BF040000104FF4E1309B
:108ECC007047000000487047000E270700487047A5
:108EDC00008793030148024BC01A7047000080A022
:108EEC00C8F512A0014B1861704700BF0080082024
:108EFC00890001F47871C2F3C4021143C00100F47B
:108F0C00F8400843704708B512F058F9FEE7000026
:108F1C00F8B561B104460D460544074F322614F8E6
:108F2C00013B3B7030460FF0FDFCAC42F7D16420A6
:108F3C000FF0F8FCF8BD00BF00C000407047000007
:108F4C0000487047B8F512A070477047072070476B
:108F5C0000230B604B608B600720704710B50446F4
:108F6C00043011F0D3FC0023E360236163611D2303
:108F7C00237610BD2DE9F04792B0054688460023B4
:108F8C000B604B608B601146406811F027FD044666
:108F9C0018B1204612B0BDE8F08711F073FE0746F9
:108FAC000AAE4FF0200A4FF0CC0902E0012011F07C
:108FBC009FFC384611F074FE092870D85246494679
:108FCC00304615F00EFB00238DF807302B7E8DF804
:108FDC0008300DF10703039301228DF81020642350
:108FEC0005930DF1310106918DF81C2008934FF477
:108FFC00C873ADF80A30A86803681B6902A99847C2
:10900C0004460028D2D19DF8314014F00104CDD093
:10901C0000238DF807302B7E8DF808300DF10703F7
:10902C00039301238DF810306423059306960922CF
:10903C008DF81C2008934FF4C873ADF80A30A8685B
:10904C0003681B6902A9984704460028AED19DF914
:10905C0029209DF8283043EA022343F309039B029D
:10906C00C8F800309DF92B209DF82A3043EA0223E2
:10907C0043F309039B02C8F804309DF92D209DF899
:10908C002C3043EA022343F309039B02C8F808304F
:10909C0005F10C0398E8070083E8070005E005F1EB
:1090AC000C0393E8070088E80700686811F0B0FC2F
:1090BC006FE70000F0B591B005468C46174609AC39
:1090CC001C4E0FCE0FC496E8070003C422802F76E7
:1090DC00C5F808C08DF8047002238DF80C304FF4DD
:1090EC007A730493002305938DF8183007934FF48B
:1090FC00C873ADF806309DF82420BAB1002423467D
:10910C0009AF01AE07EB43030293A86803681B6920
:10911C0031469847024648B90134E4B2234610AAB6
:10912C0002EB440212F81C2C002AEBD1104611B0B1
:10913C00F0BD00BFD888030030B585B00D4614468D
:10914C0003AB0022084912F067F802A9284612F076
:10915C00DFF801A9029812F0C7F82246019903988A
:10916C00FFF7A8FF05B030BDBC88030038B5044636
:10917C00043011F0CBFB054608B1284638BD04F18C
:10918C000C0011F0C3FB05460021E06811F026FC31
:10919C00F3E708B5C06811F056FC08BD38B50446B5
:1091AC000D464FF4FA71406811F018FCA068036882
:1091BC005B692946984705464FF4FA71E06811F04F
:1091CC000DFC606811F024FC284638BD10B504462F
:1091DC00084604F1080111F043FE28B9A0680368A1
:1091EC001B69024A2146984710BD00BF088903003D
:1091FC0010B582B00C4601AB0022044912F00CF8F9
:10920C0021460198FFF7E2FF02B010BDF48803007D
:10921C00007B70472DE9F047044688464FF0FF313C
:10922C00406811F0DBFBE77FA37FDB1B257B03FB97
:10923C0005F5434A82FB05012944ED17C5EBE11501
:10924C00EDB284F80C8003FB08F382FB03121A4482
:10925C00DE17C6EBE216F6B20021208B12F0E2FA12
:10926C00B5425ED03D44EDB23744FFB2BD4205D2AB
:10927C004FF6FF7901264FF0020A1BE0BD424ED992
:10928C004FF6FF7901264FF0020A36E012F08EFA03
:10929C0019E0208B12F0AEFA208B12F093FA5146A3
:1092AC00208B12F0B3FA304611F022FB0135EDB2EF
:1092BC00AF4234D0208B12F079FA208B12F08EFA58
:1092CC00A08B4845E2D1304611F012FBA08B4845EB
:1092DC00DFD012F077FADCE712F068FA16E0208B98
:1092EC0012F088FA5146208B12F090FA304611F0A9
:1092FC00FFFA013DEDB2AF4211D0208B12F062FAB1
:10930C00208B12F06BFAA08B4845E5D1304611F05A
:10931C00EFFAA08B4845E2D012F054FADFE784F85C
:10932C000C80A08B4FF6FF73984205D1606811F04A
:10933C006FFB0020BDE8F08712F044FAF6E700BF9F
:10934C008180808010B504464FF0FF31406811F0E9
:10935C0045FB236923B1606811F05AFB002010BD56
:10936C004FF0FF3323610021608B12F05BFA608BAE
:10937C0012F01CFAEFE710B504464FF0FF314068CD
:10938C0011F02CFB236923B9606811F041FB00201C
:10939C0010BD00212161608B12F044FA608B12F039
:1093AC0011FAF1E72DE9F84304464FF0FF3140681C
:1093BC0011F014FBA3680133A360636953B1A08B54
:1093CC004FF6FF7398427FD1606811F021FB0020AB
:1093DC00BDE8F883E17FA37F5B1A227B02FB03F3DA
:1093EC003B4A82FB03021A44DB17C3EBE21319441A
:1093FC005FFA81F94FF0FF336361608B12F0EEF985
:10940C000021608B12F00EFA608B12F0DBF9208BCE
:10941C0012F0E4F90021208B12F004FA40254FF6EB
:10942C00FF7701264FF0020810E012F0BFF916E0AA
:10943C00208B12F0DFF94146208B12F0E7F9304611
:10944C0011F056FA6B1E13F0FF0511D0208B12F0A1
:10945C00B9F9208B12F0C2F9A08BB842E5D1304695
:10946C0011F046FAA08BB842E2D012F0ABF9DFE76C
:10947C00B9F1000FA3D000254FF6FF7701264FF06E
:10948C0002080FE012F092F915E0208B12F0B2F9FD
:10949C004146208B12F0BAF9304611F029FA013509
:1094AC004D458CD0208B12F081F9208B12F096F95F
:1094BC00A08BB842E6D1304611F01AFAA08BB84214
:1094CC00E3D012F07FF9E0E712F07CF97CE700BF03
:1094DC008180808010B50446436913B18368013BD9
:1094EC008360A3684BB1A08B4FF6FF73984214D1E5
:1094FC00606811F08DFA002010BD608B12F06EF9CF
:10950C000021608B12F08EF9608B12F04FF9002362
:10951C006361236120232373E5E712F053F9E7E736
:10952C0008B5002383608022027303614361043019
:10953C0011F0ECF908BD000070B582B00E4615466E
:10954C001C4601AB0022104911F066FE304612F0A9
:10955C00C9F9019B1E83284612F0C4F9019B5D8357
:10956C004FF6FF739C420BD1019B9C839DF91820F5
:10957C00402AA8BF40229A770022DA7702B070BD49
:10958C00204612F0AFF9EFE70C89030010B582B05A
:10959C008446806802680023019300935469DCF8C8
:1095AC0010208A4228BF0A469CF80D10A04702B032
:1095BC0010BD08B500238360C361036243628362FC
:1095CC00043011F0A3F908BD38B5836803B3044621
:1095DC004FF0FF31406811F001FAE1692046FFF7C6
:1095EC00D5FF054650B94FF0FF332362606A28B1AE
:1095FC00E36A43B103685B6AA16A9847606811F03B
:10960C0007FA284638BD03689B6AA16A9847F5E7B4
:10961C003925F6E78368FBB110B504464FF0FF31EE
:10962C00406811F0DBF961692046FFF7AFFF48B9DC
:10963C0000232362606A28B1E36A43B103689B6A22
:10964C00A16A9847606811F0E3F9002010BD036827
:10965C005B6AA16A9847F5E73920704738B583688B
:10966C0033B305460C464FF0FF31406811F0B6F9A4
:10967C006869AB691B1A210A01FB03F30D4A82FBD3
:10968C0003121A44DC17C4EBE214044421462846A6
:10969C00FFF77CFF38B96B699C420CBF00234FF07D
:1096AC00FF332B62EC61686811F0B2F9002038BD11
:1096BC003920FCE781808080F0B583B004460D46EC
:1096CC001E4608998560027343730161099B4361CF
:1096DC000A9B83612B681B6928469847034680B90F
:1096EC002B689B69314628469847034648B92A6837
:1096FC000023019300935769626931462846B847A5
:10970C000346184603B0F0BD10B504460846114692
:10971C00606201228A40A262E36203685B6B0022F2
:10972C00C9B29847E36A5BB1606A03689B6AA16A35
:10973C009847606A0368DB69A16A9847002010BDEE
:10974C00606A03685B6AA16A9847F2E730B587B034
:10975C000C4605AB0022134911F05EFD04A92068EC
:10976C0011F07EFB23690293E3680193A3680093D5
:10977C006379227904990598FFF79EFFA38A4FF627
:10978C00FF72934200D008B107B030BD059D180A96
:10979C0011F0E0FF0146A369227D2846FFF7B4FFD4
:1097AC00F2E700BF348903000020704700207047A7
:1097BC0038B504460D464FF0FF31406811F00EF9F4
:1097CC00A06803681B69294698470546606811F034
:1097DC001FF9284638BD38B504460D464FF0FF3109
:1097EC00406811F0FBF8A06803685B69294698474C
:1097FC000546606811F00CF9284638BD38B50446AA
:10980C000D464FF0FF31406811F0E8F8A06803688E
:10981C009B69294698470546606811F0F9F8284677
:10982C0038BD38B504460D464FF0FF31406811F095
:10983C00D5F8A0680368DB69294698470546606837
:10984C0011F0E6F8284638BD38B504460D464FF001
:10985C00FF31406811F0C2F8A06803685B6A2946C2
:10986C0098470546606811F0D3F8284638BD2DE9B5
:10987C00F04104460D4616461F464FF0FF31406836
:10988C0011F0ACF8A0680368D3F820803B46324650
:10989C002946C0470546606811F0BAF82846BDE86D
:1098AC00F08108B5043011F031F808BD10B582B064
:1098BC000C4601AB0022054911F0AEFC01990831B0
:1098CC00204611F0CDFA02B010BD00BF5089030044
:1098DC0008B5043011F01AF808BD38B504460D4629
:1098EC004FF0FF31406811F079F8A06803689B696C
:1098FC00294698470546606811F08AF8284638BD15
:10990C0038B504460D464FF0FF31406811F066F84B
:10991C00A0680368DB69294698470546606811F022
:10992C0077F8284638BD38B504460D464FF0FF3160
:10993C00406811F053F8A06803681B6929469847E2
:10994C000546606811F064F8284638BD38B5044601
:10995C000D464FF0FF31406811F040F8A0680368E5
:10996C005B69294698470546606811F051F828460E
:10997C0038BD38B504460D464FF0FF31406811F044
:10998C002DF8A06803681B6A29469847054660684D
:10999C0011F03EF8284638BD38B504460D464FF058
:1099AC00FF31406811F01AF8A06803685B6A294619
:1099BC0098470546606811F02BF8284638BD000022
:1099CC0010B582B00C4601AB0022054911F024FC05
:1099DC0001990831204611F043FA02B010BD00BFC6
:1099EC00808903004FF40013D3F8E03F13F0A05F1D
:1099FC000FD0084A126813F0806F1CBF012111664A
:109A0C0013F0805F1CBF0121D1654FF40012C2F826
:109A1C00E83F7047FCD712A000F1480307C983E860
:109A2C0007000020704700002DE9F84305464FF46D
:109A3C0000140023C4F89830FFF744FA274BA3FB1B
:109A4C000030C00BC4F89400D4F89430FFF73AFA05
:109A5C00DFF88C80A8FB0036B60CC6EB0616214F3F
:109A6C00A7FB0636B6090136FFF72CFA8146FFF73D
:109A7C0029FA0346A8FB0920800CC0EBC002C0EBFE
:109A8C00C200A7FB002080090130A8FB03839B0CBC
:109A9C0003EB8303C3EBC303A7FB03739B090133E2
:109AAC001B0443EA00233343C4F89030D4F89030BD
:109ABC004FF0A053C4F8DC3F0B4B03220B4928207A
:109ACC000BF05EFE28200BF00DFE05F1580010F097
:109ADC001DFF4FF0FF336B65BDE8F883819F5E1669
:109AEC0083DE1B43D34D621030170200F199000046
:109AFC002DE9F84F81460F4690461E464FF0FF3138
:109B0C00406810F06BFFD9F8543083B346B309F1B9
:109B1C00080B4FF400144FF0A05A07F03F01C1F1AD
:109B2C004005B54228BF354627F03F03C4F8E8AFDF
:109B3C00C4F884300823C4F8803009F1070309F114
:109B4C004700D4F88C2003F8012F8342F9D12A4620
:109B5C005944404614F01CFD2F44A844761BDCD11C
:109B6C00D9F8040010F054FF0020BDE8F88F4846E7
:109B7C00FFF75AFFCAE7000010B50446043010F096
:109B8C00C5FE6423A3644023E364192323650023E7
:109B9C006365014B1C6010BDFCD712A02DE9F04F82
:109BAC0085B080468A46029201934FF0FF3140689F
:109BBC0010F014FFD8F85430002B61D0019B002B0F
:109BCC0056D008F1080303934FF400150AF03F0038
:109BDC00C0F14009019B994528BF99462AF03F0BDB
:109BEC004FF0A053C5F8E83FC5F884B00823C5F87A
:109BFC00803008F1070408F147062346D5F88C207D
:109C0C0003F8012FB342F9D14A460299039B184439
:109C1C0014F0BEFC4FF0A053C5F8E83F0323C5F881
:109C2C008030C5F884B014F8013F63F30707C5F81A
:109C3C008870B442F7D14FF0A053C5F8E83F002329
:109C4C00C8F85C30C5F884B00623C5F88030D8F865
:109C5C005C30002BFBD0D8F8500010F049FECA4401
:109C6C00029B4B440293019BB3EB09030193ADD1CF
:109C7C00D8F8040010F0CCFE002005B0BDE8F08F41
:109C8C004046FFF7D1FE99E708B500231A46024972
:109C9C0011F0C2FA08BD00BFA889030030B5836873
:109CAC0003EB41014FF0FF340025088880B20B888C
:109CBC009BB2B1F800C01FFA8CFC80EA030283EA65
:109CCC000C0E02EA0E0212F0400F0ED012F0040F2E
:109CDC0002D110F0020F0AD113F0200FE5D01CF0C6
:109CEC00200FE2D02CB12C46DFE7002030BD1E2027
:109CFC00FCE70B20FAE710B50446043010F006FE22
:109D0C000023A360E3602361636110BD036903B9A1
:109D1C00704710B504468368AA22A3F8AA2A836860
:109D2C005522A3F854258368F0221A80012010F0E4
:109D3C00DFFD0023236110BD08B5C3680133C36088
:109D4C00012B01D0002008BD4FF0FF330361FFF75A
:109D5C00DDFFF7E708B5C36843B1013BC3600BB146
:109D6C00002008BDFFF7D2FF0020FAE71820F8E723
:109D7C002DE9F04105460F4614461E464FF0FF31C3
:109D8C00406810F02BFE2846FFF7C0FF86B317F093
:109D9C00010F09D07A08AB6833F81230C3F30723EC
:109DAC0004F8013B013E01377908012E1BD9B71E7F
:109DBC004FEA570E0EF1010004EB4000A446C4EB31
:109DCC004103E218D5F8088038F8022024F8022B59
:109DDC008442F6D10131714406F0010627F00107E7
:109DEC000CF10203FC181EB1AB6833F81130237070
:109DFC00686810F00DFE0020BDE8F08138B504460F
:109E0C004FF0FF31406810F0E9FD4FF0FF33236154
:109E1C00A368AA22A3F8AA2AA1685523A1F854354D
:109E2C00A1688020A1F8AA0AA168A1F8AA2AA268B0
:109E3C00A2F85435A3681022A3F8AA2A00212046C0
:109E4C00FFF72CFF05462046FFF760FF606810F017
:109E5C00DFFD284638BD70B504460E4615464FF05A
:109E6C00FF31406810F0BAFDA3689822A3F8AA202D
:109E7C00A36833F816309BB22B604FF0FF3323618D
:109E8C00606810F0C5FD002070BD43690BB1002067
:109E9C0070472DE9F04782B0044601AA1021FFF764
:109EAC00DAFF019B512B03D0092002B0BDE8F087EB
:109EBC0001AA11212046FFF7CEFF019B522B01D0A6
:109ECC000920F2E701AA12212046FFF7C4FF019BEB
:109EDC00592B01D00920E8E701AA27212046FFF7DA
:109EEC00BAFF019B1F2B1ED9203B012202FA03F360
:109EFC000022A261E36101AD2A4628212046FFF72A
:109F0C00AAFF019BDB0084F820302A462C21204636
:109F1C00FFF7A1FF019B636226462D270025A8466B
:109F2C000DF104092EE001229A400023E1E74A4694
:109F3C0039462046FFF78FFF9DF804A04A46791C4E
:109F4C002046FFF788FF019B1B029BB243EA0A03E2
:109F5C000133B3624A46B91C2046FFF77CFF9DF8DB
:109F6C0004A04A46F91C2046FFF775FF019B1B0213
:109F7C009BB243EA0A031B02F3620135083604372D
:109F8C00042D06D0636AAB42D1D8C6F8288043466C
:109F9C00F2E74FF0FF336361002086E738B50546E2
:109FAC000C46FFF772FF864660B9A44605F118040B
:109FBC000FCCACE80F000FCCACE80F0094E80F000E
:109FCC008CE80F00704638BD70B505460E46144639
:109FDC00FFF75BFF38B9EB6A5B42334023F00103B8
:109FEC002360EB6A636070BD2DE9F04704460E46B2
:109FFC001546FFF74AFF4FF0FF31606810F0EEFC9A
:10A00C003544E36A5B42334023F00103ED1A2FD051
:10A01C004FF0AA0855274FF08009E36A59423140A6
:10A02C004908A368A3F8AA8AA368A3F85475A3687F
:10A03C00A3F8AA9AA368A3F8AA8AA368A3F85475EC
:10A04C00A368302223F811202046FFF727FE824612
:10A05C0028B9E36A1E44AB4201D2ED1ADDD1204689
:10A06C00FFF754FE606810F0D3FC5046BDE8F08753
:10A07C004FF0000AF3E72DE9F04F83B01E460B4377
:10A08C0013F0010F05D04FF0190B584603B0BDE883
:10A09C00F08F04460D469046FFF7F7FE83460028E6
:10A0AC00F3D176084FF0FF31606810F097FC4FF059
:10A0BC00FF332361002E4ED0AB464FEA55094F4675
:10A0CC006A4659462046FFF77FFF3546102E28BFBB
:10A0DC00102505EB090323F00F03BB421ABF09F04F
:10A0EC000F03C3F1100310239D4228BF1D46A36824
:10A0FC004FF0AA02A3F8AA2AA3685522A3F8542564
:10A10C00A368252223F81720A2686B1E9BB222F8A5
:10A11C001730A8F102034FEA450A03EB450EC8EBD2
:10A12C00470C0CF1020C0CEB0302A16833F8020F84
:10A13C0088527345F7D1791E2944A368292223F844
:10A14C0011202046FFF7AAFD48B9A9442F44D0445A
:10A15C00761BB5D18346606810F05AFC95E78346B0
:10A16C001E28F8D1A368AA22A3F8AA2AA36855220C
:10A17C00A3F85425A368F022A3F8AA2A2046FFF7D7
:10A18C00C5FDE8E710B582B00C4601AB00220349CF
:10A19C0011F042F8019B9C6002B010BDC489030011
:10A1AC0008B5436943B14FF0FF338361806803689E
:10A1BC005B699847002008BD0D20FCE708B5836853
:10A1CC001B681B6A984708BD08B583681B685B6AE7
:10A1DC00984708BD08B583681B689B6A984708BDFB
:10A1EC0008B583681B68DB6A984708BD38B5044618
:10A1FC0002230361002343618361043010F086FB6A
:10A20C00054608B1284638BD04F10C0010F07EFB61
:10A21C0005460021E06810F0E1FBF3E770B5044659
:10A22C000D464FF0FF31406810F0D8FBA068036872
:10A23C001E692346084A2946B0470546A0680368AC
:10A24C005B6998474FF0FF31E06810F0C7FB60681E
:10A25C0010F0DEFB284670BD0BA3000070B5044661
:10A26C000D464FF0FF31406810F0B8FBA068036852
:10A27C001E692346074A2946B047054620B94FF0C8
:10A28C00FF336361284670BD606810F0C1FB00238A
:10A29C00F7E700BF0BA3000038B543699BB1044638
:10A2AC00836993B1C06810F099FB054670B900231F
:10A2BC006361A361A06803689B6998470546606861
:10A2CC0010F0A6FB02E00D2500E01225284638BD53
:10A2DC0038B543697BB10446836973B18068036800
:10A2EC009B699847054600236361A361606810F081
:10A2FC008FFB284638BD0D25FBE71225F9E708B57D
:10A30C000161C06810F09FFB08BD000010B582B061
:10A31C000C4601AB0022054910F07EFF0199083173
:10A32C00204610F09DFD02B010BD00BF048A030052
:10A33C000023C362426A006A82424FF0FF3038BF8A
:10A34C0000207047436A026A934206D210B4C26975
:10A35C005C1C4462D15410BC704770474FF0FF3303
:10A36C00C362826A806982424FF0FF3038BF00209E
:10A37C007047836A8269934201D300207047426917
:10A38C00591C8162D05C704770B582B004460D4692
:10A39C008969EB681944406810F020FBE068036899
:10A3AC005B6A01A99847019B83B1E06803689B6ACB
:10A3BC009847E06803685B6A01A99847019B2BB139
:10A3CC00636B1BB19847064600283DD16B68002B88
:10A3DC0033D00021A06810F001FBE06803685E69CF
:10A3EC001E4B22462946B047E968A06810F0F6FAE1
:10A3FC00064610B92B7F03B30C262B693BB3E068E0
:10A40C0003681B6AEBB198471BE00021A06810F0B1
:10A41C00E5FAE06803681E69104B22462946B047EE
:10A42C00A969A06810F0DAFA06460028E7D12B7F5C
:10A43C0003F0FF062BB10C26E1E72B69002BE4D1CE
:10A44C000026606810F0E4FA304602B070BDE06897
:10A45C0003681B6A002BD6D1F3E700BFA9A5000047
:10A46C0070B505460C464FF0FF31406810F0B6FA57
:10A47C0005F1100EA446BCE80F00AEE80F00DCF8A6
:10A48C000030CEF8003000246C62AC62E8680368DF
:10A49C009E69044B2A46297CB047686810F0B8FACC
:10A4AC00204670BD388A030038B504464FF0FF31A2
:10A4BC00406810F093FAE0680368DB69984705463A
:10A4CC00606810F0A5FA284638BD38B504464FF040
:10A4DC00FF31406810F082FAE06803681B6A984705
:10A4EC000546606810F094FA284638BD38B5044625
:10A4FC000D464FF0FF31406810F070FAE0680368C9
:10A50C005B6A294698470546606810F081FA284630
:10A51C0038BD38B504464FF0FF31406810F05EFA94
:10A52C00E06803689B6A98470546606810F070FA0B
:10A53C00284638BDF8B504460E4617461D464FF062
:10A54C00FF31406810F04AFA236BC3B92946A06862
:10A55C0010F044FA054668B9E36ADBB101233370A5
:10A56C00A36A3B60E06803681B6A984705464FF096
:10A57C00FF332363606810F04BFA2846F8BD0021C6
:10A58C00A06810F02BFAE0680368DB699847002399
:10A59C002363DBE700233370636AE2E708B5806866
:10A5AC0010F051FA08BD08B5806810F04CFA08BDDF
:10A5BC0010B50446043010F0A9F900B110BD04F137
:10A5CC00080010F0A3F90028F8D14FF0FF332363F3
:10A5DC00F4E708B50B4600F10C01184610F040FCEE
:10A5EC0008BD000030B583B00D46144601AB002207
:10A5FC00054910F011FE29460198FFF7EAFF019B6F
:10A60C005C6303B030BD00BF4C8A030008B5034641
:10A61C00406980B19A69D2F820C0614528BF614673
:10A62C00D960C1EB0141136AB1FBF3F103689B697B
:10A63C0089B2984708BD0720FCE78368013B83601B
:10A64C00002070470161426043610020704710B4E4
:10A65C008C4684690FCCACE80F000FCCACE80F0033
:10A66C002368CCF80030002010BC704743684FF4CE
:10A67C00162000FB013313600020704710B5034611
:10A68C0000695C6803685B6A00224FF4162C0CFBB3
:10A69C0001419847002010BD43693BB112B1836959
:10A6AC001B6A1360C3680B6000207047072070475B
:10A6BC0030B583B000690468BDF818500095A46AE1
:10A6CC00A04703B030BD000010B50446FEF7E4FB14
:10A6DC0060600023A360E360034BA36104F11C00E2
:10A6EC0010F014F910BD00BF6C00001010B504463A
:10A6FC00FEF7D2FB60600023A360E360034BA36111
:10A70C0004F11C0010F002F910BD00BF480000104D
:10A71C0010B50446FEF7C0FB60600023A360E36045
:10A72C00034BA36104F11C0010F0F0F810BD00BF46
:10A73C00240000102DE9F04105460E4600238363EA
:10A74C00076AFEF7BFFB044605F12408304612F0F9
:10A75C00E9FB0E4BA3FB0434A409434604FB00F2B3
:10A76C000121384611F018FF044610B12046BDE80F
:10A77C00F0810021286A11F04DFF286A11F03DFF8D
:10A78C000446286A11F02CFFF0E700BFD34D62108D
:10A79C0010B50446006903689B69984763692BB13F
:10A7AC0004F120010A4811F0E7FE08B1002010BDA9
:10A7BC0008492046FFF7BEFFA36B002BFCD0606955
:10A7CC0003681B699847E1682046FFF71FFFEDE718
:10A7DC00A41602000000484338B50446036A4362DD
:10A7EC00012383620023C3621C4B036340638368B1
:10A7FC0001338360012B02D00025284638BD056942
:10A80C0083699B68032B07D0052B20D04422144965
:10A81C00144813F0BDFE04E044221349114813F010
:10A82C00B7FE63680F49CB632B685B692846984772
:10A83C000546002319466268D1520233B3F5162F30
:10A84C00F9D1002DD9D12046FFF7A2FFD5E744223C
:10A85C000649044813F09CFEE3E700BFBDA80000C6
:10A86C00C08B030000D812A0388B03007C8B030034
:10A87C0010B50446406940B103685B69984704F120
:10A88C002001094811F078FE28B120690368DB69C2
:10A89C009847002010BD05492046FFF74BFFA36BDE
:10A8AC00002BFCD0F1E700BFA416020000004843C7
:10A8BC0010B50469206A11F06CFE4FF0FF33A363EE
:10A8CC0010BD000070B504460D4606690021C06934
:10A8DC0010F084F83368DB6A224604493046984706
:10A8EC002946E06910F07AF870BD00BFFDA80000A1
:10A8FC0008B5C06910F0A7F808BD10B503460A46A4
:10A90C00406801688C6903F51571A04710BD10B53E
:10A91C000446C0F85422C0F85812C0F85C324068A3
:10A92C0003681B6A04F51571984704F50873C4F89D
:10A93C005432C4F8583210BD08B50146406803685B
:10A94C00DB6901F51571984708BDD0F89832ABB3A7
:10A95C00037C9B09012B39D0027EC37D9B0003EB4A
:10A96C009213827D920202F4406213440133427DC1
:10A97C0002F00F0290F81AC002EBDC1290F819C02A
:10A98C004FEA4C0C0CF0060C6244073A93400B60F7
:10A99C004FF400734B60B0F8943213F0020F1CD1DB
:10A9AC00C37EDA0002F0180202EB5312837EC3F36B
:10A9BC008403013302FB0333002005E04FF40073E2
:10A9CC004B6000230B600C208B607047027E437E33
:10A9DC0003EB022301339B02D9E700231846F3E76C
:10A9EC0007207047072070470720704708207047E2
:10A9FC0038B504460D464FF0FF31D0F89C020FF0ED
:10AA0C00EDFFC4F88852D4F89C0210F001F8002035
:10AA1C0038BD38B504460D464FF0FF31D0F89C02D6
:10AA2C000FF0DCFFD4F89832B3FA83F35B092B6098
:10AA3C00D4F89C020FF0ECFF002038BD2DE9F04F4C
:10AA4C0087B006460D46174698460024019402949A
:10AA5C0003940494954B13F832A013F93230A342AB
:10AA6C0033DB686805F5157B03685B6959469847C5
:10AA7C008E4B03EBC70999F8013005930AF07F015F
:10AA8C002846FFF73AFF4FEA18612846FFF735FFD3
:10AA9C00C8F307412846FFF730FFC8F307212846C3
:10AAAC00FFF72BFF5FFA88F12846FFF726FF059981
:10AABC002846FFF722FF99F80280B8F1040F7ED8E0
:10AACC00DFE808F01414355F410023461622FFF727
:10AADC00B5FF3478012C00F2E08073780193B378E1
:10AAEC000293F378039333790493BAE710F0CAF81E
:10AAFC0081464FF0FF0A51462846FFF7FEFEC4B2CE
:10AB0C00FF2C40F09880484610F0CAF8B0F57A7FD8
:10AB1C00F1D92846FFF710FFFF233370019B7370A8
:10AB2C00029BB370039BF370049B3371B5E0FF2160
:10AB3C002846FFF7E2FEC3B20193FF212846FFF738
:10AB4C00DCFEC4B291E0FF212846FFF7D6FEC4B26A
:10AB5C00FF212846FFF7D1FEC3B20493FF212846FC
:10AB6C00FFF7CBFEC3B20393FF212846FFF7C5FEC8
:10AB7C00C3B20293FF212846FFF7BFFEC3B2019375
:10AB8C0073E0FF212846FFF7B8FEC4B2FF21284628
:10AB9C00FFF7B3FEC3B20493FF212846FFF7ADFEC7
:10ABAC00C3B20393FF212846FFF7A7FEC3B202935B
:10ABBC00FF212846FFF7A1FEC3B2019355E0B8F17F
:10ABCC00050F38D110F05EF881464FF0FF08414672
:10ABDC002846FFF792FEC4B2FF2C13D1484610F062
:10ABEC005FF8B0F57A7FF2D92846FFF7A5FEFF2370
:10ABFC003370019B7370029BB370039BF370049BC7
:10AC0C0033714AE0FF212846FFF777FEC3B2049365
:10AC1C00FF212846FFF771FEC3B20393FF2128469C
:10AC2C00FFF76BFEC3B20293FF212846FFF765FEC8
:10AC3C00C3B2019319E0B8F1010F16D14FF0FF0A1E
:10AC4C00D1464FF6FF7849462846FFF756FE10F0DE
:10AC5C00FF0009D1B8F10108F5D10AF1FF3A1AF059
:10AC6C00FF0AEED1544600E00446104B03EBC70339
:10AC7C005B68B3B90D4B03EBC703DB7823B968688A
:10AC8C000368DB69594698473470019B7370029BCB
:10AC9C00B370039BF370049B3371304607B0BDE86F
:10ACAC00F08FFF212846FFF728FEE3E7408C0300D6
:10ACBC00F0B583B005460B461746B0F8942212F057
:10ACCC00080F08BF4B02082201466846FFF7B6FE84
:10ACDC009DF800308BB1FF24264631462846FFF7FD
:10ACEC000CFE10F0FF0F08D0631E13F0FF04F4D11C
:10ACFC002846FFF721FE0C2414E0174CFF263146A2
:10AD0C002846FFF7FAFDC0B2013CFF2803D1002C06
:10AD1C00F5D1022403E0ECB1FE2806D0022428462B
:10AD2C00FFF70AFE204603B0F0BD4FF4007300227B
:10AD3C0039462846FFF7EBFDFF212846FFF7DDFDDE
:10AD4C00FF212846FFF7D9FDFF212846FFF7D5FD47
:10AD5C000024E4E70224E2E7E09304002DE9F0414B
:10AD6C0007460C4616461D464FF0FF31D0F89C02A4
:10AD7C000FF034FE66B126442A4621463846FFF7CA
:10AD8C0097FF804668B905F500750134A642F3D1EA
:10AD9C00D7F89C020FF03CFE4FF000084046BDE88F
:10ADAC00F081D7F89C020FF033FEF7E7F0B583B0D3
:10ADBC0004464FF0FF31D0F89C020FF00FFE0FF05D
:10ADCC0061FF05466F46062628460FF069FFB0F571
:10ADDC00FA7F10D2D4F88C321B0432462146384606
:10ADEC00FFF72CFEBDF8003003F4F053B3F5006F01
:10ADFC00EAD1002500E00225D4F89C020FF008FEF1
:10AE0C00284603B0F0BD2DE9F04F83B004460F4641
:10AE1C00154699464FF0FF31D0F89C020FF0DEFD3D
:10AE2C00002D00F08E8005EB070AEB46FF2568E04D
:10AE3C00FE212046FFF761FD4FF400734A460021C6
:10AE4C002046FFF764FD29462046FFF756FD2946AC
:10AE5C002046FFF752FD29462046FFF74EFD00F035
:10AE6C000F0005280BD02046FFF766FD0C26D4F802
:10AE7C009C020FF0CDFD304603B0BDE8F08F0FF013
:10AE8C0001FF804640460FF00BFFB0F57A7F1FD2D2
:10AE9C0029462046FFF731FD10F0FF06F2D10FF0E6
:10AEAC00F1FE804629462046FFF727FDC0B2FF2859
:10AEBC0017D040460FF0F4FEB0F57A7FF2D320465F
:10AECC00FFF73AFDFF212046FFF717FD0226CEE7DC
:10AEDC002046FFF731FDFF212046FFF70EFD02262D
:10AEEC00C5E729462046FFF708FD2046FFF724FD5D
:10AEFC0029462046FFF701FD013709F50079574532
:10AF0C00B5D0B4F8943213F0080F0CBF7B023B465B
:10AF1C000B2221465846FFF791FD9DF80030002B7F
:10AF2C0086D0FF2629462046FFF7E7FC10F0FF0FDE
:10AF3C003FF47EAF013EF5D12046FFF7FDFC0C2619
:10AF4C0095E7002693E72DE9F0438BB004464FF0CC
:10AF5C00FF31D0F89C020FF041FD2046FFF7ECFCCE
:10AF6C00606804F5157603685B693146984720469E
:10AF7C00FFF7E2FC0A25FF27606803689B693A46E5
:10AF8C0031469847013DF7D100231A46214608A8BF
:10AF9C00FFF754FD9DF82060FF2E19D0012E1DD116
:10AFAC000FF070FE05464FF4D5730222214608A817
:10AFBC00FFF744FD9DF82030012B4FD1089B23F067
:10AFCC007F4323F0FF03B3F5D53F10D000266DE08F
:10AFDC00D4F89C020FF01CFD392504E0D4F89C0237
:10AFEC000FF016FD0A2528460BB0BDE8F0834FF094
:10AFFC0080431922214608A8FFF720FD0DF12008F7
:10B00C004FF08047192605E03B4632462146404624
:10B01C00FFF714FD28460FF043FEB0F57A7F03D2FC
:10B02C009DF82030002BEFD128460FF039FEB0F5FB
:10B03C007A7F01D3002639E000231722214608A885
:10B04C00FFF7FCFC9DF82030002B6AD19DF82430D2
:10B05C0013F0400F0CBF04260C2627E0002315220A
:10B06C00214608A8FFF7EAFC9DF82030012B54D9A3
:10B07C00B1460DF12008002728460FF011FEB0F55F
:10B08C007A7F0CD23B464A4621464046FFF7D6FC17
:10B09C009DF82030002BEFD12046FFF74DFC2846C1
:10B0AC000FF0FEFDB0F57A7F88BF0026A4F89462FD
:10B0BC00FF212046FFF721FC2046FFF73DFCFF2136
:10B0CC002046FFF71AFC0FF0DDFD07464FF0FF0896
:10B0DC0041462046FFF711FCC5B238460FF0E0FDA3
:10B0EC00B0F5FA7F1FD8FF2DF2D1002303222146A1
:10B0FC0003A8FFF7A3FC9DF80C3033BB40F6FE15FC
:10B10C00FF2739462046FFF7F8FBC0B2013DADB230
:10B11C00FF2817D1002DF4D117E04FF015090226A6
:10B12C00A7E70026C2E7FF2DDFD0FF212046FFF75F
:10B13C00E4FB2046FFF700FCD4F89C020FF068FCFF
:10B14C00022550E70DB1FE2808D02046FFF7F4FB8E
:10B15C00D4F89C020FF05CFCFF2544E704F11001CD
:10B16C004FF0FF3323616361A361E36110230A464F
:10B17C002046FFF7CCFBFF212046FFF7BEFB204605
:10B18C00FFF7DAFB0023C4F890324FF40073072268
:10B19C0021466846FFF752FCFF2504F120081027D2
:10B1AC00424639462046FFF783FD08B1013DF7D1F1
:10B1BC0046B90023C4F898323925D4F89C020FF014
:10B1CC0027FC10E74FF0FF33C4F8983205A920464E
:10B1DC00FFF7BBFB0546F0E738B504460D46D0F843
:10B1EC00983283B14FF0FF31D4F89C020FF0F6FB8C
:10B1FC0029462046FFF7A9FB0546D4F89C020FF020
:10B20C0007FC284638BD0021FFF79DFEEAE708B58C
:10B21C000123A0F894320023C0F8983200F527706F
:10B22C000FF074FB08BD000038B504464160826025
:10B23C00C36000F50873C0F85432C0F858320025CA
:10B24C00C0F85C52082380F86032FDF753FC0B4BBE
:10B25C00A3FB00308009C4F86402C4F86852C4F837
:10B26C006C52A368C4F87032E368C4F87432C4F842
:10B27C007852C4F88852C4F88C5238BDD34D621041
:10B28C0030B585B00D46144603AB002210490FF0C3
:10B29C00C3FF01A9284610F03BF802A9019810F051
:10B2AC0023F8200A10F042FA0546204610F01AFB4B
:10B2BC00204610F07BFA204610F090FAE4B20123FD
:10B2CC00A3402A4602990398FFF7AEFF05B030BDA4
:10B2DC00048C0300C36A23B14FF0FF3303610020D9
:10B2EC0070470A20704700207047072070470720DE
:10B2FC007047072070470820704738B504464FF058
:10B30C00FF3140680FF06AFB00252561E56260683B
:10B31C000FF07EFB284638BD38B504460D464FF07D
:10B32C00FF3140680FF05AFB656260680FF070FBEC
:10B33C00002038BD38B504460D464FF0FF3140684B
:10B34C000FF04CFB2369B3FA83F35B09626A0AB111
:10B35C0043F00403E26A002A08BF02232B606068F2
:10B36C000FF056FB002038BD2DE9F04788461D46EE
:10B37C009DF820709DF824609DF828904469601E0B
:10B38C0004F11E034FF0000C00F801CF9842FBD1E2
:10B39C00032E35D0252E4AD00EB302FB05FA2B49CD
:10B3AC0020460DF0CBF90021201D0DF0C7F95146B8
:10B3BC0004F108000DF0C2F9012F08BF0027277314
:10B3CC0084F80E90E673414604F111000DF0D2F9A9
:10B3DC00294604F116000DF0E9F9BDE8F0871B4988
:10B3EC0020460DF0ABF90021201D0DF0A7F900212E
:10B3FC0004F108000DF0A2F9012FE0D10027DEE7DF
:10B40C00124920460DF09AF90021201D0DF096F9F5
:10B41C00122104F108000DF091F9012F08BF00274B
:10B42C00277384F80E90E6731223E374D0E7074970
:10B43C0020460DF083F90021201D0DF07FF9082125
:10B44C0060180DF07BF9012FB9D1D7E75553424362
:10B45C00F0B585B004461546C6680A230293282326
:10B46C0001938023009313468269FFF77DFF3368B5
:10B47C0042F2107201921F2200925F6C636994F881
:10B48C00292001213046B847034620BB336842F2DD
:10B49C0010720192A26902FB05F500959D6C236A5E
:10B4AC0094F8282001213046A847034698B9336800
:10B4BC0042F2107201920D2200929D6C636994F815
:10B4CC00282001213046A847034620B963691B7B1D
:10B4DC00002B18BF0C23184605B0F0BD70B584B016
:10B4EC000446C5680A230293252301938023009305
:10B4FC0000231A461946FFF737FF2B6842F21072E9
:10B50C0001921F2200925E6C636994F8292001213C
:10B51C002846B04768B92B6842F210720192082293
:10B52C0000929E6C636994F8282001212846B0474C
:10B53C0008B104B070BD60690DF00CF9E061606990
:10B54C0004300DF007F9A0612B6842F210720192E1
:10B55C000D2200929E6C636994F8282001212846E4
:10B56C00B0470028E5D16369187B002818BF0C2070
:10B57C00DFE770B582B004460D4601A9FFF7DAFE8D
:10B58C00019B022B3ED04FF0FF3160680FF026FA82
:10B59C00012200212046FFF75BFF0646F0B9236A23
:10B5AC00012293F8C6112046FFF752FF0646D8B980
:10B5BC00206A16300DF0CEF80346C8B12B60204639
:10B5CC00FFF78CFF0646C8B9A369AB60E3692B6033
:10B5DC00A3696B6060680FF01BFA02E060680FF003
:10B5EC0017FA304602B070BD60680FF011FAF8E738
:10B5FC00206A24300DF0AEF80346DFE760680FF0E8
:10B60C0007FAEEE70C26ECE72DE9F84304460D4665
:10B61C0017461E464FF0FF3140680FF0DFF99FB11F
:10B62C002F444FF001094A4629462046FFF710FFE8
:10B63C00804688B9A269216A304612F0A9FFA36935
:10B64C001E440135AF42EED160680FF0E1F94FF0C6
:10B65C0000084046BDE8F88360680FF0D9F9F8E7B8
:10B66C002DE9F04F87B0044688464FF0FF31406813
:10B67C000FF0B4F9E66833681B6A802130469847AE
:10B68C00606133681B6A4FF48051304698472062E2
:10B69C00336841F288320292092201926269009267
:10B6AC00DD6B0023022241463046A84710BB60697F
:10B6BC0002300DF06BF8336841F28832029201903F
:10B6CC0062690092DD6B0023022241463046A84796
:10B6DC008146B8B963695A78022A17D11D781D447E
:10B6EC005F883B449D4220D360680FF091F94FF086
:10B6FC00090903E0814660680FF08AF9484607B0F3
:10B70C00BDE8F08F60680FF083F9F7E760680FF021
:10B71C007FF94FF0FF09F1E76B79082B2FD02B78CD
:10B72C001D4463693B449D4234D26B78042BF3D0A7
:10B73C00052BF4D1EB7803F00303022BEFD1AB789C
:10B74C0095F90220002A03F07F03B4BF84F8283057
:10B75C0084F829303368D3F830A095F802B0281D4E
:10B76C000DF014F803465A4641463046D0478246FF
:10B77C000028D4D060680FF04BF9D146BEE7AB7906
:10B78C00062BCCD1EB79502B08BF49F001095FFA9D
:10B79C0089F9C4E7B9F1000FA6D033685B6B0122BD
:10B7AC004146304698478146F0B964200FF0A0F826
:10B7BC00326842F21073049363690393012302937A
:10B7CC00002301930093956BFE23A1224146304642
:10B7DC00A847814615280FD050B94FF0C8084FF034
:10B7EC0006090025012750E060680FF011F985E784
:10B7FC0060680FF00DF981E74FF0C808EFE7336888
:10B80C004FF4FA62019212220092D3F848A06369B5
:10B81C0094F8282039463046D047002832D1336876
:10B82C004FF4FA6201920D220092D3F848A063699A
:10B83C0094F8282039463046D04723E060680FF052
:10B84C00E7F85BE764200FF053F8E668CDF8089052
:10B85C0003230193802300932B462A462946204636
:10B86C00FFF782FD33684FF4FA6201921F220092B7
:10B87C00D3F844A0636994F8292039463046D04760
:10B88C000028BCD0B8F101082ED0E668CDF808909D
:10B89C00019500972B462A4629462046FFF764FD62
:10B8AC0033684FF4FA6201921F220092D3F844A03D
:10B8BC00636994F8292039463046D0470028C1D115
:10B8CC0033684FF4FA6201921F220092D3F848A019
:10B8DC00636994F8282039463046D0470028B1D106
:10B8EC0063691B7B002BADD12046FFF7F7FD81462A
:10B8FC000028A3D14FF0FF33E36260680FF088F8A3
:10B90C00236A012200212046FFF77EFEF6E62DE990
:10B91C00F04F85B004460E4615461F464FF0FF31DA
:10B92C0040680FF05BF835B105EB060A4FF00A0BD7
:10B93C004FF0010813E04FF0000900E08146606809
:10B94C000FF066F8484605B0BDE8F08F8146F6E783
:10B95C008146F4E70136A2691744564548D0A269DE
:10B96C003946206A12F014FEE568CDF808B02A2397
:10B97C000193002300934346A26931462046FFF70A
:10B98C00F3FC2B6842F2107201921F220092D3F842
:10B99C004490636994F8292041462846C8470028FA
:10B9AC00CCD12B6842F210720192A2690092D3F8AA
:10B9BC004490236A94F8292041462846C847002819
:10B9CC00C4D12B6842F2107201920D220092D3F86E
:10B9DC004890636994F8282041462846C8470028B7
:10B9EC00B6D163691B7B002BB4D04FF00C09A6E7D2
:10B9FC009946A4E710B50446002303614362043062
:10BA0C000EF084FF00B110BD04F108000EF07EFFB3
:10BA1C000028F8D1E062F6E730B583B0044608465A
:10BA2C0001A90FF075FC054610B1284603B030BDD6
:10BA3C0004F10C0101980FF057FC05460028F4D1D5
:10BA4C00E06803681B69024A21469847EDE700BF8E
:10BA5C004C8D030010B582B00C4601AB002204499A
:10BA6C000FF0DAFB21460198FFF7D6FF02B010BDAC
:10BA7C00108D03000720704738B504460D464FF073
:10BA8C00FF3140680EF0AAFFA06803685B69294685
:10BA9C009847054660680EF0BBFF284638BD38B5A0
:10BAAC0004460D464FF0FF3140680EF097FFA0683A
:10BABC0003689B693BB129469847054660680EF0C0
:10BACC00A7FF284638BD60680EF0A2FF2946204625
:10BADC00FFF7D2FF1725F4E738B504460D464FF0B3
:10BAEC00FF3140680EF07AFFA06803681B69294695
:10BAFC009847054660680EF08BFF284638BD08B5A0
:10BB0C0004300EF003FF08BD10B582B00C466B4636
:10BB1C00002206490FF080FB01A920460FF0A0F986
:10BB2C00009B019A9A60002002B010BD548D030056
:10BB3C0038B504460025C5600561456185611C303A
:10BB4C000EF0E4FE2946E0690EF048FF201D0EF0D1
:10BB5C00DDFE38BD00B583B08DF807100DF107017F
:10BB6C0000690FF007F803B05DF804FBE1B170B5A4
:10BB7C0082B005464C1E0DF107063146E8680FF001
:10BB8C004EF850B9A86803685B6A9DF8071098478F
:10BB9C00013CB4F1FF3FF0D104E000236B61E86994
:10BBAC000EF051FF02B070BD704738B504464FF02F
:10BBBC00FF3140680EF012FFA3690133A361012B22
:10BBCC0005D0002560680EF023FF284638BDA0681C
:10BBDC000368DB6998470546F4E738B504464FF02F
:10BBEC00FF3140680EF0FAFEA369013BA3614BB92B
:10BBFC00A06803681B6A9847054660680EF008FF4A
:10BC0C00284638BD0025F8E738B504464FF0FF311B
:10BC1C0040680EF0E3FEA06803681B6A98476369EE
:10BC2C0073B1A0680368DB6998474FF0FF31E06996
:10BC3C000EF0D4FE054660680EF0EAFE284638BDCC
:10BC4C00A0680368DB6998470025F4E72DE9F84301
:10BC5C009946DDF8208017466AB105460E46002449
:10BC6C004246311928690EF0BEFF024628B901344C
:10BC7C00A742F5D102E0002200E02746B9F1000FFF
:10BC8C0001D0C9F800701046BDE8F8832DE9F04FDB
:10BC9C0083B00193DDF830909246002A40D00446E0
:10BCAC000E4600274FF0FF38BB4619E0C4F814804D
:10BCBC005946E0690EF092FEA06803685B6A317821
:10BCCC0098470546A0680368DB69984760680EF0E2
:10BCDC009FFE022D16D0E5B901360137BA4517D9AA
:10BCEC00414660680EF07AFEA06803681B6A9847AC
:10BCFC006369002BDAD001223146E0680EF019FF9F
:10BD0C000546DFE7B9F1010903D0013F013EE3E746
:10BD1C000025019B03B11F60284603B0BDE8F08FDE
:10BD2C0017460025F5E710B58446806804684B1E5D
:10BD3C00042B1CD8DFE803F003070B101500636914
:10BD4C001146984710BDA36911469847FAE7A36AB4
:10BD5C007BB111689847F5E7E36A63B111469847E0
:10BD6C00F0E71146DCF810000EF074FFEAE708204B
:10BD7C00E8E70720E6E70720E4E7000070B5044693
:10BD8C0010461D46A16004F10C0201210EF074FE58
:10BD9C00064608B1304670BD04F110020121284658
:10BDAC000EF06AFE064638B9A06803681D69054B9B
:10BDBC00054A2146A847EDE7E0680EF07FFE002318
:10BDCC00E360E7E779BB000061BB000070B582B0AF
:10BDDC000E4614461D466B46002207490FF01CFA0E
:10BDEC0001A930460FF03CF82B46224601990098E9
:10BDFC00FFF7C4FF02B070BD748D030008B58068F6
:10BE0C0003685B69984708BD08B5806803689B693F
:10BE1C00984708BD08B5806803681B6A984708BD39
:10BE2C0008B580680368DB69984708BD08B500232E
:10BE3C000361436913B1C1698069984708BD006902
:10BE4C00704710B5044604300EF060FD00B110BD13
:10BE5C000022012104F10C000EF083FD0028F6D124
:10BE6C0020616061A061E061F1E738B504460D46E0
:10BE7C004FF0FF3140680EF0B1FDA06803681B69FC
:10BE8C0029469847054660680EF0C2FD284638BD25
:10BE9C00F8B504460D4617461E464FF0FF31406874
:10BEAC000EF09CFD23698BB94FF0FF332361676162
:10BEBC00A661E561A06803685E6A2346064A2946C6
:10BECC00B04760680EF0A4FD0020F8BD60680EF06D
:10BEDC009FFD2920F9E700BF39BE000010B582B0E4
:10BEEC000C4601AB002205490FF096F90199083177
:10BEFC0020460EF0B5FF02B010BD00BF9C8D0300B4
:10BF0C0008B504300EF002FD08BD70B58AB00446C9
:10BF1C000D4600238DF80030037B8DF808304FF46C
:10BF2C00C873ADF80A30CDF80CD001238DF8103061
:10BF3C004FF4FA73059301AA069202228DF81C2085
:10BF4C0008934FF47A7140680EF048FDA0680368BE
:10BF5C001B6902A99847064650B99DF804209DF824
:10BF6C00053043EA02231B041B126FF30C032B60F6
:10BF7C0060680EF04DFD30460AB070BD30B585B02E
:10BF8C000D46144603AB002208490FF045F902A9EF
:10BF9C0028460FF0BDF901A902980FF0A5F9039BF3
:10BFAC00019A9A601C7305B030BD00BFC88D0300A8
:10BFBC0008B5C3680069984708BD08B50023C3607D
:10BFCC0008300EF0A3FC08BD10B504464FF0FF314D
:10BFDC0080680EF003FD606803681B6A9847A068D0
:10BFEC000EF016FD002010BD10B504464FF0FF31C9
:10BFFC0080680EF0F3FC606803685B6A9847A06881
:10C00C000EF006FD002010BD10B504464FF0FF31B8
:10C01C0080680EF0E3FC606803689B6A9847A06830
:10C02C000EF0F6FC002010BD38B504460D464FF05E
:10C03C00FF3180680EF0D2FC606803681B692946EA
:10C04C0098470546A0680EF0E3FC284638BD38B585
:10C05C0004460D464FF0FF3180680EF0BFFC60685F
:10C06C0003685B69294698470546A0680EF0D0FC2A
:10C07C00284638BD2DE9F04104460D4617461E46AC
:10C08C004FF0FF3180680EF0A9FC60680368D3F8AC
:10C09C0030803B4632462946C0470546A0680EF024
:10C0AC00B7FC2846BDE8F08170B504460D4616462F
:10C0BC004FF0FF3180680EF091FC60680368DB691B
:10C0CC003246294698470546A0680EF0A1FC284642
:10C0DC0070BD0000F8B504460D4617461E464FF0DD
:10C0EC00FF3180680EF07AFCE760266160680368B7
:10C0FC00DE6A2346044A2946B0470546A0680EF07E
:10C10C0087FC2846F8BD00BFBDBF000010B582B04B
:10C11C000C4601AB002206490FF07EF808B102B0C4
:10C12C0010BD0199043120460EF09AFEF7E700BFCE
:10C13C00DC8D0300002070470020704708B50023F9
:10C14C00036143618361C36104300EF0DFFB08BD02
:10C15C0070B582B004460D464FF0FF3140680EF0CA
:10C16C003DFCCDB9A0680368DB69217B9847064686
:10C17C00206958B103685B6BA269217D98472069DF
:10C18C0062690368DB6901219140984760680EF091
:10C19C003FFC304602B070BDA06803681B690022EA
:10C1AC002946984706460028F0D1206920B103683B
:10C1BC005B6BE269217D9847A068026800230193BC
:10C1CC00009356696A08217BB04706460028DDD1EA
:10C1DC00A06803689B69217B98470646D6E708B59B
:10C1EC0084460846CCF81010CCF81420CCF8183043
:10C1FC00029BCCF81C300B68DB69012191409847FD
:10C20C0008BD000070B584B00C4603AB0022114988
:10C21C0011480FF001F8054610B1284604B070BD66
:10C22C0002A920680EF01CFE039E2379029AB260CC
:10C23C003373E0884FF6FF739842EED0000A0FF08C
:10C24C0089FA0146E3680093A368A2793046FFF7A8
:10C25C00C6FFE2E70C8E030074FF01004368013354
:10C26C004360002070474368013B436000207047E7
:10C27C0003464FF0FF3282630020D86370470023DF
:10C28C008363C36B032B49D12DE9F047034600F1BF
:10C29C00300A00244FF0FF36A6463546A046B1467C
:10C2AC00A44637465A6CBA423CBFD3F87490174632
:10C2BC00624584BFD3F8748094469A6CAA423CBF02
:10C2CC009E6F1546724584BF9C6F9646103353453E
:10C2DC00E8D1C0F8A470C0F8A890A8EB0901C0F888
:10C2EC00AC10ACEB0707C0F8B070C0F8B450C0F895
:10C2FC00B860A41BC0F8BC40AEEB0502C0F8C0206F
:10C30C004FF0FF35C0F8A050B7EB411F08DBB2EB84
:10C31C00441FB4BF06200020BDE8F08705207047FD
:10C32C000620F9E770B5C46B022C15D80546964665
:10C33C0000EB041C0CF140060FC986E80F000CF151
:10C34C00700C9EE80F008CE80F000134EC63032C9A
:10C35C0034BF0520002070BD1420FCE710B5044646
:10C36C0000224260C0F8A020C0F8D0204FF48063B7
:10C37C00C0F8C8304FF4A053C0F8CC300121D430F1
:10C38C000EF0EFFA00B110BD04F1C4000EF0BEFACD
:10C39C00F9E708B5D0F8D4000EF055FB08BD70B520
:10C3AC0006460D4614466421D0F8C4000EF016FB68
:10C3BC00AD092D01C6F8C850A4092401C6F8CC401B
:10C3CC00D6F8C4000EF024FB002070BDF8B504466E
:10C3DC000D466421D0F8C4000EF000FB064608B1EF
:10C3EC003046F8BD2169E0890FF01CFA636B002B15
:10C3FC003ED1E0890FF0F2F9E0890FF0E3F9032167
:10C40C00E0890FF003FA208B0FF0F4F9208B0FF07A
:10C41C00CDF90221208B0FF0F9F9616A608C0FF0D5
:10C42C0001FA636B53BB608C0FF0E4F90021608C54
:10C43C000FF0ECF9A08D0FF0DDF90021A08D0FF0BD
:10C44C00E5F901200EF054FA236BEBB9A08D0FF037
:10C45C0033FA60B3236BFBB90127013D33D0384667
:10C46C000EF046FAA08D0FF027FA0028F5D120E047
:10C47C0000220121E0890FF011FABAE70022012114
:10C48C00608C0FF00BFACEE7A08D0FF0EFF90021C6
:10C49C00A08D0FF0D3F9D9E76421D4F8D4000EF0B5
:10C4AC009DFA06460021A08D0FF0D4F901E0236B14
:10C4BC0023B9D4F8C4000EF0ABFA91E70021A08D9B
:10C4CC000FF0C8F9F5E70226F3E700002DE9F0417B
:10C4DC0086B0054688463B4B01AC0FCB84E80F0079
:10C4EC0095F82030019305AB04936421D5F8C40072
:10C4FC000EF074FA2969E8890FF094F96B6B002B34
:10C50C004CD1E8890FF06AF9E8890FF05BF9032147
:10C51C00E8890FF07BF9288B0FF06CF9288B0FF062
:10C52C0045F90221288B0FF071F9A96A688C0FF07C
:10C53C0079F96B6B002B37D1688C0FF05BF902210A
:10C54C00688C0FF063F9A88D0FF054F90021A88DB9
:10C55C000FF05CF91024002601AF3946D5F8DC0049
:10C56C000EF0B9FC059B06EB4306013CF5D1059694
:10C57C00D5F8D030F3B1D5F8CC30B34234BF002667
:10C58C0001267642C8F80060C5F8D060D5F8C40022
:10C59C000EF03EFA002006B0BDE8F0810022012129
:10C5AC00E8890FF07BF9ACE700220221688C0FF0D0
:10C5BC0075F9C1E7D5F8C830B34234BF002601265F
:10C5CC00DFE700BF588E03002DE9F04786B0044624
:10C5DC000F460A21FFF7FAFE05460EF053FB0646FE
:10C5EC00022D16D100233B600EF04CFB934A1368CE
:10C5FC0003EB430303EB4313801B914901FB003313
:10C60C009049A1FB03135B091360002006B0BDE841
:10C61C00F08705A92046FFF759FF0028F6D1059BA6
:10C62C00002BDFD000230093874B01AD0FCB85E8A7
:10C63C000F006421D4F8C4000EF0D0F9CDF810D05E
:10C64C002169E0890FF0EEF8636B002B40F0DE807F
:10C65C00E0890FF0C3F8E0890FF0A8F80221E08917
:10C66C000FF0D4F8A16A608C0FF0DCF8636B002B30
:10C67C0040F0D280208B0FF0B1F8208B0FF0A2F895
:10C68C000221208B0FF0C2F8A08D0FF0B3F802211D
:10C69C00A08D0FF0BBF801200EF02AF994F8203091
:10C6AC0001936A4D05F1400A4FF000080DF10409A1
:10C6BC004946D4F8DC000EF00EFC009B08EB430856
:10C6CC0045F8043F5545F3D1C7F80480D4F8C400AD
:10C6DC000EF09EF90023009301AD5D4B0FCB85E866
:10C6EC000F00CDF810D06421D4F8C4000EF076F908
:10C6FC006169E0890FF096F8636B002B40F0928033
:10C70C00616A608C0FF08EF8636B002B40F09080A8
:10C71C00A08D0FF063F8A08D0FF048F80221A08DCA
:10C72C000FF074F8208B0FF065F80221208B0FF0BE
:10C73C006DF8608C0FF052F8608C0FF043F802210A
:10C74C00608C0FF063F801200EF0D2F8237B01937C
:10C75C00404D05F1400A4FF000080DF1040949461F
:10C76C00D4F8D8000EF0B7FB009B08EB430845F853
:10C77C00043FAA45F3D1C7F80880D4F8C4000EF0E2
:10C78C0047F905A92046FFF7A1FE00287FF43EAF2C
:10C79C00059B002B3FF426AF05200EF0A9F805A948
:10C7AC002046FFF793FE00287FF430AF059B002B4B
:10C7BC003FF418AF7A68BB6801213960A16B00297E
:10C7CC007FF412AFD4F8A01000293FF40DAFD4F8C9
:10C7DC00A410521AD4F8AC1001FB02F2D4F8B01029
:10C7EC0092FBF1F2D4F8A81011447960D4F8B4207B
:10C7FC009B1AD4F8BC2002FB03F3D4F8C02093FBA3
:10C80C00F2F3D4F8B8201344BB60EDE6002201210A
:10C81C00E0890FF043F81BE700220221608C0FF037
:10C82C003DF827E700220221E0890FF037F867E78F
:10C83C0000220121608C0FF031F869E744D812A076
:10C84C0040420F001F85EB51588E030084D812A074
:10C85C00688E030044D812A070B504460D4600F152
:10C86C00080C8E46BEE80F00ACE80F00BEE80F00C7
:10C87C00ACE80F009EE80F008CE80F0004F1D80123
:10C88C0028680EF013FB064608B1304670BD04F163
:10C89C00DC0168690EF00AFB06460028F5D1224639
:10C8AC000249A08D0EF0ECFFEFE700BF9FC3000024
:10C8BC0010B582B00C4601AB002204490EF0ACFC62
:10C8CC0021460198FFF7C8FF02B010BD288E030067
:10C8DC0070B50446B0F81E51402D28BF40250069A4
:10C8EC0003685E6B2B46D4F818218021B047B4F84E
:10C8FC001E315B1BA4F81E31D4F818312B44C4F83C
:10C90C00183170BD38B51C461D6891F801C0BCF1DA
:10C91C00090F45D8DFE80CF0050D441244172244EA
:10C92C00313B00232B706B70022313804FF0FF30D0
:10C93C0037E0002313804FF0FF3032E000231380E8
:10C94C004FF0FF302DE04FF0FF33C0F820314A8814
:10C95C0002F07F0280F82421184622E00069498801
:10C96C0003681D6D1346CAB2090AA84708B900200E
:10C97C0017E020604FF0FF3013E0012313800069B3
:10C98C0003689B6A984728704FF0FF3009E00069F4
:10C99C00498803685B6AC9B298474FF0FF3000E0E2
:10C9AC00002038BD38B504460D464FF0FF314068C5
:10C9BC000EF014F8206903685B6D2946984760688F
:10C9CC000EF026F838BD70B504460D46C0680EF062
:10C9DC0005F8064608B1304670BD2946A0680DF032
:10C9EC00FDFF064618B920690368DB6C9847E068C0
:10C9FC000EF00EF8EFE7000038B505460C464FF088
:10CA0C00FF3140680DF0EAFF032C1DD804EB440302
:10CA1C0005EB83031B6ACBB10E4A93420FD08CB14A
:10CA2C00002304EB440205EB8202136200235362E1
:10CA3C0093621C4668680DF0EBFF204638BD3CB194
:10CA4C000023EEE7034BECE70824F3E70924F1E7B6
:10CA5C000924EFE711C90000F8B505460C46174646
:10CA6C001E464FF0FF3140680DF0B8FF032C15D86F
:10CA7C0004EB440105EB81010B6A2BB10B4A934289
:10CA8C0001D00A240BE07CB904EB440305EB8303CF
:10CA9C00069A1A625F629E62002400E008246868AD
:10CAAC000DF0B6FF2046F8BD0A24F8E711C90000C6
:10CABC002DE9F04104460D4600F1500601F07F07C8
:10CACC0006EBC7084FF0FF3140680DF087FF15F0FB
:10CADC00800F0BD1D8F804308BB10025C8F8045066
:10CAEC0060680DF095FF2846BDE8F08156F83730A8
:10CAFC001BB1002546F83750F2E70925F0E7092568
:10CB0C00EEE72DE9F84304460D46164600F15007B2
:10CB1C0001F07F0807EBC8094FF0FF3140680DF0BA
:10CB2C005DFF15F0800F09D1D9F804307BB10A25CF
:10CB3C0060680DF06DFF2846BDE8F88357F8383073
:10CB4C000BB10A25F4E747F838600025F0E7C9F87F
:10CB5C0004600025ECE770B504460D4616464FF010
:10CB6C00FF3140680DF03AFF206903689B6C324638
:10CB7C002946984760680DF04BFF70BD38B50446E8
:10CB8C000D464FF0FF3140680DF028FF2069036817
:10CB9C005B6C2946984760680DF03AFF38BD38B594
:10CBAC0004460D464FF0FF3140680DF017FF206929
:10CBBC0003681B6C2946984760680DF029FF38BD47
:10CBCC0038B504460D464FF0FF3140680DF006FFB6
:10CBDC0020690368DB6B29469847054660680DF0B1
:10CBEC0017FF284638BD70B504460D4616464FF063
:10CBFC00FF3140680DF0F2FE206903689B6B3246F2
:10CC0C002946984760680DF003FF70BD2DE9F0418F
:10CC1C0004460D4616461F464FF0FF3140680DF096
:10CC2C00DDFE20690368D3F834803B463246294642
:10CC3C00C047054660680DF0EBFE2846BDE8F08164
:10CC4C002DE9F04104460D4616461F464FF0FF31C4
:10CC5C0040680DF0C3FE20690368D3F830803B4672
:10CC6C0032462946C047054660680DF0D1FE28467D
:10CC7C00BDE8F08170B504460D4616464FF0FF3105
:10CC8C0040680DF0ABFE20690368DB6A324629462A
:10CC9C00984760680DF0BCFE70BD38B504460D4673
:10CCAC004FF0FF3140680DF099FE4FF0FF33C4F8A0
:10CCBC00203184F8245160680DF0AAFE38BD10B5FF
:10CCCC0004464FF0FF3140680DF088FE2069036880
:10CCDC00DB69984760680DF09BFE10BD10B50446EB
:10CCEC004FF0FF3140680DF079FE206903689B69B5
:10CCFC00984760680DF08CFE10BD10B504464FF0DF
:10CD0C00FF3140680DF06AFE206903685B69984743
:10CD1C0060680DF07DFE10BD30B583B004460D4645
:10CD2C004FF0FF3140680DF059FE009504F11403EB
:10CD3C000193206903681B696946984760680DF088
:10CD4C0067FE002003B030BD38B5044600230361F4
:10CD5C0004300DF0DBFD054608B1284638BD04F162
:10CD6C000C000DF0D3FD05460028F6D104F10800A7
:10CD7C000DF0CCFD05460028EFD1B822002104F1BE
:10CD8C00180011F02EFC04F1D0036362074B2362F0
:10CD9C00A462074BE361074B236563656461002361
:10CDAC00C4F8203184F82431D7E700BF11C9000042
:10CDBC00C5CD0000CFCD000008B580680DF043FE56
:10CDCC0008BDF8B50446002940F0A980154612F0BC
:10CDDC00040F4DD0006904F5887603681F6B082397
:10CDEC003246B84794F8103103F01F0303EB4303AA
:10CDFC0004EB83035B6AC4F81831B4F81631A4F859
:10CE0C001E31A4F81C3194F91031002B06DB20697B
:10CE1C0003685F6B00231A468021B84794F81031E1
:10CE2C0003F01F03032B1BD803EB430204EB82021A
:10CE3C00176AAFB1104604F58C7304F58E72314647
:10CE4C00806AB84760B1B4F81C31B4F8162193422B
:10CE5C0028BF1346A4F81E312046FFF739FD60E0C9
:10CE6C00206903689B6B4FF0FF322946984758E0C6
:10CE7C00B0F81E31002B4AD000690268166BD4F84A
:10CE8C0018210021B047002831DBD4F818310344B5
:10CE9C00C4F81831B4F81E311B1A9BB2A4F81E3119
:10CEAC00002B3ED194F8103103F01F0303EB430227
:10CEBC0004EB8202526AC4F81821032B1FD803EB2F
:10CECC00430204EB8202166ACEB1104604F58C7351
:10CEDC0004F58E7204F58871806AB04778B1B4F8A5
:10CEEC001C31A4F81E312046FFF7F2FC19E0206932
:10CEFC0003689B6B4FF0FF322946984711E020697D
:10CF0C0003689B6B4FF0FF322946984709E0006994
:10CF1C0003681C6B00231A461946A04701E08029C0
:10CF2C0000D0F8BD90F91031002B0DDBD0F820317A
:10CF3C00002BF6D00023C0F82031006903681B6A6F
:10CF4C0094F824119847ECE7FFF7C2FCE9E70000DE
:10CF5C0010B582B00C4601AB002205490EF05CF90D
:10CF6C000199103120460DF07BFF02B010BD00BFBF
:10CF7C00788E0300C06900B9704708B50DF063FDE9
:10CF8C0008BD806900B9704708B50DF05CFD08BD9F
:10CF9C00806900B9704708B50DF055FD08BDC06932
:10CFAC0008B90D20704708B50DF018FD08BD2DE926
:10CFBC00F04F85B00F464D682B685B692846984743
:10CFCC002B689B69284698473B693BB94FF4FA7428
:10CFDC0020460DF08DFC3B69002BF9D04FF0000A78
:10CFEC004FF0FF384FF00509012646E02B685B69CE
:10CFFC00284698472B689B69284698473DE02B6844
:10D00C005B69284698472B689B692846984734E00B
:10D01C002B681B6B0121284698474FF0FF31F868AD
:10D02C000DF0DCFC3C69FCB14FF0010B2B68DB69AB
:10D03C0028469847A3681B6859466068984770B1A2
:10D04C002468002CF2D1F8680DF0E2FC2B685B69C7
:10D05C00284698472B689B69284698470DE04FF067
:10D06C00FF33236101232373F8680DF0D1FC4FF0DB
:10D07C00FF3A02E0BAF1000F61D14146B8690DF0F8
:10D08C00ADFC002840F08C804C4630460DF030FC56
:10D09C002B689B6A28469847013C14F0FF04F4D196
:10D0AC000128E7D1BAF1000FE7D12B689B6928461C
:10D0BC009847032430460DF01BFC2B689B6A2846CE
:10D0CC009847013C14F0FF04F4D101288ED12B6851
:10D0DC00DB69284698472B681B6A802128469847AD
:10D0EC0004462B689B6D28469847014687F820001C
:10D0FC002B68DB6D284698472B6841F288320292E8
:10D10C00082201920094D3F840B000230122194662
:10D11C002846D84700287FF472AF2B68DB6AE27987
:10D12C0000212846984700283FF472AF2B685B69B2
:10D13C00284698472B689B69284698479DE74FF0EF
:10D14C00FF31F8680DF04AFC3C691CB32369B3F15C
:10D15C00FF3F08D02468002CF8D1F8680DF058FC7B
:10D16C004FF0000A89E7A3685B68217B60689847E9
:10D17C004FF0000AC4F810A084F80CA0F8680DF069
:10D18C0047FC2B685B69284698472B689B692846A7
:10D19C00984772E7F8680DF03BFC4FF0000A6CE71B
:10D1AC00002005B0BDE8F08F2DE9F04186B00446B3
:10D1BC000D4616461F464FF0FF3180680DF00EFCF1
:10D1CC0060680368109A04920F9A0392BDF8382095
:10D1DC000292BDF834200192BDF830200092D3F8B1
:10D1EC0060803B4632462946C0470546A0680DF094
:10D1FC000FFC284606B0BDE8F0812DE9F04182B065
:10D20C0004460D4616461F464FF0FF3180680DF060
:10D21C00E5FB60680368099A0192089A0092D3F8BA
:10D22C0054803B4632462946C0470546A0680DF05F
:10D23C00EFFB284602B0BDE8F0812DE9F04182B049
:10D24C0004460D4616461F464FF0FF3180680DF020
:10D25C00C5FB60680368099A0192089A0092D3F89A
:10D26C0050803B4632462946C0470546A0680DF023
:10D27C00CFFB284602B0BDE8F0812DE9F04182B029
:10D28C0004460D4616461F464FF0FF3180680DF0E0
:10D29C00A5FB60680368099A0192089A0092D3F87A
:10D2AC004C803B4632462946C0470546A0680DF0E7
:10D2BC00AFFB284602B0BDE8F0812DE9F04182B009
:10D2CC0004460D4616461F464FF0FF3180680DF0A0
:10D2DC0085FB60680368099A0192089A0092D3F85A
:10D2EC0048803B4632462946C0470546A0680DF0AB
:10D2FC008FFB284602B0BDE8F0812DE9F04182B0E9
:10D30C0004460D4616461F464FF0FF3180680DF05F
:10D31C0065FB60680368099A0192089A0092D3F839
:10D32C0044803B4632462946C0470546A0680DF06E
:10D33C006FFB284602B0BDE8F0812DE9F04184B0C6
:10D34C0004460D4616461F464FF0FF3180680DF01F
:10D35C0045FB606803680C9A02920B9A01920A9A38
:10D36C000092D3F840803B4632462946C0470546DA
:10D37C00A0680DF04DFB284604B0BDE8F0812DE906
:10D38C00F04186B004460D4616461F464FF0FF315D
:10D39C0080680DF023FB60680368109A04920F9A62
:10D3AC000392BDF838200292BDF834200192BDF8EA
:10D3BC0030200092D3F83C803B4632462946C04789
:10D3CC000546A0680DF024FB284606B0BDE8F081A8
:10D3DC0070B504460D4616464FF0FF3180680DF0CF
:10D3EC00FDFA606803689B6B3246294698470546F0
:10D3FC00A0680DF00DFB284670BD2DE9F0410446E8
:10D40C000D4616461F464FF0FF3180680DF0E6FAC8
:10D41C0060680368D3F834803B4632462946C047DF
:10D42C000546A0680DF0F4FA2846BDE8F08138B541
:10D43C0004460D464FF0FF3180680DF0CFFA60685E
:10D44C0003681B6B294698470546A0680DF0E0FA67
:10D45C00284638BD70B504460D4616464FF0FF31D0
:10D46C0080680DF0BBFA60680368DB6A32462946B7
:10D47C0098470546A0680DF0CBFA284670BD38B524
:10D48C0004464FF0FF3180680DF0A8FA606803681D
:10D49C009B6A98470546A0680DF0BAFA284638BD35
:10D4AC0038B504460D464FF0FF3180680DF096FA02
:10D4BC00606803681B6A294698470546A0680DF00A
:10D4CC00A7FA284638BD10B504464FF0FF318068E6
:10D4DC000DF084FA606803689B699847A0680DF0AA
:10D4EC0097FA10BD38B504464FF0FF3180680DF047
:10D4FC0075FA606803685B6998470546A0680DF08B
:10D50C0087FA284638BD38B505460C464FF0FF3132
:10D51C00C0680DF063FA2869A8B1002200E0184633
:10D52C004368A34207D003680246002BF7D10AE0F8
:10D53C0003682B6103E0002AFAD003681360002310
:10D54C0003600EF05DFFE8680DF062FA002038BD54
:10D55C00F8B504460E46174614200EF049FF78B174
:10D56C000546876046604FF0FF31E0680DF036FAF3
:10D57C0023692B602561E0680DF04AFA0020F8BDA4
:10D58C000420FCE710B504460023036118300DF0AD
:10D59C00BDF9034608B1184610BD0021A0690DF075
:10D5AC001DFA04F11C000DF0B1F903460028F2D16C
:10D5BC000021E0690DF012FA04F10C000DF0A6F94F
:10D5CC0003460028E7D104F108000DF09FF903464B
:10D5DC00E1E7000010B582B00446084661600B68B4
:10D5EC001B69084A2146984704F11403019303234D
:10D5FC00009323464FF40072034904480DF092FB4C
:10D60C0002B010BD2C8F0300C0180200BBCF00006D
:10D61C0010B582B00C466B46002206490DF0FCFD9D
:10D62C0001A920460DF01CFC01990098FFF7D2FFD0
:10D63C0002B010BDD48E030008B508300DF066F9A9
:10D64C0008BD38B504460D464FF0FF3180680DF02B
:10D65C00C5F9606803681B69294698470546A068A8
:10D66C000DF0D6F9284638BD38B504460D464FF0B6
:10D67C00FF3180680DF0B2F9606803685B69294678
:10D68C0098470546A0680DF0C3F9284638BD38B553
:10D69C0004464FF0FF3180680DF0A0F96068036814
:10D6AC009B6998470546A0680DF0B2F9284638BD2D
:10D6BC0010B504464FF0FF3180680DF08FF96068AB
:10D6CC000368DB699847A0680DF0A2F910BD38B566
:10D6DC0004464FF0FF3180680DF080F960680368F4
:10D6EC001B6A98470546A0680DF092F9284638BD8C
:10D6FC0038B504464FF0FF3180680DF06FF9606863
:10D70C0003685B6A98470546A0680DF081F92846C6
:10D71C0038BD38B504464FF0FF3180680DF05EF926
:10D72C00606803689B6A98470546A0680DF070F91D
:10D73C00284638BD38B504464FF0FF3180680DF0EF
:10D74C004DF960680368DB6A98470546A0680DF0E0
:10D75C005FF9284638BD000030B583B004460D464D
:10D76C004FF0FF3180680DF039F9E36833B10F25C4
:10D77C00A0680DF04DF9284603B030BD256104F1C9
:10D78C000C030193052300932346402202490348CE
:10D79C000DF0C8FA0546EBE7BC140200ADD700004B
:10D7AC0010B50C4620690DF0A3F82046FFF7B1FF29
:10D7BC00F8E7000010B582B00C4601AB0022084916
:10D7CC000DF02AFD694620460DF04AFB019B009A9C
:10D7DC005A600022DA6064221A6102B010BD00BFE8
:10D7EC003C8F030008B54FF0FF31054BD3F8B80060
:10D7FC000DF0F4F800200DF04BFC012008BD00BF2B
:10D80C00D0D812A0424BD3F8A830002B7ED110B543
:10D81C003F4BD3F8A430002B4ED13D4B1B692BB39F
:10D82C003B4BDB69002B6FD1394C636B6269D15A6E
:10D83C0001F5004102336363A06803689B69C1F37F
:10D84C0089119847D4F8B0300133C4F8B030626B0A
:10D85C00A3699A4258D34FF0FF32E2610022226151
:10D86C006263A26160680DF0EEF84DE0284B9B6A94
:10D87C00002B49D1264C636B226AD15A01F5004129
:10D88C0002336363A06803689B69C1F389119847ED
:10D89C00D4F8B0300133C4F8B030626B636A9A428A
:10D8AC0032D34FF0FF32A2622261002262636262C5
:10D8BC0060680DF0C8F827E0154A536B126B934261
:10D8CC0012D3134CA06803689B690021984700236E
:10D8DC00C4F89830E06803689B6A9847D4F8B8009D
:10D8EC0090B10DF0B0F80FE0094AD16A581C5063A2
:10D8FC009068C95C8900B2F8AC3003FB01F1036895
:10D90C009B69C1F30F219847002010BD0020704780
:10D91C00D0D812A0014BD3F898007047D0D812A0E1
:10D92C00184BD3F8BC300BB9392070472DE9F041B6
:10D93C0007460E46134C4FF0FF3120680DF04EF8A1
:10D94C00D4F8983013B10820BDE8F08125464FF08B
:10D95C00FF38C4F8A4800024C5F8A040C5F8A8403E
:10D96C006C63EF622E6320460DF0C0FBC5F8988007
:10D97C00E86803685B6A984728680DF049F8204608
:10D98C00E2E700BFD0D812A038B5284BD3F8BC3092
:10D99C000BB9392038BD254C4FF0FF3120680DF004
:10D9AC001DF8D4F89830ABB1E06803689B6A9847CF
:10D9BC00D4F8A4300BB1A26962631C4B0022C3F8EB
:10D9CC009820D3F8A0302BB1184BD3F89C30B3F17E
:10D9DC00FF3F18D0154BD3F89400F8B9134D002421
:10D9EC00C5F8A440C5F8A04028680DF011F82046F1
:10D9FC000DF04EFBE86803689B6A984728680DF0A9
:10DA0C0007F82046C6E7094C1546C4F89C20D4F804
:10DA1C0094000DF063FDC4F89450DFE70DF05EFD4B
:10DA2C00024B0022C3F89420D8E700BFD0D812A034
:10DA3C00F8B5284C04F12407274E00253FE04FF0A1
:10DA4C00FF3160680CF0CAFF04F1180332466169BB
:10DA5C00D4F894000DF06EFDE56160680CF0D8FF11
:10DA6C00A3698BB929E0D4F8A43033B3626B236B70
:10DA7C009A4220D201200CF03BFFD4F8A030002BAE
:10DA8C00F1D0E369002BDAD1A36A002BF2D04FF06E
:10DA9C00FF3160680CF0A2FF3B463246216AD4F895
:10DAAC0094000DF047FDA56260680CF0B1FF636A4D
:10DABC00002BDFD101E0FFF767FFC4F898504FF05F
:10DACC00FF31D4F8B4000CF089FFE06803685B6A9E
:10DADC009847D2E7D0D812A09809040070B582B04C
:10DAEC00544B1B681BB10024204602B070BD054688
:10DAFC00504B4FF0FF321A60C02200214E4810F0FC
:10DB0C0070FD4E480DF0CCFB002800F08C802846B0
:10DB1C000DF0C6FB002800F08880474C4FF4807352
:10DB2C00A4F8AC3020460CF0F1FE201D0CF0EEFEFB
:10DB3C0004F1B4000CF0EAFE04F1B8000CF0E6FEBF
:10DB4C004FF0FF31D4F8B4000CF048FF4FF0FF3128
:10DB5C00D4F8B8000CF042FF04F1080137480DF07E
:10DB6C007FF9002863D1B4F8AC10A06803689B69F6
:10DB7C004900984704460028B6D1314928460DF093
:10DB8C006FF908B13924AFE72B4BDC6823689D692A
:10DB9C00FBF798F92B4BA3FB0032002101914FF0BE
:10DBAC00FF330093520B2046A847044600289BD114
:10DBBC00214BD8680268D46A234A0021A047044646
:10DBCC00002891D11C4C0026C4F89860C4F8A460BD
:10DBDC00C4F8A060C4F894601C4D28460EF008FCF4
:10DBEC00606128460EF004FC2062194B019304235B
:10DBFC00009333464FF40072164917480DF092F813
:10DC0C0004460196022300933346C022134914485C
:10DC1C000DF088F8002C7FF467AF074B4FF0FF3204
:10DC2C00C3F8BC2060E739245EE739245CE739246B
:10DC3C005AE700BFC8D812A0D0D812A0D81502003D
:10DC4C00DCD812A03BC637BE11D8000098090400DE
:10DC5C00CCD812A0DC1802003DDA0000E818020053
:10DC6C00F1D700002DE9F04F83B00646052907D007
:10DC7C004C4900F003FC0024204603B0BDE8F08FB3
:10DC8C001446506800F0DAFB0090421E464B9A4254
:10DC9C0063D8A06800F0D2FB0546A0F57A72434B1E
:10DCAC009A4260D8E06800F0C9FB07462069FFF78C
:10DCBC0015FF024600285CD105FB07F73C4BA3FB84
:10DCCC0007394FEA991948460EF092FB019000284B
:10DCDC0059D0B7F57A7F33D300F1FF3800240FF217
:10DCEC00B40BDBE900AB20460FF0B9F806460F4643
:10DCFC0028460FF0B4F802460B46304639460FF072
:10DD0C000DFE26A3D3E900230FF052FD06460F4665
:10DD1C0000980FF0A4F832463B460FF049FD0FF087
:10DD2C0081FF52465B460FF043FD52465B460FF0B7
:10DD3C00FBFB0FF028F908F8010F0134A145D2D8EC
:10DD4C0049460198FFF7ECFD0125FFF7E3FD04467A
:10DD5C00A8B128460CF0CCFDF7E71649304600F088
:10DD6C00BFFB0E2488E71449304600F0B9FB0E24A3
:10DD7C0082E71249304600F0B3FB0E247CE7019891
:10DD8C000EF03EFB78E70E49304600F0A9FB00246C
:10DD9C0072E700BF0000000000C05F40182D445423
:10DDAC00FB2119409C1902009F860100B8820100DA
:10DDBC00D34D6210F41802001C190200581902000D
:10DDCC00701902002DE9F04F8FB00390052908D08F
:10DDDC009849039800F052FB002738460FB0BDE875
:10DDEC00F08F144653680793106900F027FB054623
:10DDFC000890E06800F022FB8046A06800F01EFB53
:10DE0C00049040460EF0F4FA0446059040460EF09D
:10DE1C00EFFA8346002C00F00381002800F0FA8012
:10DE2C00002D31D000239A465EE0079A8249039870
:10DE3C0000F056FB092719E007468049039800F0CB
:10DE4C004FFB13E0079A7E49039800F049FB092722
:10DE5C000CE004990131A1EB0B01C91BCDF800C0FA
:10DE6C000A447849039800F03BFB2A270D9868B9BF
:10DE7C0058460EF0C5FA059B002BAED018460EF096
:10DE8C00BFFAAAE7099FF1E70027EFE70DF026FBA1
:10DE9C0000230D93ECE70027EAE70BAB0022059972
:10DEAC000D980DF047FB034628B11F4666490398B1
:10DEBC0000F016FBDAE7BF1B6AE00D980DF00EFBC5
:10DECC0000230D930DAA012107980DF0CDFA00281F
:10DEDC00B8D152465D49039800F002FB0D980DF045
:10DEEC00FDFA089B9A45CDD054460AF1010A5246D8
:10DEFC005749039800F0F4FA00230D930DAA03215F
:10DF0C0007980DF0B1FA099000288ED1049B002BD4
:10DF1C00D3D0C4EBC409049D26464746A84528BF68
:10DF2C002F46002F6BD05A46002313F0010F12BF5F
:10DF3C001670310A117013F0040F14BF86EA09062B
:10DF4C00F618013301329F42EFD10CAB3A465946D9
:10DF5C000D980DF006FB00287FF46EAFED1BDCD1A5
:10DF6C000D980DF0BBFA00230D930DAA0121079813
:10DF7C000DF07AFA00287FF465AF524633490398C6
:10DF8C0000F0AEFAC4EBC409049F0BF1FF33069307
:10DF9C004646B84528BF3E46002E3FF47EAF5A4653
:10DFAC002B4613F0010F12BF1470210A117013F0DD
:10DFBC00040F14BF84EA0904E418013301329E42B1
:10DFCC00EFD10BAB324605990D980DF0B3FA034621
:10DFDC0000287FF46AAF059B581E0BF1FF31069B9E
:10DFEC0003EB060E10F8013F0A4611F801CF63450A
:10DFFC007FF42FAF7145F5D1BF1BC9D16EE70CABC8
:10E00C003A4659460D980DF0ACFA08B9ED1B84E769
:10E01C00074612E70F49039800F030FA00272AE769
:10E02C000C49039800F02AFABBF1000F7FF433AFD0
:10E03C000027D2E6B81A0200081A0200301A0200B1
:10E04C00481A0200881A0200701A0200FC1A020018
:10E05C00F8190200101B02002DE9F04389B00746A5
:10E06C002A4B029300238DF80C30022906D0284944
:10E07C0000F004FA002009B0BDE8F08353681B7867
:10E08C008DF80B3007A902A80DF056FD58B902AA5D
:10E09C002049384600F024FA01240DF110086426BA
:10E0AC00DFF874900EE002AA1C49384600F018FA0A
:10E0BC000920E0E722464946384600F011FA0134BF
:10E0CC00802C19D0E5B201960123009343463246C9
:10E0DC00294607980DF053FD0028EBD00228EED10D
:10E0EC00E2B20F49384600F0FBF907980DF031FD0C
:10E0FC007E2D04D80020BEE70135EDB2F5E70949C5
:10E10C00384600F0BBF90020B5E700BF4932433078
:10E11C00A41B02004C1B0200741B0200341B0200E7
:10E12C00881B0200500B02002DE9F047A6B0814677
:10E13C00404B039300238DF81030032972DD0F46FA
:10E14C00164653681B788DF80F3025A903A80DF0DF
:10E15C00F3FC00283DD1B06800F070F9824610F055
:10E16C00800F3DD106F1080405AD06F5FE760DF1E4
:10E17C001108B84454F8040F00F060F9FF2838D89F
:10E18C0005F8010B454501D0B442F3D15FFA8AFA88
:10E19C00534603AA2849484600F0A2F94FF47A7373
:10E1AC000193033FFFB2009705AB642251462598BB
:10E1BC000DF005FD024630B30C2829D002282CD0D6
:10E1CC001E49484600F08CF925980DF0C2FC002041
:10E1DC002CE003AA1A49484600F082F9092025E0F0
:10E1EC001849484600F07CF925980DF0B2FC0E2039
:10E1FC001CE002461449484600F072F925980DF0CF
:10E20C00A8FC0E2012E01149484600F037F9DBE774
:10E21C000F49484600F032F9D6E70E49484600F05F
:10E22C002DF9D1E70C4900F029F9002026B0BDE802
:10E23C00F08700BF49324330381C0200781C0200C2
:10E24C00341B0200D81B0200F81B0200500B02000A
:10E25C005C1C0200681C02008C1C02002DE9F047BB
:10E26C00A6B004464A4B039300238DF810300429C2
:10E27C0006D0484900F002F9002026B0BDE8F0872E
:10E28C00154653681B788DF80F3025A903A80DF09F
:10E29C0053FC60BBA86800F0D1F8074610F0800F63
:10E2AC002CD1E86800F0CAF8064680282FD8FFB2B7
:10E2BC0000903B4603AA3849204600F011F94FF470
:10E2CC007A730193F3B2009305AB64223946259817
:10E2DC000DF055FC0246002846D1C6B305AF00250B
:10E2EC00DFF8B890DFF8B880DFF8B8A01CE003AA1C
:10E2FC002D49204600F0F4F80920BEE72B492046B2
:10E30C0000F0EEF825980DF024FC0E20B5E78022E5
:10E31C002749204600F0E4F825980DF01AFC0E2051
:10E32C00ABE70135AE4212D017F8012B4946204617
:10E33C0000F0D6F8A8FB0523DB08C3EB0313EB1A9C
:10E34C00072BEED15146204600F0CAF8E9E71949EF
:10E35C00204600F0C5F81849204600F08FF82598A3
:10E36C000DF0F7FB002088E70C2806D0022809D016
:10E37C001249204600F0B4F8F1E71149204600F0AC
:10E38C007DF8ECE70F49204600F078F8E7E700BF8E
:10E39C0049324330381D0200041D02002C1D0200BE
:10E3AC0089888888341D0200341B0200D81B0200A7
:10E3BC00D41C0200AC150200500B0200781C0200A9
:10E3CC005C1C0200681C020070B50546022905D0D1
:10E3DC00174900F053F80024204670BD1446302035
:10E3EC000EF088FC60680EF08BFB024608B9012425
:10E3FC0008E004460F49284600F072F8ECE7204686
:10E40C000CF076FA0EF0E0FC0028F8D0012602E0C1
:10E41C0030460CF06DFA0EF0D7FC04460028F7D10C
:10E42C000EF022FC0449284600F05AF8D4E700BF4D
:10E43C00881D0200781D0200500B020000B583B04D
:10E44C00002301930378302B0AD0242B0BD10130FD
:10E45C0001AA08490FF0DFFF019803B05DF804FB37
:10E46C004378782B04D001AA03490FF0D4FFF3E7CB
:10E47C000230EDE7B81D0200DC0A02002DE9F04184
:10E48C0084B005460C4602AE0DF10F07DFF84C8048
:10E49C0013E04FF0FF3300933346022241462868C5
:10E4AC000DF0CAFF08E04FF0FF3300933346012212
:10E4BC00394628680DF0C0FF60B914F8013B8DF89F
:10E4CC000F3023B10A2BE4D00D2BF6D0EBE72868E4
:10E4DC000DF0DAFF04B0BDE8F08100BFBC1D0200F6
:10E4EC000EB430B5ADF5027D044685AA52F8041B76
:10E4FC00019202AD284610F03DF829462046FFF760
:10E50C00BDFF0DF5027DBDE8304003B07047000043
:10E51C002DE9F04FADB0834601A810F095F89DF8A9
:10E52C000440002C67D000273E4601ADB8464FF0A2
:10E53C00010AB9460CE085F8009008F10108B8F121
:10E54C00090F2FDC2B464F464E465D1C5C7834B3CE
:10E55C001EB1222CEFD02B46F7E720460FF05DFEC4
:10E56C00034650B185F80090B7B108F10108B8F135
:10E57C00090F17DC37462B46E7E7222C07BF6B1C2D
:10E58C0056461E462B46002FDFD12CAA02EB8802E2
:10E59C0042F8283C5746D8E73E462B46D5E718EBC1
:10E5AC0007082BD0229C207830B10FF0F3FD20709F
:10E5BC0014F8010F0028F8D1229DDBF820412068C7
:10E5CC0038B1294610F061F858B154F8080F0028FA
:10E5DC00F7D12A460B495846FFF782FF4FF0FF3020
:10E5EC0006E06368002BF4D022AA414658469847AF
:10E5FC002DB0BDE8F08F4FF0FF30F9E74FF0FF3052
:10E60C00F6E700BFC01D0200D1F81831002B40F016
:10E61C00AC802DE9F04387B00C46554EDFF85481A1
:10E62C00554F2AE00023C4F81031C4F80C313146A0
:10E63C002046FFF723FF24E041462046FFF71EFF4C
:10E64C00D4F820512A684AB1DFF830914946204667
:10E65C00FFF746FF55F8082F002AF7D1D4F80C31F4
:10E66C00234400221A7204F1080239462046FFF7AF
:10E67C0037FFD4F81831002B73D1D4F81031002B9C
:10E68C00D0D13223009304AB01220DF11701206885
:10E69C000DF0E6FE0228ECD09DF81750002DE8D0C6
:10E6AC003F2DC9D00D2D1CD00A2D1AD0082D27D0E6
:10E6BC00D4F80C317F2BDCD88DF80C504FF00009BE
:10E6CC008DF80D9003A92046FFF7D8FED4F80C2145
:10E6DC00531CC4F80C3122441572234483F808905F
:10E6EC00C7E727492046FFF7C9FED4F80C31C3B958
:10E6FC0094F8893013BB4FF0FF33C4F81031B8E7EE
:10E70C00D4F80C31002BB4D01E492046FFF7B6FECE
:10E71C00D4F80C31013BC4F80C31234400221A729A
:10E72C00A7E704F108058122294604F189000FF0BE
:10E73C002FFF29462046FFF7EBFEDCE704F18909A1
:10E74C004A4611492046FFF7CBFE04F10805812209
:10E75C00494628460FF01CFF29462046FFF7D8FEF5
:10E76C00C9E7002007B0BDE8F0830020704700BF68
:10E77C00D81D0200DC1D0200EC1D0200E41D02008D
:10E78C00BC1D0200F41D0200F81D02002DE9F04131
:10E79C0082B0002841D00D4617461E4680464FF4E5
:10E7AC0092700DF025FE0446002838D0C0F8008089
:10E7BC00C0F820610023C0F80C314FF0FF32C0F8D4
:10E7CC00102180F88930C0F81431C0F81831C0F825
:10E7DC001C3100F58A700CF099F8064660B1D4F83B
:10E7EC001401B8B920460DF00BFE002405B12C60C5
:10E7FC00304602B0BDE8F081231D01930323009342
:10E80C0023463A46074908480CF08CFA064600287D
:10E81C00ECD0E4E70CF0C9F8E4E71826E8E70426A6
:10E82C00E6E700BF041E020015E6000008B5094B20
:10E83C001B6803B108BD4FF407600DF0DDFD064BFE
:10E84C001860064B00221A605A60024B4FF0FF32E0
:10E85C001A60EFE790D912A094D912A098D912A0FF
:10E86C0030B583B00446FFF7E1FF174B53F8245043
:10E87C0025B32B685B6901A92846984700BB019B0F
:10E88C0013F0030F0CD0114B1B684FF4876202FB83
:10E89C0004F400221A552B685B6901A92846984795
:10E8AC00019B03F0010013F0020F18BF40F00200AF
:10E8BC0013F0040F05D040F0040002E0012000E04A
:10E8CC00012003B030BD00BF98D912A094D912A07A
:10E8DC0030B583B004460D46FFF7A8FF012C1FD8B6
:10E8EC00104B53F8243013B10A2003B030BD0D4B3C
:10E8FC0043F8245004F130038DF804303A238DF89A
:10E90C00053000258DF80650074B1B68012201A924
:10E91C004FF4876000FB043001F01CF92846E4E753
:10E92C000620E2E798D912A094D912A010B504469B
:10E93C00FFF77CFF084B53F8240050B103681B69A8
:10E94C000021984708B1012010BD2046FFF788FF31
:10E95C00FAE70120F8E700BF98D912A02DE9F84F8B
:10E96C001D463C4B53F82080B8F1000F5ED00C468E
:10E97C00174611F0030F2CD17F2D1AD97F264FF09B
:10E98C000009D8F80030D3F818A02346324639468F
:10E99C004046D047022853D00C2853D0002853D1DE
:10E9AC007F3D7F3704F57E4448460BF0A1FF7F2D59
:10E9BC00E7D8D8F800309E6923462A4639464046A7
:10E9CC00B047022842D00C2842D0051E18BF0125A2
:10E9DC002DE04FF4876303FB00F000F237201E4B51
:10E9EC001B6803EB000929F003092E462F444FF056
:10E9FC00010A4FF4007BB91BB6B1D8F800309D6901
:10EA0C004B4652464046A8470546022812D00C28D1
:10EA1C0012D098B95A46494620460FF0B9FD04F574
:10EA2C000074013EE7D102E0042500E004252846ED
:10EA3C00BDE8F88F0325FAE70325F8E70125F6E78B
:10EA4C000325F4E70325F2E70125F0E70325EEE7BC
:10EA5C000325ECE798D912A094D912A02DE9F84F10
:10EA6C000D4611461A46274B53F82060002E3CD019
:10EA7C0015F0030F2BD04FF4876303FB00F000F26B
:10EA8C003720214B1F68074427F00307144601EB7E
:10EA9C0002084FF4007BA8EB0409B4B15A4629468E
:10EAAC0038460FF075FD3368D3F81CA03B460122A5
:10EABC0049463046D047022819D00C2819D0D0B975
:10EACC0005F50075013CE6D10DE004200BE0336840
:10EADC00DC692B463046A04702280ED00C280ED0FD
:10EAEC00003818BF0120BDE8F88F0420FBE7032095
:10EAFC00F9E70320F7E70120F5E70320F3E703200C
:10EB0C00F1E700BF98D912A094D912A030B585B006
:10EB1C0003460C461A4951F8200070B3154624B927
:10EB2C00022B04D8204605B030BD042C10D003684D
:10EB3C005B6A01A99847022819D00C2819D0D0B9C2
:10EB4C00012C08D0022C0AD0032C0CD00424E9E7A9
:10EB5C00022BE7D9EBE7019B2B600446E2E7029B13
:10EB6C002B800446DEE7039B2B600446DAE7032484
:10EB7C00D8E70324D6E70424D4E70420D3E700BF66
:10EB8C0098D912A008B50B4B53F8200058B1036864
:10EB9C005B6A9847022808D00C2808D0003818BFA8
:10EBAC000120800008BD0420FCE70320FAE70320C5
:10EBBC00F8E700BF98D912A0C378827842EA032202
:10EBCC00437843EA0223007840EA0320704701703F
:10EBDC000B0A43700B0C8370090EC170704702391D
:10EBEC008369023B8B4283BF4389C06A01FB0300EC
:10EBFC0000207047826A131D490A00684089B1FBE6
:10EC0C00F0F1506848B1814205D3091A53F8080F46
:10EC1C000028F8D1704758680844704701460068CE
:10EC2C0000B3024612F8013B202B1ED93A2BF9D126
:10EC3C000378A3F1300C5FFA8CFCBCF1090F02D9FC
:10EC4C004FF0FF3070470230824202D04FF0FF305D
:10EC5C007047A3F13000012802DD4FF0FF30704700
:10EC6C000A6070474FF0FF307047014B18787047BF
:10EC7C00A0D912A038B50D46044698B103689BB1D3
:10EC8C001A78A2B18188DA88914203D00920002435
:10EC9C002C6038BD5878FFF7E3FD10F0010009D166
:10ECAC002468F5E70920F3E71C460920F0E7092062
:10ECBC000024EDE709200024EAE770B505790DB9C9
:10ECCC00284670BD044600F134060123026B314620
:10ECDC004078FFF7C3FE054688B900232371216BEA
:10ECEC00E269636ACB1A9342EAD2E378022BE7D14A
:10ECFC0001230A4431466078FFF7B0FEE0E70125B6
:10ED0C00DEE738B5036B8B4201D1002038BD0446D9
:10ED1C000D46FFF7D2FF0028F8D101232A4604F153
:10ED2C0034016078FFF71AFE10B101204FF0FF3567
:10ED3C002563EBE72DE9F04105460C46FFF7BDFFD7
:10ED4C0010B10120BDE8F08121462846FFF747FFAE
:10ED5C000646286305F134074FF40072002138464B
:10ED6C000FF03FFC6B8900246BB100244FF00108BD
:10ED7C004346321939466878FFF770FE18B90134EA
:10ED8C006B89A342F4D86889001B18BF0120D9E70E
:10ED9C0038B50446FFF791FF50B92378032B08D000
:10EDAC00002211466078FFF7B1FE003818BF012031
:10EDBC0038BD6379012BF3D104F134054FF40072A3
:10EDCC00002128460FF00DFC552384F83232AA237B
:10EDDC0084F833320E492846FFF7F9FE0D4904F545
:10EDEC000670FFF7F4FE216904F50770FFF7EFFEDC
:10EDFC00E16804F50870FFF7EAFE226A013222632B
:10EE0C00012329466078FFF729FE00236371C7E7C9
:10EE1C0052526141727241612DE9F047012940F271
:10EE2C00828006460C46154683698B427FD903784F
:10EE3C00022B49D0032B5BD0012B7AD101EB51086B
:10EE4C00416A01EB5821FFF75CFF074600286BD1A4
:10EE5C0006F1340908F1010AC8F3080814F0010F8F
:10EE6C001AD019F8083003F00F0343EA051309F818
:10EE7C00083001233371716A01EB5A213046FFF7D8
:10EE8C0040FF002857D1CAF308014944C5F30713C2
:10EE9C000B700123337147E009F8085001233371DB
:10EEAC00716A01EB5A213046FFF72BFF002844D141
:10EEBC00CAF3080A09EB0A0119F80A3023F00F0308
:10EECC00C5F303221343E3E7416A01EB1421FFF777
:10EEDC0018FF074640BB06F13403640004F4FF74CA
:10EEEC0019191D55C5F307224A70012333711BE014
:10EEFC00416A01EBD411FFF704FF0746A0B925F0D6
:10EF0C00704506F13403A40004F4FE741C4420463E
:10EF1C00FFF752FE00F0704129432046FFF757FEE1
:10EF2C000123337100E002273846BDE8F087022741
:10EF3C00FAE70227F8E70746F6E70746F4E78A768A
:10EF4C00C2F30723CB760378032B00D07047120C47
:10EF5C000A75120A4A75F9E7012956D9F8B50C4613
:10EF6C000568AB698B4252D92B78022B2AD0032B24
:10EF7C0039D0012B4DD101EB5106696A01EB5621B9
:10EF8C002846FFF7BEFE10B14FF0FF3040E0771C73
:10EF9C00C6F308062E4496F83460696A01EB5721D3
:10EFAC002846FFF7AEFEB0BBC7F308072F4497F80F
:10EFBC00343046EA032014F0010F14BF0009C0F3EB
:10EFCC000B0025E0696A01EB14212846FFF799FE36
:10EFDC0020BB3435640004F4FF742B195B78285D76
:10EFEC0040EA032014E0696A01EBD4112846FFF7CC
:10EFFC0088FEB0B905F13400A40004F4FE7420447A
:10F00C00FFF7DAFD20F0704002E00120704701208C
:10F01C00F8BD0120FCE74FF0FF30F9E74FF0FF306F
:10F02C00F6E74FF0FF30F3E7B1F5001F45D22DE9BD
:10F03C00F04106460D4611F01F0F40D1D0F800806C
:10F04C00016184683CB998F80030022B1FD9D8F8BC
:10F05C002830E3B11C46B8F80A305F02B5EB432FF9
:10F06C0010D321463046FFF777FF0446B0F1FF3F3F
:10F07C0029D0012829D9D8F81830834227D9ED1B7B
:10F08C00AF42EED921464046FFF7A9FD06E0B8F89D
:10F09C000830B3EB551F14D9D8F82800B06174614F
:10F0AC00B8B100EB5520B06108F13408C5F3080184
:10F0BC004144F1610020BDE8F0810220704702203C
:10F0CC00F9E70220F7E70120F5E70220F3E7022039
:10F0DC00F1E70220EFE72DE9F041054606680F46FF
:10F0EC0059B9F468002C76D0B369A34298BF0124B7
:10F0FC003369002B66D0A0464EE0FFF72DFF034688
:10F10C00012862D9B0F1FF3F5CD0B269824259D874
:10F11C003369002B56D07C1CA24298BF0224214696
:10F12C002846FFF719FF034601284BD0B0F1FF3FEB
:10F13C0048D038B1F468012C4FD9B369A34298BFB9
:10F14C003C46D8E7BCB14FF0FF3221463046FFF7C2
:10F15C0063FE034688BB47BBF4603269B369023B6C
:10F16C009A429CBF02F1FF323261737943F0010382
:10F17C007371234626E0B8463C460DE021462846EE
:10F18C00FFF7EAFE03460028DDD001281AD0B0F1C3
:10F19C00FF3F17D044451CD00134B369A342EDD8CE
:10F1AC00B8F1010F13D90224E8E72246394630465C
:10F1BC00FFF732FE03460028CED0012B14BF0123EB
:10F1CC004FF0FF331846BDE8F0810123FAE7002326
:10F1DC00F8E70023F6E701248AE73C468BE72DE9A4
:10F1EC00F0410C460568012931D906461146AB6938
:10F1FC00A3422FD90AB900270AE04FF0FF32284664
:10F20C00FFF70AFE84460028F5D025E0A24223D958
:10F21C00A04621463046FFF79FFE0446F8B1012870
:10F22C0020D0B0F1FF3F20D03A4641462846FFF7A8
:10F23C00F3FD844680B92B69AA69911E8B42E5D2F5
:10F24C0001332B616B7943F001036B71DEE74FF0F7
:10F25C00020C01E04FF0020C6046BDE8F0814FF06B
:10F26C00000CF9E74FF0020CF6E74FF0010CF3E756
:10F27C002DE9F843044605692035B5F5001F03D385
:10F28C0000238361042014E088468369002B45D059
:10F29C000668C5F308073FB901338361416971B949
:10F2AC003389B3EB551F06D9256134363E44E661EC
:10F2BC000020BDE8F883002383610420F9E77389FB
:10F2CC00013B13EA5523EFD1FFF746FE8146012897
:10F2DC0026D9B0F1FF3F25D0B369834212D8B8F1DB
:10F2EC00000F17D061692046FFF7F5FE8146D8B1B3
:10F2FC0001281BD0B0F1FF3F1AD001463046FFF772
:10F30C0019FDB8B9C4F8149049463046FFF767FCAC
:10F31C00A061C9E70023A3610420CAE70420C8E761
:10F32C000220C6E70120C4E70720C2E70220C0E79D
:10F33C000120BEE70120BCE770B504460668002139
:10F34C00FFF772FE054688B9A1693046FFF7D9FC74
:10F35C00054658B9E3691B78E52B0CD05BB101214C
:10F36C002046FFF785FF05460028EDD0042D1BD065
:10F37C000DB1284670BDA1693046FFF7C2FC0546A9
:10F38C000028F6D120220021E0690FF02AF9E36968
:10F39C00216A626A19605A60218D94F82A201981B9
:10F3AC009A7201233371E4E70725E2E7F8B50446C6
:10F3BC000F4605684FF0040C002605E03146204648
:10F3CC00FFF756FF844610BBA169D1B12846FFF761
:10F3DC0098FC8446D8B9E3691A78B2B1DB7A03F0A9
:10F3EC003F03A371E52AE9D02E2AE7D00F2BE5D0F5
:10F3FC0023F02003082B14BF00230123BB42DDD1D3
:10F40C0007E0BCF1000F04D001E04FF0040C002326
:10F41C00A3616046F8BD000038B5044600230371B3
:10F42C004FF0FF330363FFF76CFC00286FD194F8A7
:10F43C00333294F8320240EA032594F83430EB2B43
:10F44C000AD01833DBB2012B06D94AF655239D425C
:10F45C0014BF0320022038BD4AF655239D420AD022
:10F46C0094F8402094F83F3043EA02235A1E1A4283
:10F47C0018D00320EFE708222A4904F186000EF089
:10F48C0040FF002845D094F8402094F83F3043EAE0
:10F49C0002235A1E1A4240D1B3F5007F3FD194F893
:10F4AC00413004E0B3F5007F35D194F84130002BA6
:10F4BC00CBD05A1E1A42C8D194F8432094F842304B
:10F4CC0053EA0223C1D094F84430013B012BBCD841
:10F4DC0094F8462094F8453053EA0223B5D094F8BA
:10F4EC00482094F8473043EA02237F2B06D804F1D6
:10F4FC005400FFF761FBB0F5803FA6D394F84B2086
:10F50C0094F84A3053EA02239FD00020A3E704204A
:10F51C00A1E700209FE703209DE702209BE7022044
:10F52C0099E700BF081E02002DE9F04F85B00E468A
:10F53C00154600230B60FFF771FB0028C0F22181F8
:10F54C00BD4B53F82040002C00F02081346005F0B6
:10F55C00FE0523786BB16078FFF782F910F0010F8C
:10F56C0007D1002D00F00E8110F0040518BF0A25FC
:10F57C0008E1002323706078FFF7D8F910F001063A
:10F58C0040F006811DB110F0040F40F00381002102
:10F59C002046FFF741FF022800F09E80042800F06F
:10F5AC00FB80012800F2FA8094F8402094F83F3058
:10F5BC0043EA02231BB2B3F5007F40F0F18094F8CC
:10F5CC004B2094F84A3053EA022704D104F1580036
:10F5DC00FFF7F2FA0746D4F83090E76194F84480CC
:10F5EC0084F8038008F1FF33DBB2012B00F2DA80E0
:10F5FC0094F841506581002D00F0D6806B1E2B4293
:10F60C0040F0D48094F8462094F8453043EA022325
:10F61C000FFA83FB9A46238113F00F0F40F0C8803A
:10F62C0094F8483094F8470050EA032003D104F1D1
:10F63C005400FFF7C1FA94F8432094F8423053EA8F
:10F64C00022300F0B78007FB08F803EB1A124244C0
:10F65C009042C0F0B180801AB0FBF5F1A842C0F026
:10F66C00AD807648814200F2AB804FF6F570814256
:10F67C0000F2B28040F6F570814200F2E98002316E
:10F68C004B44A161C4F8209063624A44E262BAF12F
:10F69C00000F00F09B8008EB030201EB410001F02E
:10F6AC00010303EB50030121A26203F2FF13B7EB3A
:10F6BC00532FC0F089804FF0FF332361E360802328
:10F6CC00637121705E4A138801339BB21380E3800F
:10F6DC0000236361354655E004F5FD776D4604F271
:10F6EC003A29E8463846FFF767FA48F8040B103712
:10F6FC00B945F7D104AF4FF0030808E02046FFF7F7
:10F70C008BFE01287FF650AFBD423FF447AF55F852
:10F71C00041B0029F2D14046F6E709F1010120460D
:10F72C00FFF7EFFA58BB0023637194F8332294F877
:10F73C00323243EA02231BB2424A934201D00321E4
:10F74C00BFE704F13400FFF737FA3F4B984201D082
:10F75C000321B6E704F50670FFF72EFA3B4B9842EF
:10F76C0001D00321ADE704F50770FFF725FA2061FE
:10F77C0004F50870FFF720FAE0600321A1E70321EC
:10F78C009FE70B25284605B0BDE8F08F0C25F9E75F
:10F79C000325F7E70A25F5E70125F3E70D25F1E742
:10F7AC000D25EFE70D25EDE70D25EBE70D25E9E739
:10F7BC000D25E7E70D25E5E70D25E3E70D25E1E749
:10F7CC000D25DFE70D25DDE70D25DBE70D25D9E759
:10F7DC000D25D7E70D25D5E78D1CA561C4F8209024
:10F7EC004B4463624A44E26294F85F2094F85E30C2
:10F7FC0043EA02231FFA8BFB5BEA030BE8D104F10B
:10F80C006000FFF7D9F9A062AB0003F2FF13B7EB6E
:10F81C00532FD7D34FF0FF332361E3608023637101
:10F82C0094F8652094F8643043EA02231BB2012B50
:10F83C003FF473AF032144E7A4D912A0F5FFFF0FE7
:10F84C00A2D912A055AAFFFF5252614172724161B6
:10F85C0002314B44A161C4F8209063624A44E262D5
:10F86C00BAF1000FB6D003EB08024B0002211BE7E4
:10F87C0038B500234B728369002B37D005460C46F4
:10F88C004FF0000C62462E2006E004EB0C014B728C
:10F89C000CF1010C0B2A0FD0E9698B5C0132202B87
:10F8AC00F8D0052B08BFE523092AEED104EB0C0197
:10F8BC0048720CF1010CE8E7A44400238CF80930E1
:10F8CC00EB69DB7A03F03F032372E8691C30FFF726
:10F8DC0073F92060EB69DA7D9B7D43EA0223E380B8
:10F8EC00EB695A7E1B7E43EA0223A38038BD024695
:10F8FC00C87E8B7E43EA00201378032B00D0704720
:10F90C004A7D0B7D43EA022340EA0340F7E70000FF
:10F91C002DE9F04F85B004460E46026801920B7833
:10F92C002F2B03D05C2B01D0536908E033461E46C5
:10F93C0013F8012B2F2AFAD05C2AF8D00023A360ED
:10F94C0033781F2B04D904F120074FF0203BB5E08E
:10F95C00802384F82B3000212046FFF765FB82467C
:10F96C00DCE02E2384F8203073782E2B0AD12E2342
:10F97C0084F82130B3782E2B02D14FF0060ACDE05B
:10F98C00032200E002222F2B00F0CC805C2B00F035
:10F99C00C980202BF1D81644242384F82B302568F9
:10F9AC0000212046FFF740FB8246002840F0A6804D
:10F9BC004FF00B094FF0000853E0029C08F1FF33A5
:10F9CC003344194613F8012F2F2AFAD05C2AF8D0A9
:10F9DC00039BC3F101030B441E44B9F1000FCCD0BF
:10F9EC0094F82030E52B04BF052384F82030202D1B
:10F9FC002ED93378202B8CBF002301239B00CCE71E
:10FA0C00294652480EF01AFD0028B6D1A5F1610323
:10FA1C00DBB2192B9CBF203DEDB207F8095009F160
:10FA2C00010908F1010814F8015F202D40F28B80C8
:10FA3C002F2DC2D05C2DC0D02E2D76D0CA459CD98E
:10FA4C0015F0800FDCD005F07F05414B5D5DD7E7ED
:10FA5C000423A2E741462046FFF70AFC8246002811
:10FA6C006ED1A1692846FFF74CF98246002867D170
:10FA7C00E0690378002B61D0C37A03F03F03A371D4
:10FA8C0090F80BA01AF0080AE4D14A4639460EF059
:10FA9C0038FC0028DED194F82B3013F0040F3DD144
:10FAAC00A37913F0100F26D0019800F134012369CB
:10FABC00C3F308031944FFF71AFFA060C7F800B09E
:10FACC00C7F804B0C7F807B035782E2D3FF449AF0E
:10FADC00202D7FF652AF03964FF000094FF0080A25
:10FAEC004FF0010802943446A2E713F0040F08BF4C
:10FAFC004FF0050A12E04FF0050A0FE094F82B3096
:10FB0C00BAF1040F0AD113F0200FEED013F0040F4A
:10FB1C00D4D0802384F82B304FF0000A504605B027
:10FB2C00BDE8F08F1644202337E7BAF10B0F3FF4F2
:10FB3C0024AF4FF008094FF00B0A72E74FF0040A9C
:10FB4C0094F82B30DCE7029C464449E7141E020073
:10FB5C00A08F030010B584B001900091144603915E
:10FB6C0003A8FFF75BF800281ADB0E4B53F8203084
:10FB7C0023B100220B4941F820201A70019B2BB1B4
:10FB8C00587000221A70074A42F8203014B92046E7
:10FB9C0004B010BD002201A96846FFF7C5FCF7E7C9
:10FBAC000B20F5E7A4D912A02DE9F0478EB00191F6
:10FBBC00002800F0D0801446054602F03F073A4674
:10FBCC0002A901A8FFF7B0FC064628B100232B6060
:10FBDC0030460EB0BDE8F087DDF80880CDF80C801B
:10FBEC00019903A8FFF794FE0346002840F0B88063
:10FBFC009DF93730002BC0F2B88014F01C0F00F0C8
:10FC0C00CB809DF8123013F0110F40F09E8014F051
:10FC1C00040F40F09C8014F0080F39D1D8F8303024
:10FC2C002B62DDF82890C5F8249049464046FFF732
:10FC3C005EFE0446A86009F11C00FEF7BDFF81467C
:10FC4C00E8600021A962C5F80080B8F80630AB80E6
:10FC5C002F746974E961696105F12C0A4FF4007223
:10FC6C0050460EF0BEFC17F0200FB1D0B9F1000FCA
:10FC7C00AED0C5F81490B8F80A707F0249E0042B96
:10FC8C0040F0888003A8FFF757FB47F0080738BB04
:10FC9C0001F089FA044601460A980E30FEF797FFE8
:10FCAC0021460A981630FEF792FFDDF82890494657
:10FCBC004046FFF71CFE0446202389F80B30002237
:10FCCC000A994046FFF73BF900210A981C30FEF7D1
:10FCDC007EFF012388F8043024B947F040079DE7E4
:10FCEC00064673E7D8F830900022214603A8FFF7A8
:10FCFC0076FA08B1064669E749464046FFF701F82F
:10FD0C00013CC8F80C400028E7D006465EE7A9EB9A
:10FD1C0007094F4530D221462846FFF71DF9044606
:10FD2C0001281AD9B0F1FF3FF1D1012616E000EB02
:10FD3C005922EA610123514698F80100FEF70EFEA4
:10FD4C0000283FF445AF012640E707263EE708268A
:10FD5C003CE704263AE709263AE70226AC6135E788
:10FD6C0014F01C0F8BD11E4630E714F01C0F08BF8B
:10FD7C000623F8D0062629E7AC61C9F30803002B4B
:10FD8C003FF426AF21464046FEF729FF0028CED18E
:10FD9C0002261BE71E4619E79DF8123013F0100FD0
:10FDAC00D7D114F0020F3FF439AF13F0010F3FF429
:10FDBC0035AF07260AE72DE9F04F87B004460F460A
:10FDCC00934698460023C8F8003005A9FEF752FF69
:10FDDC000646002840F0A980667C002E40F0A580E5
:10FDEC00237C13F0010900F0BF80E36862699B1A61
:10FDFC009B4528BF9B46BBF1000F00F0968004F199
:10FE0C002C030193CDF808900396BA4655E0A36AEB
:10FE1C001BB12046FEF7EEFE5FE0A1692046FFF71E
:10FE2C009BF85AE0022666747FE0DDF80890012307
:10FE3C0063744E4679E00226667476E094F91030CD
:10FE4C00002B01DB6D022CE0E069C01BA842F9D24B
:10FE5C004FF4007204F12C010AEB40200EF098FBD9
:10FE6C00F0E7E269BA420DD094F91030002B60DB58
:10FE7C0001233A4604F12C0199F80100FEF76EFDBE
:10FE8C00002869D1E7616169C1F30801C1F500750A
:10FE9C005D4528BF5D462A46019B194450460EF02D
:10FEAC0077FBD8F800302B44C8F80030AA446369BB
:10FEBC002B446361BBEB050B54D06169C1F30803A0
:10FECC00002BE0D1DDF81490B9F80A60013E16EA77
:10FEDC00512608D100299AD1A0680128A2D9B0F1E5
:10FEEC00FF3FA2D0A061A1694846FEF778FE074605
:10FEFC000028A0D03744BBF5007FB2D34FEA5B2576
:10FF0C00B9F80A3006EB5B229A4288BF9D1B2B4640
:10FF1C003A46514699F80100FEF720FD00288DD095
:10FF2C00DDF80890012363744E46304607B0BDE8F7
:10FF3C00F08F012304F12C0199F80100FEF78EFDDE
:10FF4C0020B9237C03F07F03237491E7DDF808903C
:10FF5C00012363744E46E8E7DDF8089001236374CF
:10FF6C004E46E2E7039EE0E70726DEE72DE9F04F79
:10FF7C0085B004460F46154698460023C8F8003055
:10FF8C0003A9FEF777FE824600284BD194F811A006
:10FF9C00BAF1000F46D1237C13F0020F00F0DB8086
:10FFAC006369EB4228BFDD43002D00F0CF8004F1E4
:10FFBC002C030193A2E0A36A002B37D02046FEF756
:10FFCC0019FE002800F0C280012834D0B0F1FF3FA8
:10FFDC0036D0A061A36803B9A06094F91030002B4F
:10FFEC0033DBA1695846FEF7FAFD814600283FD065
:04FFFC00B144B5F562
:020000021000EC
:10000000007F56D36B0A0093BBF80A3006EB5522EB
:100010009A4284BF9B1B0093009B4A4639469BF83B
:100020000100FEF721FD70B34FF0010A84F811A022
:10003000504605B0BDE8F08FA1692046FFF751F8A2
:10004000C5E74FF0020A84F811A0F1E74FF0010A6A
:1000500084F811A0ECE70123E26904F12C019BF87C
:100060000100FEF701FD20B9237C03F07F03237418
:10007000BDE74FF0010A84F811A0D9E74FF0020A5A
:1000800084F811A0D4E7E169A1EB0901009B994232
:1000900002D3009B5E0227E04FF4007207EB412180
:1000A00004F12C000EF07AFA237C03F07F03237412
:1000B000EFE7E3694B4503D06269E3689A423CD3BA
:1000C000C4F81C906069C0F30800C0F50076AE4229
:1000D00028BF2E4632463946019B18440EF05EFA80
:1000E000237C63F07F032374D8F800303344C8F8CE
:1000F00000303744636933446361E2689A4238BF31
:100100001A46E260AD1B27D06169C1F30803002BDA
:10011000D8D1DDF80CB0BBF80A60013E16EA5126D2
:100120007FF461AF00297FF44CAFA06800287FF412
:1001300051AF2046FEF7D5FF49E701234A4604F1B7
:100140002C019BF80100FEF70FFC0028B8D04FF0FF
:10015000010A84F811A06BE7237C43F04003237469
:1001600066E74FF0070A63E7012801D90D207047C1
:1001700008B5034B53F82000FEF7A5FD08BD00BFEE
:10018000A4D912A0F0B583B0044601A9FEF778FD0A
:1001900078B9237C13F040000BD013F0800F0AD104
:1001A00001F007F80546019E216A3046FEF7AFFDD3
:1001B00078B103B0F0BD0123E26904F12C0101988C
:1001C0004078FEF751FC28BB237C03F07F032374A7
:1001D000E6E7676AFB7A43F02003FB72A2683946C0
:1001E0002068FEF7B2FEE16807F11C00FEF7F5FC9F
:1001F000294607F11600FEF7F0FC0023BB74FB74E0
:10020000012333713046FEF7C9FD237C23F0400300
:100210002374CEE70120CCE710B582B00446FFF787
:10022000B1FF08B102B010BD01A92046FEF728FDBC
:100230000028F7D12060F5E72DE9F04F83B00446A0
:100240000E4601A9FEF71CFD054678B9657C6DB91F
:10025000A36A002B00F08780B6F1FF3F0AD0E36865
:100260009E4228BF1E466661002E3FD1284603B03D
:10027000BDE8F08F984658F804BBD4F80890B9F15F
:10028000000F27D04FF0020A4946002701370E46DB
:100290002046FEF767FE0146012815D9B0F1FF3F61
:1002A00015D001368642F1D00AF1020AD34505D3B2
:1002B000434643F8087BC8F804909846019B9B6925
:1002C0008B4209D98946DFE702256574CEE701250F
:1002D0006574CBE74FF0020AA36AC3F800A0DA45C1
:1002E00000F2F1800023C8F80030BFE706F1FF38C4
:1002F00041462046FEF784FC0146A061019F384636
:10030000FEF773FCD0B1C6F30806002EAED07E898E
:10031000013E06EA58260644E269B242A6D094F9A4
:100320001030002B0DDB0123324604F12C017878CC
:10033000FEF71AFB054698B9E66197E70225657452
:1003400094E7012304F12C017878FEF78DFB20B9A6
:10035000237C03F07F032374E5E70125657485E7BB
:100360000125657482E7E368B34205D2227C12F06E
:10037000020F40F0AA801E46636900226261002ECF
:100380003FF474AFDDF80490B9F80A804FEA4828CA
:1003900073B1013B721EB2FBF8F2B3FBF8F18A4273
:1003A00006D3C8F1000213406361F61AA76903E09F
:1003B000A768002F35D0A76187B1464554D8636937
:1003C00033446361C6F30803002B67D039464846BF
:1003D000FEF70BFC00285ED000EB56276369E2684D
:1003E000934204D9E360227C42F040022274C3F3BA
:1003F0000803002B3FF43AAFE269BA423FF436AF4C
:1004000094F91030002B4BDB01233A4604F12C0108
:1004100001984078FEF7A8FA0546002850D1E76118
:1004200024E700212046FEF75CFE0746012804D0A1
:10043000B0F1FF3F04D0A060BDE70225657415E769
:100440000125657412E739462046FEF78BFD074605
:10045000B7F1FF3F19D0012F1AD9D9F81830BB4294
:1004600016D9A761B045AAD2A6EB08066369434432
:100470006361237C13F0020FE5D039462046FEF776
:1004800030FE07460028E3D1A8E701256574EDE6B4
:1004900002256574EAE602256574E7E61F469DE7D6
:1004A000012304F12C0101984078FEF7DDFA20B910
:1004B000237C03F07F032374A6E701256574D5E64A
:1004C00001256574D2E61125D0E6636900226261D8
:1004D00058E730B585B0019188B30446002203A9DE
:1004E00001A8FFF727F8034620B100222260184632
:1004F00005B030BD039D256001992046FFF70EFA37
:10050000034698B994F92B30002B08DBA37913F03C
:10051000100F10D0E1692846FFF7EFF9A060EB88D3
:10052000A38000212046FEF785FD0346042B04D05E
:10053000002BDCD0D9E70523D7E70523D5E709232E
:10054000D5E770B582B004460D4601A9FEF798FBC9
:10055000034640B955B100212046FEF72DFF034662
:1005600010F0FB0608D0184602B070BD00212046EE
:10057000FEF760FD0346F6E729462046FFF77EF9C1
:1005800000212046FEF77AFE042814BF03463346B6
:10059000E9E72DE9F04F89B001900F46009114462C
:1005A000002207A901A8FEF7C5FF824638B9079EB9
:1005B00026603369B569AA1E934204D83B60504651
:1005C00009B0BDE8F08F96F80080B8F1010F06D0B1
:1005D000D6F824900024274606F134082BE0039631
:1005E0000224002703AD03E00134B369A34232D9EA
:1005F00021462846FEF7B6FCB0F1FF3F33D0012874
:1006000033D00028F0D10137EEE709F1010B49465C
:100610003046FEF77CFB58BBD9460EE008EB0400E1
:10062000FEF7D0FA30F0704308BF01370434C4F34A
:100630000804013D0FD0002CE7D03378022BEDD118
:1006400008EB04035A7818F8043053EA022308BF71
:1006500001370234EBE7009B1F603761737943F089
:1006600001037371ABE7C246A9E74FF0020AA6E7A0
:100670008246A4E72DE9F0419AB00190022219A91F
:1006800001A8FEF757FF10B11AB0BDE8F081199C20
:100690000E9401990EA8FFF741F90028F4D19DF8B6
:1006A000633013F0200F3CD113F0800F3BD19DF845
:1006B0003E5015F0010F38D1DDF83880159F3946CE
:1006C0002046FFF71AF9064615F0100F11D063699E
:1006D00083422CD003940590002103A8FEF7AAFCC6
:1006E0000028D1D1002103A8FEF766FE08B3042834
:1006F000CAD114994046FEF70AFB0028C4D1E5236D
:100700003B70012388F804301EB92046FEF746FBF3
:10071000BAE7002231460EA8FEF767FD0028B3D1E4
:10072000F3E70620B0E70620AEE70720ACE7072096
:10073000AAE70720A8E72DE9F04192B00190022234
:1007400011A901A8FEF7F6FE044618B1204612B022
:10075000BDE8F081119B0693019906A8FFF7DEF82A
:100760000446E8B10428F1D19DF8433013F0200F7E
:1007700018D1119B0293002102A8FEF7B2FC054696
:1007800000286ED0012D0FD0B5F1FF3F0ED101240E
:1007900000F00FFD0022294602A8FEF726FDD5E74E
:1007A0000824D3E70624D1E70224F1E700F001FD95
:1007B000074629461198FEF7C3FA04460028E9D1F6
:1007C000119C04F134064FF02033C4F83530C4F8DE
:1007D0003930A4F83D304FF02E0884F834801023CF
:1007E00084F83F30394604F14A00FEF7F6F92A460C
:1007F00031462046FEF7A9FB606BA16BE26B236CD0
:100800006065A165E2652366606CA16CE26C236D96
:100810006066A166E266236784F85580089A04F151
:1008200054012046FEF791FB0123237106A8FEF731
:1008300089FD04460028ADD139460D981630FEF7E3
:10084000CCF9119C2A460D992046FEF77EFB0D9BA4
:100850001022DA72012323712046FEF79FFA044624
:1008600074E700F0A6FC072494E72DE9F041A2B05C
:10087000019000916846FEF7D7F9022221A901A84C
:10088000FEF758FE10B122B0BDE8F081219D16950B
:100890001890019916A8FFF741F80028F3D19DF8A8
:1008A000833013F0A00F01D00620ECE7169F189EAE
:1008B0001D9C0DF10C0C20686168A268E368ACE82F
:1008C0000F0020696169A269E369ACE80F0094F840
:1008D0000B800DF1580EBEE80F00ACE80F00BEE82B
:1008E0000F00ACE80F009EE807008CE807000099B5
:1008F0000BA8FFF713F850B90D9BB34201D00820A5
:10090000C1E70F9A1A9B9A4203D00820BBE704283C
:10091000B9D10BA8FEF716FD0028B4D112998DF8B5
:100920001780DDF819C0DDF81D00DDF82120DDF8A5
:100930002530C1F80DC0C1F81100C1F81520C1F86B
:100940001930BDF829209DF82B30A1F81D20CB7758
:1009500018F0100F08BF48F0200881F80B80012321
:100960002B71CB7A13F0100F17D00D9BB34214D01C
:100970002846FEF7C2FF01462846FEF736F9014633
:1009800008B902207FE72846FEF7C1F900287FF466
:100990007AAF95F855302E2B0ED01C993846FEF7BD
:1009A000B6F900287FF46FAFE523237001233B7174
:1009B0002846FEF7F3F966E70D9A05F1540128463B
:1009C000FEF7C3FA01232B71E7E700002DE9F04F92
:1009D00095B00D900D46019200930DA8FEF724F9F5
:1009E0000028C0F28483A34B53F820300BB10022BF
:1009F0001A70C4B22046FDF79FFF10F0010F40F0BF
:100A0000788310F0040F40F07883002D00F09D8370
:100A10006B681393002B00F09B83139A531EB3F55E
:100A2000004F01D21A4201D00123139395F801908F
:100A300009F1FF33DBB2022B28BF4FF00109D5F8D3
:100A4000088008F1FF33B3F5004F2DD218F00F0FD7
:100A500018BF4FF40078EE68B6F1807F27D8731E78
:100A6000334218BF0026009BB3F5007FC0F04783D8
:100A7000019B002B00F045832D780023129312AACE
:100A800001212046FEF748F8002840F03C8315F08D
:100A900008030A930DD1129B3F2B40F236833F3B54
:100AA00012933F23029306E04FF40078D3E7002629
:100AB000D9E700230293129B7F2B40F22883B6F5DF
:100AC000813F34BF760A802615F00203079341D098
:100AD00005F00105C5F10305EBB20693CB4600F026
:100AE00068FB0C90DDF848A0C8F316110591029A36
:100AF000531C0993CB180493139B03F1FF3EC3F1DE
:100B0000000C02F1200308930B94069C032C2CD0BC
:100B1000002E54D03246BAFBF2F340F6F5718B4208
:100B20005AD9991C490001F2FF11490A049B01FBA3
:100B30000B300EEB000303EA0C031B1AB3FBFBF5AF
:100B40000BFB1535002D4ED0013B029D0235039560
:100B500002274BE015F0010F00F0DB820223069321
:100B6000BCE71646D2E70324D0E7DEB13246BAFB33
:100B7000F2F18B0003F207235B0AA1F57F41F639FE
:100B80003D48814200F2C782089903FB0B1000EB3D
:100B90000E0505EA0C052D1A05F1200769180391C9
:100BA000002127E04FEA5A4034490122134683428C
:100BB000DDD8520031F8023F002BF8D1D7E74FEAD9
:100BC0001A302F4901231A468342A4D8520031F823
:100BD000023F002BF8D19EE703EB430101314908A6
:100BE000033101249FE7099D03950127B3FBFBF324
:100BF0000B440599029D401B00EB02108245C0F09A
:100C00008C827818AAEB00000BFB1300B0FBF2F00B
:100C1000032C12D0022C35D14FF6F575A8421BD902
:100C2000002E40F08A825200402A9AD9079B002B5E
:100C300099D1802A0ED8164668E74FF6F575A84276
:100C400020D8002E40F06B82012A01D956085DE7BA
:100C50000E204FE20E204DE240F6F575A84235D841
:100C6000002E40F05E825600802E7FF64FAF0E20A1
:100C700040E200BFA4D912A0FFFFFE0F808F030047
:100C8000708F0300264606943D4607910592049313
:100C90000B9C0746012E20D140F6F573984200F2D6
:100CA00042824FF400720021019E30460DF09FFCFD
:100CB000BB4B03CB306071601A889B783281B37272
:100CC0009DF81420EBB2C5F307201FE006943D46C3
:100CD0000791059204930B9C07464FF40072002184
:100CE000019E30460DF083FCAD4B03CB306071604C
:100CF0001A889B783281B3729DF81420EBB2C5F349
:100D000007200699032908BF4FF000080221019D22
:100D100029736A73AB73E87385F8109085F81180B6
:100D2000C8F3072885F81280BAF5803F80F0AF80BD
:100D300085F813A0CAF307232B750C9B53449A46DE
:100D4000F823019A53753F231376FF239376029974
:100D500002F11C00FDF741FF069B032B00F09E8073
:100D60005146019D05F12700FDF737FF049BAB7548
:100D7000C3F30723EB75802385F82430292385F8F6
:100D80002630884E0FCEC5F82B00C5F82F10294607
:100D9000C5F83320C5F837303288B378A5F83B2042
:100DA00085F83D30552385F8FE31AA2385F8FF31BB
:100DB0000123029A2046FDF757FE002840F0B58136
:100DC000009B4FEA53286FF308031A460021019E47
:100DD00030460DF00CFC069B012B734B18BF6FF0D7
:100DE0000703029300254FF40079AA46039FCDF82C
:100DF0000CB0B346069B032B00F0C0800299584606
:100E0000FDF7EBFE049E00953546464528BF454656
:100E10002B463A4659462046FDF726FE002840F06C
:100E200086814A46514658460DF0E1FB2F44761B19
:100E3000EAD1009D0135039BAB42DBD1079B059AAC
:100E40000699032908BF13461E46DDF8049035466F
:100E5000464528BF45462B463A4649462046FDF7BB
:100E600003FE002840F065812F44761BEFD1069ADF
:100E7000032A00F0A180129BB3F5803F80F0CE8062
:100E8000022A14BF4FF0010A4FF0040A96E05146BF
:100E9000019B03F12000FDF7A0FE4EE75146019DA6
:100EA00005F14300FDF799FE049905F12400FDF7D3
:100EB00094FE022105F12C00FDF78FFE4FF0010C8E
:100EC00085F830C0062385F83230802385F840301D
:100ED000292385F84230354E0FCEC5F84700C5F8B6
:100EE0004B10C5F84F202946C5F853303288B378E7
:100EF000A5F8572085F85930552385F8FE31AA23E7
:100F000085F8FF316346029A2046FDF7ADFD08B132
:100F10000120EFE00123029DAA1D019E31462046DB
:100F2000FDF7A2FD4FF40072002130460DF05FFB8B
:100F30001F493046FDF751FE1E4906F5F270FDF7D8
:100F40004CFE791E06F5F470FDF747FE022106F50A
:100F5000F670FDF742FE5523314686F8FE31AA238E
:100F600086F8FF310123EA1D2046FDF77DFD0123B0
:100F7000099A31462046FDF777FD21E76FF007011A
:100F80005846FDF72AFE4FF0FF310BF10400FDF744
:100F900024FE6FF070410BF10800FDF71EFE31E7F3
:100FA000241E0200441E0200F8FFFF00301E020053
:100FB00052526141727241614FF00C0A0A9B002B40
:100FC00040F08C80129B1093002311930FAA0121F3
:100FD0002046FDF7A1FD002840F0B580DDF83C90EB
:100FE00008274FF63E43B9FBF7F29A4204D97F0037
:100FF00017F0FF07F7D1FF274FF400720021019D82
:1010000028460DF0F4FA2B4605F5E3750DF1400B7B
:1010100003F5FB7300933F26A0463EE04FF0060A1F
:10102000CCE7A9EB060431462846FDF7D6FD21465C
:10103000281DFDF7D2FD05F804AC3F20B6FBF0F308
:10104000B3FBF7F207FB123105F8071CC3EB831360
:10105000F31A0133910821F03F010B4305F8063CD8
:1010600005F8052C2644731EB3FBF0F2B2FBF7F132
:1010700007FB112005F8030CC2EB82129B1A013307
:101080008A0822F03F02134305F8023C05F8011CD0
:10109000009BAB4214D0103596B14E4510D25BF890
:1010A000044B642C05D81DBF6423B9FBF3F35C43E8
:1010B0004C4633199945B4D39E42B2D8002CB2D1D4
:1010C00044465523019981F8FE31AA2381F8FF3166
:1010D000012300224046FDF7C7FC60BB00221146F9
:1010E0002046FDF719FD003818BF012002E00B2053
:1010F00000E0032015B0BDE8F08F0A20FAE71120C8
:10110000F8E71120F6E70120F4E70E20F2E70E20C1
:10111000F0E71320EEE70E20ECE70E20EAE70E20C2
:10112000E8E70E20E6E70E20E4E70120E2E70120F1
:10113000E0E70120DEE70120DCE7079B0BB1032499
:10114000E4E40E20D6E70120D4E700231393034DF7
:1011500013AA03212046FDF7DFFC5EE4908F030015
:1011600010B582B0044668460BF0D8F9B0B99DF8C6
:101170000230E3719DF80130A3719DF80030637176
:10118000002323719DF80530E3709DF80430A370AF
:10119000BDF806300120238002B010BD0020E071B0
:1011A000A0710C2363710123E370A3704FF4FA6301
:1011B000F1E700B583B00023ADF802308DF80430BC
:1011C0008DF805308DF806308DF807306846FFF74A
:1011D000C7FF9DF802209DF803301B0443EA4253E9
:1011E0009DF8052043EAC2239DF8062043EA4213F6
:1011F0009DF8072043EA5203BDF80000A0F2BC703E
:1012000043EA406003B05DF804FB13282FD8DFE801
:1012100000F031300A0C0E10121416181A1C1E2081
:10122000222426282A2C0B2070470D2070470920E5
:101230007047092070470E207047082070470F2024
:1012400070470E207047112070470E207047122003
:1012500070470A2070471320704702207047112002
:101260007047042070470A2070470E207047FF2007
:10127000704710207047C1F3452303F2BC7303800D
:10128000C1F34313837001F01F01C170704710B5A3
:101290000446043009F040FB0023C4F83432C4F89B
:1012A0006434C4F89436C4F8C43810BD08B54FF09F
:1012B000FF31406809F098FB08BD08B5406809F0A7
:1012C000ADFB08BD2DE9F84305460F461646984686
:1012D000FFF7ECFF2C464FF0000CD4F8340258B165
:1012E0000CF1010C04F50C74BCF1040FF5D1284687
:1012F000FFF7E3FF012044E04FF40C730CFB0332D3
:101300002A444FF0FF3151600FFA8CF405F10809BF
:1013100003FB0499022E1DD0032E09D00122394669
:101320004846FEF747FC0646E0B9C8F8004022E010
:101330000A2239464846FEF73DFC064690B9C8F8F1
:10134000004018E0C8F80040D9F80C104846FEF7F5
:1013500073FF10E0122239464846FEF72BFC064682
:101360000028EFD04FF40C7304FB03332B4400220E
:101370005A60C8F800202846FFF79FFF3046FFF765
:1013800044FFBDE8F883032916D870B50546164614
:1013900000F108044FF40C7303FB0144D4F82C3221
:1013A00063B1FFF783FFE36833602846FFF785FFEB
:1013B0000020FFF72AFF70BD0E2070470320FAE7D8
:1013C000032919D870B50546164600F108044FF4F4
:1013D0000C7303FB0144D4F82C327BB1FFF766FF9A
:1013E00031462046FEF728FF04462846FFF765FFF2
:1013F0002046FFF70AFF70BD0E2070470320FAE772
:10140000032916D870B50546164600F108044FF4B6
:101410000C7303FB0144D4F82C3263B1FFF746FF91
:10142000636933602846FFF748FF0020FFF7EDFEB1
:1014300070BD0E2070470320FAE703291BD870B552
:101440000546164600F108044FF40C7303FB0144F3
:10145000D4F82C328BB1FFF729FFA6624FF0FF3191
:101460002046FEF7E9FE04462846FFF726FF204601
:10147000FFF7CBFE70BD0E2070470320FAE703296B
:101480001AD870B5054600F108044FF40C7303FB3D
:101490000144D4F82C328BB1FFF708FF2046FEF749
:1014A000BBFE06460023C4F82C322846FFF705FF92
:1014B0003046FFF7AAFE70BD0E2070470320FAE702
:1014C00003291CD8F8B5054617461E4600F1080446
:1014D0004FF40C7303FB0144D4F82C328BB1FFF7AB
:1014E000E5FE069B324639462046FEF76AFC044676
:1014F0002846FFF7E2FE2046FFF787FEF8BD0E20E4
:1015000070470320FAE703291CD8F8B505461746AB
:101510001E4600F108044FF40C7303FB0144D4F899
:101520002C328BB1FFF7C2FE069B3246394620466D
:10153000FEF722FD04462846FFF7BFFE2046FFF7D0
:1015400064FEF8BD0E2070470320FAE738B5054663
:101550000C46FFF7ABFE2046FFF78CF80446284602
:10156000FFF7ABFE2046FFF750FE38BDD1F824014F
:1015700038B110B50C460AF049FF0020C4F8240128
:1015800010BD0E20704770B505460C461646FFF795
:101590008DFE31462046FFF768F904462846FFF7DE
:1015A0008CFE2046FFF731FE70BD38B505460C466F
:1015B000FFF77CFE2046FFF7BEF804462846FFF7FB
:1015C0007CFE2046FFF721FE38BD38B505460B7876
:1015D000202B03D111F8013F202BFBD0303BDCB294
:1015E000092C11D84B783A2B18BF00242846FFF756
:1015F0005DFE2046FEF7B8FD04462846FFF75DFE77
:101600002046FFF702FE38BD0024EFE770B582B038
:1016100005460E461446FFF749FE01AA04F10C01E7
:101620003046FEF7B6FF064640B9019A9369023B81
:10163000A360538963604FF4007323602846FFF76B
:101640003CFE3046FFF7E1FD02B070BD70B50546C7
:101650000C461646FFF72AFE303C3146E0B2FDF755
:1016600097FA04462846FFF728FE2046FFF7CDFDEF
:1016700070BD70B5ADF5007D05460C461646FFF70A
:1016800015FE4FF400736A4631462046FFF79EF977
:1016900004462846FFF711FE002C0CBF20462D20E3
:1016A0000DF5007D70BDF8B5D1F82471002F00F064
:1016B000928006460C46FFF7F9FD002387F8353087
:1016C00007F12C013846FEF73CFF05463046FFF790
:1016D000F4FD002D7AD197F83530002B7ED0002311
:1016E00084F8013197F83430C3F30012134684F8BC
:1016F000012197F8342012F0010F1CBF43F00203C0
:1017000084F8013197F8343013F0040F05D094F8C1
:10171000013143F0040384F8013197F8343013F0B9
:10172000020F05D094F8013143F0080384F8013129
:1017300097F8343013F0200F05D094F8013143F0BE
:10174000100384F80131398E04F58870FFF793FD9A
:101750007B8E002684F81761DA0A84F81421C3F31B
:10176000451284F8152103F01F0384F81631398ED1
:1017700004F58470FFF77FFD7B8E84F80F61DA0A31
:1017800084F80C21C3F3451284F80D2103F01F03E4
:1017900084F80E31398E04F58C70FFF76CFD7B8E6A
:1017A00084F81F61DA0A84F81C21C3F3451284F817
:1017B0001D2103F01F0384F81E3107F13501204677
:1017C0000CF048FFFB6AC4F8043105E02846FFF737
:1017D0001CFD054600E00E252846F8BD0925FBE75F
:1017E000F8B505460F46164644200AF007FE0446A3
:1017F000442200210CF0FBFEC6F82441A4B1284687
:10180000FFF754FD39462046FEF763FE044628469E
:10181000FFF753FD1CB12046FFF7F7FCF8BD31463A
:101820002846FFF740FFF9E70420F7E708B5002353
:101830001A460249024809F0F5FC08BD2090030051
:10184000641602002DE9F04F85B081460C4616461D
:101850000E9A5F1A002FB8BF7F42A2EB060ABAF1B8
:10186000000FB8BFCAF1000A8B42B4BF4FF0FF337C
:1018700001230393B242B4BF4FF0FF320122029220
:10188000574509DB07EBD7756D10019300230393D0
:101890009B464FF000081AE00AEBDA756D10DDF890
:1018A00008B03B4657469A46002302930193F0E75F
:1018B0005544AF4204DCED1B039B1C44029B1E44B9
:1018C000019B1C445E4408F10108474517DBD9F829
:1018D0000830A342ECDCD9F81030A342E8DBD9F899
:1018E0000C30B342E4DCD9F81430B342E0DBB9F891
:1018F0003C3032462146484600F0CCF9D8E705B0E6
:10190000BDE8F08F08B5436A194409B2C36A994229
:1019100005DC836A1A4412B2036B9A4200DD08BDEB
:10192000838F00F0B7F9FAE72DE9F04F85B08146D3
:101930000E98D9F824400C44D9F8286016445F1A50
:10194000002FB8BF7F42A0EB020ABAF1000FB8BF68
:10195000CAF1000A9942CCBF4FF0FF330123039331
:101960008242CCBF4FF0FF3201220292574509DB81
:1019700007EBD7756D100193002303939B464FF03F
:1019800000081AE00AEBDA756D10DDF808B03B4686
:1019900057469A46002302930193F0E75544AF421D
:1019A00004DCED1B039B1C44029B1E44019B1C4456
:1019B0005E4408F10108474517DBD9F80830A34217
:1019C000ECDCD9F81030A342E8DBD9F80C30B34294
:1019D000E4DCD9F81430B342E0DBB9F83C303246ED
:1019E0002146484600F056F9D8E705B0BDE8F08F2B
:1019F00070B582B004460E46856A036B9D420DDCCD
:101A0000616AE26A0132521A009233462A4620463F
:101A100000F088F90135226BAA42F1DA02B070BDFC
:101A20002DE9F04F85B004460E980F9EBDF850701A
:101A300050EA060571D4109D8D426EDA119D9542D3
:101A40006BDA216062602365E3650023A4F85830F7
:101A5000A060E660109B23616561BDF84C30A387F0
:101A6000E787BDF85430A4F84030129BC318636276
:101A7000129BF318A362109B129A9B1AE362AB1A93
:101A80002363109B1B1AA3EB4203E361AB1BA3EB85
:101A900042032362002A34DD129B03EB000A054651
:101AA000331A0293109B03EB0009119B03EB000B0D
:101AB000A0460397029B5E19A9EB050700963B46DB
:101AC000324629464046FFF7BDFEABEB05040094C5
:101AD0003B46324639464046FFF7B4FE00942B465B
:101AE000224639464046FFF7ADFE00962B46224679
:101AF00029464046FFF7A6FE01355545DAD1444652
:101B0000039F169B012B0DD00023A364626A6263BE
:101B1000A26AA2636364012001E00020606505B051
:101B2000BDE8F08F39462046FFF762FFECE72DE96C
:101B3000F04182B00746089D994202DC18460B46E8
:101B40000146AA4202DC284615460246786ABE6A69
:101B5000C4188442B8BF04463544B542B8BF3546C0
:101B600000EB0108FB6A9845A8BF984616443B6BFA
:101B70009E42A8BF1E46009543462A462146384647
:101B8000FFF760FE009643462A4641463846FFF777
:101B900059FE00962346324641463846FFF752FE2C
:101BA00000952346324621463846FFF74BFE7B6CB4
:101BB0009BB90134A04510DD0135AE420DDDA8EB27
:101BC0000408CDF80080B7F840302A462146384650
:101BD00000F0A8F80135AE42F3D102B0BDE8F081C3
:101BE00070B58AB0044601250895BDF85460079683
:101BF000BDF850600696BDF84C600596129E04969E
:101C0000119E0396109E02960F9E01960E9E0096C0
:101C1000FFF706FFE5640AB070BD30B58BB004462F
:101C200000250895BDF854500795BDF8505006950D
:101C3000BDF84C500595129D0495119D0395109D7E
:101C400002950F9D01950E9D0095FFF7E9FE01237A
:101C5000E3640BB030BD81877047A0F84010704737
:101C600041647047C187704710B41368846A1B1BB6
:101C700013600B68426A9B1A0B6010BC70471368B4
:101C8000D0F828C0634413600B68426A13440B60A9
:101C90007047000010B40B4C94F9004014B1046874
:101CA000641A611E084C94F9004014B14468A21AE9
:101CB000013A046804FB0211026D22F8113010BCD5
:101CC000704700BFADD912A0ACD912A070B5844640
:101CD000049E059C114890F9000028B1DCF8000032
:101CE000051B691AC01A031B0D4890F9000028B1A2
:101CF000DCF80400821A013A801B461EDCF8500012
:101D0000DCF8005006FB053302FB0511620000EB16
:101D1000410100EB43000CF041FC70BDADD912A0B5
:101D2000ACD912A030B4029C0E4D95F9005015B1FB
:101D300005686D1A291B0C4D95F9005015B14568C1
:101D4000AA1A013A056805FB0211026D02EB410275
:101D5000601E2CB122F8023B0138B0F1FF3FF9D1EF
:101D600030BC7047ADD912A0ACD912A030B58E46A8
:101D70009DF80C40B0F83CC01C4991F9001011B11D
:101D800041688A1A013A056805FB02F2016D01EB10
:101D90004202174991F90010A9B1A5EB0E05013DCA
:101DA00002EB4501621ED2B264B1520082F0010220
:101DB000D2430A44002BB8BFA1F800C002395B002F
:101DC0008A42F7D130BD02EB4E01621ED2B2002C26
:101DD000F8D0013201EB4202002BB8BFA1F800C0DD
:101DE00002315B009142F7D1ECE700BFACD912A001
:101DF000ADD912A070B50D469DF81040B0F83CC0AA
:101E0000B0F83EE01C4991F9001011B141688A1AFE
:101E1000013A066806FB02F2016D01EB4202174926
:101E200091F90010A9B1761B013E02EB4601621E3A
:101E3000D2B26CB1520082F00102D2430A443EEAAF
:101E4000230028BF604621F802095B009142F6D1C9
:101E500070BD02EB4501601EC0B2002CF8D001300D
:101E600001EB40003EEA230228BF624621F8022B24
:101E70005B008842F6D1EBE7ACD912A0ADD912A035
:101E800038B584461846049D154B93F900301BB1B4
:101E9000DCF804309A1A013ADCF8004002FB04F343
:101EA000DCF8502002EB430E0E4B93F9003083B167
:101EB000641A05F1FF3C5DB10EEB4401831E31F85D
:101EC000022D23F8022F0CF1FF3CBCF1FF3FF6D1AD
:101ED00038BD6A000EEB41010CF060FBF8E700BF73
:101EE000ACD912A0ADD912A070B48C46039C049E4C
:101EF000174991F9001011B141688A1A013A056831
:101F000005FB02F2016D01EB4202124991F900104A
:101F100081B1A5EB0C05013D02EB450146B19819D5
:101F200013F8012B34F8122021F802299842F7D136
:101F300070BC704702EB4C01002EF9D0981913F8D1
:101F4000012B34F8122021F8022B9842F7D1EFE749
:101F5000ACD912A0ADD912A0024B1870024B197067
:101F6000704700BFADD912A0ACD912A010B4446A1A
:101F700021444163836A1A4482638C4205DD4463D1
:101F8000934207DD836310BC7047C46AA142C8BF97
:101F90004463F5E7036B9A42C8BF8363F3E710B469
:101FA000436B446A1B1B0B60836B816A5B1A136073
:101FB00010BC704770B582B004460E46856A0D4469
:101FC000036B9D420FDC616AE26A521A0132019290
:101FD000AB1B00930B462A462046FFF777FE0135E0
:101FE000236BAB42EFDAA56B236B9D420DDC616A7C
:101FF000E36A5B1A01330093E38F2A462046FFF71A
:1020000091FE0135236BAB42F1DA02B070BD10B521
:102010000446436A4363826CB2F90030816B0B441F
:102020008363B2F90010026B581890420EDDD21A89
:10203000891A5B1AA3632046FFF7BCFFA36BA26C4F
:10204000B2F90010226B58189042F0DC10BD2DE957
:10205000F04F87B006460A292DD0836C9A78A1EB01
:1020600002099B6813F80930426B1344C26A934219
:1020700024DCB16CCB6823B333F81930B1F90020FC
:1020800002FB03F34A6802EB4302B1F90030002B74
:1020900040F3818009F101034FEA430CACF10203E4
:1020A0000493012302934FF0000ACDF814C0039269
:1020B000CB46D14659E0FFF7AAFF72E0FFF7A7FF32
:1020C000D7E7B1F9003009FB03F34A6802EB43029A
:1020D000DBE703F1FF3A4FEA2A1A06E003F1FF3A81
:1020E0004FEA2A1A01E04FF0000A029B002B35D07C
:1020F000B48E0AF101080AFB099707F10047013F76
:10210000039B03EB4707002514E0B26C926812F8BA
:102110000B10A1EB051112E0B26BC9B200911B04C8
:102120004A4421463046FFF765FE1034A4B201351B
:10213000454513D037F8023FAA45E6DD1021F26C81
:10214000002AE9D0B26BC9B200911B044A4421466F
:102150003046FFF70BFEE8E70023029309F101097F
:10216000B16CB1F900304B4514DD8B6813F80B30BE
:10217000002BB8D0CA68002AABD00599515A0498F0
:10218000125A8A1AB3EB021FA8DB002AE4DD02F11F
:10219000FF3AAAE7D9468B6813F80920736B1344FA
:1021A000736307B0BDE8F08F38B505460C46097873
:1021B00039B938BD2846FFF72AFF14F8011F002956
:1021C000F7D00A29F6D0AB6C9A788A42F5D8DB783A
:1021D0008B42F2D32846FFF73AFFEEE738B50446C4
:1021E0000D4611461A46FFF7C1FE29462046FFF765
:1021F000DBFF38BD2DE9F04106460F4690461A46F2
:102200000C78ACB18E46002002E01EF8014F84B17C
:102210000A2C0ED0B56C95F802C0A445F5D8E97823
:10222000A142F2D3A4EB0C04AB681B5D1844ECE7AD
:10223000002008EBD87800EBD0704010C0EB6801AC
:102240003046FFF793FE39463046FFF7ADFFBDE855
:10225000F08181647047836CB3F900007047836C30
:102260009A788A4208D8D878884201D200207047EC
:10227000891A9B68585C7047002070472DE9F0432D
:1022800083B00446806C236A0333B0F900C0634511
:1022900048DB0D46002945D0B4F84080B4F83C90A6
:1022A000E78FE66CA4F84020E287A287B0F90030FF
:1022B00002330093E369002211462046FFF737FC02
:1022C000636A02336363A36A0133A363A4F83C9097
:1022D000A4F84080E7870123E36429462046FFF7FE
:1022E00063FFE664A36CB3F9002003320092E36A53
:1022F00000212046FFF718FBA26CB2F90030E1681C
:102300000B440433E360B2F90030A16A0B44043398
:10231000A362B2F900100431226A521A2262626A80
:102320006263A36303B0BDE8F083C164704770B516
:102330000C46097859B1064600253046FFF78FFF55
:10234000054414F8011F0029F7D1284670BD002567
:10235000FBE72DE9F04105460C461646F6F79CFDD5
:10236000AB68002B34D0024620462B4602E02033D7
:10237000996849B3A342FAD05988DF883944B4F840
:1023800002C0E788BC444FEA6C0CCCEB610C21889E
:10239000A78839444FEA6108B3F800E09F88BE443B
:1023A0004FEA6E0EBEEB610F34BFA8EB0E0EAEEB24
:1023B000080E6245DBD9BCFBF6F1714588BF1846B3
:1023C000714588BF6246D2E7A04201D0BDE8F081E6
:1023D000F6F762FD0746AB683BB3204603E02035C5
:1023E000AB68002BF2D0A542F9D06288E3881A448A
:1023F00052102188A38819444FEA610C2B88B5F844
:1024000004E073445B10B3EB610F34BFACEB030328
:10241000A3EB0C039742E2D9B2FBF6F1994288BFD5
:102420002846994288BF1746D9E72046CEE72DE9CE
:10243000F04105460C461746F6F72EFDAB68002B1B
:1024400034D026462B4602E020339A684AB3A34292
:10245000FAD06288E1880A44B3F802C0D9888C4473
:102460004FEA6C0CCCEB620C2288A1880A444FEA3C
:102470006208B3F800E099888E444FEA6E0EBEEB16
:10248000620F34BFA8EB0E0EAEEB080E6045DBD931
:10249000BCFBF7F2724588BF1E46724588BF604696
:1024A000D2E7A64202D03046BDE8F081F6F7F4FC50
:1024B0008046AB683BB3264603E02035AB68002B73
:1024C000F1D0A542F9D0F6F7E7FC6B88EA8813440F
:1024D000A0EB63002288A3881A4451102B88B5F81A
:1024E00004C063445B10B3EB620F34BFCB1A5B1ABA
:1024F0008045E2D9B0FBF7F29A4288BF2E469A4255
:1025000088BF8046D9E72646CDE72DE9F04105464C
:102510000C461746F6F7C3FCAB68002B34D02646B2
:102520002B4602E020339A684AB3A342FAD02288AD
:10253000A1880A44B3F800C099888C444FEA6C0C17
:10254000CCEB620C6288E1880A444FEA6208B3F877
:1025500002E0D9888E444FEA6E0EBEEB620F34BFA4
:10256000A8EB0E0EAEEB080E6045DBD9BCFBF7F214
:10257000724588BF1E46724588BF6046D2E7A642B4
:1025800002D03046BDE8F081F6F789FC8046AB68A2
:102590003BB3264603E02035AB68002BF1D0A542C3
:1025A000F9D0F6F77CFC2B88AA881344A0EB6300D3
:1025B0006A88EB881A4451106388B4F806C06344F3
:1025C0005B10B3EB620F34BFCB1A5B1A8045E2D9C4
:1025D000B0FBF7F29A4288BF2E469A4288BF8046E7
:1025E000D9E72646CDE72DE9F04105460C461646CB
:1025F000F6F755FCAB68002B34D0024620462B463C
:1026000002E02033996849B3A342FAD019889F8821
:102610003944B4F800C0A788BC444FEA6C0CCCEB3A
:10262000610C5988DF8839444FEA6108B4F802E048
:10263000E788BE444FEA6E0EBEEB610F34BFA8EBD5
:102640000E0EAEEB080E6245DBD9BCFBF6F1714510
:1026500088BF1846714588BF6246D2E7A04201D0C4
:10266000BDE8F081F6F71BFC0746AB683BB320469C
:1026700003E02035AB68002BF2D0A542F9D02A88C0
:10268000AB881A4452106988EB8819444FEA610CF0
:102690006388B4F806E073445B10B3EB610F34BF9A
:1026A000ACEB0303A3EB0C039742E2D9B2FBF6F1C8
:1026B000994288BF2846994288BF1746D9E72046E5
:1026C000CEE70346806818B90FE02033986868B1F8
:1026D00018888842F9D898888842F6D3588890425A
:1026E000F3D8D8889042F0D31846704770472DE948
:1026F000F04182B080460C4600F07CFDA368002BC0
:1027000043D0203436E054F8103C93B134F8203CE8
:10271000019334F81E3C00936A4601A94046FFF736
:10272000AEFABDF80020BDF8041054F8100C00F00B
:102730000DFB57F8186C317829B300254046FFF798
:102740008EFD054416F8011F0029F7D137F81A3C11
:1027500037F8202C37F81C1C0A446D080233C5EBEF
:10276000620257F8181C4046FFF738FD203454F831
:10277000183C53B1A4F12000274654F8043C002B28
:10278000C1D09847F2E70025E0E702B0BDE8F0814C
:10279000F0B585B006460C4615465368039393681A
:1027A000029302AA03A9FFF75FFA2B68022B36D027
:1027B000AB68012B40F084819E4B1F68002F00F016
:1027C000E3809D4F79883046FFF747FA7988304695
:1027D000FFF741FA01213046FFF742FA954B18689E
:1027E000838842880188C08800903046FFF79FF9AF
:1027F00000213046FFF734FA6B680D2B00F0508152
:10280000A3F57E42032A00F253811346032B00F204
:102810005181DFE813F0FB00E7001D013101EB6897
:10282000012B2FD0854B1B6813B1844B00221A60FB
:10283000EB68002B40F04081814B1F68002F00F0B7
:10284000CE80FB68002B00F039817D4D00242C6088
:1028500001213046FFF704FA774B59883046FFF7DD
:10286000FAF9BB887A883988F88800903046FFF7F3
:102870005EF921463046FFF7F3F9FB683846984782
:102880002C60ACE06B681BB9AB68002B00F01A81C0
:10289000BDF80820BDF80C102046FFF712FF0446D3
:1028A000674B1B68834200F00D81D3B1624F79887A
:1028B0003046FFF7D2F979883046FFF7CCF901218D
:1028C0003046FFF7CDF95E4B18688388428801884F
:1028D000C08800903046FFF72AF900213046FFF704
:1028E000BFF9584B00221A60E4B1534B19883046A7
:1028F000FFF7B1F901213046FFF7B2F9A3886288EA
:102900002188E08800903046FFF711F90021304619
:10291000FFF7A6F9A38A13F0010F03D0494B4FF03C
:10292000FF321A60464B1C60464B1B68002B3FF47D
:102930007FAF424B1B6863B9404B4FF0FF321A60C8
:1029400008F0A6F9404B1860404B4FF4FA721A6039
:102950006EE73D4B186808F0A9F93C4B1B6898429C
:10296000FFF466AFB3F5FA7F06D0FA2B08D008F073
:102970008FF9354B18605BE7344BFA221A60F6E7A3
:10298000324B4B221A60F2E7A16879B139464FF415
:10299000A0626388208803449A4288BF21469A42F5
:1029A00028BF1A462034A368002BF2D1214B1960AE
:1029B000214B19883046FFF74EF901213046FFF7C9
:1029C0004FF91C4B1868838842880188C0880090A2
:1029D0003046FFF7ACF800213046FFF741F93846A2
:1029E00005B0F0BD134D022229682046FFF7FBFD1C
:1029F0002968884203D00F4B18600027D8E70122CE
:102A00002046FFF7F0FD28600027D1E7094D02229C
:102A100029682046FFF779FD2968884203D0054BD5
:102A200018600027C4E701222046FFF76EFD2860EA
:102A30000027BDE7B0D912A090000010C0D912A0A5
:102A4000B4D912A094000010B8D912A0BCD912A019
:102A5000204D022229682046FFF7E9FC29688842B8
:102A600003D01C4B18600027A2E701222046FFF785
:102A7000DEFC286000279BE7164D022229682046CD
:102A8000FFF767FC2968884203D0124B18600027C3
:102A90008EE701222046FFF75CFC2860002787E7CD
:102AA0000C4B1F6800221A60FB68384698477FE786
:102AB00000277DE700277BE7002790E700278EE7C8
:102AC00000278CE7044B1B68002B7FF432AF0027F4
:102AD00085E700BFB0D912A09400001030B585B0D2
:102AE00004460D4610461A46694608F082F830B989
:102AF0006A4629462046FFF74BFE05B030BD002050
:102B0000FBE708B5C2B2C0F30721C0F30740F6F7F0
:102B1000F5F908BD2DE9F04F87B004460F46039242
:102B2000D0F80E30D0F80A10D0F812A0D0F81690D5
:102B3000C28BD0F82E00E569B0F5807F3DD892B207
:102B4000ADB2082D3ED1CAF1000505F0030B0E33DE
:102B5000234488B11D1FDFF8108103EB80031E1F83
:102B60000491059255F8040FFFF7CBFF28F8020BEC
:102B7000B542F7D10499059A0C44012A29D0002ABC
:102B800067D1B9F1000F6DD0039B5D1E4D44DFF896
:102B9000DC80354ED344B94657469A460197009695
:102BA00023462A4649464046FFF79EF95C44554570
:102BB00005F1FF35F2D1012008E02D480BF000FCB3
:102BC000002003E02B480BF0FBFB002007B0BDE822
:102BD000F08FB9F1000F41D003994A1E9144DFF8FC
:102BE000888023465446CA46CDF80CB089462CE06E
:102BF00003F1020B5E780196CDF800805B465246E9
:102C000079191A48FFF770F935440BEB060316F0F3
:102C1000010F18BF0133A54210D21E78002EE7D055
:102C200003F1020B5B7838F813300096524679199D
:102C30000E48FFF777F835445B46ECE7039A1344F8
:102C40000AF1FF31D1450BD08A460025002CE4D192
:102C5000F4E709480BF0B4FB0020B7E70120B5E723
:102C60000120B3E70120B1E7C4D912A0D0DB12A044
:102C7000641E0200901E0200C41E020010B5084B24
:102C80001A69D96801FB02F2D96D01EB42045200C6
:102C9000204600F08DFA2046F6F72AF910BD00BF55
:102CA000C4DB12A008B5024BD86DF6F721F908BDB8
:102CB000C4DB12A02DE9F047134B1C69D3F80CA01C
:102CC000D3F85C9007F0E4FF0546104FA61E04F110
:102CD000FF3807F0DDFF431B04FB03F3A7FB0323CF
:102CE000D809B6EBD31F0BD3A8EB00000AFB00F00A
:102CF00009EB4000F6F7FCF8012007F0FFFDE8E7DC
:102D0000FFF7D0FFBDE8F087C4DB12A08988888870
:102D10002DE9F04383B00A9FBDF82C805D1C6D1A2D
:102D2000BA420DDC0E461446DFF81C90009543466F
:102D3000224631464846FEF7F5FF0134A742F5DA50
:102D400003B0BDE8F08300BFD0DB12A02DE9F04F47
:102D5000ADF5097D049191468279437903EB022315
:102D6000B3F5807F6FD8064682890392B0F80EA033
:102D700003EB430B6BB1044608AD0BEB0007A27CE1
:102D8000E17C207DF6F7BAF825F8020B0334BC424B
:102D9000F5D1BAF1000F56D0C8460AF1FF320399B7
:102DA00001F1120301FB02335B44F51809EB0A033E
:102DB0000593274E0DF1200B32E052B309F1010AC1
:102DC000049CCDF81880079517F8013B3BF8135089
:102DD0002B464A4621463046FEF75CFF04F10108C7
:102DE0002B464A4641463046FEF754FF2B46524694
:102DF00041463046FEF74EFF2B46524621463046AE
:102E0000FEF748FF0234029B9F42DDD1DDF81880B7
:102E1000079D08F1010809F10209059B984512D0A8
:102E20000295039AAD1A2F460A4B1B68002BC4D19A
:102E3000039B0193CDF800B02B46424604993046DF
:102E4000FFF752F8E5E70DF5097DBDE8F08F00BF0B
:102E5000D0DB12A0C4DB12A02DE9F04706460846DD
:102E6000154B1C69D3F80C8008FB04F25200D96D95
:102E700000F09EF907F00CFF0546104F04F1FF3AF1
:102E80004FF0010907F004FF431B04FB03F3A7FB0A
:102E90000323D809B4EBD31F0AD9504408FB00F030
:102EA00006EB4000F6F724F8484607F027FDE9E76F
:102EB000FFF7F8FEBDE8F087C4DB12A08988888898
:102EC0002DE9F04399B005460C4690461F46602216
:102ED000104968460BF062FB1495C7B1209E03367B
:102EE0002744BFB2E94625460134A4B216F8032CA4
:102EF00016F8021C16F8010CF6F700F803464246D5
:102F000029464846FEF7C6FE0336BC42EBD119B04F
:102F1000BDE8F083D0DB12A02DE9F04F8DB0029117
:102F200017461D46274BD3F81080DE680BAA0121F7
:102F300008F0A0FA20B1012420460DB0BDE8F08FC2
:102F40000AAB122205A90B9808F0FAFA78BB06FB27
:102F500008F202EB42097AB306EB460B00240DF1AE
:102F6000280AB3B2039319E05E46CB4528BF4E460C
:102F70005346324629460B9808F0E2FAF0B901347C
:102F8000A8EB04020095039B92B200210298FFF780
:102F900097FFA04514D0B9EB060906D0002FE3D067
:102FA0003B68002BE0D0022402E0002400E0012472
:102FB0000B9808F099FABFE70024F9E70124F7E736
:102FC0000024F5E7C4DB12A043880B449BB2438086
:102FD000C2888A4224BF521AC280C2889A4238BF2D
:102FE000C380704703880B449BB2038082888A4267
:102FF00024BF521A828082889A4238BF83807047E9
:1030000038B504460D46FFF7EDFF29462046FFF789
:10301000DBFF38BD00B5A1B18C460188ACF80010CB
:103020008188ACF804104188ACF80210114489B2D0
:10303000ACF80610B0F806E0714528BF7146ACF850
:1030400006101A4443881A4492B2C3889A4228BF91
:103050001A4642805DF804FB00B5A1B18C46018898
:10306000ACF800108188ACF80410C188ACF80610E8
:10307000891A89B2ACF80210B0F802E0714538BF85
:103080007146ACF802101A44C3889B1A9BB242885E
:10309000934238BF1346C3805DF804FB00B5B1B15D
:1030A0008C460188ACF80010114489B2ACF80410C9
:1030B000B0F802E0ACF802E0B0F806E0ACF806E0E8
:1030C000B0F804E0714528BF7146ACF804101A440A
:1030D00003881A4492B283889A4228BF1A46028013
:1030E0005DF804FB00B5C1B18C468188891A89B2AC
:1030F000ACF80010B0F804E0ACF804E0B0F802E07E
:10310000ACF802E0B0F806E0ACF806E0B0F800E099
:10311000714538BF7146ACF8001013448288D21A4A
:1031200092B203889A4238BF1A4682805DF804FB47
:1031300003880B8083888B80B0F802C0C38801337A
:10314000A3EB0C039BB2934206D8A1F802C0B0F8DF
:1031500006C0A1F806C070479B1A0CEB630C1FFA5F
:103160008CFCA1F802C0013A94441FFA8CFCF0E7F1
:1031700043884B80C388CB80B0F800C0838801337C
:10318000A3EB0C039BB2934206D8A1F800C0B0F8A1
:1031900004C0A1F804C070479B1A0CEB630C1FFA23
:1031A0008CFCA1F800C0013A94441FFA8CFCF0E7B3
:1031B00008B50BF0F3F908BD38B50446094D6C228B
:1031C000014628460BF0EAF994F9081094F9040036
:1031D000FEF7C2FEEB6D03B138BD034800F0C4F941
:1031E000FAE700BFC4DB12A0F01E020000487047DF
:1031F000D0DB12A008B50146602202480BF0CEF9E0
:1032000008BD00BFD0DB12A02DE9F041A4B080467C
:103210000F461646F5F743FE0446F5F73DFE054614
:10322000CDF824800A970B96F5F73CFE03464FF441
:10323000F84207920022069247F6FF710591049228
:10324000691E0391611E0291019200922A46214655
:103250000CA8FEF7E2FC09A8FFF7AEFF24B0BDE81A
:10326000F081000010B4064C206006480160064959
:103270000A60064A1360019A054B1A6010BC704739
:1032800030DC12A0A0DC12A09CDC12A098DC12A002
:1032900094DC12A070B5A2B007F0CEFA20A92348A2
:1032A00008F0E7FE00283DD1FFF7A0FF014608AC7B
:1032B000602220460BF072F921AA0121209808F023
:1032C000FCFE1B4E31681B4D2A684FF4F8430793F0
:1032D00000230693059302200490501E0390481E7D
:1032E000029001930093219B1348FEF779FC32680A
:1032F000124B1B685B08C3EB5203114A13602A6828
:10330000104B1B685B08C3EB52030F4A136001218B
:10331000209808F0E2FE2046FFF76CFF07F091FAD4
:1033200022B070BD094800F01FF9BDE73CFF010065
:1033300098DC12A094DC12A034DC12A0A0DC12A055
:10334000A40000109CDC12A0A0000010141F0200BA
:1033500070B59CB0464B1C68464B1D6807F06CFA74
:103360001BA9454808F085FE002856D101211B986D
:1033700008F0B3FEFFF73AFF0146602203A80BF006
:103380000DF93E48FFF736FF3D4B1B68002B4CDD27
:103390003C4A1668364A10683B4A1268013A3118AE
:1033A000194491423DD9921B31490A605B42344A2B
:1033B0001360364B1B68002B4ADD354A16682D4AD0
:1033C0001068344A1268013A3118194491423BD9C5
:1033D000921B28490A605B422C4A13600120F5F7D2
:1033E00069FD284B1B6800220192294A12682A4471
:1033F000009223442A462146FFF78AFC1D4B1A6897
:103400001B4B1968244B1868FFF784FB03A8FFF7D0
:10341000F1FE07F016FA1CB070BD204800F0A4F8C9
:10342000A4E71844124B1860C3E7114A1268DA4245
:1034300003D413440E4A1360BBE70D4A0021116008
:103440005B420F4A1360B4E718440A4B1860C5E7A3
:10345000084A1268DA4203D41344064A1360BDE7EF
:10346000044A002111605B42084A1360B6E700BFBE
:10347000A4000010A00000103CFF010034DC12A0EA
:103480009C000010A0DC12A098DC12A09800001094
:103490009CDC12A094DC12A030DC12A0141F0200ED
:1034A00010B59CB007F0C8F91BA9164808F0E1FD5B
:1034B00020BB01211B9808F010FEFFF797FE014684
:1034C00003AC602220460BF069F80F48FFF792FE2C
:1034D0000120F5F7EFFC0D4B1B68002101910C4A10
:1034E0001268013A0092013B0A46FFF711FC2046A0
:1034F000FFF780FE07F0A5F91CB010BD054800F0ED
:1035000033F8D6E73CFF010034DC12A098DC12A0AF
:1035100094DC12A0141F020000B583B001A9074873
:1035200008F0A7FD30B90021019808F0D6FD03B0DE
:103530005DF804FB024800F017F8F4E73CFF0100D7
:10354000141F0200014B1860704700BFA8DC12A0D6
:10355000014B1860704700BFA4DC12A0014B186833
:10356000704700BFA4DC12A008B509F039FC08BD03
:1035700008B50C4602680A4B1A6042685A608268B5
:103580009A60C268DA6002691A6142695A618269A6
:103590009A61C269DA612046F4F77EFFFBE700BF5B
:1035A000D4000010094B1B6873B110B5084B1868A4
:1035B0000368DC69074B1B68012207490968A047BB
:1035C000024B00221A6010BD704700BFACDC12A095
:1035D000C4DC12A0B4DC12A0B0DC12A010B5074A03
:1035E000074B1360074B18680368DC6A0D238221C0
:1035F000A047054B04221A7010BD00BFDCDC12A0EE
:103600005553425318DD12A0D8DC12A038B50C4B2C
:103610009B68984228BF184604460A4B18680368FE
:10362000DD6AA3B2084A8221A847084B02221A7019
:10363000074B9A68121B9A6000221A7338BD00BFAC
:10364000ECDC12A018DD12A02CDD12A0D8DC12A038
:10365000DCDC12A04978FE2909D0FF290ED1002117
:1036600007480170118019604FF0FF30704705491D
:103670001960012313804FF0FF307047002070471E
:10368000D8DC12A00CDD12A008B54FF4FA6007F0E8
:1036900035F9044D4FF0FF34286803685B6D21460F
:1036A0009847F9E718DD12A02DE9F04F83B0374BAA
:1036B0001F68402F28BF4027354B1D68354B1B68BE
:1036C000EA199A4203D95F1B334B03221A70A7B33E
:1036D0003E46DFF8C880DFF8C8A0DFF8C8B0019721
:1036E000C1460AE0DBF800102246414448460AF091
:1036F00055FFA1442544361B1ED02B4B5C68B5FBFF
:10370000F4F704FB1758A4EB0804B44228BF34466E
:10371000DAF800309F42E5D0FFF744FFCAF80070A6
:10372000224B186803689B699C46DBF80030012235
:1037300039466746B847D5E7019F1D4B18680368AF
:10374000DC6ABBB2154A8221A047114A13683B4488
:1037500013600E4A1368DB1B136016498A68D21B7C
:103760008A6073B90C4B02221A70124B00221A7332
:10377000114B1B6813B1114A1068984703B0BDE89C
:10378000F08F054B1B78012BF8D0EEE7D4DC12A0AC
:10379000D0DC12A0CCDC12A0D8DC12A02CDD12A050
:1037A000B0DC12A0B4DC12A0B8DC12A0C4DC12A001
:1037B00018DD12A0DCDC12A020DD12A01CDD12A09E
:1037C00008B5154B1B78013B032B15D8DFE803F038
:1037D0000212151F114BDB7B282B0DD1104B1B68E0
:1037E00013B1104A10689847FFF75EFF012007F0F9
:1037F00085F801E0FFF7F2FE08BD0B4B186803687F
:103800001B6B4FF0FF329847FFF7E8FEF4E7024BDF
:1038100000221A70F0E700BFD8DC12A0ECDC12A086
:1038200020DD12A01CDD12A018DD12A0184A517C68
:10383000937C1B0443EA0163117D0B43D17C43EA73
:1038400001235B0213490B60917DD37D43EA012381
:103850005B0211490B609268934216D010B50F4C71
:10386000206803681B6B4FF0FF3282219847206865
:1038700003681B6B4FF0FF3205219847084B02226B
:103880001A73FFF7ABFE002010BD4FF0FF307047FA
:10389000ECDC12A0D0DC12A0D4DC12A018DD12A047
:1038A000DCDC12A008B5104B9B689BB10E4B93F962
:1038B0000C30002B15DB0D4B186803681B6B4FF0A9
:1038C000FF32052198470A4B02221A73FFF786FE42
:1038D000002008BD064B02221A73FFF77FFE00206E
:1038E000F7E74FF0FF30F4E7ECDC12A018DD12A090
:1038F000DCDC12A02DE9F04F83B00C46A74B186812
:1039000003689D6A4023A64AA84787B2A54BDB7B84
:103910002F2B00F08982A44A12783AB3052A40F08E
:103920008A822A2B40F094823E46A04B1B68A04A14
:103930001268F918914240F2ED81D31A01939A4B23
:1039400004221A70954B186803681B6B4FF0FF3206
:1039500005219847954B1D68002F00F00A82DFF87B
:103960004092DFF850A2DFF850B2ECE13846202F49
:1039700028BF20205FB18A498A4A002311F8014BF1
:1039800002F8014B01339842F8D81F2F12D0834C14
:10399000206803681B6B4FF0FF3282219847206834
:1039A00003681B6B4FF0FF32052198477E4B0622C0
:1039B0001A704DE27B4B1A68804B9A42E7D1804ADD
:1039C000784B59685160996891605B7B2BB9754B56
:1039D0009B7B013BDBB20F2B05D9794B01221A737C
:1039E000FFF7FCFD34E26F4BDB7B2F2B34D82F2B02
:1039F00000F28A81DFE813F04700880188015C004B
:103A0000880188018801880188018801880188016E
:103A10008801880188018801880188017D0088016A
:103A2000880188018801880188018801C100880116
:103A30008801880182018801880188018801E600E7
:103A400088010401880188011F0188013D01880166
:103A500088018801880159015A2B40F05581FFF7F0
:103A600021FF002800F0F4814D4B00221A7006213E
:103A700059709A70DA701A715A719A71DA71082055
:103A8000FFF7C4FDE4E169B1464B93F90C30002B1C
:103A9000424B186803681B6B4FF0FF32B4BF8221A2
:103AA00005219847464B00221A73FFF797FDCFE197
:103AB000FFF7F8FE002800F0CB81394B70221A7016
:103AC00000225A7006219970DA701A715A719A712F
:103AD0000A21D9711A725A729A72DA7228211973EC
:103AE0005A739A73DA731A745A741220FFF78EFDA0
:103AF000AEE1FFF7D7FE002800F0AA81284B002195
:103B000019708020587099700122DA7020221A7181
:103B100058719971D97146211972442159724920FD
:103B20009872DA721A735A739A73DA73752018746A
:103B3000452058745A209874DA744D201875532013
:103B400058759A75D97569211976732159766B2143
:103B50009976DA761A775A779A77DA77312183F875
:103B600020102E2183F82110302183F8221083F8B1
:103B700023202420FFF74AFD6AE1FFF793FE002887
:103B800000F06681064B03221A7000225A709A7068
:103B9000DA700420FFF73AFD5AE100BF18DD12A0E9
:103BA0002CDD12A0ECDC12A0D8DC12A0D0DC12A01C
:103BB000CCDC12A0B8DC12A0B0DC12A055534243FA
:103BC000DCDC12A0FFF76EFE002800F04181A24B62
:103BD00000221A705A709A700821D9709F4909689A
:103BE000080E1871080C5871080A9871D9710221D1
:103BF00019725A729972DA720C20FFF707FD27E1E9
:103C0000FFF750FE002800F02381944B19684A1EEC
:103C1000914B100E1870100C5870120A9A700139DE
:103C2000D97000221A715A7102219971DA71082033
:103C3000FFF7ECFC0CE1FFF7F9FD002800F008812C
:103C4000874B93F90C30002B0DDB864B186803680B
:103C50001B6B4FF0FF3205219847834B02221A73EA
:103C6000FFF7BCFCF4E0814B01221A70FFF71CFD4A
:103C7000EEE0FFF7DBFD002800F0EA80784B93F9D7
:103C80000C30002B03DB794B05221A70E0E0754BFA
:103C9000186803681B6B4FF0FF3282219847724B04
:103CA00002221A73FFF79AFCD2E06D4A507C937C93
:103CB0001B0443EA0063107D0343D07C43EA0023E6
:103CC0005B026B480360907DD37D43EA00235B0277
:103CD000684A1360002940F09980FFF77FFCB7E045
:103CE000604B186803681B6B4FF0FF3282219847C6
:103CF0005D4B02221A73FFF771FCA9E05A4B0022B8
:103D00001A73FFF76BFCA3E0574B01221A73FFF7FE
:103D100065FC9DE001971DE6574B18682246494611
:103D200038440AF03BFC554B4FF0FF321A60A14477
:103D30002544361BDAF80420B5FBF2F302FB1353DB
:103D40009F4213D8AEB1DAF80440B5FBF4F804FB97
:103D50001857E41BB44228BF3446DBF800309845BE
:103D6000DAD0FFF71FFCCBF80080D5E7FFF71AFC8D
:103D7000E8E73F4A13680198034413603D4A13681B
:103D80001B1A136038498A68121A8A601BB1374BB4
:103D90001B78042B5CD1344B00221A73384B1B6800
:103DA00013B1384A10689847FFF718FC50E03C46BA
:103DB000354B1A682E4B1B683B4493420BD9D41BDE
:103DC0002A4B04221A70274B186803681B6B4FF0AC
:103DD000FF3205219847264A136823441360254A79
:103DE00013681B1B136020498A68121B8A601BB171
:103DF0001E4B1B78042B2BD1244B1B68B3FA83F387
:103E00005B09194A1373FFF7E9FB21E0144B93F99F
:103E10000C30002BFFF664AF144B05221A701B4BBD
:103E20004FF0FF321A6013E0104B1B78002B3FF469
:103E30009DAD052BBBD00B4B186803681B6B4FF077
:103E4000FF3221469847084B02221A73FFF7C6FB40
:103E500003B0BDE8F08F00BF2CDD12A0B8DC12A0CB
:103E6000ECDC12A018DD12A0DCDC12A0D8DC12A061
:103E7000D0DC12A0D4DC12A0B4DC12A0ACDC12A006
:103E800020DD12A01CDD12A0CCDC12A0C8DC12A028
:103E900070B584B0154604683B4B1C603B4B196001
:103EA0003B493C4807F03AFA034610B1184604B0C3
:103EB00070BD3949364B186807F01CFA03460028D4
:103EC000F4D103A9284607F029FA03460028EDD1CA
:103ED0003249039807F00EFA03460028E6D12F4B2B
:103EE000186803681B690021984703460028DDD144
:103EF0002A4B186803685B6A2949984703460028DB
:103F0000D4D1274B58681B6800FB03F3254A136084
:103F100008F074FA244B1860244B4FF0FF321A60FB
:103F20000025234B1D601C4C206803681B69214938
:103F3000984720680368204A0092DE6C2B461F4A8F
:103F40000121B047206803685B6C1D4A82219847B5
:103F5000206803685B6C1B4A05219847206803684A
:103F60005B699847206803689B699847164B0193E3
:103F7000042300932B464FF480721449144806F032
:103F8000D7FE034692E700BF20DD12A01CDD12A081
:103F900014DD12A09C14020018DD12A0C4DC12A0D3
:103FA000B8DC12A0CCDC12A0B4DC12A0B0DC12A0F1
:103FB000ACDC12A0B05504005536010024DD12A07F
:103FC000C1370100F538010010DD12A0481F0200C2
:103FD0008936010008B50F4B1B685A6851681032CA
:103FE000C1F3026152F8212022F00F021204120CD8
:103FF000197B0F2999BFC1F11001CA4010398A40BD
:1040000059690A60DA69126803F1080198699047F2
:1040100008BD00BF7CDD12A08161C2610020704735
:1040200070B505460C46162001F072FB05F1080636
:1040300094E80F0086E80F004FF4805004F0C2FBB4
:10404000AB6801269E40F4F747FF6A68431E124999
:10405000A1FB0313DB0D01331B0203F4FE433343C7
:104060002969003918BF012143EAC16343F40013F1
:10407000136063790BB9002070BD6A682168012361
:104080008B40D360162001F033FB6A6813686179B6
:1040900043EA01631360EEE773252FAD08B50346CD
:1040A000064A4260064A106016201862054B032239
:1040B000054901F06BFB002008BD00BF0040034034
:1040C0007CDD12A03C070200D53F010008B5074B7C
:1040D0001B6803B108BD054B4FF0FF321A60002387
:1040E0001A460349034806F07FFEF3E778DD12A085
:1040F000605604003C070200094B1B6803B170477F
:1041000010B50446064B4FF0FF321A6000F092FDE6
:10411000FFF7DCFF01220349204604F05FFB10BDDE
:1041200074DD12A058560400094B1B6803B1704798
:1041300010B50446064B4FF0FF321A6000F07AFDCE
:10414000FFF7C4FF01220349204604F047FB10BDDE
:1041500070DD12A050560400094B1B6803B1704774
:1041600010B50446064B4FF0FF321A6000F062FDB6
:10417000FFF7ACFF01220349204604F02FFB10BDDE
:104180006CDD12A048560400032809D8DFE800F0CF
:10419000020A040604207047102070472020704750
:1041A000002070470820704748F2050399420AD062
:1041B0000B4B99420CD041F2210399420DD10020C2
:1041C000084B18607047074B15221A600020704793
:1041D000044B36221A60002070470E20704700BF43
:1041E000B71DC1040000092008B50846FFF7CCFF41
:1041F00008B90E2008BD03490B6803430B6000207B
:10420000F8E700BF0000092008B50846FFF7BCFF2B
:1042100008B9002008BD03490B6823EA00030B60BE
:10422000F7E700BF00000920014B596000207047EC
:1042300000000920012A12D0022A02D0EAB10E2081
:1042400070475A1E4BB1144851F8043B8360013A41
:10425000B2F1FF3FF8D100207047002070475A1E8E
:104260004BB10D4831F8023B0381013AB2F1FF3FF7
:10427000F8D1002070470020704753B110B40B44B0
:10428000054C11F8010B20728B42FAD1104610BC7C
:1042900070471046704700BF00000920024B9B6822
:1042A0000B600020704700BF00000920002070470D
:1042B00008B5074B1B6803B108BD054B4FF0FF3233
:1042C0001A6000231A460349034806F08DFDF3E700
:1042D00080DD12A078560400781602000346002004
:1042E000986040F6E4425A6070470000890189B244
:1042F00083680BB141F48031014B19600020704795
:1043000000C0084043688B420CD38902B1FBF3F133
:10431000890189B283680BB141F48031024B196085
:10432000002070470620704700C00840034B1B6800
:10433000C3F389130B600020704700BF00C0084022
:10434000054B1B68C3F38913426802FB03F39B0A06
:104350000B600020704700BF00C00840003918BF44
:104360000121494281600020704741600020704770
:104370000A4B1B6803B1704710B50446074B4FF05A
:10438000FF321A6000231A460549064806F02CFD44
:1043900001220549204604F021FA10BD84DD12A057
:1043A000A8560400D8150200A056040038B50446EB
:1043B0000368B3F1004F11D0B3F1104F7BD0B3F1CC
:1043C000184F00F08380524AD2F83C3123F00703A3
:1043D00043F00103C2F83C314E4D09E04C4AD2F89B
:1043E000783223F0070343F00103C2F878324A4DD4
:1043F000474AD2F8603223F0070343F00103C2F8C2
:104400006032D2F8643223F0070343F00103C2F8AC
:104410006432217A481CC0B2636833FA00F207D0D4
:1044200013465B08FDD1B2FA82F3C91A2131C8B232
:1044300000F07AF8E3681A1E18BF0122237A43EAD3
:10444000821343F088032B602369002B49D0013B82
:10445000AB606369013B1E2B46D86369013B03F0E7
:104460001F03EB60A369013B1E2B41D8A369013BED
:1044700003F01F032B61E369013B0E2B3CD8E3697A
:10448000013B03F00F036B60236A023B1D2B37D8FF
:10449000236A023B03F01F036B61636A013B0E2B2F
:1044A00032D8636AAB611D4AD2F8A03143F00103F0
:1044B000C2F8A03138BD164AD2F87C3223F0070387
:1044C00043F00103C2F87C32154D91E7104AD2F84F
:1044D000383123F0070343F00103C2F83831114D9E
:1044E00086E70023AB60B4E70320F3F7D5FFB4E71A
:1044F0000320F3F7D1FFB9E70320F3F7CDFFBEE7C1
:104500000320F3F7C9FFC3E70320F3F7C5FFC8E7AC
:1045100000C0024060C2092000C2092000C00F4054
:1045200020C2092040C209200346182828BF1823AA
:10453000013BDBB260B1074919448900064A1368A0
:1045400023F0070343F0010342F8043B8A42F6D10B
:10455000704700BF81B0001000C20240034620280F
:1045600028BF2023013BDBB260B107491944890011
:10457000064A136823F0070343F0010342F8043BA3
:104580008A42F6D1704700BF61B0001080C102407E
:104590000346017E044A52F821100A6922F0010202
:1045A0000A61002058607047305704004368E3B147
:1045B000104BDA69017E01238B401A4217D10D4A54
:1045C0009360017E01238B401361027E0A4B53F8F6
:1045D0002230C2681A6002695A6042699A60426871
:1045E000DA6082681A61002070470D2070470D2044
:1045F000704700BF00000820305704001C289DBFF2
:10460000034B53F82000C0F30E0047F6FF707047CD
:104610005057040038B504460D468968C1602969C1
:1046200001612868A969C1F30B010143E869606170
:104630006262A3620AB141F0004141F0C041616091
:104640006B68E361E96821626868431C18BF012355
:104650005B00B1F1FF3F18BF43F00103297D19B1A1
:1046600002292AD001292BD0DB0282B343F4404334
:1046700043F00103A3606868B0F1FF3F0BD0FFF780
:10468000BDFF47F6FF73984224D0400000F01E00A3
:10469000A3680343A360E868B0F1FF3F1CD0FFF7B5
:1046A000ADFF47F6FF73984218D0800100F4707098
:1046B000A3680343A360002038BD43F00403D3E79D
:1046C000B0F1FF3F0CBF43F004030423CCE743F0F9
:1046D0000103CFE70E20EFE70020EDE70E20EBE728
:1046E00008B50846FFF78AFF47F6FF73984205D0E2
:1046F00001238340024A1362002008BD0920FCE721
:104700000000082008B50846FFF778FF47F6FF735A
:10471000984205D001238340024A5362002008BD1D
:104720000920FCE70000082008B50846FFF766FFEF
:1047300047F6FF73984205D001238340024A9362F3
:10474000002008BD0920FCE70000082008B5084645
:10475000FFF754FF47F6FF73984205D001238340CB
:10476000024AD362002008BD0920FCE700000820AF
:104770004FF0FF307047000010B504460E4BDB6869
:10478000027E012191400B4214D10B4B5B68194012
:10479000B1FA81F149094900636A0BB1A06A9847EF
:1047A000227E012303FA02F203498A60227E9340AB
:1047B0000B6110BD0121EFE70000082008B5284B70
:1047C0001B6813F0010F23D1254B1B6813F0020F58
:1047D00023D1234B1B6813F0040F23D1204B1B68FC
:1047E00013F0080F23D11E4B1B6813F0100F23D1B9
:1047F0001B4B1B6813F0200F23D1194B1B6813F0C0
:10480000400F23D1164B1B6813F0800F23D108BD36
:10481000144B1868FFF7B0FFD6E7124B5868FFF744
:10482000ABFFD6E70F4B9868FFF7A6FFD6E70D4B17
:10483000D868FFF7A1FFD6E70A4B1869FFF79CFF7E
:10484000D6E7084B5869FFF797FFD6E7054B9869FD
:10485000FFF792FFD6E7034BD869FFF78DFFD6E746
:104860000000082090DD12A038B504460D46124A1B
:104870001378013313704FF0005003F0A3FF1A2098
:1048800000F05CFF68B10D4B01221A632576002011
:10489000606060626061E0602061094B43F8254020
:1048A00038BD084B002208491A2000F06FFF1A207B
:1048B00000F01EFFE7E700BFB0DD12A000000820F7
:1048C00090DD12A0981F0200BD47010008B500212D
:1048D000FFF7CAFF08BD08B50121FFF7C5FF08BDF6
:1048E00008B5074B1B6803B108BD054B4FF0FF32FD
:1048F0001A6000231A460349034806F075FAF3E7E5
:104900008CDD12A000570400B015020008B5074B5B
:104910001B6803B108BD054B4FF0FF321A6000233E
:104920001A460349034806F05FFAF3E788DD12A050
:10493000D0560400B81502000346044A4260002025
:104940009860D860024A136018617047205D0400C7
:10495000D0DD12A00346034A426000209860D86070
:10496000186170477C5C04000346044A42600020E2
:104970009860D860024A136018617047D85B0400E1
:10498000CCDD12A00346034A426000209860D86044
:1049900018617047345B04000346034A42600020FC
:1049A0009860D86018617047905A04000346034A23
:1049B000426000209860D86018617047EC5904008C
:1049C0000020704700207047002070474368DA6875
:1049D00013680B431360002070474368DA6813685C
:1049E00023EA010313600020704743685B68196085
:1049F0000020704743689B68196000207047436837
:104A00001B681B680B401360002070471F2919D8D2
:104A1000436803EB8103596AB1B1042A16D8DFE871
:104A200002F0031509050700102204E0082202E045
:104A3000182200E000220B6823F0180313430B60D8
:104A4000002070470E2070470720704707207047EE
:104A50001F290DD8072A0DD8436803EB8103596A33
:104A600051B10B6823F0070313430B60002070471C
:104A70000E20704706207047072070471F290AD86C
:104A8000436803EB81035B6A3BB11B6803F00703D8
:104A90001360002070470E207047072070470720E2
:104AA0007047436842B95A691068C9B201238B4004
:104AB0000343136000207047012AFBD11A69106874
:104AC000C9B201238B4003431360F3E743684AB93B
:104AD00058690368C9B201228A4023EA02030360CD
:104AE00000207047012AFBD118690368C9B201226E
:104AF0008A4023EA02030360F2E743681A6AC9B2F4
:104B000001238B4013600020704707207047072067
:104B1000704707207047406800EB8100416AB9B1D7
:104B2000052A04D8DFE802F016050B03031107205D
:104B300070470B6843F080030B60002070470B68E0
:104B400023F080030B60002070470B60002070474B
:104B50000720704710467047036923EA0103036189
:104B60000020704703691940081E18BF0120404209
:104B70007047000070B5044616461D46064B0122DC
:104B80000649262000F002FEA660E560262000F01F
:104B9000AFFD002070BD00BF60200200F94B010096
:104BA00008B503690B4203D10B430361002008BD24
:104BB0000248FEF7D9FC0A20F9E700BF682002008E
:104BC000F8B50446466883689BB1F3691D68B3690C
:104BD0001F6825B1A36800222946E068984727B1DD
:104BE000A36801223946E0689847336A3D431D6057
:104BF000F8BD00F011FCE8E708B50B4BD3F88030A6
:104C000013F0010F06D1084BD3F8803013F0040FD6
:104C100005D108BD054B1868FFF7D2FFF3E7044B39
:104C20001868FFF7CDFFF4E700800240D0DD12A046
:104C3000CCDD12A00B4B1B6803B1704700B583B0ED
:104C4000084B4FF0FF321A6001AB002206490748BB
:104C500006F0CAF80199002006F09AFD03B05DF84D
:104C600004FB00BFC8DD12A09059040060080200D8
:104C70000B4B1B6803B1704700B583B0084B4FF076
:104C8000FF321A6001AB00220649074806F0ACF873
:104C90000199012006F07CFD03B05DF804FB00BF24
:104CA000C4DD12A034590400680802000B4B1B68D5
:104CB00003B1704700B583B0084B4FF0FF321A6064
:104CC00001AB00220649074806F08EF80199022040
:104CD00006F05EFD03B05DF804FB00BFC0DD12A06E
:104CE000D8580400700802000B4B1B6803B17047D2
:104CF00000B583B0084B4FF0FF321A6001AB0022C1
:104D00000649074806F070F80199032006F040FDB7
:104D100003B05DF804FB00BFBCDD12A07C580400AA
:104D2000780802000B4B1B6803B1704700B583B0D5
:104D3000084B4FF0FF321A6001AB002206490748CA
:104D400006F052F80199042006F022FD03B05DF848
:104D500004FB00BFB8DD12A0205804008008020048
:104D60000B4B1B6803B1704700B583B0084B4FF085
:104D7000FF321A6001AB00220649074806F034F8FA
:104D80000199052006F004FD03B05DF804FB00BFA7
:104D9000B4DD12A0C4570400880802000020704748
:104DA000D3F800C0C0F830C0D3F808C0C0F834C091
:104DB000D3F804C0C0F83CC0D3F80CC0C0F840C061
:104DC0001B698363C2624368FE221A634368490019
:104DD000D96000207047436840221A60436804226B
:104DE0001A6000207047436840229A610020704793
:104DF00070B505460E46408C06F064FD0446A88C4E
:104E000006F060FD30B1B4FA84F0400940423060F1
:104E1000002070BD4FF0FF30F9E7000010B50B4BDC
:104E200043604FF0FF33836200248461084B1860B5
:104E300007230384074B032207490A2000F0A6FC3E
:104E40000A2000F055FC204610BD00BF00C0014004
:104E5000E0DD12A0F00F02004953010010B50B4B2A
:104E600043604FF0FF33836200248461084B186075
:104E700013230384074B032207490B2000F086FC11
:104E80000B2000F035FC204610BD00BF00C00540DF
:104E9000DCDD12A0141002005953010038B504469D
:104EA0000D46F4F719F80E4AA2FB00239B09B3FB49
:104EB000F5F39BB2B5F5C87F0AD0B5F57A7F4FEA16
:104EC000530303BFDA1C6261033B6361236138BD96
:104ED0005B0803F108026261083B2361F7E700BF4A
:104EE000D34D621010B50446038C0120984003F0A6
:104EF00069FC63686C229A61A36859886068FFF74F
:104F0000CDFF636840221A6010BD10B50446816071
:104F10008361C2610B785B0003734B6803610B7A9A
:104F2000037500234375836201230B77FFF7DAFFD4
:104F3000636820221A6010BD10B504468160836149
:104F4000C2610B785B0043F0010303730B690361DB
:104F50000B7D037500234375836201230B77FFF7F5
:104F6000C1FF636820221A6010BD10B50446426874
:104F70005368DBB2083BC02B00F2D381DFE813F0AB
:104F8000C100D101D101D101D101D101D101D101A2
:104F9000C100D101D101D101D101D101D101D10192
:104FA000CC00D101D101D101D101D101D101D10177
:104FB000D400D101D101D101D101D101D101D1015F
:104FC000E400D101D101D101D101D101D101D1013F
:104FD0000201D101D101D101D101D101D101D10110
:104FE0001201D101D101D101D101D101D101D101F0
:104FF0001501D101D101D101D101D101D101D101DD
:105000002201D101D101D101D101D101D101D101BF
:105010003201D101D101D101D101D101D101D1019F
:105020004901D101D101D101D101D101D101D10178
:105030006301D101D101D101D101D101D101D1014E
:105040006301D101D101D101D101D101D101D1013E
:105050006301D101D101D101D101D101D101D1012E
:105060006301D101D101D101D101D101D101D1011E
:105070007401D101D101D101D101D101D101D101FD
:105080008B01D101D101D101D101D101D101D101D6
:105090007401D101D101D101D101D101D101D101DD
:1050A0008B01D101D101D101D101D101D101D101B6
:1050B000A001D101D101D101D101D101D101D10191
:1050C000AC01D101D101D101D101D101D101D10175
:1050D000AC01D101D101D101D101D101D101D10165
:1050E000AE01D101D101D101D101D101D101D10153
:1050F000C501D101D101D101D101D101D101D1012C
:10510000C501037B9360436820229A6100234375A5
:10511000636808229A6110BD437D0169CB5C93608E
:10512000436820229A61F3E72023936143681022A9
:105130001A60836802221A774FF0FF338362836913
:105140008168C0699847E3E7437D0133DBB243756B
:10515000017D99420FD820239361436810221A6081
:10516000836800221A774FF0FF3383628369816876
:10517000C0699847CCE70169CB5C93604368202203
:105180009A61C5E720239361436810221A608368FF
:1051900002221A774FF0FF33836283698168C06906
:1051A0009847B5E720231360B2E720239361437D3E
:1051B0000133027D934243684FF00402ACBF9A6111
:1051C0001A60A5E720239361436810221A60836860
:1051D00002221A774FF0FF33836283698168C069C6
:1051E000984795E79168437D027D9A4203D9026909
:1051F000581C6075D154636820229A61637D013325
:10520000227D934263684FF00402ACBF9A611A603A
:105210007EE79168437D027D9A4203D90269581C5A
:105220006075D154636820229A61636810221A6005
:10523000A36800221A774FF0FF33A362A369A16825
:10524000E069984764E720239361002343758362F4
:10525000036BC06A984718B1636804229A6157E7E4
:10526000636804221A6053E79168C36BC9B2C06ACD
:105270009847637D01336375636820229A61236BCD
:10528000E06A984718B1636804229A6140E763684E
:1052900004221A603CE79168C36BC9B2C06A9847A0
:1052A000637D01336375636820229A616368042219
:1052B0001A604FF0FF33A362A36BE06A984727E7B9
:1052C00020239361436804221A604FF0FF33836206
:1052D000836BC06A98471BE700234375236CE06A21
:1052E0009847637D01336375636898606368202223
:1052F0009A61636BE06A984718B1636804229A6107
:1053000006E7636804221A6002E72023936143687A
:1053100004221A604FF0FF338362836BC06A9847A0
:10532000F6E620239361436804221A608368022210
:105330001A774FF0FF338362836BC06A9847A36983
:10534000A168E0699847E3E608B5024B1868FFF7E3
:105350000CFE08BDE0DD12A008B5024B1868FFF78F
:1053600004FE08BDDCDD12A0104B1B6803B17047C2
:1053700030B583B004460D460C4B4FF0FF321A6037
:1053800001AB00220A490B4805F02EFD03220A4911
:10539000204603F023FA03220849284603F01EFAA8
:1053A000019B9D845C8403B030BD00BFD8DD12A09A
:1053B000F05D0400F00F0200645E04004C5E040027
:1053C000104B1B6803B1704730B583B004460D46DF
:1053D0000C4B4FF0FF321A6001AB00220A490B4818
:1053E00005F002FD03220A49204603F0F7F90322E3
:1053F0000849284603F0F2F9019B9D845C8403B0C0
:1054000030BD00BFD4DD12A0C45D04001410020042
:10541000345E04001C5E040072B6FEE708B500238B
:1054200001200D4900E0013313F0800FFBD103F0A0
:105430001F0200FA02F2C1F88020BFF34F8FBFF3C2
:105440006F8F0133202BEFD14FF4A472002103485A
:1054500009F0CDF808BD00BF00E100E0E4DD12A0D6
:1054600008B5024B5B68984708BD00BFE4DD12A099
:1054700008B5024BDB68984708BD00BFE4DD12A009
:1054800008B5024B5B69984708BD00BFE4DD12A078
:1054900008B5024BDB69984708BD00BFE4DD12A0E8
:1054A00008B5024B5B6A984708BD00BFE4DD12A057
:1054B00008B5024BDB6A984708BD00BFE4DD12A0C7
:1054C00008B5024B5B6B984708BD00BFE4DD12A036
:1054D00008B5024BDB6B984708BD00BFE4DD12A0A6
:1054E00008B5024B5B6C984708BD00BFE4DD12A015
:1054F00008B5024BDB6C984708BD00BFE4DD12A085
:1055000008B5024B5B6D984708BD00BFE4DD12A0F3
:1055100008B5024BDB6D984708BD00BFE4DD12A063
:1055200008B5024B5B6E984708BD00BFE4DD12A0D2
:1055300008B5024BDB6E984708BD00BFE4DD12A042
:1055400008B5024B5B6F984708BD00BFE4DD12A0B1
:1055500008B5024BDB6F984708BD00BFE4DD12A021
:1055600008B5024BD3F88430984708BDE4DD12A09B
:1055700008B5024BD3F88C30984708BDE4DD12A083
:1055800008B5024BD3F89430984708BDE4DD12A06B
:1055900008B5024BD3F89C30984708BDE4DD12A053
:1055A00008B5024BD3F8A430984708BDE4DD12A03B
:1055B00008B5024BD3F8AC30984708BDE4DD12A023
:1055C00008B5024BD3F8B430984708BDE4DD12A00B
:1055D00008B5024BD3F8BC30984708BDE4DD12A0F3
:1055E00008B5024BD3F8C430984708BDE4DD12A0DB
:1055F00008B5024BD3F8CC30984708BDE4DD12A0C3
:1056000008B5024BD3F8D430984708BDE4DD12A0AA
:1056100008B5024BD3F8DC30984708BDE4DD12A092
:1056200008B5024BD3F8E430984708BDE4DD12A07A
:1056300008B5024BD3F8EC30984708BDE4DD12A062
:1056400008B5024BD3F8F430984708BDE4DD12A04A
:1056500008B5024BD3F8FC30984708BDE4DD12A032
:1056600008B5024BD3F80431984708BDE4DD12A019
:1056700008B5024BD3F80C31984708BDE4DD12A001
:1056800008B5024BD3F81431984708BDE4DD12A0E9
:1056900008B5024BD3F81C31984708BDE4DD12A0D1
:1056A00008B5024BD3F82431984708BDE4DD12A0B9
:1056B00008B5024BD3F82C31984708BDE4DD12A0A1
:1056C00008B5024BD3F83431984708BDE4DD12A089
:1056D00008B5024BD3F83C31984708BDE4DD12A071
:1056E00008B5024BD3F84431984708BDE4DD12A059
:1056F000282809D840B2410900F01F000123834047
:10570000024A42F82130704772B6FEE700E100E03D
:1057100028280ED840B2430900F01F000122824021
:105720002033054941F82320BFF34F8FBFF36F8F1C
:10573000704772B6FEE700BF00E100E0292808D8F4
:10574000054B03EBC0035868003818BF01204042E6
:1057500070470020704700BFE4DD12A040B200286F
:1057600009DB0631C900C9B200F1604000F56140B3
:1057700080F80013704700F00F000631C900C9B26D
:10578000014B1954704700BF14ED00E028280DD8D4
:1057900038B50B461146074C04EBC00255683DB9BD
:1057A00044F830005360FFF7D9FF38BD72B6FEE70A
:1057B00072B6FEE7E4DD12A010B5084B5C6A14F087
:1057C000040F07D0064B1A68D2F8183213B1D2F87A
:1057D0001C029847014B9C6210BD00BF008008204E
:1057E00030DF12A008B503460D4A916941F001016E
:1057F0009161916941F400619161D0F8080238B17A
:10580000D3F8102232B10268526AD3F80C129047D2
:10581000002008BD0268926AD3F80C129047F7E79F
:105820000080082008B503460D4A916921F0010166
:105830009161916921F400619161D0F8080238B159
:10584000D3F8102232B10268926AD3F80C12904752
:10585000002008BD0268526AD3F80C129047F7E79F
:1058600000800820072070474160024B196100202A
:10587000704700BF00800820FF2924D810B49B097E
:1058800003F47873BDF8044043EAD423520802F4C9
:10589000F84213434FEA510C11F0010F0DD0CA1C0E
:1058A00030F8122042EA0342084C44F82C2004311C
:1058B00020F81130002010BC70470A1D30F812206B
:1058C00043EA0242F0E70620704700BF008208204A
:1058D000D0F818324BB1064AD36923F00403D361E0
:1058E0000023C0F81832C0F81C320020704700BFF7
:1058F0000080082070B504460E461546D0F81832D0
:105900000BB1FFF7E5FFC4F81862C4F81C52034A54
:10591000D36943F00403D361002070BD00800820E8
:1059200010B5104B03604FF0204343600024C0F8D3
:105930000842C0F80C42C0F810420A23C0F81432E2
:10594000C0F81842C0F81C42074B1860074B0322EE
:1059500007492520FFF71AFF2520FFF7C9FE20463B
:1059600010BD00BF3460040030DF12A060210200CF
:10597000B9570100F8B506460D46012002F022FF96
:10598000684A936923F001039361EB88013B1B0292
:105990009BB2A9880139090401F47F010B4369888E
:1059A000013943EA01632989090901398900C9B22A
:1059B0000B4313602B8A013BC3F30903A989090434
:1059C00001F47F010B43698943EA0163E9890139E5
:1059D000890289B20B435360AB8C002B43D0013B4F
:1059E0009B0103F4F8636A690AB143F48043AA692E
:1059F0000AB143F40053EA690AB143F480532A6AB6
:105A00000AB143F400632A78042A37D0052A3ED02D
:105A1000032A2AD029890139434A02EA014242EA8B
:105A200003070024F3F754FAA31CB0FBF3F02B6C2C
:105A3000834202D201340F2CF4D13C43394A9460A2
:105A40006B8A7BB3013B43F48033D360354B002238
:105A5000DA616B78013B062B28D8DFE803F03529A3
:105A60002B2D2F3133000023BDE72A899208013AFC
:105A70002D4901EA024242EA0307D2E72A89D20805
:105A8000013A294901EA024242EA0307C9E72A89A1
:105A900002EB4202D210013A234901EA024242EAF1
:105AA0000307BEE71F4B0022DA60CFE700230CE0BC
:105AB00004230AE0062308E00E2306E0082304E09E
:105AC0000C2302E00A2300E0022395F83820012A83
:105AD00008BF43F480732A78032A1FD004D9042A0C
:105AE00004D143F0500301E043F02003AA6A0AB155
:105AF00043F080030B4A93610C4B002102F5806256
:105B000043F8041B9342FBD1EB6B7360054A1361AE
:105B1000074B084AC3F888210020F8BD43F0100362
:105B2000E4E700BF008008200000FF030082082097
:105B300000C00F40090C010038B504460846154660
:105B4000C4F8081201219140C4F80C12C4F81032B4
:105B5000049AC4F8142293B103689B6A9847D4F856
:105B6000080203685B6B0022E9B29847D4F8080288
:105B70000368DB69D4F80C129847002038BD03682D
:105B80005B6A9847EBE70000674B1B6803B17047FF
:105B900030B585B00446644B4FF0FF321A6003AB5A
:105BA00000226249624805F01FF9012261492088FC
:105BB00002F032FE01226049208902F02DFE01220E
:105BC0005E49608802F028FE01225D49E08802F00B
:105BD00023FE01225B49A08802F01EFE01225A49E1
:105BE000608902F019FE02225849A08902F014FED1
:105BF00002225749E08902F00FFE02225549208A0D
:105C000002F00AFE03225449608A02F005FE0222D5
:105C10005249A08A02F000FE03225149E08A02F0B4
:105C2000FBFD03224F49208B02F0F6FD03224E4973
:105C3000608B02F0F1FD03224C49A08B02F0ECFDD9
:105C400003224B49E08B02F0E7FD03224949208CF7
:105C500002F0E2FD03224849608C02F0DDFD0222E1
:105C60004649A08C02F0D8FD02224549E08C02F0A2
:105C7000D3FD02224349208D02F0CEFD022242498B
:105C8000608D02F0C9FD01224049A08D02F0C4FDE3
:105C900001223F49E08D02F0BFFD01223D49208EE7
:105CA00002F0BAFD01223C49608E02F0B5FD0122EE
:105CB0003A49A08E02F0B0FD01223949E08E02F08F
:105CC000ABFD01223749208F02F0A6FD01223649A3
:105CD000608F02F0A1FD01223449A08F02F09CFDEB
:105CE000E08F4FF6FF73984201D105B030BD05F04B
:105CF000FFFD236CA3B1E08F05F06AFDE08F05F096
:105D000073FD039DE08F000A05F016FD0146636CEC
:105D10000093236C94F83E202846FFF70DFFE4E73C
:105D2000E08F05F049FDE9E72CDF12A034600400A4
:105D3000AC1602002C600400246004001C60040007
:105D4000146004000C60040004600400F45F0400AC
:105D5000E45F0400D45F0400BC5F0400AC5F040097
:105D6000945F04007C5F0400645F04004C5F0400E7
:105D7000345F04001C5F0400045F0400F45E040050
:105D8000E45E0400D45E0400C45E0400BC5E040053
:105D9000B45E0400AC5E0400A45E04009C5E0400DB
:105DA000945E04008C5E0400845E04007C5E04004B
:105DB00030B4B1FBF2F101FB02F4164B03EB4403E8
:105DC000154CA34222D94FF0000C124D0CF1010CDE
:105DD00002FA0CF301FB03F305EB4303A342F5D8EE
:105DE000013941EA4C11416001230360AA23C360D9
:105DF0005523C360836813F4806FFBD003230360D3
:105E0000AA23C3605523C36030BC70474FF0000C19
:105E1000E6E700BF00A1B3F60071C60938B5044635
:105E2000614B4FF4A0421A602022C3F8A0211A4609
:105E3000D2F8A03113F0400FFAD0227C5A4BC3F8AD
:105E4000A821627C013AC3F80021227BC3F80C210F
:105E5000237B002B6CD02268544B1A60E37B524D9D
:105E6000C5F80431226861685148FFF7A1FFD5F8F1
:105E7000043143F48073C5F804310123C5F80831B7
:105E80002268A1684B48FFF793FFD5F80831A27B41
:105E900043EA0223C5F80831A3691A1E18BF01227C
:105EA000E37C43EA0222237D013B1B01DBB2134367
:105EB000C5F8C831D5F8883013F4807F3AD0D5F8CA
:105EC000883003F01F03394A126803FB0222364868
:105ED000D0F8043103F01F03B2FBF3F336490B6033
:105EE000D0F8A81101F01F01B2FBF1F1334C216091
:105EF000D0F8001101F001010131B2FBF1F230499B
:105F00000A60D0F8082112F4407F16D1274A12689F
:105F10002549D1F8081101F01F01B2FBF1F229491E
:105F20000A60294A93421CD81F4B3A221A6038BD96
:105F3000264A91E71D4B1A68C9E71B4AD2F8082187
:105F400002F44072B2F5807F174A0CBFD2F8881075
:105F5000D2F8A81001F01F01144A126801FB0222B6
:105F6000D6E71B4A934204D20F4B41F23A021A6021
:105F7000DDE7184A934204D20B4B42F23A021A6010
:105F8000D5E7154A934204D8074B43F23A021A6008
:105F9000CDE7124A9342044B94BF44F23A0245F2D1
:105FA0003A021A60C3E700BF00C00F4004010010AE
:105FB00080C00F40A0C00F4000010010FC00001086
:105FC000F8000010F4000010FF2C3101001BB70096
:105FD000005A620200879303FFB3C404008C864713
:105FE00030B5049C4068003B18BF0123039D0DB1F0
:105FF00043F002030CB143F00403446901EB410E8A
:106000004FF0070C0CFA0EFC24EA0C0444614469BE
:1060100003FA0EF323434361104BD3F8A83103F086
:106020001F03B2FBF3F2062906D8DFE801F0040AE9
:106030000C0E10121400826101238B4003650020B6
:1060400030BDC261F8E70262F6E74262F4E702643B
:10605000F2E74264F0E78264EEE700BF00C00F4061
:1060600030B583B0964645680024EC606B6823F039
:1060700009036B600A4BD3F8A83103F01F0C01949D
:106080004FF0FF33009323460A46BEFBFCF1FFF7B7
:10609000A7FFAC6009236B60204603B030BD00BF92
:1060A00000C00F404268D06C012303FA01FC20EAD3
:1060B0000C00D064D06C08318B400343D3640020C3
:1060C00070474068C36C083101228A4023EA02030A
:1060D000C3640020704707207047000008B5034BD9
:1060E0004360202002F06EFB002008BD004001400C
:1060F00008B5034B4360402002F064FB002008BD5C
:106100000080014008B5074B1B6803B108BD054B73
:106110004FF0FF321A6000231A460349034804F087
:1061200063FEF3E740DF12A0B460040080160200B3
:10613000084B1B6803B1704710B50446054B4FF080
:10614000FF321A60FFF7DEFF02220349204602F009
:1061500045FB10BD3CDF12A08060040008B5074B72
:106160001B6803B108BD054B4FF0FF321A600023D6
:106170001A460349034804F037FEF3E738DF12A05C
:106180009060040088160200084B1B6803B170473A
:1061900010B50446054B4FF0FF321A60FFF7DEFFE3
:1061A00003220349204602F019FB10BD34DF12A080
:1061B000686004004FF0FF33436000207047000028
:1061C0008C46114B5A69996958699042FAD198697D
:1061D0008842F7D102F03F038CF80230C2F3052366
:1061E0008CF80130C2F304428CF8002001F01F0348
:1061F0008CF80530C1F303238CF80430C1F30B4352
:10620000ACF8063000207047004002404368002B85
:106210000CBF02221222124B1A728A7883F82020B5
:106220004A7883F824200A7883F828204A7983F86A
:106230002C200A7983F83820CA889A8793F85C2042
:1062400042F0100283F85C204368002B0CBF01224F
:106250001122034B1A72034A5A650020704700BF8F
:1062600000400240CDDC55AA30B583B005460C464F
:106270006946FFF7A5FF9DF80030172B1ED89DF843
:1062800001303B2B1AD89DF802303B2B16D89DF8D5
:106290000430013BDBB20B2B10D89DF80530013BDD
:1062A000DBB21E2B0AD8BDF8062042F20F739A42C9
:1062B00004D8074B5A6D074B9A4206D02146284610
:1062C000FFF7A4FF172003B030BD0020FBE700BF9D
:1062D00000400240CDDC55AA70B504460D46164676
:1062E0004FF4007002F06EFA65601E4B1A7A02F0ED
:1062F00002021A721A7A42F002021A721B7A13F020
:10630000020F08D10125174C284604F0F7FA237A2A
:1063100013F0020FF8D0134B1A7A02F001021A722E
:106320001B7A13F0020F08D001250E4C284604F00A
:10633000E5FA237A13F0020FF8D10A4B1E641A7A99
:1063400042F001021A721B7A13F0010F08D10125E5
:10635000044C284604F0D2FA237A13F0010FF8D047
:10636000002070BD004002400C4B1B6803B1704719
:1063700030B583B004460D46084B4FF0FF321A602B
:1063800001AB00220649074804F02EFD2A462146AB
:106390000198FFF7A1FF03B030BD00BF44DF12A09A
:1063A000D86004001C130200B1F5802F32D370B501
:1063B000054684464FEA914E4FF480700024A3B204
:1063C0002A46138001339BB2538004328342F8D1B2
:1063D00005F580650134013080B27445EFD34FF488
:1063E000803600250CF5806431462A46DCF8000032
:1063F00093B20B4383420FD10CF1040C013201F52F
:1064000080316445F2D1013506F580367545E9D312
:10641000012002E001207047002070BD0A21002009
:106420000D4A03E0DBB21844013910D0D2F8E03154
:1064300043F48043C2F8E031D2F8E03113F4004F66
:10644000F0D1D2F8E03113F4004FFAD0EAE7034B71
:10645000A3FB0030C008704700C00F40CDCCCCCCAF
:106460002DE9F04F87B083460022059203920492F3
:10647000059B05934168C34B19600168C24B1960C5
:10648000C24BD3F8A01121F00201C3F8A011D3F838
:10649000C41041F40061C3F8C41041F21001C3F804
:1064A000DC11BB4B012119609A602020FEF756F8E1
:1064B0000F20FEF739F8B74AD2F8603223F007030D
:1064C00043F00103C2F86032D2F8643223F00703CC
:1064D00043F00103C2F86432DBF80430B3F5000F77
:1064E0000DD0B3F1807F37D0B3F1007F02D14FF4EC
:1064F000A94106E0A848FDF737F8002101E04FF474
:10650000A641DBF80030B3F1204F28D0B3F1304F73
:1065100000F01A81B3F1404F00F048819D4BD3F851
:106520003C2122F0070242F00102C3F83C21D3F8DB
:106530005C2122F0070242F00102C3F85C21D3F88B
:106540006C2122F0070242F00102C3F86C21904B4B
:10655000C3F86011914C1FE04FF4AA41D1E78D4B75
:10656000D3F8782222F0070242F00102C3F8782221
:10657000D3F8502122F0070242F00102C3F8502163
:10658000D3F8602122F0070242F00102C3F8602133
:106590007F4BC3F80011824C7E4AD2F8403123F081
:1065A000070343F00103C2F84031D2F8443123F02D
:1065B000070343F00103C2F844319BF80A30002B73
:1065C00040F01281D2F8483123F0070343F0010371
:1065D000C2F848316F4BD3F8702122F0070242F025
:1065E0000102C3F87021D3F8742122F0070242F0AF
:1065F0000102C3F87421D3F8782122F0070242F097
:106600000102C3F87821D3F87C2122F0070242F07E
:106610000102C3F87C215E4D40F20223C5F804312B
:106620000126AE62DBF81830013B2B63DBF81C302F
:10663000013B6B63DBF82030013BAB63DBF82430BC
:10664000013BEB63DBF828302B64DBF82C30013B9B
:106650006B64DBF83030013BAB64DBF83430013B7A
:10666000EB64DBF83830013B2B65DBF83C30013B59
:106670006B65DBF84030013BAB6540F283132B6266
:10668000C82002F067F94FF480732B626E6200231A
:106690000293029BFF2B06D800BF029B013302939B
:1066A000029BFF2BF8D9DBF80C303E4AA2FB0323F8
:1066B0009B09DBF8102002FB03F3DBF81420B3FB8B
:1066C000F2F31B090133324A536200230293029B07
:1066D0003F2B06D800BF029B01330293029B3F2B46
:1066E000F8D92B4B80221A62DBF80430B3F1007F1B
:1066F000DBF800300CBF43F4883343F408431B68D5
:10670000059300230293029B3F2B06D800BF029BF8
:1067100001330293029B3F2BF8D900251C4B1D62CD
:10672000236843F400232360012002F013F9FFF7EC
:1067300075FE0390DBF800A0DBF80490FF27A84665
:106740002C460197114E60E0124BD3F87C2222F0C8
:10675000070242F00102C3F87C22D3F8542122F050
:10676000070242F00102C3F85421D3F8642122F059
:10677000070242F00102C3F86421054BC3F820115F
:10678000094C09E7080100100C01001000C00F407F
:1067900000C0092000C00240C821020060C10920D9
:1067A00000C10920D34D621020C109206B4BD3F8E2
:1067B000382122F0070242F00102C3F83821D3F851
:1067C000582122F0070242F00102C3F85821D3F801
:1067D000682122F0070242F00102C3F86821604BF1
:1067E000C3F840115F4CD7E65C4AD2F84C3123F035
:1067F000070343F00103C2F84C31EBE6019BFF2B8A
:1068000016D004460135202D15D0D6F8DC3123F002
:106810001F032B43C6F8DC3149465046FFF7C4FD41
:106820000128EBD0012C02BFA0462F460024E9E747
:1068300004460195E6E7B8F1010F0ED0012C25D0F2
:10684000494AD2F8DC3123F01F0343F01003C2F8A9
:10685000DC314648FCF788FE0AE0019B3B445B08BC
:106860004149D1F8DC2122F01F021343C1F8DC3189
:10687000DBF800A0DBF804904FF0FF0800273C464F
:10688000CDF804803D46384EBB460AE0019B1F33DD
:106890005B08E5E7019BFF2B17D004460135202D4F
:1068A00016D0D6F8DC3123F4F85343EA0523C6F8B2
:1068B000DC3149465046FFF777FD0128EAD0012C2C
:1068C00002BF2746A8465C46E8E704460195E5E78F
:1068D000012F0ED0012C3DD0234AD2F8DC3123F415
:1068E000F85343F48053C2F8DC312048FCF73CFEF7
:1068F0000BE0019B43445B081B49D1F8DC2122F4E7
:10690000F85242EA0323C1F8DC31FFF787FD049017
:106910001548D0F8DC21039E0499039D049C02F0E5
:106920001F0306FB03F3B3FBF1F303F01F0302F4B1
:10693000F85105FB01F1B1FBF4F101F4F8510B43FF
:1069400022F4F85222F01F021343C0F8DC3107B0E2
:10695000BDE8F08F019B1F335B08CDE700C002400C
:1069600000C0092040C1092000C00F40C82102001A
:1069700010B5044643689A689168CBB211F0010FD4
:106980000BD010E0A36808212069984763689A68D3
:106990009168CBB211F0010F05D1C3F34203012B73
:1069A000F0D0022B00D010BD1168E368C9B2206995
:1069B0009847EBE708B5024B1868FFF7D9FF08BD09
:1069C00054DF12A008B5024B1868FFF7D1FF08BDCD
:1069D00050DF12A043689B681960002070470000D8
:1069E0000346044A1060044A426000201861D860DF
:1069F0009860704754DF12A0F86104000346044A0F
:106A00001060044A426000201861D86098607047A6
:106A100050DF12A0E46104000B46143003C883E881
:106A200003000020704743689B68C9B219610020C9
:106A3000704743689B689B69DBB20B60002070471E
:106A400043689B68586900F06000B0FA80F0400924
:106A5000704708B543681868FEF75AFE002008BD65
:106A600008B543681868FEF743FE002008BD38B536
:106A70000C46456800F11403D1E9000183E80300E6
:106A8000F2F72AFA23681B01B0FBF3F0AA68D36877
:106A900043F08003D360AB68C2B21A60AB68C0F346
:106AA00007205860AB68DA680022DA60A379042B0B
:106AB00051D8DFE803F02C031A202600AA68D36817
:106AC00043F00803D3606379012B24D0022B44D018
:106AD000002B44D1AB68DA68DA602379053B032BDD
:106AE0003FD8DFE803F01E262C32AA68D36843F0B3
:106AF0001803D360E7E7AA68D36843F02803D3609C
:106B0000E1E7AA68D36843F03803D360DBE7AB68FA
:106B1000DA68DA60D7E7AA68D36843F00403D36081
:106B2000DBE7AB68DA68DA60E079002818BF072095
:106B300038BDAA68D36843F00103D360F4E7AA68BC
:106B4000D36843F00203D360EEE7AA68D36843F04A
:106B50000303D360E8E70E20EAE70720E8E70E200A
:106B6000E6E70720E4E72DE9F84305460E469046A0
:106B70001F4644682068FEF7CBFD6B68187C4FF019
:106B8000010909FA00F001F01DFE6B68187C09FA92
:106B900000F001F017FEC5F80C80AF602E61F2F72F
:106BA0009BF90646F2F790F90001B6FBF0F0A368F6
:106BB00007229A60A268D36843F08003D360A36879
:106BC000C2B21A60A368C0F307205860A3681022FD
:106BD0009A62A268D36823F08003D360A26803237B
:106BE000D360A26853602B681B682279E168206833
:106BF000FEF7CCFD0020BDE8F883000038B50D4B52
:106C00001B6803B138BD05460C460A4B4FF0FF32F6
:106C10001A6000231A460849084804F0E5F80222E1
:106C20000749284601F0F8FD02220649204601F0F6
:106C3000F3FDE7E74CDF12A040620400C01502003C
:106C4000D4610400C4610400F8B51C461E4B1B68E7
:106C500003B1F8BD06460F4615461B4B4FF0FF32F9
:106C60001A6000231A461949194804F0BDF8032296
:106C70001849304601F0D0FD03221749384601F08B
:106C8000CBFD04221549284601F0C6FD0322144914
:106C9000204601F0C1FD03221249BDF8180001F0A1
:106CA000BBFD03221049BDF81C0001F0B5FD032215
:106CB0000E49BDF8200001F0AFFD04220C49BDF8DB
:106CC000240001F0A9FDC4E748DF12A00C62040013
:106CD000C8150200AC6104009461040074610400F2
:106CE0005C610400446104002C6104001461040030
:106CF000F460040008B50346426A2AB1C06902681C
:106D0000526A196A904708BDC0690268926A196A96
:106D10009047F8E708B50346426A2AB1C06902689D
:106D2000926A196A904708BDC0690268526A196A76
:106D30009047F8E70346044A4260044A1060002086
:106D400098610E225A617047008008405CDF12A0F3
:106D500040680B7B082B0AD88260C36813F0010FD0
:106D6000FBD0C36813F0100FF7D180687047138809
:106D70008360C36813F0040FFBD08068704708B5C8
:106D80000846FFF7C7FF08BD0B7B082B6AD8F0B594
:106D900083B08E468C68002C66D043680968DEF8A4
:106DA00004004FF0000C6E46FF2523E09D609D60BF
:106DB0009D609D609D609D609D609D60DA6812F0A1
:106DC000010FFBD0DA6812F0100FF7D19A68027049
:106DD0009A6842709A6882709A68C2709A68027162
:106DE0009A6842719A6882719A68C2710830BC468A
:106DF000A44534D2DEF80420002A08BF30460CF146
:106E00000807A74215D8DEF80020002ACED00A785D
:106E10009A604A789A608A789A60CA789A600A7901
:106E20009A604A799A608A799A60CA799A60083138
:106E3000C4E7DEF8002082B111F8012B9A60DA680D
:106E400012F0010FFBD0DA6812F0100FF7D19A6838
:106E500000F8012B0CF1010CCAE79D60EFE7002060
:106E600003B0F0BD0E2070470020F9E730B4416850
:106E700003699D689A6AAC1A186800B3032C0DD98F
:106E80008418825C8A6062788A60A2788A60E2787C
:106E90008A609A6A04329A6230BC704754B10244E4
:106EA000284412F8014B8C609C6A01349C62904229
:106EB000F7D1F1E74B6923F008034B61ECE7032CB2
:106EC00008D9FF228A608A608A608A609A6A0432DE
:106ED0009A62E1E754B1013CFF2088609A6A01326E
:106EE0009A62013CB4F1FF3FF7D1D5E74B6923F03B
:106EF00008034B61D0E780697047F8B545680469BD
:106F0000EB6913F0FF0F2BD0064601270BE0591C4D
:106F1000E162D054E26AA3689A4210D22F62EB6910
:106F200013F0FF0F1CD013F0060F1AD0E36AA2680B
:106F3000934204D2A8686268002AE8D1EEE770693B
:106F4000FEF7E6FB03232B626B6900246C6130695A
:106F5000FFF7E0FEB461B36813B13169F068984798
:106F6000F8BD13F0080F02D1DBB22B62D7E7304631
:106F7000FFF77CFFD3E7000008B5024B1868FFF766
:106F8000BCFF08BD5CDF12A0F8B505460E4644689C
:106F9000C8690368DB69096A98473369EA699A42F4
:106FA0000FD102236360E36813F0100FFBD1E36895
:106FB00013F0040F04D0A368E36813F0040FFAD1B0
:106FC000F8BDEB6102232361F1F786FF2369164ABE
:106FD000A2FB0025AD09326902FB03F3B5FBF3F513
:106FE000114F00E00135F1F777FF2269A7FB00138D
:106FF0009B0905FB02F2B3FBF2F332699342F1D82D
:1070000005B1013DB3691A1E18BF01227369003B27
:1070100018BF01239B0143EAC213327B013A134399
:1070200043EA05232360BCE7D34D62102DE9F04706
:1070300082B006460D4644680023019391F83090D3
:10704000019B01934069FEF763FB29463046FFF739
:107050009BFF2846FFF74EFE2B7B012B0DD0082B04
:1070600000F2A7802F68D5F80480AB68FBB109F067
:10707000010900264FF0FF0A65E0E36813F0100FE6
:10708000FBD1E36813F0010FF7D02B68B3B11B7885
:10709000A360E36813F0100FFBD1E36813F0010F56
:1070A000F7D0A36801936B680BB1019A1A70284658
:1070B000FFF730FE002002B0BDE8F087FF23E7E7CE
:1070C0002846FFF717FE49E017F8013BA360E36885
:1070D00013F0100FFBD1E36813F0010FF7D0B8F1F4
:1070E000000F4ED0331DAA68934222D8B9F1000F89
:1070F0001FD1A36888F80030A36888F80130A3681E
:1071000088F80230A36888F80330033608F10408D1
:1071100015E0331DAA68934208D8B9F1000F05D1D4
:10712000FF23A360A360A360A360D0E7C4F808A016
:10713000CDE7A36808F8013BB9F1000F35D101365E
:10714000AB68B342B3D9E36813F0100FFBD1E36827
:1071500013F0010FF7D0B9F1000FB1D1002FD8D043
:10716000331DAA689342AFD8B9F1000FACD13B7878
:10717000A3607B78A360BB78A360FB78A36004372F
:10718000A5E7331DAA6893420CD8B9F1000F09D1C5
:10719000A3680193A3680193A3680193A368019373
:1071A0000336CCE7A3680193C6E72846FFF7B2FD94
:1071B000C5E729686A68AB68002B3FF478AF002008
:1071C0004FF6FF7708E0A76015E0A3680193013050
:1071D000AB6883427FF66BAFE36813F0100FFBD10F
:1071E000E36813F0010FF7D00029ECD00B4633F819
:1071F000021BA1601946E36813F0100FFBD1E3688E
:1072000013F0010FF7D0002ADFD0A668134623F849
:10721000026B1A46DBE710B50C46FFF7B5FE2046B9
:10722000FFF768FD10BD2DE9F8431F460B7B082BC7
:1072300024D804460D469046D0F804904069FEF7E5
:1072400067FA0026AE62EE62C4F80880E760256146
:1072500029462046FFF798FE2846FFF74BFD4FF0E2
:10726000FF33A3610E23C9F814302046FFF7FEFD5B
:107270006069FEF73DFA3046BDE8F8830E20FBE773
:107280002DE9F0411A4C24680CB1BDE8F0810746A5
:10729000884616461D46164B4FF0FF321A60154CB5
:1072A00000231A461449204603F09EFD0322134989
:1072B000384601F0B1FA04221149284601F0ACFA2F
:1072C00003221049404601F0A7FA03220E49304636
:1072D00001F0A2FA4FF4001001F074FA23460122E3
:1072E0000A490E20FEF752FA0E20FEF711FACCE7FB
:1072F00058DF12A0D0150200DC620400C462040052
:10730000A46204008C62040074620400796F0100BE
:107310004268136F23F003030B4313670020704789
:10732000012908D84268136F23F00C0343EA810354
:1073300013670020704709207047032910D843685D
:10734000D86B023149004FF0030C0CFA01FC20EA23
:107350000C00D863D86B8A400243DA630020704780
:107360003B20704743685A6842F002025A605A68EC
:1073700022F002025A6070474268536843F00103EA
:10738000536070474268536823F0010353607047AD
:1073900038B5044643681D6815F0010F03D08368B3
:1073A0000BB1C068984715F0020F03D023690BB1E9
:1073B0006069984715F0040F03D0A3690BB1E06929
:1073C000984715F0080F03D0236A0BB1606A9847FD
:1073D0006368EDB21D6038BD08B5024B1868FFF751
:1073E000D7FF08BD6CDF12A008B5024B1868FFF785
:1073F000CFFF08BD68DF12A00023036043608360F5
:10740000C360036143618361C361704710B5044683
:107410004FF040234360044B83620830FFF7ECFFDA
:10742000024B1C60002010BD506404006CDF12A0F1
:1074300010B50446054B4360054B83620830FFF7E7
:10744000DBFF044B1C60002010BD00BF00000940A2
:107450004064040068DF12A0032931D8F8B50C4657
:1074600015461E464768836A1B7B0120984001F041
:10747000A9F9072D26D805F00102C5F3400343EA18
:10748000420315F0040F18BF43F004037A6904EBBC
:1074900044000721814022EA01027A617A6983402F
:1074A00013437B61F1F714FD0546F1F715FDB5FBBC
:1074B000F0F5B6FBF5F6063447F824600020F8BD79
:1074C0003B2070470820FAE7F8B50D4616461C46E3
:1074D0004768836A1B7B0120984001F073F9032DF4
:1074E00024D8231E18BF0123069A0AB143F00203D1
:1074F000079A0AB143F004037A6905EB45000721B6
:10750000814022EA01027A617A69834013437B61F8
:10751000F1F7DEFC0446F1F7DFFCB4FBF0F4B6FB58
:10752000F4F6063547F825600020F8BD3B20FCE75F
:1075300003291BD810B5044600EBC1018A60CB605B
:10754000034600F120019A6892B908338B42FAD1C0
:10755000A36A1888FEF7DCF8002014E0A06A8368AC
:10756000012241680088FEF711F907E03B207047CF
:10757000A36A1888FEF7E2F80028EFD0A36A1888FB
:10758000FEF7B6F8002010BD174B1B6803B170471B
:1075900010B50446144B4FF0FF321A6000231A4610
:1075A0001249134803F020FC02221249208801F0FE
:1075B00033F902221049608801F02EF902220F49A6
:1075C000A08801F029F902220D49E08801F024F990
:1075D00000221146208901F01FF90022114660891E
:1075E00001F01AF910BD00BF64DF12A00C640400A2
:1075F000A4160200C8630400B8630400A863040072
:1076000098630400174B1B6803B1704710B504461C
:10761000144B4FF0FF321A6000231A4612491348E8
:1076200003F0E2FB04221249208801F0F5F802225F
:107630001049608801F0F0F803220F49A08801F09A
:10764000EBF803220D49E08801F0E6F803220C492B
:10765000208901F0E1F803220A49608901F0DCF891
:1076600010BD00BF60DF12A0D8630400AC1402009C
:107670007863040068630400506304003863040006
:107680002063040008630400044AD2F8003231EA9F
:107690000303FAD1014BC3F80812704700C0082059
:1076A00008B5064B3022C3F80822090441F4A06152
:1076B000C3F810121021FFF7E7FF08BD00C0082033
:1076C00038B505461446FFF7EBFF240444F48074F4
:1076D000034BC3F8104210212846FFF7D5FF38BDF1
:1076E00000C0082008B50A46F321FFF7E9FF08BDEE
:1076F00001F00F03084AD2F83402C90941EA4301F4
:1077000001238B400343C2F83432D2F8043243F0F1
:107710000403C2F80432704700C0082001F00F02D1
:107720000648D0F83432C90941EA420101228A40B0
:1077300023EA0203C0F83432704700BF00C00820BB
:107740000346002098605860014A1360704700BFEC
:1077500074DF12A0031D03C983E8030000207047F3
:1077600008B50122FE21FFF7ABFF08BD08B50022D6
:10777000FE21FFF7A5FF08BD38B5054641F080049E
:107780002246D021FFF79CFF2246D0212846FFF752
:1077900097FF38BD70B505460C4601F00F00C909CA
:1077A00041EA4001A00000F03C0040F00100274CFD
:1077B000C4F828022046D0F8204214F4006FFAD012
:1077C00014F4806F3ED0C4F30904204ED6F828028A
:1077D00010F0010F2DD0D6F818020AB3032B0ED9E2
:1077E00010704FEA102C82F801C04FEA104C82F85A
:1077F00002C0000ED070043B9BB20432E6E7002BBF
:10780000E4D003F1FF3E1FFA8EFE134494460CF8B9
:10781000010B000A9C45FAD1013272440023D5E7DE
:107820000A4AD2F8283213F0010F02D0D2F81832E7
:10783000F7E72846FFF734FFF2212846FFF730FF2D
:1078400020B270BD4FF0FF30FBE700BF00C0082042
:1078500070B5064608461D4601F00F03C90941EA06
:107860004301800000F03C0040F002001D4BC3F8D3
:107870002802C3F82452EDB1D3F8283213F0020FD6
:1078800027D00432174B12F8010C12F8024C2404D2
:1078900044EA006412F8040C044312F8030C44EAAE
:1078A0000024C3F81C42D3F82802043210F0020F5F
:1078B000E9D10EE00B4BD3F8283213F0020F08D0B9
:1078C000084B0020C3F81C02D3F8282212F0020F44
:1078D000F8D13046FFF7E4FEFA213046FFF7E0FE2C
:1078E000284670BD00C0082008B501F00F03C90983
:1078F00041EA4301003A18BF012241F04001FFF77D
:10790000DFFE08BD70B5054601F00F03C90941EA65
:1079100043042146FFF7C4FE240444F40074064ED9
:10792000C6F8104220212846FFF7AEFED6F8140212
:1079300000F0010070BD00BF00C00820007B704750
:1079400070B5054601F00F03C90941EA43040B492C
:10795000D1F844620123A3403343C1F84432C1F853
:107960004842C1F84C224FF48071FFF78DFE00228F
:1079700044F040012846FFF7A3FE70BD00C0082078
:1079800010B44068047854B9002012E0022906BF00
:1079900042881A801C800CE02044047844B190F89E
:1079A00001C08C45F8D1002AF0D0013A92B2F3E739
:1079B000002010BC704700002DE9F843804687681E
:1079C0001C4B0422C3F8082200241D4601264FF058
:1079D00020090CE0610807EBC1031B6C13B1C9B2AD
:1079E00038689847013402E00134202C1DD0D5F8C6
:1079F000302206FA04F31A42F6D0C5F83832494666
:107A00004046FFF741FED5F81422D2B214F0010F20
:107A1000E0D0610807EBC103DB6B002BE4D061F021
:107A20007F01C9B238689847DEE71820FDF760FE8D
:107A3000BDE8F88300C00820F8B505464FF00040C7
:107A400000F0C0FE1D4B1B22C3F8F42F1A46D2F8DB
:107A5000F83F03F01B031B2BF9D1184B0322C3F88B
:107A60001021402200212846FFF76AFF4022802192
:107A70002846FFF765FF20212846FFF733FE002444
:107A800002E00134102C16D0E6B22746AB6803EBB7
:107A9000C403DB6B23B146F080012846FFF728FEC4
:107AA000AB6803EBC7031B6C002BEAD031462846BA
:107AB000FFF71EFEE5E700F033FEF8BD00C008202A
:107AC000F8B51A4B1C68C4B1A668194BD3F800521C
:107AD00015F0080F12D115F0040F07D0B3682BB1C1
:107AE0001820FDF715FEB3683068984715F0010FB0
:107AF00003D00F4B0122C3F80822F8BD1F4608230C
:107B0000C7F80832FE212046FFF7CAFD094BC7F827
:107B1000103220212046FFF7B7FDD7F81412736802
:107B2000002BD8D0C9B230689847D4E774DF12A0D0
:107B300000C008200002FE0008B50122D821FFF78E
:107B4000BFFD08BD08B50022D821FFF7B9FD08BD6B
:107B500070B505460E4639B14468237863B92846A6
:107B6000FFF7EAFF2E7370BDFFF7ECFFFAE723780B
:107B70001C442378002BF2D06378052BF7D1A28820
:107B8000A1782846FFF7DCFEF1E738B50446154634
:107B9000FFF7F2FD29462046FFF7DAFF257338BDCF
:107BA000144B1B6803B1704710B50446114B4FF0DE
:107BB000FF321A6000231A460F49104803F014F9E7
:107BC00001220F49208800F027FE01220D4960881C
:107BD00000F004FE00221146A08800F01DFE0122E4
:107BE0000949E08800F018FE01220849208900F0C8
:107BF00013FE10BD70DF12A0806404009016020016
:107C00007864040070640400686404006064040024
:107C100038B51D4BDA681C69144029D0054614F0AC
:107C2000400F1CD043691A6812F4803F0FD01B68C4
:107C300013F0010F1DD001234376C3691BB11B68EC
:107C40000BB1006A98476B694FF480321A606B6918
:107C50001A6812F4801F1CBF4FF480121A6014F0CF
:107C6000020F03D0EB69DB68286A9847064BDC609B
:107C700038BD02234376C369002BE4D05B68002B38
:107C8000E1D0006A9847DEE700C0082000230360C7
:107C900043608360024B1A68C2601860704700BF7F
:107CA00080DF12A0034640689A688A4206D310B467
:107CB00044185C60521A9A6010BC704700207047EC
:107CC00008B5FFF7EFFF08BD034600201876044A09
:107CD0005A619860D861186201229A76704700BF95
:107CE00054C0082003460122027604494161002065
:107CF0009860D86118629A76704700BF58C0082013
:107D0000C3684360036983607047000070B582B048
:107D1000364C26688E4234D000240194019D344CA8
:107D200024682A4342F0704242F480222260314AA1
:107D300012680025156063605560A2609560DDF8EB
:107D400018C00CF1FF3C6344E360D5608B6803F01E
:107D500002031C438C604A608E421BD0264B1B687A
:107D60008B4222D0254B1B688B421ED0244B99623C
:107D70009A6842F004029A605A6842F020025A60FF
:107D80001DE01AB94FF000740194C7E74FF040743A
:107D90000194C3E71A4B19629A6842F002029A6092
:107DA0005A6842F010025A6009E0154B99629A68CD
:107DB00042F004029A605A6842F004025A60C369B1
:107DC0009B680799006A984702280BD0084B1B68EC
:107DD0001A68B2F1805F07D31B6813F0804F0CBFA5
:107DE000FF20152002B070BD0020FBE7ACDF12A021
:107DF00098DF12A094DF12A0A0DF12A09CDF12A0D7
:107E000000C00820C261016200207047407E7047B8
:107E100010B582B08E460F4909680C6824F47F5C67
:107E20002CF03F0C4CEA0E0CD20102F47E524CEACC
:107E300002020A60827E1AB90A6842F400520A609D
:107E4000059A0192049A00924FF40022FFF75EFF18
:107E500002B010BDA4DF12A010B582B08E460F494B
:107E600009680C6824F47F5C2CF03F0C4CEA0E0C83
:107E7000D20102F47E524CEA02020A60827E1AB9F2
:107E80000A6842F400520A60059A0192049A00922C
:107E90004FF48012FFF73AFF02B010BDA8DF12A026
:107EA00010B582B08E460F4909680C6824F47F5CD7
:107EB0002CF03F0C4CEA0E0CD20102F47E524CEA3C
:107EC00002020A60827E1AB90A6842F400520A600D
:107ED000059A0192049A00924FF40022FFF716FFD0
:107EE00002B010BD9CDF12A010B582B08E460F49C3
:107EF00009680C6824F47F5C2CF03F0C4CEA0E0CF3
:107F0000D20102F47E524CEA02020A60827E1AB961
:107F10000A6842F400520A60059A0192049A00929B
:107F20004FF48012FFF7F2FE02B010BDA0DF12A0E6
:107F3000B2F5807F09D8064B19680B686FF31A43B6
:107F400043EA02430B60002070473B20704700BFAC
:107F5000ACDF12A012F0800F0DD10E48006841EA8C
:107F6000034141EAC21141F4006101600A4B1B6800
:107F700019600020704709480068D20102F47E525F
:107F800041EA03410A4342F480520260044B1B68F9
:107F90001A60EEE7A4DF12A09CDF12A0A8DF12A0F7
:107FA000A0DF12A04369186880F40070C0F340207D
:107FB000704700000B4601BB1F4A11680A6842F473
:107FC00000520A601D4A11680A6842F400520A60B1
:107FD0001B4A11680A6842F400520A60194A116883
:107FE0000A6842F400520A60174A11680A6842F4AB
:107FF00000520A608376002070470F4A11680A68B1
:1080000022F400520A600D4A11680A6822F40052F4
:108010000A600B4A11680A6822F400520A60094A91
:1080200011680A6822F400520A60074A11680A6857
:1080300022F400520A60DDE7ACDF12A0A8DF12A034
:10804000A4DF12A0A0DF12A09CDF12A02DE9F04156
:1080500082B005468846BDF82C700C9E1D4C2068E9
:1080600003709DF820304370BDF82410023000F0FA
:108070009DFB2068BDF82810043000F097FB2068B5
:108080003946063000F092FB0196082300932368DE
:108090000022114909682846FFF738FEB8B957B9D8
:1080A0000196002300934FF480120B49096828467B
:1080B000FFF72CFE0BE00196009743464FF4002299
:1080C000054909682846FFF721FE0028E8D002B0DC
:1080D000BDE8F0818CDF12A0ACDF12A030B587B014
:1080E0000C4642F210730493002103910291019413
:1080F000052300930B460A46FFF7A8FF054610B17B
:10810000284607B030BD022000F024FC034B1A685B
:10811000136823F07F0323431360F1E7ACDF12A061
:1081200010B586B00C9C0494BDF828400394BDF8AB
:1081300024400294BDF820400194009313460A465F
:108140000B99FFF783FF06B010BD00B587B042F270
:108150001073049300230393029392B201920922B5
:1081600000920A461946FFF771FF07B05DF804FB5D
:1081700010B50446642002F0C1FB6269136843F045
:1081800010031360642002F0B9FB044B1A681368F3
:108190006FF31A4343F40023136010BDACDF12A049
:1081A0002DE9F04F85B006466B4B43604FF400530A
:1081B00083604FF0004000F005FB337E002B40F061
:1081C000B980664B1B22C3F8F42F1A46D2F8F83F49
:1081D00003F01B031B2BF9D1604B0322C3F81021C2
:1081E0004FF480713046FFF75DFD04465C4B18602C
:1081F00010213046FFF756FD80465A4B186010217B
:108200003046FFF74FFD0746574B186010213046A8
:10821000FFF748FD554B0190186010213046FFF7DD
:1082200041FD8346524B186010213046FFF73AFD5E
:108230008246504B186010213046FFF733FD05464B
:108240004D4B186010213046FFF72CFD81464B4BFB
:10825000186080213046FFF725FD494B18605846CD
:10826000FFF714FD5046FFF711FD2846FFF70EFDFE
:108270004846FFF70BFD0198FFF708FD0023C8F8FB
:108280000030C8F80430C8F80830C8F80C303B603B
:108290007B60BB60FB601A4644F82350C4F8803012
:1082A000C4F884200133202BF6D100230293029BD3
:1082B000312B12D800220392039BB3F57A6F06D2BA
:1082C000039B01330393039BB3F57A6FF8D3029BAF
:1082D00001330293029B312BEDD9204B00225A60CF
:1082E0001A629A6201229A60264A5A6342F627224B
:1082F0001A645A6822F0C00242F080025A604FF4B9
:1083000080321A659C61337E13BB1F4B1E60134B7A
:10831000D968DA680A43DA601C4A1A610024747664
:1083200000F0FEF97368F360B3683361204605B06E
:10833000BDE8F08F012B7FF453AF084B0122C3F847
:10834000F42F1A46D2F8F83F13F0010FFAD047E79E
:108350000F4B1E60DBE700BF0000002000C00820BC
:1083600090DF12A098DF12A094DF12A0ACDF12A061
:10837000A8DF12A0A4DF12A0A0DF12A09CDF12A031
:108380008CDF12A0DF2E782788DF12A04200008049
:1083900084DF12A0F0B583B005460E460C9F1E4C3C
:1083A000206803709DF820304370BDF8241002301F
:1083B00000F0FCF92068BDF82810043000F0F6F950
:1083C00020680B9B99B2063000F0F0F90197082362
:1083D000009323680022114909682846FFF796FC9C
:1083E00060B96EB101970B9B009333464FF4801236
:1083F0000A4909682846FFF789FC08B103B0F0BDB7
:108400000197002300934FF400220449096828468D
:10841000FFF77CFCF2E700BF8CDF12A0ACDF12A0FC
:1084200010B586B00C9C0494BDF828400394BDF8A8
:1084300024400294BDF820400194009313460A465C
:108440000B99FFF7A7FF06B010BD10B586B00A9CC8
:108450000494099C03940024029443EA02230193A8
:108460000623009380230A460899FFF793FF06B07E
:1084700010BD00B587B08C461946099B0493089B34
:1084800003930023029342F4407292B201920623B6
:10849000009380236246FFF77DFF07B05DF804FB81
:1084A00008B5054B186808B1FFF7B2FB034B186815
:1084B00008B1FFF7ADFB08BD88DF12A084DF12A072
:1084C000374B1B6803B1704710B50446344B4FF06F
:1084D000FF321A6000231A463249334802F084FC06
:1084E00001223249208800F079F901223049608860
:1084F00000F074F901222F49A08800F08DF90122C3
:108500002D49E08800F088F901222C49208900F0EB
:1085100083F902222A49608900F07EF90222294962
:10852000A08900F079F901222749E08900F074F967
:1085300001222649208A00F06FF901222449608A2D
:1085400000F06AF901222349A08A00F065F90122AE
:108550002149E08A00F060F901222049208B00F0D7
:108560005BF901221E49608B00F056F901221D497A
:10857000A08B00F051F901221B49E08B00F04CF96F
:1085800001221A49208C00F047F902221849608C18
:1085900000F042F901221749A08C00F03DF910BD0E
:1085A0007CDF12A024660400C4060200B865040043
:1085B000B0650400A8650400A06504009865040087
:1085C000886504007865040070650400686504002F
:1085D00060650400586504005065040048650400A7
:1085E0004065040038650400306504002865040017
:1085F0001865040010650400374B1B6803B1704711
:1086000010B50446344B4FF0FF321A6000231A466F
:108610003249334802F0E8FB01223249208800F059
:10862000DDF800221146608800F0F6F801222E499C
:10863000A08800F0F1F801222C49E08800F0ECF865
:1086400000221146208900F0E7F8002211466089D7
:1086500000F0E2F800221146A08900F0DDF80022C7
:108660001146E08900F0D8F800221146208A00F077
:10867000D3F800221146608A00F0CEF8002211469D
:10868000A08A00F0C9F800221146E08A00F0C4F880
:1086900000221146208B00F0BFF800221146608BAB
:1086A00000F0BAF800221146A08B00F0B5F80122C4
:1086B0000F49E08B00F0B0F801220E49208C00F049
:1086C000ABF801220C49608C00F0A6F801220B499E
:1086D000A08C00F0A1F810BD78DF12A0C0650400E6
:1086E000140702000865040000650400F864040033
:1086F000F0640400E8640400E0640400D86404004A
:1087000008B5064BD3F8F83F13F0020F02D1FFF77C
:10871000C7FE08BDFFF7D4F9F9E700BF00C0082085
:1087200008B51820FDF70AF800B108BD044B032274
:1087300004491820FDF72AF81820FCF7D9FFF4E7C0
:108740005423020001870100CBB20370C1F3072359
:108750004370C1F307438370C1F30761C170704771
:108760000346C278002062F307009A7862F30F2074
:108770005A7862F317401B7863F31F60704700BF9D
:10878000C1F307630370C1F307434370C1F30723C9
:108790008370C9B2C170704703460278002062F34B
:1087A00007005B7863F31F20704700BFCBB20370F4
:1087B000C1F3072141707047C1F307230370C9B2A9
:1087C00041707047034B1A6810431860024BC3F89E
:1087D000C4007047B8F512A000C00F4038B562B1B0
:1087E00005460C46531EDBB2013301EBC30223885E
:1087F000AB4206D008349442F9D10648FAF7B4FEE9
:1088000038BD284603F074F862680521284603F055
:108810004BF8F5E75823020038B54FF6FF7398423E
:1088200010D005460C46531EDBB242B1013301EBBA
:10883000C3022388AB4206D008349442F9D10648DB
:10884000FAF792FE38BD284603F052F86268052117
:10885000284603F029F8F5E75823020000BF00BFBF
:1088600000BF00BF00BF00BF00BF00BF00BF00BF10
:1088700000BF00BF00BF00BF00BF00BF00BF00BF00
:1088800000BF00BF00BF00BF00BF00BF00BF00BFF0
:1088900000BF00BF00BF00BF00BF00BF00BF00BFE0
:1088A00000BF00BF00BF00BF00BF00BF00BF00BFD0
:1088B00000BF00BF00BF00BF00BF00BF00BF00BFC0
:1088C00000BF00BF00BF00BF00BF00BF00BF00BFB0
:1088D00000BF00BF00BF00BF00BF00BF00BF00BFA0
:1088E00000BF00BF00BF00BF00BF00BF00BF00BF90
:1088F00000BF00BF00BF00BF00BF00BF00BF00BF80
:1089000000BF00BF00BF00BF00BF00BF00BF00BF6F
:1089100000BF00BF00BF00BF00BF00BF00BF00BF5F
:1089200000BF00BF00BF00BF00BF00BF704700BF57
:1089300030B110B5441EFFF791FF013CFBD210BDD2
:10894000704700BF10B540F28A24FFF787FF013C53
:10895000FBD110BD30B110B5441EFFF7F3FF013C51
:10896000FBD210BD704700BF4FF4FA7301FB03F355
:108970009B08B3F1807F05D283688B4204D2C1602B
:1089800000207047062070470E207047024BD3F836
:10899000800140F38000704700C00F40064AD2F8C3
:1089A000803143F00403C2F880314FF080421378E5
:1089B00003F0FB031370704700C00F40406870471E
:1089C00043683BB14FF08043AA221A7255221A72B3
:1089D000002070470820704748B14FF08043AA221A
:1089E0001A721A7842F004021A7000BFFDE70A20DA
:1089F0007047034600205860D8609860704743680D
:108A0000F3B94FF0FF3343604FF080431A7802F020
:108A1000F3021A70C2684FF4FA7101FB02F2920875
:108A20005A60C2688068121A01FB02F292089A61C9
:108A300003221A70AA221A7255221A720020704755
:108A4000082070474FF4FA7301FB03F39B08B3F15E
:108A5000807F05D2C3688B4204D9816000207047B3
:108A6000062070470E20704708B5074B1B6803B1FE
:108A700008BD054B4FF0FF321A6000231A46034928
:108A8000034802F0B1F9F3E7B0DF12A088660400F2
:108A9000BC14020082B0002301934FF0080383F35B
:108AA0001188BFF36F8FBFF34F8F019B002BFCD05A
:108AB00002B0704706480068006880F3088862B614
:108AC00061B6BFF34F8FBFF36F8F00DF00BF0000B1
:108AD00008ED00E04FF0807340F8043C21F0010104
:108AE00040F8081C034B40F80C3C40F8202C403860
:108AF000704700BF958A0100074B19680868B0E805
:108B0000F00F80F30988BFF36F8F4FF0000080F300
:108B100011884EF00D0E704798E612A04FF0080332
:108B200083F31188BFF36F8FBFF34F8F024A13682F
:108B300001331360704700BFA8000010034A136898
:108B4000013B13600BB983F311887047A800001034
:108B5000EFF30980BFF36F8F0D4B1A6820E9F00F18
:108B6000106008B54FF0080080F3118801F076FA24
:108B70004FF0000080F31188BDE8084019680868CC
:108B8000B0E8F00F80F30988BFF36F8F70470000E3
:108B900098E612A008B54FF0080383F31188BFF3DD
:108BA0006F8FBFF34F8F01F087F828B14FF0E023AC
:108BB0004FF08052C3F8042D002383F3118808BDC1
:108BC00010B54FF0E02400232361A361F0F780F992
:108BD000044BA3FB00239B09013B63610723236133
:108BE00010BD00BFD34D621010B54FF0E023D3F895
:108BF000202D42F47F02C3F8202DD3F8202D42F01F
:108C00007F42C3F8202D0024C3F81C4DFFF7D8FF86
:108C1000044B1C60FFF74EFF01F020FAFFF73AFF0C
:108C2000204610BDA800001070B5431E13F10A0FB6
:108C30006DD800F1080410F0070305D0A3F1090274
:108C4000A24264D31030C41A01F01CF8354B1B68E3
:108C50004BB1002C55DD344B1E68A64253D333492B
:108C60000B6822E00024F0F73BF9314A12F0070FBD
:108C700005D0D31D23F00703D21A10441A462B4BFC
:108C80001A60002159601318083B23F00703254898
:108C9000036059601960991A51601360254B19607F
:108CA000214B1960D5E7194613465A68A24202D2F1
:108CB0001A68002AF7D11B4A12689A4225D00D681B
:108CC00008351A680A605868001B102805D91A1957
:108CD00050605C60086818510A605968761A12483A
:108CE00006601448006886423CBF1248066041F0A6
:108CF0000041596000221A600F4A13680133136063
:108D00000CE000250AE0002508E0002506E000F060
:108D1000B9FF044B1B68002BA4D0002501F0B8F864
:108D2000284670BDC4DF12A0C0DF12A0C8DF12A0A9
:108D3000C8F512A0BCDF12A0B8DF12A0002847D0EF
:108D400038B5044650F8043C002B00DB38BD50F821
:108D5000082C002AFAD1A0F1080523F0004340F8BE
:108D6000043C00F08FFF54F8041C1A4A13680B44AB
:108D70001360194B1A461B689D42FBD8506802EBE2
:108D8000000C65450FD054F8040C29188B4213D001
:108D90002B60AA4218BF1560104A13680133136094
:108DA00001F076F8D2E701445160084611448B4245
:108DB00001D01360F0E71546094909688B4205D0D8
:108DC0005B6803446B6013681B68E1E70B46DFE7F1
:108DD000704700BFC0DF12A0C8DF12A0B4DF12A02E
:108DE000C4DF12A000F1080343604FF0FF3282603D
:108DF000C360036100230360704700230361704771
:108E000043684B609A688A609A685160996008610B
:108E1000036801330360704710B40C68B4F1FF3F7E
:108E200016D000F10803C2681268944204D35B684C
:108E30005A681268A242FAD95A684A604A68916030
:108E40008B605960086103680133036010BC704790
:108E50000369F1E70369426881689160826841684B
:108E600051605A68824204BF82685A6000220261DF
:108E70001A68013A1A601868704710B50446FFF77F
:108E80004DFEA46BFFF75AFEB4FA84F0400910BD02
:108E900070B504461546866B026C5AB903681BB15F
:108EA00000200136A66370BD806801F053FA0023EC
:108EB000A360F6E76DB9406805F070FB6368226C4B
:108EC00013446360A268934219D323686360284601
:108ED000E7E7C06805F062FB226C5142E3689B1A29
:108EE000E3602268934202D2A3680B44E360022D40
:108EF00001D00020D5E726B1013E0020D1E7284669
:108F0000CFE70020CDE708B50346026C62B1084602
:108F1000D9681144D960D3F808C0614524BF1968E5
:108F2000D960D96805F03AFB08BD70B50546FFF772
:108F3000F5FD95F8454064B2002C0FDD05F12406DF
:108F400002E0013C64B24CB16B6A3BB1304601F0C7
:108F5000EFF80028F5D001F095F9F2E7FF2385F846
:108F60004530FFF7EBFDFFF7D9FD95F8444064B2BB
:108F7000002C0FDD05F1100602E0013C64B24CB19B
:108F80002B693BB1304601F0D3F80028F5D001F051
:108F900079F9F2E7FF2385F84430FFF7CFFD70BD84
:108FA000002843D038B50D460446C36B002B3FD094
:108FB0006FF00042B2FBF3F3026C934201D2002047
:108FC00037E0FFF7ABFD2268216CE36B01FB03F395
:108FD000D018A0600020A06362605B1A1A44E260AF
:108FE000FF2384F8443084F84530B5B923691BB9B0
:108FF000FFF7A4FD01201CE004F1100001F098F837
:109000000028F5D04FF0E0234FF08052C3F8042D34
:10901000BFF34F8FBFF36F8FEAE704F11000FFF744
:10902000E1FE04F12400FFF7DDFEE1E700207047D8
:10903000002038BDB0B138B50D461C4603469CB182
:109040006AB151B1012184F846102260E3632564BE
:109050002046FFF7A5FF204638BD0020FCE729B9D0
:109060002246EFE7002070472046F5E71046F3E779
:1090700070B508B30C4606466FF00043B3FBF0F33F
:109080008B421CD301FB00F00F4B984219D848309B
:10909000FFF7CAFD054680B1002380F846304CB189
:1090A00000F148032B60EE632C6401212846FFF792
:1090B00077FF02E00346F5E70025284670BD00254E
:1090C000FBE70025F9E700BFB7FFFF7F50B110B500
:1090D0000C46884208D302220021FFF7C9FF20B1C5
:1090E000846302E000207047002010BD2DE9F04F9E
:1090F00085B00446894601921D464FF0000A02AE33
:10910000D04601AF37E02A4649462046FFF7C0FE69
:10911000636A83B948B14FF0E0234FF08052C3F83F
:10912000042DBFF34F8FBFF36F8FFFF707FD0120B3
:1091300005B0BDE8F08F04F1240000F0F9FF00282D
:10914000F3D04FF0E0234FF08052C3F8042DBFF36B
:109150004F8FBFF36F8FE8E7FFF7F0FC0020E7E7E2
:10916000304601F053F814E02046FFF7DEFE00F031
:109170008FFE4FF0010AFFF7D1FCA26BE36B9A421E
:10918000C1D3022DBFD0019B002BE5D0BAF1000F57
:10919000E6D0FFF7D3FC00F075FDFFF7BFFC94F8B5
:1091A00044305BB2B3F1FF3F08BF84F8448094F8C9
:1091B000450040B2B0F1FF3F08BF84F84580FFF79B
:1091C000BDFC3946304601F02DF800BBFFF7A6FC88
:1091D000D4F838B0D4F83CA0FFF7B0FCD345C3D1E5
:1091E000019904F1100000F075FF2046FFF79DFE85
:1091F00000F04EFE0028BCD14FF0E0234FF080522B
:10920000C3F8042DBFF34F8FBFF36F8FB1E7204634
:10921000FFF78BFE00F03CFE002089E748B108B55F
:10922000002181600160C1600B460A46FFF75EFFC6
:1092300008BD704710B5024600210120FFF718FF56
:109240000446FFF7EBFF204610BDF8B5044617466D
:109250001A46EFF311854FF0080383F31188BFF32B
:109260006F8FBFF34F8F806BE36B984205D3022A59
:1092700003D0002085F31188F8BD94F8456076B2DC
:10928000A36B2046FFF704FEB6F1FF3F0CD1636AE3
:109290000BB90120EEE704F1240000F049FF68B1AA
:1092A00077B101203860E5E700F000FD864209D281
:1092B000013676B284F845600120DBE70120D9E76A
:1092C0000120D7E70120D5E7F8B5EFF311854FF07E
:1092D000080383F31188BFF36F8FBFF34F8F836B46
:1092E000C26B9A421FD904460E4690F845707FB271
:1092F00001338363B7F1FF3F0BD1436A0BB9012000
:1093000012E0243000F014FF88B196B101203060E3
:109310000AE000F0CBFC87420DD201377FB284F81F
:109320004570012000E0002085F31188F8BD012080
:10933000FAE70120F8E70120F6E72DE9F04784B0CD
:109340000446884601924FF0000A02AD574601AE2E
:1093500039E041462046FFF7D6FD09F1FF33A3630C
:1093600023692BB9FFF7EAFB012004B0BDE8F087C1
:1093700004F1100000F0DCFE0028F3D04FF0E023F1
:109380004FF08052C3F8042DBFF34F8FBFF36F8FA0
:10939000E8E7FFF7D3FB0020E7E7284600F036FFB9
:1093A0001EE02046FFF7C1FD00F072FD09E02046F7
:1093B000FFF7BBFD00F06CFD2046FFF75EFD0028C7
:1093C00048D14FF0010AFFF7A9FBD4F83890B9F162
:1093D000000FBED1019B002BDBD0BAF1000FDCD017
:1093E000FFF7ACFB00F04EFCFFF798FB94F844301D
:1093F0005BB2B3F1FF3F08BF84F8447094F8453086
:109400005BB2B3F1FF3F08BF84F84570FFF796FBEE
:109410003146284600F006FF0028C8D12046FFF755
:109420002CFD0028BDD0019904F1240000F052FE6B
:109430002046FFF77AFD00F02BFD0028C1D14FF048
:10944000E0234FF08052C3F8042DBFF34F8FBFF3DA
:109450006F8FB6E7002088E72DE9F04385B004461A
:1094600001914FF00008C14602AD474601AE46E00B
:10947000013BA36323684BB123695BB9FFF75EFB34
:109480004FF00108404605B0BDE8F08300F0F6FF5C
:10949000A060F1E704F1100000F04AFE0028EDD0D2
:1094A0004FF0E0234FF08052C3F8042DBFF34F8FED
:1094B000BFF36F8FE2E7FFF741FB4FF00008E1E7F2
:1094C000284600F0A3FE25E0FFF728FBA06800F087
:1094D000DFFE8046FFF732FB42E02046FFF725FD26
:1094E00000F0D6FC09E02046FFF71FFD00F0D0FC9D
:1094F0002046FFF7C2FC002849D14FF00109FFF7D1
:109500000DFBA36B002BB3D1019B002BD3D0B9F182
:10951000000FD5D0FFF712FB00F0B4FBFFF7FEFA07
:1095200094F844305BB2B3F1FF3F08BF84F8447055
:1095300094F845305BB2B3F1FF3F08BF84F8457043
:10954000FFF7FCFA3146284600F06CFE0028CAD12D
:109550002046FFF792FC0028BFD02368002BB3D031
:10956000019904F1240000F0B5FD2046FFF7DDFC71
:1095700000F08EFC0028C0D14FF0E0234FF0805265
:10958000C3F8042DBFF34F8FBFF36F8FB5E7B8F16A
:10959000000F3FF477AFFFF7C1FA616A19B1236B8F
:1095A0001968C1F10701A06800F01AFFFFF7C6FAB9
:1095B0004FF0000866E72DE9F041EFF311854FF019
:1095C000080383F31188BFF36F8FBFF34F8F866B50
:1095D00026B9002085F31188BDE8F08104461746BE
:1095E00090F844804FFA88F8FFF78DFC013EA6639F
:1095F000B8F1FF3F0CD123690BB90120EAE704F170
:10960000100000F095FD78B187B101203860E1E7E6
:1096100000F04CFB80450BD208F101084FFA88F8A6
:1096200084F844800120D5E70120D3E70120D1E769
:109630000120CFE710B50446FFF770FAA46BFFF7DF
:109640007DFA204610BD000009B330B40D46104A23
:1096500000210B4614460AE00D4901EBC3010D60E1
:10966000486030BC7047013308321E2B0CD0D2F852
:1096700004C08445F0D00029F5D154F833C0BCF1C2
:10968000000F08BF1146EEE70029E8D1E9E770476F
:10969000D0DF12A00023084951F83320824203D0C2
:1096A00001331E2BF8D17047044A002142F83310D1
:1096B00002EBC30251607047D4DF12A0D0DF12A0CA
:1096C00010B50446FFF7E6FF94F8463003B110BD2D
:1096D0002046FFF733FBFAE770B504460D46164601
:1096E000FFF71CFA94F844305BB2B3F1FF3F04BFBC
:1096F000002384F8443094F845305BB2B3F1FF3F67
:1097000004BF002384F84530FFF718FAA36B1BB1A0
:109710002046FFF70AFC70BD3246294604F12400BA
:1097200000F0E6FCF4E70000074B1B681B6823B958
:10973000064B4FF0FF321A607047034B1B68DB6823
:109740001A68024B1A607047E0E512A078E512A093
:109750002DE9F84306461F46DDF824800A9C02F1F5
:109760008042013A256B05EB820525F0070579B1AA
:109770000B4601F1FF3C04F1330E0F331CF8012FAF
:109780000EF8012F0AB19C45F8D1002384F843302C
:10979000089B062B28BF06239946E3626364201DBD
:1097A000FFF72BFB04F11800FFF727FB2461C9F139
:1097B0000703A36164623A4631462846FFF78AF9F7
:1097C0002060B8F1000F01D0C8F80040BDE8F88370
:1097D00070B50446FFF7A2F9374A136801331360E6
:1097E000364B1B68002B42D0354B1B683BB9334BC3
:1097F0001B68DA6AE36A9A429CBF304B1C60314AAC
:10980000136801331360E36A2F49086801229A4004
:1098100002430A602D4A03EB830302EB83035B6878
:10982000A3609968E1609868211D41609960E36ACE
:1098300003EB8301880002EB810161611158013162
:109840001150FFF77BF91E4B1B687BB11B4B1B684C
:10985000DA6AE36A9A4209D24FF0E0234FF080526D
:10986000C3F8042DBFF34F8FBFF36F8F70BD134B41
:109870001C601368012BC2D1144D05F18C062846DB
:10988000FFF7B0FA1435B542F9D1114E3046FFF763
:10989000A9FA104D2846FFF7A5FA0F48FFF7A2FADC
:1098A0000E48FFF79FFA0E48FFF79CFA0D4B1E601B
:1098B0000D4B1D60A3E700BF98E512A098E612A02B
:1098C0008CE512A07CE512A090E512A00CE612A097
:1098D000F8E512A0E4E512A0C8E512A0B4E512A0D4
:1098E0009CE512A0E0E512A0DCE512A010B504464C
:1098F00090F8553013B1012B07D010BD006BFFF766
:109900001DFA2046FFF71AFAF7E7FFF717FAF4E710
:10991000F8B50E4B1B68BBB10D4F0E4E0B4CFFF74D
:10992000FDF8FB68DD68281DFFF794FA3368013BFA
:1099300033602368013B2360FFF700F92846FFF7F7
:10994000D5FF2368002BEAD1F8BD00BFB0E512A017
:10995000B4E512A098E512A008B5084C4FF0E02637
:109960004FF08055FFF7D4FF2368012BFAD9C6F8D2
:10997000045DBFF34F8FBFF36F8FF3E70CE612A0C8
:109980002DE9F04104460D462C4B1E682C4B1F68F8
:109990002C4BD3F800802C4B18680430FFF75AFA90
:1099A00048B9294B1A6829490B68D06A01228240BC
:1099B00023EA02030B60B4F1FF3F0DD03444224B85
:1099C0001B685C60A6421DD91F4B196804314046D4
:1099D000FFF722FABDE8F0810DB31D4A51681A4B1A
:1099E0001868816018688C68C46018688C680430D6
:1099F00060601868043088601B685A61136801331E
:109A00001360E7E7104B196804313846FFF704FA92
:109A1000104B1B68A342DDD90E4B1C60DAE7731EA6
:109A2000094A126853609E42CED8074B1968043128
:109A30003846FFF7F1F9074B1B68CBE794E512A016
:109A4000E0E512A0DCE512A098E612A090E512A0D5
:109A50009CE512A078E512A02DE9F04387B00E46F0
:109A60000F9F109C00210591DCB105469146984658
:109A7000BFB15822204604F0BAFD2763022384F8C0
:109A8000553000230393029405AB01930E9B009382
:109A900043464A4631462846FFF75AFE2046FFF71E
:109AA00097FE059807B0BDE8F0832DE9F04385B037
:109AB00005460E46144698469000FFF7B5F810B3D9
:109AC00081465820FFF7B0F80746C8B15822002158
:109AD00004F08DFDC7F830900023039302970D9B8F
:109AE00001930C9B00934346224631462846FFF7DC
:109AF0002FFE3846FFF76CFE012005B0BDE8F0836D
:109B00004846FFF71BF94FF0FF30F6E738B504463B
:109B1000FFF704F8002C37D0251D2846FFF79AF9E7
:109B200070B9E26A02EB82039B002449CB583BB92F
:109B300023480368012101FA02F223EA02030360C9
:109B4000A36A1BB104F11800FFF784F91D4A1368DA
:109B5000013313601C4B1A681C4B1B680BB1A242EB
:109B600015D01B4A1368013B1360FFF7DDFDFEF7BC
:109B7000E5FF2046FFF7BAFE144B1B681BB1124BE2
:109B80001B68A3420ED038BD0F4B1C68C4E72946A2
:109B90001048FFF735F9104A136801331360FEF7D8
:109BA000CDFFE9E74FF0E0234FF08052C3F8042DDA
:109BB000BFF34F8FBFF36F8FE5E700BF0CE612A036
:109BC00090E512A07CE512A098E612A08CE512A008
:109BD00098E512A0B4E512A0B0E512A000B589B0D6
:109BE00004AA002304930593069307931C4908785D
:109BF000107018B1013101320133F8E720330DEB59
:109C00000302002302F8103C164A0292164A0192FF
:109C10000093802204A91548FFF71EFF144B18601B
:109C200020B9144B1B6809B05DF804FB00F0BCFDC3
:109C30000128F6D14FF0080383F31188BFF36F8F2B
:109C4000BFF34F8F0C4B4FF0FF321A600B4B0122CA
:109C50001A600B4B00221A60FEF7C6FFE1E700BF57
:109C60007C23020018E512A018E312A05999010004
:109C700074E512A0B866040078E512A08CE512A085
:109C800094E512A0024A136801331360704700BFC5
:109C900070E512A0014B1868704700BF94E512A050
:109CA000014B1868704700BF94E512A0014B18687B
:109CB000704700BF98E512A02DE9F047694B1B687B
:109CC000002B40F0C680684B1C6801341C6094B1C6
:109CD000664B1B68A34200F29F80654B1B681B68A4
:109CE000B3B1002562482F46624E4FF0010E624923
:109CF000DFF888C14AE05E4A1168614B186810605D
:109D00001960604A136801331360FFF70DFDDFE748
:109D10000025564B4FF0FF321A607EE0534B1A601D
:109D20007BE0DA6AD6F800A00EFA02F949EA0A09DD
:109D3000C6F8009002EB820201EB820252689A6040
:109D4000D2F80890C3F80C90D2F80890C9F80480B3
:109D5000C2F80880DA6A02EB820801EB8809C3F8CE
:109D6000149051F8288008F1010802EB820241F8B2
:109D70002280DCF80080DA6AD8F82C309A4288BF5A
:109D800045F0010503681B68002BC2D00368DB683F
:109D9000DB685A689442C1D35A69D3F80880D3F873
:109DA0000C90C8F80890D3F80C80D3F80890C8F845
:109DB0000490D2F8049003F10408C14504BFD3F81D
:109DC0000C90C2F804905F61D2F8009009F1FF395D
:109DD000C2F800909A6A002AA3D09A6AD3F81C901D
:109DE000D3F820A0C9F808A0D3F82090D3F81CA07D
:109DF000C9F804A0D2F804A003F11809CA4504BFA9
:109E0000D3F82090C2F804909F62D2F8009009F134
:109E1000FF39C2F8009084E70025184B1B68DB6A05
:109E200003EB83039B00144AD458012C94BF0024F5
:109E30000124154B1B684BB1144B1B68002B18BF3A
:109E400044F0010444EA0500BDE8F087E6F7ECFDC4
:109E5000F2E70D4A136801331360E6F7E5FD0020D1
:109E6000F2E700BF70E512A094E512A078E512A019
:109E7000E0E512A090E512A00CE612A098E612A070
:109E8000DCE512A080E512A088E512A084E512A00E
:109E90002DE9F843FEF742FE5B4B1A68013A1A605F
:109EA0001B68002B40F0A780584B1B68002B00F06C
:109EB000A880574B1B68002B7BD0554D002455487C
:109EC00001265549554FDFF858C1EB68DB689A6A9F
:109ED000D3F81CE0D3F82080CEF80880D3F820E037
:109EE000D3F81C80CEF80480D2F8048003F1180E59
:109EF000F04504BFD3F820E0C2F804E09C62D2F839
:109F000000E00EF1FF3EC2F800E05A69D3F808E025
:109F1000D3F80C80CEF80880D3F80CE0D3F8088092
:109F2000CEF80480D2F8048003F1040EF04504BF9B
:109F3000D3F80C80C2F804805C61D2F8008008F18C
:109F4000FF38C2F80080DA6AD0F8009006FA02F80A
:109F500048EA0908C0F8008002EB820201EB8202A5
:109F600052689A60D2F80880C3F80C80D2F8088052
:109F7000C8F804E0C2F808E0DA6A02EB820E01EBEE
:109F80008E08C3F8148051F82EE00EF1010E02EB9A
:109F9000820241F822E0D7F800E0DA6ADEF82C30DD
:109FA0009A4288BFCCF800602B68002B8DD1FFF758
:109FB000BBFB1C4B1C686CB1194E012501E0013C38
:109FC00005D0FFF779FE0028F9D03560F7E7154B8B
:109FD00000221A60124B1C6874B1104B1B684FF0C2
:109FE000E0234FF08052C3F8042DBFF34F8FBFF32F
:109FF0006F8F012400E00024FEF7A0FD2046BDE89D
:10A00000F8830024F8E700BF70E512A098E512A0DD
:10A01000C8E512A090E512A00CE612A098E612A0E6
:10A0200084E512A088E512A010B550B94FF0E023E6
:10A030004FF08052C3F8042DBFF34F8FBFF36F8FE3
:10A0400010BD0446FFF71EFE00212046FFF798FCD6
:10A05000FFF71EFF0028F3D1E8E70000184B1B684C
:10A060001BB1184B01221A607047164B00221A6070
:10A07000154B1B68B3FA83F3DBB2C3F11F03134A1A
:10A0800003EB830102EB810148684068486049683E
:10A0900003EB830002EB8002083291420AD003EB0B
:10A0A00083030A4A02EB83035B68DA68084B1A6091
:10A0B0001B687047054A02EB8002D1685160EEE7E9
:10A0C00070E512A084E512A090E512A00CE612A0A3
:10A0D00098E612A010B50C46044B19681831FEF72B
:10A0E0009BFE01212046FFF74BFC10BD98E612A015
:10A0F00070B544680D4B1D68EC611D68A6682E6242
:10A100001D68A668183575601D681835A5601B6840
:10A110009862036801330360002A0CBF08464FF0C1
:10A12000FF301146FFF72CFC70BD00BF98E612A06F
:10A1300030B4C368DB689A6AD969186A8860196A9A
:10A14000D8694860516803F11800814204BF196A58
:10A15000516000219962116801391160254A126825
:10A16000002A3AD15A699968D8688860D96898688D
:10A1700048605168181D814204BFD96851600021B0
:10A180005961116801391160DA6A1B4C2568012197
:10A19000914029432160194902EB820201EB8202BE
:10A1A00052689A609468DC60946860609060DA6AD3
:10A1B00002EB8200840001EB8000586108590130F5
:10A1C00008510F4A1168DA6ACB6A9A4283BF0120AC
:10A1D0000C4B1860002030BC70470B4A5168D961A5
:10A1E0008C681C628C68606088609A6211680131BA
:10A1F0001160E6E770E512A090E512A00CE612A04F
:10A2000098E612A084E512A0C8E512A0034B1B68D3
:10A210000360034B1B684360704700BF80E512A0DA
:10A2200094E512A038B505460C46FEF777FC134BB3
:10A230001A682368B3F1FF3F1BD0696810480068B3
:10A24000D5F800C0844505D0914203D8002323608F
:10A2500001240FE0501A834203D800232360012415
:10A2600008E09B1A0B4423602846FFF7CFFF002429
:10A2700000E00024FEF762FC204638BD94E512A001
:10A2800080E512A0014B01221A60704784E512A0FC
:10A29000002856D070B50446C36A2B4A1268D26AA9
:10A2A000934245D28269002A05DB274A1268D26AA6
:10A2B000C2F107028261616903EB8303234A02EB67
:10A2C0008303994205D0204B1B68DB6AE3620120BF
:10A2D00036E0251D2846FEF7BDFD38B91C490B6840
:10A2E000E06A0122824023EA02030B60164B1B68DE
:10A2F000DB6AE36216490E68012000FA03F232437A
:10A300000A60124A03EB830302EB83035B68A360DA
:10A310009968E16099684D609D60E36A03EB830191
:10A320008D0002EB8101616151590144515107E0F7
:10A33000054B1B68406CDB6A98422CBF0020012053
:10A3400070BD0020704700BF98E612A00CE612A076
:10A3500090E512A000283BD070B50446836C013B09
:10A360008364C16A426C914234D00BB1002070BD4D
:10A37000051D2846FEF76EFD38B917490B68E06ADF
:10A380000122824023EA02030B60636CE362C3F1A3
:10A390000702A26110490E68012000FA03F232435D
:10A3A0000A600E4A03EB830302EB83035B68A3603E
:10A3B0009968E16099684D609D60E36A03EB8301F1
:10A3C0008D0002EB81016161515901445151CEE789
:10A3D000002070470020CAE790E512A00CE612A00A
:10A3E000002846D038B50446436C994238BF194618
:10A3F000C36A8B4202D0826C012A00D038BDC16290
:10A400008269002AA4BFC1F107018161416903EBA0
:10A410008303184A02EB83039942EFD1051D2846B6
:10A42000FEF718FD38B914490B68E06A0122824032
:10A4300023EA02030B60E36A0F49086801229A408D
:10A4400002430A600B4A03EB830302EB83035B685E
:10A45000A3609968E16099684D609D60E36A03EBD1
:10A460008301880002EB81016161115801311150B3
:10A47000C4E770470CE612A090E512A0034B1868E1
:10A4800010B1836C01338364704700BF98E612A05B
:10A49000034B0360034B0B6080231360704700BFC6
:10A4A000C0E212A0C0E012A008B541600061914274
:10A4B0000CD8D21A83699A4201D3012008BD011D2C
:10A4C000094B1868FEF7A8FC0020F7E79A4201D272
:10A4D000994206D2011D054B1868FEF79DFC00202D
:10A4E000ECE70120EAE700BF40E712A044E712A032
:10A4F00070B504460D46164604E0A3691D44236A60
:10A5000020469847A1692B46324629442046FFF74A
:10A51000CBFF0028F1D170BD70B505460E460D4B3E
:10A520001B68DB68DC68201DFEF794FC94F824307F
:10A5300013F0040F07D123F0010384F82430236AB9
:10A540002046984770BD324629462046FFF7D0FF87
:10A55000F5E700BF44E712A0F8B50546FFF79AFB00
:10A560000446104B1B68834205D800232B600D4B1B
:10A570001C602046F8BD0C4B1B681A685AB14FF09E
:10A58000FF37094EDB6818683946FFF7C5FF3368A7
:10A590001A68002AF6D1054A10680349086013605A
:10A5A0000123E3E734E712A044E712A040E712A03A
:10A5B0002DE9F04387B0DFF8748102AD5C4FD8F825
:10A5C00000301E68002E00F08D80DB681E68FFF7EB
:10A5D00059FB2846FFF7C0FF0446029A4AB9864253
:10A5E00000F29080FFF754FC21463046FFF794FFBD
:10A5F00001E0FFF74DFC00232B606B60AB60EB606C
:10A600001E4606E005990498039B9847029B002B81
:10A6100009DA324629463868FEF78FFE0028CED088
:10A62000029B002BEEDB049C002CF2D0636913B17B
:10A63000201DFEF70FFC01A8FFF78EFF814602994F
:10A6400001390829E5D8DFE801F0050529303F0583
:10A650000529300094F8243043F0010384F82430B5
:10A66000039BA169024619442046FFF71DFF0028FD
:10A67000CFD094F8243013F0040F07D123F0010356
:10A6800084F82430236A20469847C2E7A3694A46E3
:10A69000039919442046FFF72BFFF3E794F8243081
:10A6A00023F0010384F82430B3E794F8243043F016
:10A6B000010384F824300399A16103460246014452
:10A6C0002046FFF7F1FEA4E794F8243013F0020FC0
:10A6D00004D023F0010384F824309AE72046FEF7E3
:10A6E0002DFB96E7FFF7CEFA2846FFF735FF044625
:10A6F000029B002B7FF47DAF0E4B1B681A68B2FAE9
:10A7000082F25209311B3868FEF7E6FFFFF7C0FB03
:10A7100000287FF470AF4FF0E0234FF08052C3F871
:10A72000042DBFF34F8FBFF36F8F64E744E712A090
:10A730003CE712A040E712A030B583B0FEF7EEF977
:10A74000114B1B681BB1FEF7F9F903B030BD0F4D7B
:10A750002846FEF747FB0E4C2046FEF743FB0D4B09
:10A760001D600D4B1C60002300930C4B0C4A102104
:10A770000520FEF75FFC044B18600028E3D0094970
:10A78000FEF762FFDFE700BF3CE712A05CE712A024
:10A7900048E712A044E712A040E712A09CE612A0EE
:10A7A000E4E612A08423020010B588B0FFF7C4FFCE
:10A7B0000F4B1B68D3B100240594069407AA06A981
:10A7C00005A8FFF765FE059B0293069B01930323F3
:10A7D00000932346079A07490748FFF73DF9074BBF
:10A7E0001860001B18BF012008B010BD0020FBE757
:10A7F0003CE712A08C230200B1A5010038E712A0AB
:10A8000008B50120FEF716FD034B18600120FEF786
:10A8100011FD024B186008BDE4E812A0E0E812A0A8
:10A8200008B5044B4FF0FF321A60FFF7D7F900204C
:10A8300008BD00BFAC00001008B5FFF723FA0020E8
:10A8400008BD08B5FFF724FB002008BD30B585B072
:10A8500004464FF0FF31174B1868FEF7FDFD02ABC1
:10A86000009300231A4603A9204601F00DF905467E
:10A8700028B99DF80C30032B18BF032509D00023FD
:10A880001A4619460B480068FEF730FC284605B00A
:10A8900030BD204601F0A6F8054600231A461946A9
:10A8A00004480068FEF722FC002DEFD10298FFF764
:10A8B0002DF9EBE7E0E812A070B584B004460E4E27
:10A8C0004FF0FF313068FEF7C7FD0025009503AB60
:10A8D00002AA2946204601F0D7F82B462A462946E7
:10A8E0003068FEF703FC03992046029B98472046F8
:10A8F000FFF7ACFFFEE700BFE4E812A008B5054B88
:10A900001B681BB1FFF790FB002008BDFEF722F883
:10A91000FAE700BFAC00001070B584B00446002315
:10A920000393036003A801F02DF8054610B12846F3
:10A9300004B070BD039B2360032200210120FEF7B9
:10A9400097FB064660B100231A461946FEF7CEFB78
:10A950000023009332460421039801F06FF8E6E7E4
:10A96000039801F03FF8002323600425DFE7F0B5EA
:10A9700085B004460F46154600230393036003A8E1
:10A9800001F000F8064610B1304605B0F0BD039B5B
:10A99000236029463846FEF799FB024630B10097FE
:10A9A00001230421039801F049F8EDE7039801F031
:10A9B00019F80426E8E730B585B004460021009177
:10A9C0000B4603AA01F060F8054610B1284605B011
:10A9D00030BDFFF757F90398FEF772FE204601F0ED
:10A9E00001F8FFF755FAF1E710B584B00C460023E3
:10A9F000009303AA02A901F047F820B99DF8083096
:10AA0000042B02D0032004B010BD21460398FEF7AA
:10AA100023FDB0FA80F040094000F4E700B585B0AE
:10AA20000023009303AA02A901F02EF89DF8083034
:10AA3000042B03D0032005B05DF804FB00231A4665
:10AA400019460398FEF752FBB0FA80F04009C000A7
:10AA5000F1E700B587B00023009305AA04A901F02F
:10AA60003BF89DF81030042B03D0032007B05DF8AD
:10AA700004FB03A90598FEF727FCB0FA80F0400913
:10AA8000C000F3E770B584B005460E46144603A82F
:10AA900000F078FF039B2360044610B1204604B009
:10AAA00070BD002231462846FEF7E2FA024630B178
:10AAB000002300930521039800F0C0FFEEE7039800
:10AAC00000F090FF0424E9E730B585B0044600218A
:10AAD00000910B4603AA00F0D7FF054610B12846A7
:10AAE00005B030BD0398FEF7EBFD204600F07AFF7D
:10AAF000F5E770B584B00C460023009303AA02A9C1
:10AB000000F0C2FF054630B926786EB99DF80830CE
:10AB1000052B03D00325284604B070BD00210398FF
:10AB2000FEF792FD3546F6E79DF80830052B01D07B
:10AB30000325F0E721460398FEF786FDEBE770B5A5
:10AB400084B00C4615460023009303AA02A900F026
:10AB50009BFF064620B99DF80830052B03D003263D
:10AB6000304604B070BD00232A4621460398FEF704
:10AB7000BDFA0128F4D0002814BF0B260226EFE707
:10AB800010B586B00C460023009305AA04A900F076
:10AB9000A3FF20B99DF81030052B02D0032006B08A
:10ABA00010BD002303AA21460598FEF74EFBB0FA1C
:10ABB00080F040094000F2E730B585B00C461546FC
:10ABC0000023009303AA02A900F05EFF20B99DF8BC
:10ABD0000830052B02D0032005B030BD01232A46E2
:10ABE00021460398FEF782FAB0FA80F0400940004F
:10ABF000F2E730B585B00C4615460023009303AA52
:10AC000002A900F041FF20B99DF80830052B02D0C1
:10AC1000032005B030BD2A4621460398FEF78DFB80
:10AC2000B0FA80F040094000F3E710B586B00C465A
:10AC30000023009305AA04A900F04EFF20B99DF857
:10AC40001030052B02D0032006B010BD03AA214608
:10AC50000598FEF7B0FCB0FA80F040094000F3E739
:10AC600030B585B00C460023009303AA02A900F07A
:10AC70000BFF054620B99DF80830052B03D00325AE
:10AC8000284605B030BD0398FEF7D4FC2060F7E7F6
:10AC900008B5054B5B68C3F3080313B9FEF7FAFF69
:10ACA00008BDFEF7FDFFFBE700ED00E010B5044630
:10ACB000FEF7F0FF001B10BDF8B505460E4617461F
:10ACC000184B1B687BB14FF0FF31164B1868FFF72C
:10ACD0008BFE154B1C6854B10E2C0ED9114B186805
:10ACE000FFF79CFEF8BD0F48FFF716FEEBE74FF4A9
:10ACF000B47200210D4803F07AFC04EB44020B4BC4
:10AD000003EBC20EF44628686968AA68EB68ACE8F1
:10AD10000F00CEF814708EF811600134024B1C60E5
:10AD2000DCE700BF74E712A070E712A078E712A07A
:10AD30002DE9F04784B080460C4615461F469DF825
:10AD400030A00D9E002302934FF0FF31234B186873
:10AD5000FEF782FB4FF0FF31214B1868FEF77CFBBA
:10AD600002A800F00FFE8146A0B100231A46194642
:10AD70001B480068FEF7BAF900231A46194617481F
:10AD80000068FEF7B3F90EB1029B3360484604B089
:10AD9000BDE8F08705F10D0203AB0193CDF800A0EB
:10ADA000029B92B221460F48FEF77FFE012807D092
:10ADB000029800F017FE002302934FF03809D4E701
:10ADC000039B00933B4642460321029800F036FE67
:10ADD0002A4651462046FFF76FFFC6E7E0E812A07B
:10ADE000E4E812A0B9A801002DE9F0410C461C4985
:10ADF0000F68312F03D901242046BDE8F0811646A3
:10AE00001D461849002341F8373001EBC70148605F
:10AE1000E06801F0F7FAE26813490B6813440B602D
:10AE20008046D8B1CC2103F0E2FBC8F80040A3680B
:10AE300040469847044668B90A4B43F837800DB13D
:10AE4000C5F800800EB1C6F80080054A13680133CA
:10AE50001360D1E7404601F0D9FACDE70424CBE7EF
:10AE6000ECE812A0F0E812A0E8E812A02DE9F04109
:10AE700088460E4B1E68AEB1054600240C4F57F8AD
:10AE80003410284603F007FC28B10134B442F6D14F
:10AE90000023092002E0074B53F83430C8F8003093
:10AEA000BDE8F08100230920F8E700BFECE812A01C
:10AEB000F4E812A0F0E812A010B582B00C4600F041
:10AEC0002DFA08B102B010BD01A9206800F012FAF5
:10AED000F8E700B583B001A900F00CFA03B05DF803
:10AEE00004FB10B582B00C4601A900F003FA20B9AA
:10AEF000019803681B692146984702B010BD10B540
:10AF000082B00C4600F00AFA034610B1184602B0AF
:10AF100010BD01A9206800F0EDF903460028F5D125
:10AF2000019803681B6998470346EFE700B583B0B3
:10AF300001A900F0DFF918B9019803685B69984727
:10AF400003B05DF804FB00B583B001A900F0D2F9AD
:10AF500018B901980368DB69984703B05DF804FBF2
:10AF600000B583B001A900F0C5F918B901980368CC
:10AF70009B69984703B05DF804FB10B582B00C469E
:10AF800001A900F0B7F920B9019803685B6A21466E
:10AF9000984702B010BD00002DE9F0470646124C5C
:10AFA00001250020A046114F4FF0FF390FE0494620
:10AFB0005B7B98F8012002FB03F387FB03C21A4472
:10AFC000C2F3C712D04701350C34052D0AD02346F1
:10AFD000D4F814A0BAF1000FF5D0E8B2002EE6D1F3
:10AFE0002169E5E7BDE8F08784EA12A081808080CE
:10AFF0002DE9F84F04460A46264B00EB400103EBCF
:10B0000081014A705F78D3F80480D0B100EB400131
:10B01000204B03EB81039B68002B38D0B8F1000F65
:10B0200032D108461B4901EB8001496807FB02F257
:10B030001948A0FB0202C2F3C71220469847BDE898
:10B04000F88F1D460126DFF850904FF0FF3A0DE0D3
:10B0500051465B7B07FB03F389FB03C21A44C2F32F
:10B06000C712D84701360C35052E0BD02B46D5F824
:10B0700014B0BBF1000FF5D0F0B2B8F1000FE7D17A
:10B080002969E6E72046DAE74FF0FF31CEE70020F6
:10B09000D5E700BF84EA12A08180808038B50446DD
:10B0A000134B597800EB400203EB82034FF0FF3261
:10B0B0005A60A8B100EB40020D4B03EB82039D6880
:10B0C0009DB10B4B03EB82035A7801FB02F2094B53
:10B0D000A3FB0232C2F3C7124FF0FF31A84738BDBD
:10B0E0001046FFF759FF2046F9E70020F7E700BFB9
:10B0F00084EA12A08180808038B50446144B5878C9
:10B10000596804EB440203EB820300225A60C4B185
:10B1100004EB44020E4B03EB82039D68B5B10C4B6C
:10B1200003EB82035A7800FB02F20A4BA3FB0232C4
:10B13000003918BF0121C2F3C71249422046A8476F
:10B1400038BD1046FFF728FF2046F9E70020F7E753
:10B1500084EA12A081808080194B1B6823BB10B445
:10B16000184A4FF0000C64465FFA8CF31370B3FA80
:10B1700083F35B09DB01537054600CF1010C0C325A
:10B18000BCF1050FF0D10E4B4FF0FF321A60431E99
:10B19000DBB2032B05D800EB40000A4B03EB800326
:10B1A0009960002010BC7047431EDBB2032B05D80A
:10B1B00000EB4000034B03EB8003996000207047D5
:10B1C00080EA12A084EA12A000B583B0EDF75EF920
:10B1D00000F044FF01F00AFEEDF75CF9074B019324
:10B1E0000323009300234FF4807205490548FFF7BD
:10B1F0009FFDFFF715FB03B05DF804FBC0EA12A04A
:10B2000094230200F180000008B5EDF72DF9EDF769
:10B2100017F9EDF739F9EDF7F5F8EDF7FBF8EDF77C
:10B2200034F908BD2DE9F04385B080460C469146BF
:10B230001F4603A800F0A6FB054618B1284605B036
:10B24000BDE8F083E06801F0DDF80646F8B1E26899
:10B25000CC2103F0CCF9144AE36811680B44136065
:10B260003460A368304698470546A8B9CDF80080F9
:10B27000234632460621039800F0E0FB07B13E600A
:10B28000B9F1000FDAD0039BC9F80030D6E7039874
:10B2900000F0A8FB0425D1E7304601F0B7F8039889
:10B2A00000F0A0FBCAE700BFC4EA12A0F0B587B067
:10B2B00007464FF0FF33059305AE03AD06240CE0BF
:10B2C00004AB009300231A461946039800F0DCFBF8
:10B2D0003946049803F0DFF948B132462946204642
:10B2E00000F01AFC0028EBD0002007B0F0BD4FF0B2
:10B2F000FF30FAE710B584B00C46002303930093A7
:10B300000A4603A900F0C0FB9DF80C30062B1DBFB8
:10B31000002323600320002004B010BD2DE9F0437A
:10B3200085B080460D464FF0FF33039300230B603A
:10B3300003AF06260DF108090CE0CDF800900023BC
:10B340001A461946286800F09FFB4146029803F010
:10B35000A2F940B13A462946304600F0DDFB0446EA
:10B360000028EAD00924204605B0BDE8F08310B5D6
:10B3700082B00C46FFF7D2FF08B102B010BD01A9A0
:10B380002068FFF7B7FFF8E7F0B583B00E46154623
:10B390001C4601A9FFF7AEFF30B9019803685F6949
:10B3A000234632462946B84703B0F0BDF0B583B016
:10B3B0000E4615461C4601A9FFF79CFF30B90198BF
:10B3C00003689F69234632462946B84703B0F0BD5B
:10B3D00008B5074B1B6833B14FF0FF31044B1868B9
:10B3E000FFF702FB08BD0248FFF796FAF4E700BF3B
:10B3F000CCEA12A008B5024B1868FFF70FFB08BD96
:10B40000CCEA12A00020034B1860034B1860034BDA
:10B4100018607047D0EA12A0CCEA12A0C8EA12A0C5
:10B4200070B506460C460C2000F0E8FFF0B105466A
:10B43000204603F056F9013000F0E0FFA86080B12B
:10B44000214603F007F9291D3046FFF753FF084C4A
:10B4500023682B60FFF7BCFF2560FFF7CBFF0020C0
:10B4600070BD284600F0D2FF0420F9E70420F7E77A
:10B47000D0EA12A02DE9F04383B080460C4617466F
:10B48000FFF7A6FF164B1D6835B36E683368D3F817
:10B49000109001AB224641463046C847044628B1C9
:10B4A000FFF7A8FF204603B0BDE8F0830C2000F0B2
:10B4B000A5FF40B1019A426085600A4A11680160A7
:10B4C00010603860ECE733685B69396868689847F2
:10B4D000FFF790FF0424E5E7FFF78CFF0A24E1E77C
:10B4E000D0EA12A0C8EA12A070B50546FFF770FFB7
:10B4F000AB68586803685B696968984706460F4BF4
:10B500001B68CBB1002200E023469D420AD01C6894
:10B510001A46002CF8D1FFF76DFF204600F076FFA9
:10B52000304670BD1AB1196811601C46F3E71968FE
:10B53000024A11601C46EEE71C46ECE7C8EA12A07E
:10B54000F0B583B004460D4616461F46FFF740FF90
:10B55000A3685868036800979F6933462A46616864
:10B56000B8470446FFF746FF204603B0F0BD2DE97B
:10B57000F04184B005460E4617461C46FFF728FFEB
:10B58000AB6858680368D3F81C80696854B10094AC
:10B590003B463246C0470446FFF72CFF204604B026
:10B5A000BDE8F08103ACF2E738B504460D46FFF77D
:10B5B0000FFFA368586803681B6B2A4661689847A9
:10B5C0000446FFF717FF204638BD000038B5044693
:10B5D0000D46FFF7FDFE094B1B6853B15868036821
:10B5E0009B6C2A46214698470446FFF703FF2046F6
:10B5F00038BDFFF7FFFE0A24F9E700BFD0EA12A02A
:10B6000038B504460D46FFF7E3FE094B1B6853B1FE
:10B6100058680368DB6C2A46217898470446FFF790
:10B62000E9FE204638BDFFF7E5FE0A24F9E700BF32
:10B63000D0EA12A010B582B00C46FFF76FFE0346A9
:10B6400010B1184602B010BD01A92068FFF752FEE4
:10B6500003460028F5D1019803681B699847034603
:10B66000EFE700B583B001A9FFF744FE18B90198D0
:10B6700003685B69984703B05DF804FBF0B583B0DD
:10B680000E4615461C4601A9FFF734FE30B9019855
:10B6900003689F6923462A463146B84703B0F0BD88
:10B6A000F0B583B00E4615461C4601A9FFF722FEF1
:10B6B00030B901980368DF6923462A463146B84706
:10B6C00003B0F0BD30B583B00C46154601A9FFF7B5
:10B6D00011FE28B9019803681B6A2A46214698473B
:10B6E00003B030BD30B583B00C46154601A9FFF755
:10B6F00001FE28B9019803689B6A2A4621469847AB
:10B7000003B030BD10B582B00C4601A9FFF7F2FDC1
:10B7100020B901980368DB6A2146984702B010BD42
:10B72000044B03F1A001002243F8042F8B42FBD10C
:10B73000704700BFD0EA12A0FF280BD010B5044616
:10B74000272803D8044B53F8240010BD0348F7F70B
:10B750000BFFF7E700207047D4EA12A09C230200F9
:10B7600010B50446272805D8064B53F824402CB1C1
:10B77000204610BD0448F7F7F7FEF5E70348F7F752
:10B78000F3FEF5E7D4EA12A09C230200B0230200E6
:10B7900008B5074B53F8203023B9054B43F8201068
:10B7A000002008BD0348F7F7DFFE0A20F9E700BFD5
:10B7B000D4EA12A0D023020010B50446000AFFF715
:10B7C000CFFFE4B203685B6A0121A140984710BD36
:10B7D00010B50446000AFFF7C3FFE4B203689B6A92
:10B7E0000121A140984710BD10B50446000AFFF79B
:10B7F000B7FFE4B20368DB690121A140984710BD9F
:10B8000010B50446000AFFF7ABFFE4B203681B6AF9
:10B810000121A140984710BD38B504460D46000AE5
:10B82000FFF79EFF03681B6B2A46E1B2984738BDBD
:10B8300038B504460D46000AFFF792FF03685B6BBC
:10B840002A46E1B2984738BD38B504460D46000A8D
:10B85000FFF786FF0368DB6B2A462146984738BD11
:10B8600038B504460D46000AFFF77AFF03681B6CE3
:10B870002A462146984738BD10B50446000AFFF70E
:10B880006FFF03685B6C2146984710BDF8B504460E
:10B890000D461646000AFFF763FF03689F6B3346A9
:10B8A0002A462146B847F8BDF8B504460D46164667
:10B8B000000AFFF755FF03689F6C33462A46E1B242
:10B8C000B847F8BD10B582B00446000AFFF748FF3C
:10B8D00000230193E4B20368DB6A01AA0121A140BD
:10B8E00098470198003818BF0120404202B010BDAF
:10B8F00010B50446000AFFF733FF4FF6FF739C4272
:10B9000005D0E4B20368DB6C0121A140984710BD6B
:10B9100010B50446000AFFF70FFF4FF6FF739C4275
:10B9200006D0E4B203689B6D0121A140984710BD89
:10B930004FF0FF30FBE7000010B50F4C4FF41662DC
:10B940000021204602F053FE012323600B4A1360BE
:10B950000B4B95221A60234604F515624FF0AA346A
:10B960004FF0BB304FF0CC315C619861D96110333E
:10B970009342F9D110BD00BF7CEB12A078EB12A06E
:10B9800074EB12A038B50546FDF7C8F8124B1C68D9
:10B99000F4B1124B1B6812490133962B28BF0123C7
:10B9A0001A018A58002AF7D10C4A13602B60013C17
:10B9B000094A146019010A4A02EB0313022050508D
:10B9C00000245C609C60DC60FDF7B8F8204638BD60
:10B9D000FDF7B4F80120FAE774EB12A078EB12A09F
:10B9E0007CEB12A038B5431E942B21D80446FDF7FA
:10B9F00095F823010F4AD35CB3B10E4B220103EB40
:10BA0000041400259D504FF0AA3363604FF0BB3300
:10BA1000A3604FF0CC33E360074A1368013313602F
:10BA2000FDF78CF8284638BDFDF788F80320FAE7C3
:10BA30000320F8E77CEB12A074EB12A02DE9F84389
:10BA4000441E942C1CD80F4690461E464FEA0019FF
:10BA50000C4D05EB0014FDF761F815F809305BB1EA
:10BA600045F80970C4F80480A660089BE360FDF700
:10BA700065F80020BDE8F883FDF760F80320F9E7DA
:10BA80000320F7E77CEB12A02DE9F8461D46431E84
:10BA9000942B1DD80E4617464FEA001ADFF8349053
:10BAA00009EB0014FDF73AF816B159F80A30336083
:10BAB0000FB163683B600DB1A3682B60089B13B1A5
:10BAC000E368089A1360FDF739F80020BDE8F886AE
:10BAD0000320FBE77CEB12A030B4029C451E942DA2
:10BAE00014D84FEA001C0B4D05EB001011B155F8AE
:10BAF0000C500D600AB1416811600BB182681A6088
:10BB000034B1C3682360002030BC70470320FBE7DA
:10BB10000020F9E77CEB12A010B41368084C013345
:10BB2000952B08D84FEA031C14F80CC08445F6D1B5
:10BB30000B60002000E00920136010BC704700BFBC
:10BB40007CEB12A010B582B00C46FFF7E7FB08B102
:10BB500002B010BD01A92068FFF7CCFBF8E700B5E3
:10BB600083B001A9FFF7C6FB03B05DF804FB10B575
:10BB700082B00C4601A9FFF7BDFB20B9019803680C
:10BB80001B692146984702B010BD70B58AB00E46B9
:10BB900014461D4609A9FFF7ADFBA0B98DF8046056
:10BBA00005959DF838308DF818300F9B0793ADF848
:10BBB0000640002302938DF80C3004930998036823
:10BBC0001B6901A998470AB070BD70B58AB00E46CE
:10BBD00014461D4609A9FFF78DFBA0B98DF8046036
:10BBE00002959DF838308DF80C300F9B0493ADF81A
:10BBF0000640002305938DF81830079309980368D1
:10BC00001B6901A998470AB070BD38B50D46D0F838
:10BC100004413CB12946606802F03DFD10B1246842
:10BC2000002CF7D1204638BD38B50C4651B1154629
:10BC30008C683CB12946606802F02DFD10B1246883
:10BC4000002CF7D1204638BDF8B504460E46FFF764
:10BC5000DCFF054608B12846F8BD102000F0CEFBF9
:10BC600005460028F7D0D4F80431ABB1D4F8083138
:10BC70001860C4F808010027EF60AF60304602F09A
:10BC800030FD013000F0BAFB044668602F6040B11F
:10BC9000314602F0DFFCDEE7C4F80801C4F8040115
:10BCA000E9E7284600F0B2FB2546D4E770B50C461C
:10BCB0001646FFF7B9FF054608B1284670BD0C20AF
:10BCC00000F09CFB05460028F7D0E3688BB11860B4
:10BCD000E060304602F005FD013000F08FFB0446C5
:10BCE00068600023AB602B6030B1314602F0B2FCDB
:10BCF000E3E7E060A060ECE7284600F087FB25461C
:10BD0000DBE700002DE9F04FC7B003908B4600221F
:10BD10000492019213461746904604AD4FF0800AF4
:10BD20000DF1140993E0C5F800A02B465246494690
:10BD30005846FFF705FC2B68002B00F0A780002871
:10BD400040F0A580002386E05B2C7FD101274FF0D7
:10BD500000087BE05D2C0AD0B8F17F0F76DC08F597
:10BD60008C736B4403F8844C08F101086EE008F50D
:10BD70008C730DEB0308002308F8843C25A9039875
:10BD8000FFF762FF002800F0858002274FF00008CF
:10BD90005CE05B2C76D0204602F045FA002855D1B5
:10BDA0008DF8944003274FF001084FE0204602F041
:10BDB0003AFA0290002849D13D2C0AD0B8F17F0F01
:10BDC00044DC08F58C736B4403F8844C08F10108DB
:10BDD0003CE008F58C730DEB0308002308F8843C65
:10BDE00025AA039BD3F808111846FFF75FFF0190BF
:10BDF000002851D0DDF80880042727E0204602F013
:10BE000012FAC8B10A2C21D1002208F58C736B44B8
:10BE100003F8842C019B986808B100F0F7FA08F148
:10BE2000010000F0EBFA019B986025A902F012FCDA
:10BE300002274FF0000809E00A2CE5D008F58C73C2
:10BE40006B4403F8844C08F10108052733462A683F
:10BE50009A427FF668AF5E1C19F803400D2CF5D0AE
:10BE6000052FF3D801A353F827F000BF49BD010007
:10BE700055BD010093BD0100ADBD0100FDBD010038
:10BE800039BE010001274FF00008DFE7002047B06E
:10BE9000BDE8F08F0420FAE70420F8E770B582B01F
:10BEA00005460C4600230B6002F01BFC802829D8B5
:10BEB0004FF4867000F0A2FA064638B34FF486724B
:10BEC000002102F094FB80222946304602F0CBFA92
:10BED00001AA01212846FFF7CDFA054628B1092815
:10BEE0000DD0304600F092FA0DE001993046FFF790
:10BEF00009FF05460198FFF7F7FA002DF1D12660FA
:10BF0000002500E00E25284602B070BD0425FAE7A2
:10BF100038B3F8B50746D0F80461F6B9384600F0F2
:10BF200075FA0020F8BD284600F070FA5CB125468D
:10BF30002468686808B100F069FAA8680028F2D09F
:10BF400000F064FAEFE73468706800F05FFA30469A
:10BF500000F05CFA002CE1D02646B468002CE6D153
:10BF6000F1E70320704770B138B50C460546084626
:10BF700002F0B7FB802808D8214605F1810002F0C5
:10BF800069FB002038BD032070470E20FAE700004F
:10BF90001A6030B370B50D461C46064690F88130E5
:10BFA0000BB92B2070BD00F18101FFF72EFE014679
:10BFB0002A463046FFF738FEA8B180680378242B64
:10BFC00009D0302B02D14378782B04D002F0C8FA84
:10BFD00020600020E6E72246044902F022FA002011
:10BFE000E0E7032070470020DCE700BFB81D020037
:10BFF000F8B516461C4658B30F46054690F88130F2
:10C0000003B300F18101FFF700FE01463A462846DE
:10C01000FFF70AFE80B18668304602F062FB069B9D
:10C02000984228BF1846054602463146204602F08F
:10C03000B5FA00206055F8BD3146204602F00AFBF3
:10C040000020F8E71146204602F004FB2B20F2E71F
:10C050001146184602F0FEFA0320ECE708B500F09E
:10C06000D9F9FFF769FCFFF75BFBFEF7C9FB00207E
:10C0700008BD10B582B00C46FFF750F9034610B169
:10C08000184602B010BD01A92068FFF733F9034636
:10C090000028F5D1019803681B6998470346EFE72C
:10C0A00000B583B001A9FFF725F918B90198036815
:10C0B0005B69984703B05DF804FB30B583B00C466C
:10C0C000154601A9FFF716F928B9019803681B6AFC
:10C0D0002A462146984703B030BD10B582B00C46C1
:10C0E00001A9FFF707F920B9019803685B6A2146A7
:10C0F000984702B010BD00B583B001A9FFF7FAF868
:10C1000018B9019803689B6A984703B05DF804FB6F
:10C1100010B582B00C4601A9FFF7ECF820B90198E0
:10C1200003681B6B2146984702B010BD30B583B041
:10C130000C46154601A9FFF7DDF828B901980368F8
:10C140005B6B2A462146984703B030BD2DE9F04786
:10C1500082B06A4B4FF0FF321A600024684B1C60BB
:10C16000684B1C70684B1C60A046684F654D1E46AE
:10C170001FE02B78072B00F2B180DFE803F01F34BB
:10C18000405D69829F13624B1B680BB3FEF780FD15
:10C19000044600235A4A13605C4A1360594A1378D4
:10C1A000013313703220FEF7A9FB3368002B40F0F7
:10C1B00099803B68002BDCD000232B70504B1B6810
:10C1C000002BE0D0534B5B6A002BDCD09847DAE7BA
:10C1D000514B1968514B1868FFF79AFF4C4B4FF0C1
:10C1E000FF321A60D2E7FEF753FD001B494B5B6834
:10C1F0009842D7D9434A137801331370D2E7DFF856
:10C2000018A1DFF8189101AA5146D9F80000FFF7EC
:10C210008DFFDAF800104908D9F80000FFF778FF21
:10C220003B4B00221A60364B4FF0FF321A60354A02
:10C23000137801331370B5E7FEF72AFD001B354B69
:10C240009B689842AED92F4A137801331370A9E73F
:10C25000304B9B6903B198472E4BDB6903B198477C
:10C26000FEF716FD80462C4B19682C4B1868FFF71B
:10C270004FFF274B00221A60224A137801331370B4
:10C2800090E7FEF705FDA0EB0800224B1B689842E3
:10C290000BD8FEF7FDFC001B1E4BDB68984281D9D2
:10C2A000184A1378013313707CE7FEF7F1FC8046DF
:10C2B000184BDB69002BECD09847EAE70021174BBD
:10C2C0001868FFF725FF124B00221A60114B1B6AFA
:10C2D00098470C4A13780133137063E7094B002227
:10C2E0001A705FE7074B09221A700023034A136094
:10C2F0000B4A136002B0BDE8F08700BFE4F412A05F
:10C30000E8F412A020F512A0E0F412A0F0F412A0BC
:10C31000B0000010F4F412A0DCF412A01CF512A07E
:10C32000ECF412A0164B1B680BB12920704730B5F6
:10C3300085B00446134B1860134DAE468C46BCE8DE
:10C340000F00AEE80F00BCE80F00AEE80F009CE85D
:10C3500003008EE8030032232B616B6103AA0B49B3
:10C360002046FFF7E3FE0A4B0193042300930023CA
:10C37000E02208490848FEF7DBFC05B030BD00BFED
:10C38000E4F412A01CF512A0F4F412A0DCF412A044
:10C39000ECF412A0E42302004DC1010038B50C4BAF
:10C3A0001B6893B10B4B4FF0FF321A600A4B1B789E
:10C3B000092B07D00125084C2846FEF79FFA237861
:10C3C000092BF9D1054B00221A60002038BD00BFAF
:10C3D000E4F412A0E0F412A020F512A0E8F412A0F8
:10C3E000024B4FF0FF321A60704700BFF0F412A00A
:10C3F000014B1868704700BFE8F412A008B5FCF7BD
:10C4000013FC08BD08B5FCF70FFC08BD08B5FCF728
:10C4100095FC08BD704710B582B00C46FEF77EFF54
:10C42000034610B1184602B010BD01A92068FEF7FE
:10C4300061FF03460028F5D1019803681B699847FE
:10C440000346EFE7F0B585B00F4616461D4603A933
:10C45000FEF750FF40B9039803680A9A00921C6ADD
:10C460002B4632463946A04705B0F0BDF0B585B041
:10C470000F4616461D4603A9FEF73CFF40B9039838
:10C4800003680A9A0092DC692B4632463946A04777
:10C4900005B0F0BD00B583B001A9FEF72BFF18B9B8
:10C4A000019803685B6A984703B05DF804FB10B518
:10C4B00082B00C46FEF732FF08B102B010BD01A9F0
:10C4C0002068FEF717FFF8E700B583B001A9FEF773
:10C4D00011FF03B05DF804FB10B582B00C4601A952
:10C4E000FEF708FF20B9019803681B6921469847A9
:10C4F00002B010BD08B506490648FEF70FFF00B1AF
:10C5000008BD0549024B1868FEF7F4FEF8E700BFC6
:10C5100028F512A01C13020024F512A010B5044641
:10C52000074B1B6833B1064B186803681B6921462B
:10C53000984710BDFFF7DEFF0028F4D0F9E700BFF1
:10C5400024F512A010B50446074B1B6833B1064B07
:10C55000186803685B692146984710BDFFF7CAFF5A
:10C560000028F4D0F9E700BF24F512A010B5044666
:10C57000806820B9E3680BB12046984710BDFEF7EC
:10C5800068FAF7E710B582B00C46FEF7C7FE08B1AF
:10C5900002B010BD01A92068FEF7ACFEF8E700204C
:10C5A00070470000F0B583B006460C4617461D469E
:10C5B00001A9FEF79FFE034698B92E606C600198B2
:10C5C000E4B20368DE6A2B46074A2146B0470346B9
:10C5D00038B9019803685D6A06233A462146A847A0
:10C5E0000346184603B0F0BD6DC5010000B583B029
:10C5F00001A9FEF77FFE18B9019803685B699847A7
:10C6000003B05DF804FB00B583B001A9FEF772FE2C
:10C6100018B9019803681B69984703B05DF804FBDB
:10C6200010B582B00C4601A9FEF764FE20B901984E
:10C630000368DB692146984702B010BD10B582B08F
:10C640000C46FEF76BFE034610B1184602B010BD53
:10C6500001A92068FEF74EFE03460028F5D1019897
:10C6600003681B6998470346EFE730B583B00C4673
:10C67000154601A9FEF73EFE034630B9019803684E
:10C680009B6921469847034610B1184603B030BD58
:10C690002846FEF733F9019803689B690021984703
:10C6A0000346F2E710B582B00C4601A9FEF722FE60
:10C6B00020B9019803689B692146984702B010BDD4
:10C6C00008B54FF0FF31024B1868FEF78DF908BD31
:10C6D00034F512A008B5024B1868FEF79FF908BDA3
:10C6E00034F512A010B504460A4B186828B1436807
:10C6F000A3420DD000680028F9D10C20FFF77EFE80
:10C7000030B1044B1A6802604460002282601860F5
:10C7100010BD00BF38F512A010B582B00C4601A9BB
:10C72000FEF7E8FD20B9019803689B692146984708
:10C7300002B010BD2DE9F04F89B06420FEF7DEF89D
:10C74000DFF89CB0DFF89CA042E0FFF749FEFFF75E
:10C750004FFE20B14FF0FF33CAF8003002E0DAF8A4
:10C760000030B3B1049B13F0010F0ED0246854B312
:10C7700031466068FFF7D0FF0028F7D1049B13F023
:10C78000010FE2D1DAF800301BB10023CAF8003003
:10C79000ECE7A568002DE9D04FF00209E846002734
:10C7A000049B03F00103CDF80090059A0192069ACC
:10C7B000029203933A4641466868FEF7C0F92D6835
:10C7C000002DEDD1D2E7FFF785FF0A20FEF796F89E
:10C7D000FFF776FFDBF80040002CF4D004AEC7E78B
:10C7E00038F512A02CF512A000B583B001A9FEF710
:10C7F00081FD18B901980368DB69984703B05DF8BB
:10C8000004FB00B583B001A9FEF774FD18B90198C7
:10C8100003685B6A984703B05DF804FB30B583B0EA
:10C820000C46154601A9FEF765FD28B90198036875
:10C830001B6A2A462146984703B030BD38B50446E6
:10C840000D46FFF73DFF2046FFF74CFF60B1044661
:10C850000820FFF7D3FD58B14560A2680260A060D0
:10C86000FFF738FF002038BDFFF734FF0420FAE758
:10C87000FFF730FF0420F6E770B584B005460C469C
:10C8800016461C4B1B6843B121462846FEF746FD61
:10C890000546C8B1284604B070BD174B00221A6087
:10C8A0001648FEF739F818B9124B4FF0FF321A60EC
:10C8B000134B01930423009300234FF4807211491A
:10C8C0001148FEF735FADFE703A92068FEF712FDED
:10C8D00005460028DED1039803681B699847054682
:10C8E0000028D7D1002ED5D031682068FFF7A6FFE9
:10C8F000D0E700BF3CF512A038F512A034F512A025
:10C9000030F512A0F023020035C7010038B5054606
:10C910000C46FFF7D5FE2846FFF7E4FE0146806887
:10C9200098B1002200E018464368A34207D003688C
:10C930000246002BF7D108E003688B6003E0002A71
:10C94000FAD003681360FFF761FDFFF7C3FE002014
:10C9500038BD30B583B004460D4601A9FEF7CAFCC8
:10C9600008B103B030BD29462046FFF7CFFF01983C
:10C9700003685B699847F4E730B583B00C46154609
:10C9800001A9FEF7B7FC28B9019803689B6A2A46FB
:10C990002146984703B030BD10B582B00C46FEF773
:10C9A000BDFC08B102B010BD01A92068FEF7A2FCD1
:10C9B000F8E710B582B00C4601A9FEF79BFC20B940
:10C9C000019803681B692146984702B010BD00B565
:10C9D00083B001A9FEF78EFC18B9019803689B6922
:10C9E000984703B05DF804FB00B583B001A9FEF7DA
:10C9F00081FC18B9019803685B6A984703B05DF839
:10CA000004FB00B583B001A9FEF774FC18B90198C6
:10CA10000368DB6A984703B05DF804FB70B5042A2D
:10CA20000ED0002A3BD02C4B1C68601CA30004F1E4
:10CA3000020C013A92B29444284C294E294D25E02B
:10CA4000264B1B6893B1244B1A68264B1B6803EBDB
:10CA500082031A680A605A684A609A688A60DB68CA
:10CA6000CB601D4A13680433136018E01A4B1A6830
:10CA70001B4B1B6803EB8203EBE73268D2580A605A
:10CA8000421C04330431624507D010462268002A54
:10CA9000F3D02A68D2580A60F2E70F4B18600E4BA9
:10CAA0001B68FF2B12D90C4B00221A600B4B1B6822
:10CAB0006BB10D4A4FF0FF311160B3FA83F35B099C
:10CAC000064A1360094B1868FDF7C3FF70BD084A9A
:10CAD0004FF0FF311160F0E7A4F512A0B80000108C
:10CAE000A8F512A0ACF512A09CF512A040F512A07A
:10CAF000B400001008B50B464FF4806201460248AE
:10CB00000068FEF71DFD08BDB4F512A070B582B037
:10CB1000194A0121FEF7AEFC044610B1204602B0CE
:10CB200070BD4FF0FF35154B1D60154E33462C225E
:10CB3000144911480068FEF703FD3146124B18688E
:10CB4000FFF7D8FF1149124B1868FFF7D3FF0023F6
:10CB5000104A1360104A1360104A1360104A15609F
:10CB6000104A0192032200924FF480520E490F485E
:10CB7000FEF7DEF8D2E700BFB4F512A048F512A028
:10CB8000B0F512A050F512A0ACF512A0BC00001038
:10CB9000A8F512A09CF512A0B4000010A4F512A0F4
:10CBA000B800001094F512A0F8230200EDCB0100AC
:10CBB00010B5094B186803689B6998470024074B18
:10CBC0001C60074B1868FEF78FFC064B1C60064B79
:10CBD0001868FDF73BFE10BD88F512A04CF512A0B9
:10CBE000B4F512A048F512A094F512A0F8B5184BB0
:10CBF000186803685B699847164B4FF0FF321A605C
:10CC0000154C164E164F174D09E02146164B186865
:10CC1000FFF770FF00232B60144B1B6863B9236878
:10CC20009BB133688BB14FF0FF313868FDF7DCFE04
:10CC30002B68002BF0D0E8E708490D4B1868FFF788
:10CC400059FF0A4B00221A60E9E7FFF7B1FFF8BD70
:10CC500088F512A04CF512A0B0F512A0BC0000108F
:10CC600040F512A09CF512A0ACF512A0B400001083
:10CC7000A8F512A008B5194B186803681B690021B4
:10CC8000984728B1154B186803681B69002198471D
:10CC9000134B1B68CBB9134B1868FFF7B7FB124B4C
:10CCA0001868FFF7B3FB114B1868FEF73FF9012333
:10CCB0000F4A13600F4A13600F4B4FF0FF321A6098
:10CCC0000E4B1868FDF777FE08BD3021074B18683A
:10CCD000FEF753F9024B00221A60DCE790F512A030
:10CCE00044F512A0ACF512A0A8F512A098F512A078
:10CCF000B0F512A0BC000010B800001040F512A062
:10CD000038B5044624492548FEF7F9F8002839D0FB
:10CD1000234B1C70234C21462348FEF7FFFA234D7A
:10CD200029462068FEF7E6FA0446286803681B696E
:10CD30000121984724B1286803681B69012198479D
:10CD40004FF48060FFF75AFB194B18604FF4806076
:10CD5000FFF754FB174B1860174D29461748FEF78D
:10CD6000DDFA174C21462868FEF7C4FA20680368EC
:10CD70001B69144998471448FDF7CEFD134B002258
:10CD80001A6038BD2146044B1868FEF7F6F8104BC0
:10CD90004FF0FF321A60BBE798F512A07016020040
:10CDA000A0F512A08CF512A00024020090F512A0AC
:10CDB000ACF512A0A8F512A084F512A00C24020074
:10CDC00088F512A01DCA010040F512A04CF512A072
:10CDD00044F512A0014B1868704700BF4CF512A033
:10CDE00008B50A242046EBF757FBFBE7024BD3F8C4
:10CDF000C420024B1A60704700C00F40B8F512A063
:10CE00009D22002808BF704744BF404242F4807210
:10CE1000B0FA80F18840521A41064FEA102008BF4C
:10CE200010F0010F00EBC25088BF01307047004284
:10CE300004BF0146704710F000424FEA125242F41C
:10CE4000806242F01D0200D54042B0FA80F1884075
:10CE5000521AC30A400503EB02517047002808BF6D
:10CE600070474FF09D02FFF7D3BF004204BF014659
:10CE700070474FF4806242F01D02B0FA80F18840A2
:10CE8000521AC30A400503EB0251704750EA0103EE
:10CE900008BF704711F000424FEAD25242F0BD0283
:10CEA00040F104800023404263EB0101002902BFEE
:10CEB00001460020203AB1F5803F3FBF103A0904F7
:10CEC00041EA10410004B1F1807F3FBF083A0902F6
:10CED00041EA10610002B1F1805F3FBF043A0901ED
:10CEE00041EA1071000111F0404F01BF023A890080
:10CEF00041EA9071800009425EBF490041EAD07169
:10CF0000013A002818BF41F0010148064FEA1121FB
:10CF100008BF11F0010F01EBC25088BF013070470C
:10CF200050EA010308BF70474FF0BD02FFF7BEBFD4
:10CF30004200110E7F390CD4D1F11F010CDD4000ED
:10CF40004FEAC01040F0004020FA01F028BF4042F4
:10CF500070474FF000007047B2F17F4F88BF20F05C
:10CF6000004010F0004058BF6FF000407047410093
:10CF70000DD2090E7F390AD4D1F11F0104D4000269
:10CF800040F00040C84070476FF00000704700203C
:10CF900070474A000ED2520DA2F54072FF3A09D4F2
:10CFA000D2F11F0208D4C90241EA505040F00040BB
:10CFB000D0407047002070476FF000007047C0F30A
:10CFC000C751094208BF00F0004042004FEA4070DC
:10CFD0004FEA121118BF01F1605128BF81F00041E2
:10CFE0004FF08073D34238BF704701F1605118BFD2
:10CFF00041F4002170474FF4001313EB410F24D28A
:10D000004FEA4102B2F1E04324BFB3F5001CDCF16A
:10D01000FE5C0DD901F000414FEAC00241EA5070B8
:10D02000B2F1004F40EB830008BF20F001007047D1
:10D0300011F0804F04BF01F00040704701F0004044
:10D0400040F0FE4040F40000704701D10042F5D0AE
:10D0500049004FEAC10141EA10704FEA300040F444
:10D060008000704780F0004081F0004181F0004175
:10D070004FF07F4C90EA010F3DD4431A3CBFC01AD9
:10D08000C918BCEB400F7FD91CEA400F30D0C20D4D
:10D09000B2EBD153182BC8BF7047000240F00040DC
:10D0A0001CEB410F4FEA41214FEA310138BF01F03B
:10D0B0000041C3F1200C01FA0CFCD940401832BFEA
:10D0C000013A5FEA300040F001005CEA406C04BFC6
:10D0D00010F4807F20F08000000A40EBC2504FF037
:10D0E000807111EB400F38BF7047C00DC00570470D
:10D0F00000F00040704781F00041431A3EBF83F0CA
:10D100000043C01AC918BCEB400F3AD9C20DA2EBBC
:10D11000D1531CEB400F4FEA40204FEA300038BF9C
:10D1200000F000401CEB410F4FEA41214FEA310172
:10D1300038BF01F00041C3F1200C11FA0CFC21FAB8
:10D1400003F118BF41F00101401A08BF70474FEAD0
:10D150001223D2B2B0FA80F18840521AC1B2000A4A
:10D1600020F4000040EAC25040EAC370802940F138
:10D17000000008BF20F00100002AC8BF7047D80790
:10D180007047BCEB410F03D0BCEB400F08BF7047AA
:10D190004FF0FE4040F4400070474FF0FF0C1CEA97
:10D1A000D0521EBF1CEAD153FF2AFF2B2AD090EA8F
:10D1B000010F4FF0004C4CEA01214CEA0020A0FB8B
:10D1C00001C11A444CBF4FF000430023B1F1004F9E
:10D1D00062F17F0238BF49004CEA416CFE2A09D255
:10D1E00053EA11204CEAC07C28BFBCF1010340EB9C
:10D1F000C2507047124244BF18467047FF2043EAAE
:10D20000C050704710EACC5F08BF00F0004011EA40
:10D21000CC5F08BF01F000410CEAD153FF2A18BFD0
:10D22000FF2B03D0484000F00040704700281EBF8D
:10D23000B0F1004F0029B1F1004F12D0FF2A02D106
:10D240005FEA402C0DD1FF2B02D15FEA412C08D1BF
:10D2500080EA010000F0004040F0FE4040F4000091
:10D2600070474FF0FE4040F440007047FF2313EA40
:10D27000D0521EBF13EAD15392F0FF0F93F0FF0F6D
:10D2800000F0B580D21A02F17F0281EA000C0CF0A6
:10D29000004C4FF0004343EA002043EA01214FEAEB
:10D2A000DC5C4FEA50034FEA51015B1A3CBF013A84
:10D2B00001EB4303D1EB430338BFCB184CEB0C0C11
:10D2C000D1EB430338BFCB184CEB0C0CD1EB430331
:10D2D00038BFCB184CEB0C0CD1EB430338BFCB1849
:10D2E0004CEB0C0CD1EB430338BFCB184CEB0C0CC4
:10D2F000D1EB430338BFCB184CEB0C0CD1EB430301
:10D3000038BFCB184CEB0C0CD1EB430338BFCB1818
:10D310004CEB0C0CD1EB430338BFCB184CEB0C0C93
:10D32000D1EB430338BFCB184CEB0C0CD1EB4303D0
:10D3300038BFCB184CEB0C0CD1EB430338BFCB18E8
:10D340004CEB0C0CD1EB430338BFCB184CEB0C0C63
:10D35000D1EB430338BFCB184CEB0C0CD1EB4303A0
:10D3600038BFCB184CEB0C0CD1EB430338BFCB18B8
:10D370004CEB0C0CD1EB430338BFCB184CEB0C0C33
:10D38000D1EB430338BFCB184CEB0C0CD1EB430370
:10D3900038BFCB184CEB0C0CD1EB430338BFCB1888
:10D3A0004CEB0C0CD1EB430338BFCB184CEB0C0C03
:10D3B000D1EB430338BFCB184CEB0C0CD1EB430340
:10D3C00038BFCB184CEB0C0CC91A8B425CEBC2502B
:10D3D000002A09DDFF2A38BF70474FF07F400CF06C
:10D3E000004C4CEA500070470CF00040704703EAD4
:10D3F000D15393F0FF0F08D192F0FF0F1BD05FEADB
:10D40000412C14D04FF440001DE092F0FF0F05D1E5
:10D410004FF07F43B3EB400F10D00CD193F0000FCF
:10D4200008BF92F0000F06D093F0000F06D04840DE
:10D4300000F0004070474FF4400004E0484000F026
:10D44000004040F4000040F0FE40704750EA010206
:10D45000520007D0884203D1400010F1807F01D9EB
:10D46000002070470120704742004B0012F1807F7E
:10D4700094BF13F1807F0CE050EA0102520008D003
:10D4800003D28842804140427047814280414042FD
:10D4900070470020704742004B0012F1807F94BF1C
:10D4A00013F1807F0CE050EA010252000AD003D24F
:10D4B000814280410130704788428041013070478D
:10D4C000002070470120704742004B0012F1807F1E
:10D4D00094BF13F1807F0CE050EA0102520008D0A3
:10D4E00003D281428041404270478842804140429D
:10D4F00070470020704742004B0012F1807F94BFBC
:10D5000013F1807F0CE050EA010252000AD003D2EE
:10D51000884280410130704781428041013070472C
:10D52000002070470120704781F0004183F00043E4
:10D5300083F00043F0B491EA030F00F18E80841A67
:10D5400071EB030603D212197341001BB1414FF076
:10D550007F4646F4600616EA410F08BF62E0B6EB6C
:10D56000410F98BF69E04FEA1154A4EB1357B14340
:10D5700041F4801116EA430F07BF00230022B34392
:10D5800043F48013D7F1200634D303FA06F540198B
:10D5900041F1000122FA07F5401923FA07F541EBA2
:10D5A000050102FA06F211F4001F19D121F48011CD
:10D5B00001EB0451F0BCB2F1004F08BF10EA500F6C
:10D5C00050F1000041F100014FF07F4343F460034C
:10D5D000B3EB410F88BF7047090D09050020704764
:10D5E00049085FEA30005FEA320228BF42F00102D8
:10D5F0000134DBE7203F402F19D223FA07F5401909
:10D6000041F10001C7F12006124218BF012203FABE
:10D6100006F52A43C7E711EA560F04BF0020002190
:10D62000F0BC704701F000410020F0BC704721F4CD
:10D63000801101EB0451F0BC7047004218BF41F06B
:10D640000101B6EB410F04BFF0BC70474FF0FE4143
:10D6500041F478010020F0BC704783F00043841A45
:10D6600071EB030705D287F00047001BB94112197F
:10D670007B415FF07F4656F4600616EA430FCAD03E
:10D68000B6EB410F40F28C800C0DA4EB1357C9028E
:10D6900041EA5051C00241F00041DB0243EA5253DB
:10D6A000D20243F00043D7F120065AD302FA06FC17
:10D6B000FA4003FA06F52A43FB401CEA0C0F18BF98
:10D6C00042F00102801A9941E30A6405640D11F0E9
:10D6D000404F2ED427D1002902BF01460020203C14
:10D6E00000295BD0B1F5803F3FBF103C090441EAFF
:10D6F00010410004B1F1807F3FBF083C090241EABC
:10D7000010610002B1F1805F3FBF043C090141EAB2
:10D710001071000111F0404F01BF023C890041EA45
:10D720009071800009425FBF013C490041EAD0711D
:10D730004000002C11DD420521F00041C00A40EA02
:10D740004150C90A41EAC371460872F1004250F1E2
:10D75000000051EB0451F0BC70470020D907F0BC29
:10D760007047A7F12007202F0CD2C7F1200603FA3B
:10D7700006F5FB402A4318BF43F00103C01A61F1CC
:10D780000001A1E721F00041C00A40EA4150C90A66
:10D7900001EB0451F0BC704700200021F0BC704741
:10D7A000004218BF41F00101B6EB410F7FF44EAFCC
:10D7B000B6EB430F3FF44AAFF0BC7047F0B5574F9C
:10D7C00081EA030517EA010E1EBF9EEA070F17EA5A
:10D7D000030494EA070F64D04EEAD57EA64421EAFA
:10D7E000470141F4801123EA470343F48013A1FB6E
:10D7F0000247A0FB036536197D41A1FB034747F1B2
:10D800000003A0FB0217F619654153F1000309421A
:10D8100018BF46F001061427B3F5007F47F1000753
:10D8200034BF3F4A3F4ABEEB020E31D4C7F1200459
:10D8300003FA04F105FA04F025FA07F2114326FA77
:10D8400007F2104316FA04F421F480114FEA5E0740
:10D8500041EA47010AD0B4F1004F50F1000041F114
:10D860000001B4F1004F08BF20F001002B4F1EEA69
:10D87000070F10D041EACE71BE453CBFBDE8F04075
:10D8800070472649002041EACE71BDE8F04070475C
:10D890001EEB020EF5D44FEACE710020BDE8F04039
:10D8A0007047394204BF01F000410020004218BF18
:10D8B00041F001013B4204BF03F000430022124249
:10D8C00018BF43F0010307EA0304BC4218BF9EEAF5
:10D8D000070F05D005F000410020BDE8F04070477B
:10D8E00021F0004123F00043B9420FD8BB420DD8CC
:10D8F000002918BF002B09D005F0004141F0FE417E
:10D9000041F470010020BDE8F04070474FF0FE4147
:10D9100041F478010020BDE8F04070470000F07F3E
:10D920000000F03F0000E03FF0B581EA030E0EF08A
:10D93000004E814F17EA41051EBF95EA070F17EA0F
:10D94000430494EA070F00F0C5806D0DA5EB545712
:10D9500007F580674FF0004646EAC12444EA505478
:10D96000C00246EAC32343EA5253D202801A9C41C2
:10D9700004D20018644180185C41013F5B084FEA03
:10D9800032020025002140F001004FF0070604E0BC
:10D99000801A9C4136D340416441801A9C4136D361
:10D9A00040416441801A9C4136D340416441801A11
:10D9B0009C4136D340416441801A9C4136D340415A
:10D9C0006441013E17D0801A9C4136D340416441E6
:10D9D000801A9C4136D340416441801A9C4136D321
:10D9E00040416441090201EB15612D02454020F0E0
:10D9F000FF004540CCE7801A9C4156D335E08018A3
:10DA00005C41C8D20018644180185C41C8D200183B
:10DA1000644180185C41C8D20018644180185C41A0
:10DA2000C8D20018644180185C41C8D20018644113
:10DA3000013E17D080185C41C8D20018644180189C
:10DA40005C41C8D20018644180185C41C8D20018FB
:10DA50006441090201EB15612D02454020F0FF00F1
:10DA60004540CCE780185C411FD3420918BF44F001
:10DA70000104490101EBD56100F01F0000EB4510E6
:10DA800021F4801141EA0E01013041F100012442EC
:10DA900008BF20F00100B7F5006F3EDA013F49DD15
:10DAA00001EB0751BDE8F0407047490101EBD5613A
:10DAB00000F01F0000EB451021F4801141EA0E0137
:10DAC000B7F5006F29DA013F34DD01EB0751BDE8FE
:10DAD000F0407047004218BF41F00101124218BFE8
:10DAE00043F00103B7EB410F2CBFB7EB430F1CE032
:10DAF000B7EB410F04BFB7EB430F16E017EA410F36
:10DB000004BF17EA430F10E017EA410F12D017EADB
:10DB1000430F02D0B7EB430F0CD04EF0FE4141F45F
:10DB200070010020BDE8F04070474FF0FE4141F425
:10DB30007801F6E77146F4E70000E0FF4FF4001CBF
:10DB40001CEB410F98BF1CEB430F11D851EA030C9B
:10DB500050EA4C0C5CEA020C0AD004D29042994183
:10DB600080414042704782428B4180414042704731
:10DB7000002070474FF4001C1CEB410F98BF1CEBBA
:10DB8000430F11D851EA030C50EA4C0C5CEA020C2A
:10DB90000AD004D282428B41804140427047904279
:10DBA00099418041404270470020704700F000409A
:10DBB00070474FEA4000B0F17F4F0CBF01200020BA
:10DBC00070470128494111F5001F0CBF01200020BA
:10DBD000704741000020B1F17F4F18BF50EB0000AB
:10DBE0007047000038B50D4600210446FFF72EFCB3
:10DBF00078B9C4F3C7537F3B0FD4162B11DC0A4905
:10DC0000204641FA03F31C402146FFF72FFA2C600F
:10DC100038BD002420462C6038BD204600242C60EE
:10DC200038BD00202C6038BD000080FF00000000DF
:10DC30002DE9F04100220F4600230646FFF77EFF44
:10DC40004DA3D3E9002327F00045B0F10008294691
:10DC5000304618BF4FF001083446FFF78BFF60B322
:10DC600047A3D3E9002330462946FFF7A7FD00224A
:10DC7000594BFFF75FFCFFF78CF900F0010383EAD3
:10DC80000808FFF7F2F840A3D3E9002306460F4641
:10DC9000FFF794FD22462B46FFF74CFC3CA3D3E94B
:10DCA000002304460D4630463946FFF787FD2246DD
:10DCB0002B46FFF73FFC04460D4622462B462046E6
:10DCC0002946FFF77BFD34A3D3E9002306460F4620
:10DCD000FFF774FD32A3D3E90023FFF729FC324696
:10DCE0003B46FFF76BFD30A3D3E90023FFF722FC8F
:10DCF00032463B46FFF762FD2DA3D3E90023FFF731
:10DD000017FC32463B46FFF759FD2BA3D3E900230E
:10DD1000FFF710FC32463B46FFF750FD28A3D3E93E
:10DD20000023FFF705FC32463B46FFF747FD26A3DD
:10DD3000D3E90023FFF7FEFB32463B46FFF73EFDEB
:10DD400023A3D3E90023FFF7F3FB32463B46FFF75B
:10DD500035FD22462B46FFF731FD22462B46FFF7C5
:10DD6000E9FBB8F1000F02D001F100431946BDE80C
:10DD7000F08100BFAFF300804AD8124DFB21F93F7C
:10DD800083C8C96D305FD43F00000000002209C085
:10DD90009EE59E4BEFAEE23E95DF9369FF80E83C47
:10DDA0009C4908DC20E46A3D30D46A683C12E63DB8
:10DDB000ABC05D4B45E65A3E63F024A5E31DC73E6C
:10DDC0001A3E011AA0012A3FB01011111111813F12
:10DDD000555555555555C53F0000E03F30B50D46EA
:10DDE000044683B000212846FFF730FB00284BD1C2
:10DDF0002046FFF7EEFE10B1204603B030BD2846A6
:10DE0000FFF7E7FE002848D120460021FFF71EFB60
:10DE10000028F1D12046FFF7CCFE002839D1284652
:10DE2000FFF7C7FE0028E7D1284600F055F8054661
:10DE300020462946FFF71AFA01A9FFF7D3FE0199F8
:10DE40002846FFF7AAF901462046FFF70FF90346D7
:10DE5000002120461C46FFF737FB10B32146284619
:10DE6000FFF719FB20B120462946FFF7FFF80446CB
:10DE700020460021FFF7F8FA0028BDD020462946A9
:10DE8000FFF7F6F80446B7E700F070F9104B1B688F
:10DE90000360104C204603B030BD2C46204603B032
:10DEA00030BD204605F10041FFF7F5FA20B12046CC
:10DEB0002946FFF7DDF8044620460021FFF704FB62
:10DEC000002899D020462946FFF7D0F8044693E76A
:10DED000F46804000000C07F20F00040704700009C
:10DEE0004FF07F43B3EB400F1FD9410008BF70478D
:10DEF00003EA4002120E7F3A11DB172AA8BF7047CF
:10DF00000B4BD340184220EA030018BF10F0004F1B
:10DF100008BF70474FF40001D1404018704710F01F
:10DF2000004F0CBF00200348704718BF02487047DD
:10DF3000FFFF7F00000080BF0000C07F4FF07F43E5
:10DF4000B3EB400F98BF704713EA400204BF00F0E4
:10DF50000040704711EB1262DCBF00F000407047D8
:10DF6000FF2A3CBF00EBC150704740004FEA33002E
:10DF700070474FF07F43B3EB400F98BF704713EAF1
:10DF8000400207D0120E7E3A0A6020EA530040F0A9
:10DF90007C5070470A6000F0004070477F2805D829
:10DFA000034B185C034B5B5C1840704700207047C4
:10DFB0007068040060680400A0F16103192B98BF29
:10DFC00020387047A0F14103192B98BF20307047CB
:10DFD0007F2805D8034B185C034B5B5C18407047E7
:10DFE000002070477068040060680400A0F16103BD
:10DFF000192B98BF20387047A0F14103192B98BF07
:10E00000203070477F299ABF017001206FF02E00E9
:10E0100070475AB10A787F2A0AD800B102600021FD
:10E0200019605960501A18BF0120704700207047CE
:10E030006FF02E00704708B5037833B143681A7843
:10E0400032B15A1C4260187801E04368984708BD15
:10E050004FF0FF30FBE7000070B5041E07DB002C1B
:10E06000C8BF002606DD00200E490F4D07E06442C0
:10E070000126F8E700200B4912E06410083514F07F
:10E08000010FFAD0F5E80223FFF798FB6410002C8B
:10E09000F5DC2EB102460B4600200249FFF744FC96
:10E0A00070BD00BF0000F03F1069040070B5041E91
:10E0B00009DB002CD8BF4FF07E5019DD00264FF051
:10E0C0007E500C4D04E064420126F8E764100435EC
:10E0D00014F0010FFAD055F8041BFFF75EF8641036
:10E0E000002CF5DC26B101464FF07E50FFF7BEF85C
:10E0F00070BD00BFF868040010B504460846A26869
:10E100004AB12368616803F1010C8C4508BF002007
:10E110008B4208D2D054E3682BB1216862689142E7
:10E1200001D22146984723680133236010BD70B5A2
:10E130004C1E09D41646C5B229463046FFF7DCFF0F
:10E14000013CB4F1FF3FF7D170BD10F0100F08D1C2
:10E1500008B510F4007F0CBF20203020FFF7E7FF48
:10E1600008BD70470028B8BF4042704700B5EAF7C5
:10E17000EDFE024B18445DF804FB00BF0C000000EC
:10E1800000B5EAF7E3FE044B1858044B002808BF1B
:10E1900018465DF804FB00BF08000000C000001036
:10E1A00010B50446FFF7ECFF43689B685B682046A8
:10E1B000984710BD38B504460D46FFF7E1FF4368A8
:10E1C0009B681B6829462046984738BD08B507213B
:10E1D000FFF7F0FF08BD08B50621FFF7EBFF08BD0C
:10E1E00008B50421FFF7E6FF08BD38B504460D4623
:10E1F000FFF7F6FF30B1A4F13000A842A8BF4FF0FE
:10E20000FF3038BD2046FFF7E6FF10B1A4F15700FC
:10E21000F3E72046FFF7DAFF10B1A4F13700ECE78F
:10E220004FF0FF30E9E708B50821FFF7C3FF08BD4D
:10E230002DE9F04F83B001900091924604462646A6
:10E2400014F8015BE5B12846FFF7EDFF0028F6D191
:10E25000302D15D1B21C257805F0DF03582B07D0DF
:10E26000BAF1000F35D114464FF0010A08260BE031
:10E270003AF0100328D165789A46F41C102603E082
:10E28000BAF1000F1CD10A264FF000084746C146DC
:10E290004FF6FF7B31462846FFF7A7FF00281DDB1E
:10E2A00008FB0600030C07FB06371FFA80F85F45E2
:10E2B00088BF49F0010914F8015B4FF0010AE9E752
:10E2C00056464FF0000ADFE7144656464FF0010A63
:10E2D000DAE7144656464FF0010AD5E7009B3BB1FA
:10E2E000BAF1000F01D0631E0193009B019A1A60DE
:10E2F000B9F1000F04D148EA074003B0BDE8F08F40
:10E30000FFF734FF222303604FF0FF30F5E7A2B39D
:10E3100010B594460F2A19D902460B4640EA01046B
:10E3200014F0030F02D00CF1FF3C12E01946104626
:10E33000043204330C68D0F800E0A645F3D1ACF108
:10E34000040CBCF1040FF1D810461946BCF1010CC5
:10E350000FD00A4603468444114618460133013261
:10E36000047891F800E0744503D19C45F4D1184637
:10E37000114600780B78C01A10BD002070470000CD
:10E380000FB410B586B008AB53F8044B05930023C7
:10E3900003936FF000430293084B0493EAF7DAFD0E
:10E3A000059A214601A800F0CBF90446EAF7D3FD0F
:10E3B000204606B0BDE8104004B0704775830000E9
:10E3C00070B50546EAF7C6FD013D002615F8010FB8
:10E3D00048B13146E9F7CEFF0446B0F1FF3FF5D131
:10E3E000EAF7B9FD06E000210A20E9F7C3FF044679
:10E3F000EAF7B1FD204670BD0EB400B586B007AA9D
:10E4000052F8041B05920390002304936FF000431D
:10E41000029301A800F094F906B05DF804EB03B094
:10E4200070470EB400B584B005AA52F8041B0192DF
:10E4300001238DF80830039002A801F03FFB04B0DF
:10E440005DF804EB03B07047037833B1CAB29A4267
:10E4500008D010F8013F002BF9D111F0FF0F18BFC1
:10E46000002070477047BAB100B5944601390346A1
:10E470009E4611F8012F03F8012B22B1BCF1010CCB
:10E48000F6D15DF804FBBCF1010FFAD9E64403F8BC
:10E49000012B9E45FBD1F4E77047037853B101444B
:10E4A0000346994204D013F8012F002AF9D11946E6
:10E4B000081A70470146FBE72DE9F04782B0804615
:10E4C000894692460446274614F8015B002D3BD04E
:10E4D0002846FFF7A8FE06460028F4D12B2D15D1BB
:10E4E000524601A92046FFF7A3FE0346B9F1000FEB
:10E4F00020D0019AA24208BF4246C9F80020CEB1FE
:10E50000002B10DB584202B0BDE8F0872D2D1BD147
:10E51000524601A92046FFF78BFE0346B9F1000FD2
:10E52000EED00126E5E7FFF721FE222202604FF040
:10E530000040E8E71846002BE5DAFFF717FE222334
:10E5400003606FF00040DEE7524601A93846FFF74E
:10E550006FFE0346B9F1000FECD03C460026C8E739
:10E5600038B50446FFF702FE05680A22002120465E
:10E57000FFF7A2FF0446FFF7F9FD0560204638BD0E
:10E5800000B585B00290002303936FF00043019320
:10E59000684600F0D5F805B05DF804FB844640EA13
:10E5A000010313F0030F18D18446202A0BD32DE961
:10E5B000F007B1E8F807A0E8F807A2F12002202A46
:10E5C000F7D2BDE8F007042A07D351F8043B40F81E
:10E5D000043BA2F10402042AF7D2002A05D011F864
:10E5E000013B00F8013B013AF9D16046704784468F
:10E5F000002A2DD010F0030F04D000F8011B013ABF
:10E6000026D0F7E7C9B241EA012141EA0141202AB7
:10E6100012D3A2F120022DE9F0030B460C460D4661
:10E620000E460F4688468946A0E8FA03203AFBD2F8
:10E63000BDE8F00320320BD0042A05D340F8041BB8
:10E64000043A05D0042AF9D200F8011B013AFBD1A3
:10E6500060467047024610F0030F15D111F0030F0A
:10E6600012D1F0B44FF001374FF0803351F8044B22
:10E67000A4EB070525EA04051D4002D142F8044B2E
:10E68000F4E7A1F10401F0BC11F8013B02F8013BF1
:10E69000002BF9D1704710F0030F18D111F0030FC0
:10E6A00015D170B44FF001364FF0803350F8044B61
:10E6B00051F8045BAC4205D1A4EB060525EA04053C
:10E6C0001D40F3D0A0F10400A1F1040170BC10F8CA
:10E6D000012B11F8013BD21A01D1002BF7D11046C2
:10E6E000704700F1010110F0030F11D010F8012B59
:10E6F000002A22D010F0030F0AD010F8012B002AB4
:10E700001BD010F0030F03D010F8012B002A14D0F7
:10E7100070B44FF001324FF0803350F8044BA4EB4B
:10E72000020525EA04051D4000D1F6E7A0F104002A
:10E7300070BC10F8012B002AFBD1A0EB0100704740
:10E740002DE9F04F8DB083460792002303600E46FB
:10E7500016F8011B002900F0C4861D4609E0584642
:10E76000FFF7CAFC3446264616F8011B002900F0C4
:10E77000B8862529F3D1002707E05E286FD147F43A
:10E78000805701E047F040072646344614F8010B55
:10E790003028F2D81F2862D9A0F12003102B34D8DA
:10E7A00001A252F823F000BF85E701000BE8010049
:10E7B0000BE80100EDE701000BE801000BE80100A8
:10E7C0000BE80100F3E701000BE801000BE8010092
:10E7D0000BE80100F9E701000BE80100FFE7010089
:10E7E0000BE801000BE8010005E8010047F0800795
:10E7F000CAE747F40047C7E747F02007C4E747F0F8
:10E800001007C1E747F40077BEE72A2827D1079B06
:10E810001A1D07921B68002BBCBF5B4247F0100714
:10E820002078B41C23EAE37A2E282DD000264C2829
:10E8300000F0D380A0F16803DBB2122B4AD8A0F11C
:10E840006803122B46D8DFE803F0CD454545C345A4
:10E850004545454545454345454545454300A0F1AA
:10E860003003DBB2092B88BF0023DBD8002303EB86
:10E870008303303800EB430314F8010BA0F130029E
:10E88000D2B2092AF3D9CDE720782A280AD1079BEA
:10E890001A1D07921E6860780234002EC7DB47F409
:10E8A0008077C4E70134A0F13003DBB2092B88BFC5
:10E8B0000026F4D8002606EB8606303800EB460624
:10E8C00014F8010BA0F13003DBB2092BF3D9E4E714
:10E8D00014F8010B782800F29180DFE810F012069E
:10E8E0008F008F008F008F008F008F008F008F00B0
:10E8F0008F008F008F008F008F008F008F008F00A0
:10E900008F008F008F008F008F008F008F008F008F
:10E910008F008F008F008F008F008F008F008F007F
:10E920008F008F008F008F009E008F008F008F0060
:10E930008F008F008F008F008F008F008F008F005F
:10E940008F008F008F008F008F008F008F008F004F
:10E950008F008F008F008F008F008F008F008F003F
:10E960008F008F008F008F00D001EE01F4018F0027
:10E970008F008F008F008F008F008F008F008F001F
:10E980008F008F008F008F008F008F008F00150188
:10E990008F008F008F008F008F008F008F008F00FF
:10E9A0008F008F00A3004601D201F001F6018F0015
:10E9B00046018F008F008F008F00B4003401F900F2
:10E9C0008F008F00C7008F003F018F008F0017015D
:10E9D00014F8010B47F001077CE747F0020714F831
:10E9E000010B77E72078682803D0013447F004074B
:10E9F00070E747F00807607802346BE7B54BD3F84F
:10EA00000080B8F1000F3FF4AEAE07AB0193009663
:10EA100053463A465946C047A5E625215846FFF7D2
:10EA20006BFBA0E6079B1A1D07921E780AF1FF3ABE
:10EA30005A4651463846FFF788FB31465846FFF79D
:10EA40005BFBB84638E017F0080F07D0DBF8002072
:10EA5000079B191D07911B681A7084E6079B1A1DF6
:10EA600007921B68DBF800201A607CE6079B1A1DE2
:10EA700007921868984B002808BF1846814627F46B
:10EA8000007817F4807F00F020823146FFF705FD03
:10EA90000546AAEB050A5A4651464046FFF755FB84
:10EAA000A5B14E464D4416F8011B5846FFF724FB0E
:10EAB000B542F8D14FF0FF3518F0100F3FF453AEC8
:10EAC0005A4651462020FFF732FB4CE6013DF3E762
:10EAD000079B1A1D079219680B4617F0800F14BF89
:10EAE0002325002547F480770A460826002900F0F0
:10EAF000248508A94FF0000807F40050DFF8DCE196
:10EB0000DFF8DCC100F0BEBC47F4005717F0800FFF
:10EB100017D043F2580543F27803782808BF1D4602
:10EB200017F4807F01D027F40077079B1A1D079206
:10EB30001B6817F0040F3BD117F0080F18BFDBB2AA
:10EB400037E00025ECE717F0800F14BF30250025D3
:10EB500017F4807FE9D027F40077E6E717F4807F89
:10EB600011D027F400770025DFE747F48041079BA9
:10EB70001A1D07921B6817F0040F06D117F0080F33
:10EB800018BF5BB202E00025CFE71BB2002B07DB0A
:10EB900017F0200F40F0DD84C7F380156D0101E010
:10EBA0005B422D2517F4807F67D10F46012609E0CF
:10EBB0009BB217F4807F00F03B8427F4007758283D
:10EBC00000F04B84A0F16401C9B201228A4045499A
:10EBD0000A4240F0308444490A4240F03E846F28A3
:10EBE00040F07B841A464FF000086BB108A94FF043
:10EBF000000803F00703303301F8013B08F1010876
:10EC0000D2081346002AF4D1A6EB080626EAE676D7
:10EC1000AAEB0609A9EB0809FF2D40F29384A9F19C
:10EC2000020930215846FFF767FA05F07F01584680
:10EC3000FFF762FA5A4649463846FFF786FA5A46BF
:10EC400031463020FFF773FAB8F101050BD408AB59
:10EC5000984418F8011D5846FFF74EFA08AB98453E
:10EC6000F7D14FF0FF3517F0100F3FF47CAD5A4647
:10EC700049462020FFF75BFA75E50F469DE747F40C
:10EC8000005747F480630393079B073323F0070380
:10EC900003F108020792D3E90001FEF7ACF9074639
:10ECA000039B13F4807F21D00EBB03F44066B6F5BE
:10ECB000406F14BF0026012619E047F4005747F4BF
:10ECC00000630393E0E747F4005747F4406303937E
:10ECD000DAE700BFBCF512A018240200586904004E
:10ECE0006869040021000200001010000626384662
:10ECF000FEF75FFF002840F0D1803846FEF769FF3D
:10ED00000590002840F0EE803846FEF74FFF28B10E
:10ED1000039B43F06003039307F100470BA93846B8
:10ED2000FFF727F90B9B03EB4303A94A82FB03126E
:10ED3000DB17C3EBA2030B9300213846FEF786FBDB
:10ED4000002800F0DD80039B03F440630693B3F5D5
:10ED5000806F0AD0B3F5406F40F011820B9BB34235
:10ED600003DA13F1040F80F26A820B984042FFF736
:10ED70009DF901463846FEF710FA07468046002105
:10ED8000FEF764FB00283DD13846FEF712FF00284D
:10ED900040F0CE808F493846FEF7ADFBA8B10B9B03
:10EDA00003F10108DFF82C9249463846FEF75EFA77
:10EDB0000746CDF8108008F101084946FEF79BFB95
:10EDC0000028F1D1B846049B0B9347464FF07E5183
:10EDD0004046FEF749FBA8B10B9B03F1FF384FF00B
:10EDE0007E597C493846FEF7D8F90746CDF81080A1
:10EDF00008F1FF384946FEF737FB0028F1D1B84645
:10EE0000049B0B932EB1069BB3F5406F08BF06F130
:10EE1000FF367042FFF74AF94FF07C51FEF7BDF91B
:10EE20004146FEF725F907466A49FEF764FB38B10B
:10EE30000B9B01330B9367493846FEF717FA0746D9
:10EE4000002E00F0A080039B03F40863B3F5006F6D
:10EE500000F08C80039B23F40063049306F1050902
:10EE6000AAEB090A05960AF1FF3A039B13F4805FA7
:10EE700000F082810B9E584B83FB0623A3EBE673C5
:10EE800003EB4303F31A0233042B00F29F80DFE805
:10EE900013F0B30064017001B3006401002138462F
:10EEA000FEF7E2FAB0B9039B13F4005F14BF4B4BBB
:10EEB0004B4B039A12F0200F14BF994603F101093E
:10EEC000039B23F4807828F400784846FFF709FC78
:10EED0000546DEE5039B13F4005F14BF414B424B34
:10EEE0009946EDE7039B13F4005F14BF3F4B404B83
:10EEF0009946039B23F48078E5E70B9B01330B9342
:10EF00000B980130FFF7D2F801463846FEF7DCFADD
:10EF10000028F2D102E00B9B013B0B930B98FFF70B
:10EF2000C5F801463846FEF79FFA0028F3D10AE7F4
:10EF300000213846FEF798FA80B9039B13F4005F6E
:10EF400014BF264B264B039A12F0200F14BF99468C
:10EF500003F10109039B23F48078B4E7039B13F4C6
:10EF6000005F14BF1F4B204B9946F3E7092EA8BF43
:10EF700009263046FFF79AF83946FEF70EF9FDF7F5
:10EF8000F6FF024660B9039B23F400630493AAF1E1
:10EF9000050A039B13F080037FF465AF059364E7D4
:10EFA0001449A1FB0203DB0803EB8303B2EB430F1D
:10EFB00040F0B982A1FB0232D208013EF1D1039B9D
:10EFC00023F400630493AAF1050AE2E7A8461EE0D1
:10EFD000676666660000204156555555302402008C
:10EFE00038240200202402002824020040240200C9
:10EFF00044240200CDCCCCCCB7493846FEF7CDF83E
:10F000000746013E0B960AF1FF3A4FF00208059BB6
:10F0100023EAE3730593039B13F0600F18BF0AF113
:10F02000FF3A0B98FFF79EF86328C8BF0AF1FF3A32
:10F030003D463846FDF79BFF0746FDF70FFF0146AB
:10F040002846FEF713F806902AEAEA75049B13F4A3
:10F05000047F00F04C81049B13F0200F00F05481DA
:10F0600013F0400F0CBF2B212D215846FFF744F819
:10F07000049B13F0100F00F05181984B03EBC8096B
:10F0800000264FF0300A4346A0461C46013C59F882
:10F09000083DD9F804209F4276EB0201C0F04A8176
:10F0A00051460131C9B2FF1A9F4276EB0200F8D2F5
:10F0B0005846FFF721F8002CE8D14446049B13F48E
:10F0C000006640F03981059B002B40F04481049B91
:10F0D00013F0800F40F01882049B13F4806F2FD040
:10F0E00013F4005F0CBF652145215846FFF704F873
:10F0F0000B9B002BC0F27E812B215846FEF7FCFFB4
:10F100000B9B632B00F37E810B9B754E86FB0312DA
:10F11000D917C1EBA2013031C9B25846FEF7ECFF56
:10F120000B9B86FB0326DA17C2EBA60202EB8202D8
:10F13000A3EB420303F13001C9B25846FEF7DCFFEE
:10F14000002D3FF410AB2026013D31465846FEF716
:10F15000D3FF002DF8D1FFF706BB62493846FEF712
:10F160001CF80746023E0B96AAF1020A4FF003086C
:10F170004DE74FF001084AE74FF001084BE7039BCA
:10F1800013F4806F5BD1039B23F4806304930B9B88
:10F190007042A3F108028242C8BFA3F10900FEF742
:10F1A00085FF4FF0FF31FEF7C9FE01463846FDF7F7
:10F1B0005FFF0690069D0B980130FEF777FF014632
:10F1C0002846FEF798F910B10B9B01330B930B986F
:10F1D000002878DB092865DC2846FDF7C8FE0746CD
:10F1E000FDF73CFE01462846FDF740FF0690002350
:10F1F0000B9300203D46092F6AD93B4B4FF0010885
:10F2000008F1010853F8081F5A688D4270EB02029A
:10F21000F6D206EB08090B9B9944AAEB090A039B5B
:10F2200003F08003334318BF0AF1FF3A039B13F046
:10F23000600F00F06F810AF1FF3A059604E70B9B1F
:10F240000E2B29DC0133F51A092DA8BF0925039AD5
:10F2500012F0800F01D02E4695E7B3421ED04FF03A
:10F260007C56DFF874804FF000092846FEF71EFF39
:10F2700001463846FDF791FF3146FDF7F9FEFEF7EE
:10F280002FFE4146FEF7AAFD4946FEF7DFF838B1EA
:10F29000013DEAD12E4676E7059E74E72E4672E7D9
:10F2A0002E4670E7A0F109030B93C0F10900FEF7A9
:10F2B000FDFE01462846FDF770FFFDF758FE0746A4
:10F2C000059B069395E700270B974FF00108A0E7F1
:10F2D0004FF001089DE700BF00002041786904005D
:10F2E000676666660000C842806904000596BAF148
:10F2F000000F7FF7B0AE2026013D31465846FEF79D
:10F30000FBFE002DF8D1A6E6049B13F0400F3FF45E
:10F31000AFAE20215846FEF7EFFEA9E6002D3FF4E0
:10F32000ACAE3026013D31465846FEF7E5FE002DD5
:10F33000F8D1A2E65146BBE60B9B002B7FF7C3AE8C
:10F340003027013B0B9339465846FEF7D5FE0B9B01
:10F35000002BF6DCB7E62E215846FEF7CDFE059FC2
:10F36000092FA8BF092727EAE777059BA3EB070921
:10F3700086B10B98381AFEF799FE0699FDF70DFF36
:10F38000FDF7F5FD06463FB3DFF8CCA10AEBC70851
:10F39000002715E03846FEF789FE0699FDF7FDFEC9
:10F3A000FDF7E5FD0646EEE70131C9B2F61A9E42C9
:10F3B00077EB0200F8D25846FEF79EFED0450BD000
:10F3C00058F8083DD8F804209E4277EB020101D39B
:10F3D0003021E9E73021EEE7B9F1000F3FF47CAED0
:10F3E00030264F46013F31465846FEF785FE002F36
:10F3F000F8D171E62D215846FEF77EFE0B9B5B424D
:10F400000B937DE6554E86FB0312D917C1EB6211B3
:10F410003031C9B25846FEF76FFE0B9B86FB0326C0
:10F42000DA17C2EB6612642101FB12330B936BE611
:10F430000126FFF7C4BB19464FF00008002B3FF42C
:10F44000E3AB4FF0000807F4004E4FF02C09DFF853
:10F4500010C17346A6461C462EE01A46002B7FF4C8
:10F4600048AB4FF00008FFF7CFBB03F00F031EF8C7
:10F47000033001F8013B08F1010812091346002A84
:10F480003FF4C2AB0028F0D003F00F031CF80330A8
:10F49000EFE708F130030DEB0300ACFB0132D208BB
:10F4A00002EB8203A1EB4303303300F8103C08F178
:10F4B000010809290ED91146002CEAD008F00303EF
:10F4C000032BE6D108F130036B4403F8109C08F1DC
:10F4D0000108DEE77446FFF797BB4FF00008FFF71F
:10F4E00093BBDBF808303BB1DBF80020DBF80410FD
:10F4F0008A423CBF00219954DBF800000DB0BDE802
:10F50000F08F4FF0FF30F9E72E215846FEF7F4FD5B
:10F51000059F2AE72AEAEA75039B13F4047F3FF468
:10F52000E5AE0596A4E5039B23F40063049306F17E
:10F530000509AAEB090A059695E4AAF10809082627
:10F540004FF00008002D3FF475AB09F1FF39FFF7CC
:10F550006CBB2B25FFF726BB786904001F85EB5198
:10F56000CDCCCCCC10B504460B7833B1B0F1FF3F15
:10F5700005D04B68013B4B6001E08B689847204603
:10F5800010BD2DE9F04707460D46904699464FF0CD
:10F59000FF3601363846FEF74EFD0446FEF743FEC1
:10F5A0000028F6D1B4F1FF3F2FD018F0010834D174
:10F5B0002B681A1D2A60D3F800A0B9F1000F26DDD0
:10F5C00035464E440AE001353846FEF734FD044620
:10F5D000731B002B0CDDB0F1FF3F09D02046FEF776
:10F5E00022FE28B9B8F1000FEDD10AF8014BEAE785
:10F5F00039462046FFF7B6FFB8F1000F02D10023CD
:10F600008AF800302846BDE8F0872546FAE73946F3
:10F610002046FFF7A7FF3546F1E7B9F1000FC8BF55
:10F620004FF0000ACCDC39462046FFF79BFF3546F9
:10F63000E8E72DE9F84305461E46DDF8208012F084
:10F64000010411D10B681A1D0A601F682846FEF7D5
:10F65000F2FCB0F1FF3F2AD0002ED8BF4FF00009D6
:10F660001CDD4FF0000908E00027EFE709F1010970
:10F670002846FEF7E0FC4E450FD0FF280ED8430980
:10F6800000F01F0258F82330134113F0010F05D08A
:10F69000002CEBD107F8010BE8E7B1462946FFF74C
:10F6A00061FF0CB900233B704846BDE8F8838146F2
:10F6B000FAE72DE9F04F83B00646009193461F46C6
:10F6C000DDF830A04FF0FF35A94601353046FEF792
:10F6D000B2FC0446FEF7A7FD0028F5D1B4F1FF3FC8
:10F6E00000F09A802BF4C068BAF1000F13DD1BF014
:10F6F000800F34D02B2C03D02D2C30D148F48068CF
:10F7000009F102053046FEF796FC04460AF1FF3A7D
:10F71000BAF1000F23DC002F00F08D804FF0000ABB
:10F7200031462046FFF71EFF18F4007F76D018F010
:10F73000010F10D100990B681A1D0A601B6808F4AC
:10F740009062B2F5906F08BFCAF1000A18F0100F6E
:10F750005AD083F800A0284603B0BDE8F08F302CC3
:10F7600003D0002F08BF0A272EE048F4007301934E
:10F770000AF1FF3B05F101093046FEF75CFC044647
:10F78000BBF1000F4DDD20F02003582B06D0B7BB96
:10F790004D46DA46DDF80480082715E037F01003FF
:10F7A00004D04D46DA46DDF804800DE0AAF1020AE5
:10F7B00002353046FEF73FFC0446BAF1000FD8BFD1
:10F7C0004FF0000AACDD102705EB0A094FF0000AE4
:10F7D00039462046FEF709FD0028A1DB48F40078F1
:10F7E0000AFB070A01353046FEF725FC0446A94509
:10F7F000EED131462046FFF7B5FE4D4697E74D4620
:10F80000DA46DDF80480DFE718F0080F14BFA3F82C
:10F8100000A0C3F800A09EE725469CE76FF0010515
:10F8200099E727B9DDF804804FF0000AE1E74D467B
:10F83000DDF8048072E731462046FFF793FE6FF053
:10F84000010588E72DE9F04F87B007460591154679
:10F850001E464FF0FF34A04601343846FEF7EBFB5E
:10F860008346FEF7E0FC01900028F4D1BBF1FF3F96
:10F8700000F0CD8025F4E065002E40F3CD80BBF193
:10F880002B0F04D0BBF12D0F0BD145F4806508F18F
:10F8900002043846FEF7CFFB8346013E002E40F3BC
:10F8A000BB80013E019B04934FF000084FF000091C
:10F8B00029E05846FEF794FC002800F0CE8045F47D
:10F8C00000730293B24600227A4B40464946FDF748
:10F8D00075FF80468946ABF13000FDF7A8FA424635
:10F8E0004B46FDF727FE8046894615F4807F15D1EB
:10F8F000029D01343846FEF79EFB8346013EBAF175
:10F90000000F40F3AF80BBF12E0FD2D115F4807FF2
:10F9100040F08B8045F48075B246EAE7029D98E09E
:10F9200015F4007F00F09E8025F420653846FEF730
:10F9300082FB83462B2805D02D2801D0013407E017
:10F9400045F4006502343846FEF775FB8346013EF8
:10F95000002E29DD264442F2107ACDE90289B9460B
:10F960003746019E5846FEF73BFCC8B145F400758A
:10F97000B6F57A7FDDBF06EB8606ABF1300B0BEBFD
:10F980004606564601344846FEF755FB8346BC42C0
:10F99000E8D101963E464F46DDE90289344603E050
:10F9A00001964F46DDE9028915F4006F049B019A28
:10F9B00014BF9B1A9B18049354E01846FEF74CFBA7
:10F9C00002460B4640464946FDF7F8FE804689460A
:10F9D0004FE0FEF7CBFB384B1B6803604FE040461F
:10F9E0004946FDF708FB0646FEF7E3F848B915F06F
:10F9F000010F5AD105990B681A1D0A601B681E6019
:10FA000053E0FEF7B3FB2C4B1B680360EFE75C464B
:10FA10004BE06FF0010448E039465846FFF7A2FD7D
:10FA20004FF000084FF0000923E02E20FEF7D8FB2E
:10FA300098B145F40075B24600221E4B4046494637
:10FA4000FDF7BCFE00224FF08043FDF771FD8046BC
:10FA50008946049B013B04934BE72BF02003452B85
:10FA60003FF45EAF39465846FFF77CFD049B002B00
:10FA7000A3D140464946FEF7A4F80028A9D115F4C1
:10FA8000806F02D009F10043994615F4007FC0D081
:10FA900015F0040FA3D015F0010F06D105990B68DE
:10FAA0001A1D0A601B68C3E90089204607B0BDE83B
:10FAB000F08F00BF00002440F06804002DE9F04FF3
:10FAC0008DB081460C4603924FF0000AD34625784C
:10FAD00095B1671C252D33D02846FEF7A4FB78B9D5
:10FAE0004846FEF7A8FA0446854220D04946FFF76B
:10FAF00039FDB4F1FF3F1ED058460DB0BDE8F08F80
:10FB00003C4617F8010BFEF78EFB0028F8D101E008
:10FB10000AF1010A4846FEF78EFA0546FEF783FB16
:10FB20000028F5D149462846FFF71CFDCFE70AF12A
:10FB3000010A3C46CBE7BBF1000F08BFA346DBE759
:10FB400063782A2B06BFA71C4FF001084FF000086E
:10FB500000263C4614F8015B2846FEF741FB029064
:10FB600040B106EB8606303D05EB460648F020081E
:10FB70002746EEE718F0200F08BF6FF000466C2D07
:10FB80000CD04C2D00F0BC80682D0BD12578682D51
:10FB900000F0BB80BC1C48F0080803E0257848F062
:10FBA0000408BC1C253D532DA6D801A353F825F00D
:10FBB00015FD0100F9FA0100F9FA0100F9FA010056
:10FBC000F9FA0100F9FA0100F9FA0100F9FA010065
:10FBD000F9FA0100F9FA0100F9FA0100F9FA010055
:10FBE000F9FA0100F9FA0100F9FA0100F9FA010045
:10FBF000F9FA0100F9FA0100F9FA0100F9FA010035
:10FC0000F9FA0100F9FA0100F9FA0100F9FA010024
:10FC1000F9FA0100F9FA0100F9FA0100F9FA010014
:10FC2000F9FA0100F9FA0100F9FA0100F9FA010004
:10FC3000C7FD0100F9FA0100C7FD0100F9FA010052
:10FC4000F9FA0100F9FA0100F9FA0100F9FA0100E4
:10FC5000F9FA0100F9FA0100F9FA0100F9FA0100D4
:10FC6000F9FA0100F9FA0100F9FA0100F9FA0100C4
:10FC7000F9FA0100F9FA0100F9FA010057FE010052
:10FC8000F9FA0100F9FA010069FE0100F9FA010030
:10FC9000F9FA0100F9FA0100F9FA0100F9FA010094
:10FCA000F9FA0100F9FA01003FFD0100A3FD01008E
:10FCB000C7FD0100C7FD0100C7FD0100F9FA010001
:10FCC000D5FD0100F9FA0100F9FA0100F9FA010085
:10FCD000F9FA0100E7FD010013FE010025FE010015
:10FCE000F9FA0100F9FA010037FE0100F9FA010002
:10FCF00045FE0100F9FA0100F9FA010057FE010082
:10FD0000257848F04408BC1C4CE748F0100865789A
:10FD1000FC1C47E74846FEF78EF9054625280BD020
:10FD20004946FFF71FFCB5F1FF3F7FF4E5AEBBF19D
:10FD3000000F08BFAB46DFE60AF1010AC7E618F07C
:10FD4000200F00F0D18018F001050DD1039B1A1D82
:10FD500003921F68029D002E3FF4CEAE002E1ADDE6
:10FD600056440AE00126F1E70027F4E7BBF1000F53
:10FD700008BF8346C0E6B2450CD00AF1010A4846E6
:10FD8000FEF759F9B0F1FF3FF0D0002DF3D107F89D
:10FD9000010BF0E7B246002D7FF499AE0BF1010B99
:10FDA00095E600960A2348F0800203A94846FFF72B
:10FDB00080FC0028C0F28F8018F0010F08BF0BF103
:10FDC000010B824483E63346424603A94846FFF7C7
:10FDD00039FDEEE70096002348F0800203A948466B
:10FDE000FFF767FCE5E718F0010F7FF470AE039BA7
:10FDF0001A1D03921B6818F0100F02D083F800A0A0
:10FE000065E618F0080F14BFA3F800A0C3F800A01F
:10FE10005DE60096082348F0800203A94846FFF7F4
:10FE200048FCC6E70096102328F01E0203A94846A6
:10FE3000FFF73FFCBDE73346424603A94846FFF7BC
:10FE4000A0FBB6E700960A2348F0800203A94846C3
:10FE5000FFF72FFCADE70096102348F0800203A9BE
:10FE60004846FFF726FCA4E725785E2D25D001340F
:10FE70002022002104A8FEF7BAFB0122002D3FF446
:10FE80003BAE6B090CA901EB830305F01F0502FAD9
:10FE900005F553F8201C0D4343F8205C14F8015B72
:10FEA0005D2DEBD1029B6BB904AB00933346424608
:10FEB00003A94846FFF7BDFB7BE7657802340123C1
:10FEC0000293D5E703AB0BA953F8042FD2431A6072
:10FED0008B42F9D1E8E7B0F1FF3F7FF40DAEBBF103
:10FEE000000F08BF834607E618F001063FF43AAF5B
:08FEF0003546002734E700BF8E
:10FEF80075455A28746D2920416363656C65726F76
:10FF08006D657465722044656D6F6E73747261748B
:10FF1800696F6E004578697400000000416363658D
:10FF28006C44656D6F000000546F7563687363728D
:10FF380065656E004C434400416363656C300000A6
:10FF480025732043533A20307825303858202D2007
:10FF5800474343204275696C74206F6E2025303208
:10FF6800752F253032752F25303475005370656133
:10FF78006B65720075455A28746D2920427269674D
:10FF880068746E65737320436F6E74726F6C0000D3
:10FF980053637265656E205361766572204F6E2FCC
:10FFA8004F666600546F75636873637265656E208B
:10FFB80043616C6962726174696F6E0043616C6958
:10FFC80062726174696F6E206572726F722C207034
:10FFD8006C656173652074727920616761696E2E42
:10FFE8000000000041636375726174656C7920706C
:08FFF8007265737320746865E3
:020000022000DC
:100000002063656E746572206F66207468650000F9
:1000100072656420616E642077686974652074611C
:10002000726765742073686F776E2E004265666F25
:100030007265207573696E672074686973206465E2
:10004000766963652C2074686520746F7563680039
:1000500073637265656E206D7573742062652070C0
:10006000726F7065726C792063616C696272617421
:1000700065642E0075455A28746D2920457468659D
:10008000726E657420436F6E736F6C652044656D8E
:100090006F6E7374726174696F6E00004E65747771
:1000A0006F726B206E6F7420656E61626C65642187
:1000B00000000000303A494D4147452E524157005B
:1000C000313A494D4147452E52415700436F756CB7
:1000D00064206E6F7420777269746520696D616742
:1000E0006520746F20555342204472697665000084
:1000F000436F756C64206E6F74207772697465202D
:10010000746F20555342204472697665206F7220C7
:100110005344204361726400436F756C64206E6FBA
:100120007420777269746520746F2055534220449F
:1001300072697665000000004E6F205553422044DE
:1001400072697665206F7220534443617264206641
:100150006F756E6421000000436F756C64206E6FD4
:100160007420777269746520746F20534420436152
:10017000726421005772697465206572726F722112
:1001800000000000496D6167652066696C65206E3E
:100190006F7420666F756E64206F6E205553422019
:1001A0004472697665210000496D61676520666962
:1001B0006C65206E6F7420666F756E64206F6E20A4
:1001C000555342204472697665206F722053442053
:1001D00043617264210000004E6F20555342204459
:1001E00072697665206F72205344204361726420E7
:1001F000666F756E64210000496D616765206669F0
:100200006C65206E6F7420666F756E64206F6E2053
:100210005344204361726421000000005265616410
:10022000206572726F72210075455A28746D2920FD
:10023000447261772044656D6F6E73747261746986
:100240006F6E0000436F6C6F720000004C6F616452
:10025000000000005361766500000000436865639C
:100260006B696E67204D6963726F205344436172FE
:1002700064202E2E2E2000002020496E736572749B
:10028000204D6963726F2053444361726420776923
:10029000746820534C494445532F534C49444553AB
:1002A0002E5458542066696C652E000020204C6F37
:1002B0006F6B696E67202E2E2E000000313A534C72
:1002C000494445532F534C494445532E54585400E8
:1002D00020204C6F6F6B696E67202E2E2E20466F8C
:1002E000756E64210000000020204C6F6F6B696EFA
:1002F00067202E2E2E204E6F7420706C75676765F8
:100300006420696E210000004E6F7420706C756768
:1003100067656420696E000020204C6F6F6B696E0A
:1003200067202E2E2E204F7574206F66206D656D10
:100330006F72793F213F0000496E7465726E616C87
:10034000204572726F72000020204C6F6F6B696ED7
:1003500067202E2E2E204E6F7420726561647921E5
:10036000000000004E6F7420526561647900000047
:1003700020204C6F6F6B696E67202E2E2E204E6FE3
:100380007420666F756E6421000000004E6F74204B
:10039000466F756E6400000020204C6F6F6B696EB5
:1003A00067202E2E2E204572726F722100000000F1
:1003B000526561642F5772697465204572726F725D
:1003C000000000004E6F20534C494445532E5458B2
:1003D0005400000020204C6F6F6B696E67202E2E3A
:1003E0002E2054696D656F757421000054696D6528
:1003F0006F757400436865636B696E672041636362
:10040000656C65726F6D65746572202E2E2E2000EE
:10041000436865636B696E6720416363656C6572F1
:100420006F6D65746572202E2E2E204E6F742066BF
:100430006F756E64210000004E6F7420666F756EDC
:1004400064000000436865636B696E672041636305
:10045000656C65726F6D65746572202E2E2E204658
:100460006F756E642E000000436865636B696E678C
:100470002054656D7065726174757265202E2E2E24
:100480000000000054656D7030000000526561642A
:10049000204661696C656400436865636B696E67DB
:1004A0002054656D7065726174757265202E2E2EF4
:1004B0002025642E253033642043000043686563A3
:1004C0006B696E672054656D7065726174757265D5
:1004D000202E2E2E2025642E253033642043202804
:1004E000434F4C442129000025642E2530336420DD
:1004F000432028434F4C44290000000043686563B3
:100500006B696E672054656D706572617475726594
:10051000202E2E2E2025642E2530336420432028C3
:10052000484F54212900000025642E2530336420D3
:10053000432028484F54290025642E253033642059
:1005400043000000454550524F4D300043686563FD
:100550006B696E6720454550524F4D202E2E2E0060
:1005600052656164204572726F720000577269743F
:1005700065204572726F7200566572696679204512
:1005800072726F7200000000436865636B696E678A
:1005900020534452414D202E2E2E00002020436F28
:1005A00072726563742073697A6521003078253032
:1005B0003858000020204661696C6564205344521D
:1005C000414D2054657374210000000030782538B7
:1005D000780000002020436865636B696E672051D6
:1005E00052590000426C6F636B2045726173650065
:1005F0002020426C6F636B204572617365000000C0
:10060000426C6F636B2057726974650020205772CB
:1006100069746520746573740000000048656C6C33
:100620006F200000576F726C6420000048656C6C8E
:100630006F20576F726C6420000000004368656390
:100640006B696E67204E4F5220466C617368204D77
:10065000656D6F7279202E2E2E000000466C61733E
:100660006830000020204572726F7220436F64650D
:100670002025642100000000436865636B696E6794
:100680002055534220486F73742028506F72742095
:1006900041292E2E2E2000002020496E7365727491
:1006A00020666C617368206472697665207769746E
:1006B0006820544553545553422E5458542066696B
:1006C0006C652E00555342486F73743A506F7274C4
:1006D00041000000303A544553545553422E54586B
:1006E000540000004E6F20544553545553422E542D
:1006F00058540000436865636B696E672055534228
:1007000020486F73742028506F72742042292E2E57
:100710002E200000555342486F73743A506F727424
:10072000420000004261636B6C69676874204D6F22
:100730006E69746F72202E2E2E00000041444330EB
:10074000000000004261636B6C69676874204D6F44
:100750006E69746F7220414443206E6F7420466F3F
:10076000756E6421000000004261636B6C6967680C
:1007700074204D6F6E69746F722041444320626132
:10078000642072656164696E672100004E6F2052BB
:10079000656164696E6700004261636B6C696768DC
:1007A00074204D6F6E69746F7220286F6E3A202529
:1007B000642025252C206F66663A20256420252597
:1007C000290000002564252520256425250000003A
:1007D0002564252520284E4F54204F4E2900000027
:1007E0002564252520284E4F54204F4646290000D9
:1007F000566F6C74616765204D6F6E69746F7220FF
:100800002E2E2E00566F6C74616765204D6F6E69D9
:10081000746F7220414443206E6F7420466F756E72
:1008200064210000566F6C74616765204D6F6E69BE
:10083000746F722041444320626164207265616478
:10084000696E672100000000566F6C746167652057
:100850004D6F6E69746F722028256420252529004C
:100860004750494F300000004750494F31000000C9
:100870004750494F320000004750494F33000000B5
:100880004750494F340000004750494F35000000A1
:100890004750494F360000004750494F370000008D
:1008A0002020666C6970202564290000202070617A
:1008B00073734E756D626572202564002020726529
:1008C00067696F6E20256400202070426C6F636B37
:1008D0004D656D6F72792025702C20626C6F636B93
:1008E00053697A65202575002020706173734E75F9
:1008F0006D6265722025642C206F766572616C6C68
:10090000426C6F636B202564202857524954494E2E
:1009100047290000307825303858202857726974EC
:10092000696E6729000000002020706173734E75A6
:100930006D6265722025642C206F766572616C6C27
:10094000426C6F636B202564202852454144494E18
:1009500047290000307825303858202852656164D6
:10096000696E67290000000020206F766572616C57
:100970006C426C6F636B2025642C20627974654F28
:100980006666736574202575206578706563746587
:100990006420307825782C20676F74203078257893
:1009A0000000000046756C6C20636865636B206F07
:1009B00066204E4F5220466C617368204D656D6F06
:1009C0007279202E2E2E000075455A28746D29202C
:1009D0004D756C7469536C69646573686F772044F6
:1009E000656D6F6E7374726174696F6E00000000E4
:1009F0003C204E6F20447269766520466F756E64A8
:100A0000203E00003C204E6F20534C494445532E5D
:100A10005458542066696C6520666F756E64203E7C
:100A2000000000003C2053686F77206E6F742066D2
:100A30006F756E6420696E20534C494445532E49AE
:100A40004E492066696C65203E00000025753A2FEE
:100A500000000000257356534C494445253032753B
:100A60002E5447410000000025753A2F534C49444D
:100A700045532F534C494445532E545854000000BD
:100A800025753A2F534C494445532F534C494445FF
:100A9000532E494E4900000075455A4755492D319E
:100AA0003738382D35365649000000006E756D53C5
:100AB000686F77730000000064656661756C740090
:100AC0005469746C652564004469722564000000F3
:100AD000536C696465202575206F662025750000BC
:100AE000534C494445532F25732F000025753A2553
:100AF0007356534C494445253032752E54474100B6
:100B000053534D4C6F61640075455A28746D29200C
:100B100054656D70657261747572652044656D6FA2
:100B20006E7374726174696F6E0000002533642EF9
:100B3000253031645F4300002533642E2530316455
:100B40005F4600003A200000425553590A00000059
:100B5000504153533A204F4B0A0000004641494C44
:100B60003A20496E76616C69640A0000307825305D
:100B700038580A00504153533A20307825303858BD
:100B80000A0000004641494C3A2030782530385858
:100B90000A0000004641494C3A20496E636F727268
:100BA00065637420506172616D65746572730A00CB
:100BB0004641494C3A20496E636F727265637420F6
:100BC000706172616D65746572730A004F4E00004A
:100BD0004F464600504153533A20566572626F7338
:100BE000652025730A0000004641494C3A204661C1
:100BF000696C656420746F20657261736520666C32
:100C00006173680A000000004641494C3A20466181
:100C1000696C656420746F207265616420666C6124
:100C200073680A004641494C3A20466C617368205B
:100C30006E6F74204572617365640A004641494CC9
:100C40003A204661696C656420746F20777269741C
:100C50006520666C6173680A000000004641494CDB
:100C60003A204D656D6F727920436F6D70617265CA
:100C7000204661696C65640A000000004641494CE9
:100C80003A20466C617368204E6F7420456E616235
:100C90006C65640A000000004641494C3A20556EDC
:100CA0006B6E6F776E20506F72742025640A00009F
:100CB0004641494C3A204669727374204750494F67
:100CC000204C6F636B656420616E6420696E2D75C6
:100CD0007365210A000000004641494C3A205365E3
:100CE000636F6E64204750494F204C6F636B65649F
:100CF00020616E6420696E2D757365210A00000005
:100D00004641494C3A20537475636B204849474823
:100D10000A0000004641494C3A20537475636B2029
:100D20004C4F570A000000004641494C3A2052659A
:100D30007665727365643F0A000000004641494CC5
:100D40003A205468697264204750494F204C6F63C1
:100D50006B656420616E6420696E2D757365210A70
:100D6000000000004641494C3A20547269676765AB
:100D70007265640A000000004641494C3A204E6FFB
:100D80007420496E6372656D656E74696E670A00E2
:100D9000736574004641494C3A204E6F7420536588
:100DA000740A0000504153533A204F4B000000009A
:100DB0002C205365636F6E64733A2025750A00001A
:100DC0004641494C3A204E6F7420496E6372656DFE
:100DD000656E74696E670000504153533A202530A8
:100DE00032583A253032583A253032583A25303286
:100DF000583A253032583A253032580A000000005F
:100E00004641494C3A204D41432061646472657308
:100E10007320746F6F206C6F6E67210A00000000F2
:100E20004641494C3A204D414320616464726573E8
:100E30007320746F6F2073686F7274210A00000052
:100E40004641494C3A204D414320616464726573C8
:100E500073206661696C656420746F2073617665C8
:100E600020636F72726563746C790A00504153534A
:100E70003A2025642E25642E25642E25640A000060
:100E80004641494C3A20495020616464726573734D
:100E900020746F6F206C6F6E67210A004641494CC9
:100EA0003A204950206164647265737320746F6FD7
:100EB0002073686F7274210A000000004641494C9B
:100EC0003A204950206164647265737320666169D9
:100ED0006C656420746F207361766520636F727235
:100EE0006563746C790A00004641494C3A204950C8
:100EF00020476174657761792061646472657373FA
:100F000020746F6F206C6F6E67210A004641494C58
:100F10003A204950204761746577617920616464A3
:100F20007265737320746F6F2073686F7274210A17
:100F3000000000004641494C3A2049502047617466
:100F40006577617920616464726573732066616995
:100F50006C656420746F207361766520636F7272B4
:100F60006563746C790A00004641494C3A20495047
:100F7000204D61736B206164647265737320746FBC
:100F80006F206C6F6E67210A000000004641494CDB
:100F90003A204950204D61736B206164647265731F
:100FA0007320746F6F2073686F7274210A000000E1
:100FB0004641494C3A204950204D61736B20616491
:100FC0006472657373206661696C656420746F2058
:100FD0007361766520636F72726563746C790A0061
:100FE000504153533A20256420487A0A00000000FB
:100FF00049324330000000004641494C3A20436FDB
:10100000756C64206E6F74206F70656E204932437A
:10101000300A000049324331000000004641494C8B
:101020003A20436F756C64206E6F74206F70656E2C
:1010300020493243310A00004932433200000000A7
:101040004641494C3A20436F756C64206E6F7420A2
:101050006F70656E20493243320A00004641494CA8
:101060003A20627573206E756D626572206D7573BE
:101070007420626520302C20312C206F7220320ABF
:1010800000000000202020202020466F726D617437
:101090003A2049324342414E47203C4932432042A4
:1010A000757320233E203C737065656420696E2053
:1010B0006B487A3E0A0000004641494C3A20737062
:1010C000656564206D75737420626520273130304A
:1010D00027206F7220273430302720696E206B481C
:1010E0007A0A00000A54657374204661696C65646D
:1010F000206F6E20627974652025640A000000006C
:101100004641494C3A20496E636F727265637420A0
:10111000706172616D65746572732E0A0000000063
:10112000436F6E736F6C65000A44726976652025A3
:101130006320696E666F726D6174696F6E3A0A0042
:1011400053746F72616765204D656469756D2052D7
:1011500065706F72743A0A2020536563746F7273FE
:101160003A2025750A0000002020536563746F72D1
:101170002053697A653A2025750A2020426C6F63F6
:101180006B2053697A653A2025750A002020546F38
:1011900074616C2053697A653A2025662050420AB2
:1011A000000000002020546F74616C2053697A6540
:1011B0003A2025662054420A000000002020546F87
:1011C00074616C2053697A653A2025662047420A8B
:1011D000000000002020546F74616C2053697A6510
:1011E0003A202566204D420A0000000046696C65E1
:1011F0002053797374656D205265706F72743A0074
:1012000020204279746573205065722053656374A1
:101210006F723A2025750A2020536563746F7273CC
:101220002050657220436C75737465723A20257581
:101230000A00000020204E756D20436C75737465A4
:10124000727320546F74616C3A2025750A20204E09
:10125000756D20436C757374657273204672656595
:101260003A2025750A0000002020436F756C642029
:101270006E6F7420726561642066696C6520737995
:101280007374656D0000000020204E6F7420696E3D
:10129000697469616C697A6564207965740000001D
:1012A000496E2050726F677265737300446F6E658C
:1012B0000000000050415353000000004641494CDB
:1012C00000000000536B69700000000050494E4759
:1012D00000000000534452414D0000004E4F5200A8
:1012E00053504946490000004750494F0000000054
:1012F00035560000335645525200000045455052C5
:101300004F4D000054454D500000000052455345DC
:1013100054000000534443415244000052544300DF
:101320005553423000000000555342310000000088
:10133000564552424F5345205B302F315D0000002F
:10134000424C0000545300005453535441545553DD
:10135000000000005453434C45415200434F4C4F52
:1013600052000000434F4C4F524359434C4500003C
:10137000414C49474E000000414343454C000000AA
:10138000535045414B455200414D50004155444951
:101390004F44414300000000574156504C41590012
:1013A0004D4143414444520049504144445200009D
:1013B00049504D41534B0000495047415445574116
:1013C0005900000049324350524F4245000000008E
:1013D00049324357524954450000000049324352B4
:1013E0004541440046494C4554455354575249548D
:1013F0004500000049324342414E470043524300FA
:10140000454E440075455A2047554920546573742C
:10141000204D6F646500000075455A2047554920EE
:1014200044656D6F202D2054657374204D6F646585
:1014300000000000253264002F00000025303264D7
:10144000000000003A00000075455A28746D2920FC
:1014500054696D65202620446174652044656D6F74
:101460006E7374726174696F6E000000486561721A
:10147000740000000C75455A204755492044656D9D
:101480006F20322E31362E3030300A004545505212
:101490004F4D2053657474696E6773005553424411
:1014A00065766963650000004D53310054696D65D0
:1014B000723200004D61696E000000005761746374
:1014C00068646F670000000043686B73756D00000F
:1014D00075455A204755492044656D6F20322E319D
:1014E000362E303030000000536C69646573686FCD
:1014F00077000000436F6D6D756E69636174696F8D
:101500006E730000447261770000000075455A2038
:101510004755492044656D6F20322E31362E3030CC
:1015200030202D2053657474696E677300000000CD
:101530004272696768746E657373000043616C6919
:101540006272617465000000457869742F5265739A
:101550006574000075455A204755492044656D6FF4
:1015600020322E31362E303030202D2041707073D5
:1015700000000000416363656C65726F6D657465A2
:101580007200000054696D65202620446174650076
:1015900054656D7065726174757265004253505F79
:1015A000464154414C5F4552524F52210A000000BF
:1015B0004750444D413000004750444D41310000F8
:1015C0005541525430000000554152543100000042
:1015D00053535030000000004441433000000000ED
:1015E0004261636B6C6967687400000043686563FF
:1015F0006B696E6720525443202E2E2E000000008F
:101600005254432077617320696E76616C69642C53
:1016100020726573657420746F2030312F30312F44
:10162000323030392031323A30303A303000000038
:10163000525443206572726F72202325642120204A
:10164000436F756C64206E6F7420636865636B20F4
:1016500076616C6964697479210A000052544320F0
:101660004F4B000046415446530000004D5330009C
:10167000414D503000000000435243300000000054
:1016800050574D300000000050574D310000000011
:10169000555342446576696365436F6E74726F6C2F
:1016A0006C65720054696D65723000004C434443B0
:1016B0006F6E74726F6C6C657200000041636365DD
:1016C0006C65726F6D657465723A467265657363B9
:1016D000616C653A4D4D41373435353A49324300F6
:1016E0004144433A47656E657269630041756469B8
:1016F0006F416D703A4E58503A38353531540000CC
:101700004261636B6C696768743A47656E657269BC
:10171000633A50574D0000004352433A47656E65A7
:10172000726963004441433A47656E6572696300BC
:101730004B466C6173680000454550524F4D3A4E20
:1017400058503A4C5043313778785F3430787800CD
:10175000466C6173683A5370616E73696F6E3A5389
:101760003239474C3036344E39303A31364269746A
:10177000000000004750444D413A47656E6572696C
:10178000630000004932433A47656E657269630041
:101790004C43443A496E74656C74726F6E69635F52
:1017A0004C4D4958303536304E544E353356313A1B
:1017B00038426974000000004C43443A496E746535
:1017C0006C74726F6E69635F4C4D495830353630BA
:1017D0004E544E353356313A493135426974000022
:1017E0004C43443A496E74656C74726F6E69635F02
:1017F0004C4D4958303536304E544E353356313ACB
:1018000031364269740000004D533A55534200008E
:101810005254433A47656E65726963005365726955
:10182000616C3A47656E6572696300005350493ACE
:1018300047656E657269630054656D7065726174A9
:101840007572653A4E58503A4C4D3735410000009C
:1018500054696D65723A47656E6572696300000090
:10186000546F6E6547656E657261746F723A4E585B
:10187000503A47656E657269635F50574D000000CE
:10188000546F75636873637265656E3A47656E651C
:101890007269633A345769726500000055534244D7
:1018A00065766963653A4E58503A4C504331377803
:1018B000785F34307878000047656E657269633A06
:1018C000555342486F7374005761746368646F675F
:1018D0003A47656E65726963000000004441432029
:1018E000417564696F0000004D7574655461736BD8
:1018F000000000004641494C3A204672657175650A
:101900006E6379206D757374206265203120746F69
:10191000203130303030300A000000004641494C60
:101920003A2053616D706C652072617465206D752D
:101930007374206265203130303020746F20313074
:10194000303030302E2020557375616C6C79203228
:10195000323130300A0000004641494C3A20546987
:101960006D6572206572726F722025640A00000036
:101970004641494C3A204E6F7420656E6F7567681A
:10198000206D656D6F727920746F2063726561746C
:10199000652073616D706C650A0000004641494C1A
:1019A0003A20496E636F7272656374207061726170
:1019B0006D65746572732E0A415544494F44414325
:1019C000203C6672657175656E63793E203C73617B
:1019D0006D706C6520726174653E203C6D7320747F
:1019E0006F20706C61793E203C74696D6572206473
:1019F00072697665723E0A0054657374202325640B
:101A00002057726974650A0046696C652025732049
:101A100063616E6E6F74206265206F70656E206604
:101A20006F722077726974696E67210A0000000086
:101A30004641494C3A2046696C6520577269746585
:101A4000204572726F720A0046696C65202573200A
:101A500063616E6E6F74206265206F70656E2066C4
:101A60006F722072656164696E67210A0000000070
:101A70004641494C3A2046696C65205265616420B4
:101A80004572726F720A00004641494C3A204D6916
:101A9000736D61746368206174206F66667365742A
:101AA000202564202830782530325820213D2030F0
:101AB0007825303258290A004641494C3A20464997
:101AC0004C45544553545752495445203C66696C23
:101AD000656E616D653E203C73697A653E203C6DA4
:101AE000656D20626C6F636B2073697A653E203C84
:101AF0006E756D54696D65733E0A000054657374AC
:101B000020232564205665726966790A000000006A
:101B10004641494C3A204F7574206F66206D656DC3
:101B20006F727920746F2072756E20746573740AF9
:101B30000000000049324320427573202573206E57
:101B40006F7420666F756E64210A000050726F62B8
:101B5000696E6720616C6C20313237204932432036
:101B6000616464726573736573206F6E2025733AC8
:101B70000A0000002020446576696365204020301B
:101B800078253032580A0000202054696D656F7541
:101B9000742061742064657669636520307825302F
:101BA000325821004641494C3A20496E636F7272A7
:101BB00065637420706172616D65746572732E0A5D
:101BC00049324350524F4245203C627573206E7536
:101BD0006D6265723E0A0000416464726573732031
:101BE0006D75737420626520372D6269742028300A
:101BF0002D313237290A000056616C7565732069F2
:101C00006E207772697465206D757374206265202B
:101C100062797465732028302D323535292E2020C5
:101C20002564206973206F7574206F662072616E61
:101C300067652E0A0000000057726974696E67209C
:101C4000746F206275732025732C20616464722088
:101C50003078253032583A0A000000004641494C9D
:101C60003A204E414B0A00004641494C3A20546903
:101C70006D656F7574210A004641494C3A204572E2
:101C8000726F72202325640A000000004641494C0F
:101C90003A20496E636F727265637420706172617D
:101CA0006D65746572732E0A493243575249544523
:101CB000203C627573206E756D6265723E203C61DA
:101CC0006464723E205B3C627974653E202E2E2E49
:101CD0005D0A00004F7574206F6620737061636544
:101CE0002E204C696D6974656420726561642062A0
:101CF0007566666572206F6620256420627974655A
:101D0000730A000052656164696E67206275732012
:101D100025732C2061646472203078253032582C71
:101D20002025642062797465733A0A0025303258A0
:101D3000200000002D2000004641494C3A20496E09
:101D4000636F727265637420706172616D65746532
:101D500072732E0A49324352454144203C627573E6
:101D6000206E756D6265723E203C616464723E2037
:101D70003C6E756D3E0A00004641494C3A20457262
:101D8000726F722025640A004641494C3A20496E20
:101D9000636F727265637420706172616D657465E2
:101DA00072732E0A574156504C4159203C77617648
:101DB0002066696C653E0A00257800000D0A000067
:101DC000556E6B6E6F776E20636F6D6D616E643AEA
:101DD0002025730A000000000A2320000D0A0D0AC6
:101DE0000000000025730D0A000000000D0A2320EA
:101DF00025730000082008005245504541543A2000
:101E000025730A00434D44004641543332202020BC
:101E1000000000002A2B2C3A3B3C3D3E5B5D7C22BF
:101E20003F7F0000EBFE904D53444F53352E300062
:101E30004E4F204E414D4520202020464154333204
:101E4000202020004E4F204E414D4520202020468E
:101E5000415420202020200046533A464154465306
:101E6000000000004269746D6170204572726F72EB
:101E70003A20496E76616C696420436F6C6F722002
:101E800050616C657474652053697A652E0D00008D
:101E90004269746D6170204572726F723A204269B6
:101EA000746D6170206D75737420626520612032DD
:101EB000353620636F6C6F7220696D6167652E0D1A
:101EC000000000004269746D6170204572726F728B
:101ED0003A20496E76616C696420436F6D7072655B
:101EE0007373696F6E204D6574686F642E0D00000A
:101EF00053554953657474696E6773206D697373C4
:101F0000696E67205357494D5F57494E444F575F9D
:101F10005421000041707053637265656E73617681
:101F200065725374617274204661696C65642074D3
:101F30006F206F70656E206C6364206465766963E2
:101F40006520274C434427005553424D5344726942
:101F5000766500004144433A4C5043313778785F0E
:101F6000343078783A414443300000004E58503ABB
:101F70004C5043313778785F343078783A43524365
:101F8000000000004C5043313778785F3430787867
:101F90003A444143300000004750444D41000000A6
:101FA0004750444D413A4C5043313778785F343094
:101FB00078783A43483700004750444D413A4C50F6
:101FC00043313778785F343078783A4348360000C8
:101FD0004750444D413A4C5043313778785F343064
:101FE00078783A43483500004750444D413A4C50C8
:101FF00043313778785F343078783A43483400009A
:102000004750444D413A4C5043313778785F343033
:1020100078783A43483300004750444D413A4C5099
:1020200043313778785F343078783A43483200006B
:102030004750444D413A4C5043313778785F343003
:1020400078783A43483100004750444D413A4C506B
:1020500043313778785F343078783A43483000003D
:102060004750494F4972710050696E4C6F636B0065
:102070004C5043313778785F343078782047504976
:102080004F20506F72742035000000004C504331D7
:102090003778785F34307878204750494F20506F38
:1020A00072742034000000004C5043313778785F60
:1020B00034307878204750494F20506F7274203365
:1020C000000000004C5043313778785F3430787826
:1020D000204750494F20506F72742032000000009A
:1020E0004C5043313778785F343078782047504906
:1020F0004F20506F72742031000000004C5043316B
:102100003778785F34307878204750494F20506FC7
:1021100072742030000000004C5043313778785FF3
:102120003430787820493243204275733200000001
:102130004C5043313778785F3430787820493243D7
:1021400020427573310000004C5043313778785F7E
:1021500034307878204932432042757330000000D3
:102160005653796E630000004C5043313778785FE6
:1021700034307878204C4344436F6E74726F6C6CCB
:10218000657200004E58503A4C5043313778785FB2
:10219000343078783A50574D310000004E58503A5C
:1021A0004C5043313778785F343078783A50574D17
:1021B000300000004C5043313778785F3430787805
:1021C0003A52544300000000534452414D20496E9E
:1021D0006974000053657269616C3A4C5043313741
:1021E000383820554152543400000000536572695C
:1021F000616C3A4C50433137383820554152543392
:102200000000000053657269616C3A4C50433137ED
:10221000383820554152543200000000536572692D
:10222000616C3A4C50433137383820554152543163
:102230000000000053657269616C3A4C50433137BD
:102240003838205541525430000000004E58503A62
:102250004C5043313778785F343078783A53535064
:10226000320000004E58503A4C5043313778785F76
:10227000343078783A535350310000004E58503A79
:102280004C5043313778785F343078783A53535034
:10229000300000004E58503A4C5043313778785F48
:1022A000343078783A54696D657233004E58503A3C
:1022B0004C5043313778785F343078783A54696DD0
:1022C000657232004E58503A4C5043313778785F3F
:1022D000343078783A54696D657231004E58503A0E
:1022E0004C5043313778785F343078783A54696DA0
:1022F000657230004E58503A4C5043313778785F11
:10230000343078783A5553422044657669636520C5
:10231000436F6E74726F6C6C657200004C50433189
:102320003778785F343078783A555342486F737411
:102330003A506F72744200004C5043313778785FE6
:10234000343078783A555342486F73743A506F720C
:1023500074410000555342004261642050696E0090
:102360005761746368646F673A4E58503A4C5043F3
:10237000313778785F3430787800000049444C4534
:1023800000000000546D725100000000546D722076
:10239000537663005374617274757000496E766190
:1023A0006C6964204750494F20506F7274210000BF
:1023B000416363657373206F6620696E76616C6933
:1023C00064204750494F20506F7274210000000074
:1023D00055455A4750494F52656769737465725045
:1023E0006F72740053637265656E73617665720017
:1023F00054535F4D6F6E0000506C61796572000040
:10240000417564696F436F646563300049325300FE
:10241000504F534958000000286E756C6C2900001D
:102420002D494E46000000002D696E660000000038
:102430002B494E46000000002B696E66000000002C
:102440004E414E006E616E00000000000000000072
:102450004E020000AE01000001000000000000007C
:1024600040010000F000000001000000000000003A
:1024700032000000320000000100000000000000F7
:102480004E020000320000000100000000000000C9
:1024900032000000AE01000001000000000000005A
:1024A000000000000000000000000000000000002C
:1024B0000000000000000000000000001A004A01B7
:1024C000990089011CFF0100A9190000C02D03001B
:1024D00000000000000000000000000000000000FC
:1024E00000000000000000000000000000000000EC
:1024F000000000000000000000000000FF7F007CE2
:102500001F00E003E07F000022001200A100510044
:1025100044020200011E0000000000000000000054
:10252000000000000000000022007A00A100B900B5
:102530004C02020019200000942203000000000059
:1025400000000000000000002200E200A1002101C4
:1025500054020200311E0000681703000000000052
:10256000000000000000000022004A01A1008901D3
:102570001CFF0100BD1D0000C02D03000000000075
:10258000000000000000000000000000000000004B
:10259000000000000000000000000000000000003B
:1025A0000000000000000000AAAA5555550155552D
:1025B0005555555555555555555555555555AAAA21
:1025C000AAAAAAAAAAAAAAAAA0120200AC12020047
:1025D000B4120200BC120200C4120200DD56000058
:1025E000DF560000F956000021570000E1560000B8
:1025F000EF560000CC12020035580000D412020041
:10260000E9590000DC120200215A0000E012020029
:10261000CD5B0000E8120200155D0000F012020020
:10262000695A0000F412020011630000FC1202005B
:10263000915A000004130200B95A00000C13020062
:102640007D63000014130200E15A00001C13020015
:102650009963000020130200595B00002813020058
:10266000315B000030130200815B00004013020068
:10267000F96400003CFF01006158000044130200AF
:102680008D58000048130200455700005413020003
:102690005D6500005C1302001D5900006413020018
:1026A000516C000070130200E5580000781302001E
:1026B000095B000080130200BD690000881302005E
:1026C000496300008C13020071DC000098130200C3
:1026D000D5E30000A013020081650000A8130200EA
:1026E000C9660000B0130200C1680000B813020000
:1026F000C5670000C413020065E00000D0130200AB
:1027000035E10000DC13020069E20000E41302007E
:10271000D1DD0000F41302004D6A0000FC1302003A
:102720008157000000140200115900000000000051
:102730000000000000000000646D0000F86200006E
:1027400001000000000000003A0F0000D763000005
:102750000100000000000000FD6B00004B1B0000AA
:1027600001000000000000006D0F00008018000054
:102770000100000000000000C83C0000983C000080
:1027800001000000000000003200000032000000E4
:1027900001000000000000004E02000032000000B6
:1027A000010000000000000032000000AE01000047
:1027B00001000000000000004E020000AE01000019
:1027C000010000000000000040010000F0000000D7
:1027D000010000001F1C1F1E1F1E1F1F1E1F1E1F8B
:1027E000424DB211000000000000660200006C00C3
:1027F0000000DC000000760000000100080001007D
:102800000000900F0000C40E0000C40E00007B000A
:1028100000007B00000042475273000000000000EF
:1028200000000000000000000000000000000000A8
:102830000000000000000000000000000000000098
:102840000000000000000000000002000000000086
:102850000000000000000000000000000000000375
:1028600003000002070000030C0000041100000731
:102870000700000514000006160000071A000007F4
:102880001C00000C0C0000081F0000092200000FB3
:102890000F00000A250000111100000B2900000C98
:1028A0002D000014140000161600000E330000184E
:1028B0001800001A1A0000113E00001C1C00001233
:1028C000430000134500001F1F00001447000021B3
:1028D000210000154B000022220000154E000016BA
:1028E0004F0000252500001755000026260000187F
:1028F000580000292900001A5E00001B6200001C1D
:102900006500002D2D00002E2E00001E6B00001F04
:102910007100003434000021780000227B00003771
:102920003700003838000024820000258700003D71
:102930003D00003E3E0000278D0000404000002882
:102940009200002A980000444400002B9C0000469E
:102950004600002C9E00002DA10000484800002EDB
:10296000A500002FA800004C4C000030AC00004F28
:102970004F000032B4000033B9000034BA00003513
:10298000C0000036C100005656000037C5000038B0
:10299000C80000595900005A5A00003ACF00003AC6
:1029A000D200005F5F00003CD70000606000003E86
:1029B000DD0000636300003FE3000040E5000067C6
:1029C00067000041EB000044F300006D6D0000461D
:1029D000FA0000737300007A7A00007D7D000082A7
:1029E000820000888800008E8E000092920000967F
:1029F0009600009A9A00009E9E0000A0A00000A3EE
:102A0000A30000AAAA0000AEAE0000BBBB0000BC41
:102A1000BC0000C2C20000C7C70000D0D00000D276
:102A2000D20000D4D40000D6D60000DADA0000E0EC
:102A3000E00000E2E20000E6E60000EEEE0000F654
:102A4000F60000FDFD00DC000000DC000000DC0002
:102A50000000060000061A4D5D5B4610D000000025
:102A60000500013A065D0127CF000000040001299E
:102A7000085D0119CE00000003000103015B085D41
:102A80000157CE000000030001170A5D011CCD00B4
:102A90000000030001280A5D0130CD0000000300A2
:102AA00001280A5D0137CD000000030001280A5DFE
:102AB0000137CD000000030001270A5D0137CD007A
:102AC0000000030001170A5D0128CD00000003008B
:102AD000010C0A5D011ECD0000000400015B095DD0
:102AE0000111CD00000004000148095D0103CD0083
:102AF000000004000130085D014CCE00000004001D
:102B0000011E085D0134CE0000000400010B085DC9
:102B10000123CE00000005000157075D0111CE0022
:102B2000000005000137075D0103CE00000005002D
:102B30000123065D014CCF00000005000111065D78
:102B40000139CF0000000600015B055D0129CF00BF
:102B5000000006000144055D0119CF0000000600D9
:102B60000130055D0111CF00000006000128055D60
:102B70000107CF00000006000117055DD00000002E
:102B800006000114045D014CD00000000600010C99
:102B9000045D01490400000403254255035D00045F
:102BA00053422509130000030C335100035D000458
:102BB000533C1A02A400000006000103045D014911
:102BC000030001330B5D015001210F000104013F9F
:102BD000095D015B0128A30000000700045D0004FB
:102BE000490002470E5D015A011A0C00010401550B
:102BF0000C5D014D010608000156407A015C0B0096
:102C0000447A01540700000007000157035D0003E8
:102C100049004700115D014A01090A0001470E5DA4
:102C20000155010E07000156407A01730B00447AEA
:102C300001620700000007000149035D01490137F7
:102C4000135D015B011E08000128105D01550C0099
:102C50000003133D6A003A7A012A0A00015E437AB2
:102C6000016D07000000070001491A5D01300700EF
:102C70000157115D01300E0001120165387A0160C3
:102C80000A000101016E437A0700000007000149B4
:102C90001B5D013A05000117125D015B01080F0081
:102CA00001430F7A0004744E13011300000701134F
:102CB000132E456476000A7A01770B000122017910
:102CC0000C7A0179010F24000005131B3D64760086
:102CD0000B7A012206000000070001491C5D014635
:102CE00004000130135D012C100001600D7A016CAD
:102CF00001011D00000315617900087A012E0B0007
:102D000001560D7A016B29000003155F7900087ADE
:102D1000013B06000000070001490E5D0003582832
:102D20000700030000040720425B055D0146030025
:102D3000014C0A5D00065B280200093F035D01515A
:102D4000100001160D7A0116200001120169077AA0
:102D500001610B000101016C0D7A014B2A00010594
:102D60000162077A015E06000000070001490D5D5F
:102D7000012F0900000302255A00045D00034100F1
:102D800000000B5D011705000137035D010C100009
:102D9000016F0B7A016F2300014F067A0177010161
:102DA0000B00011D01790C7A0179011D2B00013BFB
:102DB0000179057A016806000000070001490C5DF1
:102DC000011E0C0001020133045D0137010C0A5D94
:102DD000013A07000004555D5D1E100001630B7A87
:102DE0000168240001380179057A01320C00014B99
:102DF0000D7A016C01012B0001320179047A01770F
:102E000006000000070001490B5D01300F000110B2
:102E10000153035D01470A5D011E07000004255DA3
:102E20005D2D1000015E0B7A016325000138057AE3
:102E300001630D0001680D7A01562C00014B057AE3
:102E4000011305000000070001490A5D0157010355
:102E50001000010201410D5D011107000004075D32
:102E60005D39100001560B7A016326000156047A81
:102E7000017901010C00010F01770C7A017901221F
:102E80002C000164047A01350500000007000149A7
:102E90000A5D0130130001300C5D010C08000003D5
:102EA0004C5D4900100001560B7A015E270001635A
:102EB000047A01380D00013B0D7A016E01012B00EF
:102EC000010F0179037A0154050000000700014950
:102ED0000A5D01171400012D0B5D01071B00013B6A
:102EE0000B7A0156270001010170037A01660E007A
:102EF00001630D7A01592C000156037A0163050024
:102F00000000070001490A5D0107150001330A5D51
:102F10001C0001380B7A015628000122037A01793E
:102F2000010A0D00010F01750D7A012A2B00000521
:102F300001777A7A6E000500000007000149095DFB
:102F4000015B160001170A5D1C0001380B7A01565F
:102F50002900015E037A01400E0001350D7A0175EA
:102F600001012B00014F037A01010400000007005A
:102F70000149095D0149160001170A5D1C0001386D
:102F80000B7A01562900000501757A7A68000F0056
:102F900001600D7A01602B0000050A797A7A22001F
:102FA0000400000007000149095D013E16000117F9
:102FB0000A5D1C0001380B7A01562A000138037A99
:102FC000010A0E00010101700D7A01352B00000489
:102FD000617A7A430400000007000149095D013766
:102FE000160001170A5D1C0001380B7A01562B00F0
:102FF0000004687A7A4B0F00012A0D7A0175010FDF
:103000002A0000042A7A7A5E0400000007000149C1
:10301000095D0137160001170A5D1C0001380B7AA3
:1030200001562B0000041D7A7A6B100001590D7AAD
:1030300001632B000003707A6B000400000007009E
:103040000149095D0129160001170A5D1C000138BC
:103050000B7A01562C000004637A7A130F000101E9
:10306000016C0D7A01382A0000035C7A77000400B5
:10307000000007000149095D0128160001170A5DDB
:103080001C0001380B7A01562C000004167A7A4F86
:103090001000012201790C7A0177010F2900000448
:1030A000267A7A1B0300000007000149095D012808
:1030B000160001170A5D1C0001380B7A0156410009
:1030C00001520D7A01682A00000373722400030084
:1030D000000007000149095D0128160001170A5D7B
:1030E0001C0001380B7A01564200016B0D7A014336
:1030F0002F00000007000149095D01281600011793
:103100000A5D1C0001380B7A015642000116017954
:103110000C7A017901162E00000007000149095DB3
:103120000128160001170A5D1C0001380B7A0156B0
:10313000430001430D7A016C2E0000000700014995
:10314000095D0128160001170A5D1C0001380B7A81
:103150000156440001640D7A01522D000000070061
:103160000149095D0128160001170A5D1C0001389C
:103170000B7A01564400010F01750C7A0179012286
:103180002C00000007000149095D01281600011705
:103190000A5D1C0001380B7A0156450001380D7A92
:1031A000016C01012B00000007000149095D0128A5
:1031B000160001170A5D1C0001380B7A0156460003
:1031C00001620D7A01592B00000007000149095DD9
:1031D0000128160001170A5D1C0001380B7A015600
:1031E0004600010A01750D7A01222A00000007003D
:1031F0000149095D0128160001170A5D1C0001380C
:103200000B7A01561F000003737A56002500012E29
:103210000D7A017001012900000007000149095DD4
:103220000128160001170A5D1C0001380B7A0156AF
:103230001E000004017A7A562600015E0D7A015EB6
:103240002900000007000149095D01281600011747
:103250000A5D1C0001380B7A01561E000004227A18
:103260007A5626000101016E0D7A012E2800000019
:1032700007000149095D0128160001170A5D1C00BD
:1032800001380B7A01561E000004437A7A56270053
:10329000012201790C7A0175010A2700000007005C
:1032A0000149095D0128160001170A5D1C0001385B
:1032B0000B7A01561E000004607A7A5628000156E7
:1032C0000D7A01622700000007000149095D01280D
:1032D000160001170A5D1C0001380B7A01561E000A
:1032E00000046E7A7A5628000101016C0D7A0138CB
:1032F0002600000007000149095D0128160001179A
:103300000A5D1C0001380B7A01561D000116037A74
:1033100001562900011D01790C7A0175010F250064
:10332000000007000149095D0128160001170A5D28
:103330001C0001380B7A01561D00015E037A01560C
:103340002A00014B0D7A01642500000007000149A5
:10335000095D0128160001170A5D1C0001380B7A6F
:1033600001561C0001220179037A01562B000168E5
:103370000D7A013B2400000007000149095D012886
:10338000160001170A5D1C0001380B7A01561B005C
:1033900001260175047A01562B00010F01770C7A82
:1033A0000179010F2300000007000149095D012890
:1033B000160001170A5D1C0001380B7A015619002E
:1033C0000105015C067A01562C00013B0D7A016B68
:1033D0002300000007000149095D012816000117BC
:1033E0000A5D1C0001380B7A015614000006011317
:1033F000244E6A79077A01562D0001630D7A014B3C
:103400002200000007000149095D0128160001178C
:103410000A5D1C0001382D7A01562D00010F01753F
:103420000C7A0179011D2100000007000149095DA6
:103430000128160001170A5D1C0001382D7A01567B
:103440002E0001350D7A016C0101200000000700FB
:103450000149095D0128160001170A5D1C000138A9
:103460002D7A01562F0001600D7A015620000000D0
:1034700007000149095D0128160001170A5D1C00BB
:1034800001382D7A01562F00010101700C7A017963
:1034900001221F00000007000149095D01281600F4
:1034A00001170A5D1C0001380B7A01561400000652
:1034B000011324456778077A01563000012A0D7AF6
:1034C000016E01011E00000007000149095D01288D
:1034D000160001170A5D1C0001380B7A015619000D
:1034E0000003013D7800057A0156310001590D7A3B
:1034F00001591E00000007000149095D012816005E
:1035000001170A5D1C0001380B7A01561B000112DD
:103510000175047A015631000101016C0D7A012A0E
:103520001D00000007000149095D01281600011770
:103530000A5D1C0001380B7A01561C00012201793A
:10354000037A01563200012201790C7A01750101DA
:103550001C00000007000149095D01281600011741
:103560000A5D1C0001380B7A01561D00015E037ACA
:103570000156330001520D7A01601C000000070063
:103580000149095D0128160001170A5D1C00013878
:103590000B7A01561D000116037A01563400016BA7
:1035A0000D7A01351B00000007000149095D012863
:1035B000160001170A5D1C0001380B7A01561E0027
:1035C0000004687A7A563400011601790C7A017584
:1035D000010F1A00000007000149095D01281600CB
:1035E00001170A5D1C0001380B7A01561E00000409
:1035F0004B7A7A56350001430D7A01631A000000B8
:1036000007000149095D0128160001170A5D1C0029
:1036100001380B7A01561E0000042A7A7A563600C9
:1036200001640D7A01381900000007000149095DA5
:103630000128160001170A5D1C0001380B7A01569B
:103640001E000004017A7A563600010F01750C7ACB
:103650000177010F180000004F0001380B7A015666
:103660001F000003777A5600370001380D7A016891
:10367000180000004F0001380B7A01561F000003AC
:103680006E7A5600380001620D7A0143170000007F
:103690004F0001380B7A01565A00010A01750C7A65
:1036A00001790116160000004F0001380B7A01560F
:1036B0005B00012E0D7A016C160000004F000138EE
:1036C0000B7A01565C00015E0D7A01521500000074
:1036D0004F0001380B7A01565C000101016E0C7A33
:1036E00001790122140000004F0001380B7A0156C5
:1036F0005D00012201790C7A016C010113000000C8
:103700004F0001380B7A01565E0001560D7A0159BF
:10371000130000004F0001380B7A01563B000003F4
:10372000567A730020000101016C0D7A012212000B
:1037300000004F0001380B7A01563B000004437A29
:103740007A132000011D01790C7A0170010111002A
:1037500000004F0001380B7A0156260000042A7A37
:103760007A3811000004387A7A2E2100014B0D7A44
:10377000015E110000004F0001380B7A015626004F
:1037800000044B7A7A22110000042A7A7A5422002B
:1037900001680D7A012E100000004F0001380B7AED
:1037A000015626000004627A7A1F110000041F7A75
:1037B0007A682200010F01770C7A0175010A0F0067
:1037C00000004F0001380B7A015626000004737A7E
:1037D0007A1F11000004017A7A772300013B0D7AE9
:1037E00001620F0000004F0001380B7A01562500DE
:1037F000011D037A011B1200037A012A23000163D1
:103800000D7A01380E0000004F0001430B7A01567B
:103810002500014B037A130000046F7A7A5C2300C1
:10382000010F01750C7A0175010F0D0000004F00AA
:1038300001560B7A01562500016B037A1300000430
:103840006E7A7A70240001350D7A01640D00000053
:103850004F0001560B7A015624000116047A13001A
:103860000163037A0132240001600D7A013B0C00F0
:1038700000004F0001620B7A015624000160037AB8
:10388000016F13000163037A016C240001010170D0
:103890000C7A0179010F0B0000004F0001680B7AD0
:1038A000015623000122047A016E13000156047AA6
:1038B00001562400012A0D7A016B0B0000004F0015
:1038C00001730B7A01562200010F0175047A016E13
:1038D00013000154057A013B240001590D7A014B74
:1038E0000A0000004E0001130C7A01562100011855
:1038F0000174057A016B13000138067A015C01013D
:1039000022000101016C0C7A0179011D09000000FF
:103910004E00014F0C7A01561F0000030556790036
:10392000067A016313000135077A0003743601003B
:103930002100012201790C7A016C010108000000CC
:103940004D00011801770C7A01561A0000060D137C
:103950002B4E6A79087A01631300011F097A000669
:10396000786A4E2E130D1D0001520D7A0156080083
:1039700000004C0001310178367A01631300011315
:103980003A7A0179012207000000480000040A2465
:103990005671387A015614003B7A016E0101060017
:1039A000000043000156407A0156140001773B7A2B
:1039B000015E0600000043000156407A01561400E3
:1039C000016E3C7A012A05000000DC000000DC00EA
:1039D0000000DC00000100000001010000000118EF
:1039E0000000000020002000080831852634892BC3
:1039F000308B313C8453338F363490372D903A35A9
:103A000091382F923C30933D31943E32953F34971C
:103A100042359843379A45309A48319B49329C4AFF
:103A2000339D4B3A9E492FA25238A35138A25839A0
:103A3000A45241A55033A55553A05E47A25D34A6BC
:103A4000564FA35B34A55E35A75749A55736A858EE
:103A500036A76030AA5C37A86138AA5A45A85D38F5
:103A6000A96239AB5B53A76031AA6539AA633AAB47
:103A70006455A96233AC673BAC6555AA6343AD643A
:103A800046AD7431B4685BAF6F54AF724FB26F5DC7
:103A9000B17157B27558B37637B87559B4774DB61A
:103AA0007554B57A5AB5785BB67941B97C5CB77A0A
:103AB00050B9785DB87B43BB7E5FBA7D5FB98460E7
:103AC000BB7E60BA8561BB864EBD865DBD8A63BD27
:103AD000885FC1865FC08C66C18B61C28E67C28CF5
:103AE0006EC28A68C38D6FC38B76C3916AC58F7EA1
:103AF000C59072C59573C69674C79775C89876C9F0
:103B00009988C3AA77CA9A78CC9B7ACCA480CCA295
:103B100082CFA483D0A584D1A685D2A78DD2AC882C
:103B2000D3AF8ED3AD82D5AC9AD2AE8FD4AE91D670
:103B3000B092D7B198D6B593D8B29AD8B79BD9B826
:103B400095D9BB9CDAB997DDB79FDDBCB1D9C7A0C9
:103B5000DEBDB2DBC2A1DFBEA2DEC5A8DFC3A3E02B
:103B6000C6A9E0C4AAE1C5ABE2C6ACE3C7ADE4C8F0
:103B7000C0E0D3AEE5C9A8E7C5AEE4CFB5E4CDAFAC
:103B8000E6CAB6E5CEB7E6CFB8E7D0B9E8D1C0E827
:103B9000D6C0EAD0C1E9D7C2EAD8C3EBD9CBEBDEB5
:103BA000C5EDDACCECDFC6EEDBCCEED9CDEDE0D363
:103BB000F3E6D6F6E9000000656565646464636356
:103BC000636262626161616060605F5F5F5E5E5EF2
:103BD0005D5D5D5C5C5C5B5B5B5A5A5A5959595838
:103BE000585857575756565655555554545453537D
:103BF000535252525151515050504F4F4F4E4E4EC2
:103C00004D4D4D4C4C4C4B4B4B4A4A4A4949494807
:103C1000484847474746464645454544444443434C
:103C2000434242424141414040403F3F3F3E3E3E91
:103C30003D3D3D3C3C3C3B3B3B3A3A3A39393938D7
:103C4000383837373736363635353534343433331C
:103C5000333232323131313030302F2F2F2E2E2E61
:103C60002D2D2D2C2C2C2B2B2B2A2A2A29292928A7
:103C700028282727272626262525252424242323EC
:103C8000232222222121212020201F1F1F1E1E1E31
:103C90001D1D1D1C1C1C1B1B1B1A1A1A1919191877
:103CA00018181717171616161515151414141313BC
:103CB000131212121111111010100F0F0F0E0E0E01
:103CC0000D0D0D0C0C0C0B0B0B0A0A0A0909090847
:103CD000080807070706060605050504040403038C
:103CE0000302020201010100000099999999999932
:103CF00099999999999999999903999999999999CA
:103D00009999999999999999999999999999999923
:103D1000999999999999999999983C999999999971
:103D20009999999999999999999999999999999903
:103D30009999999999999999919390329999999971
:103D400099999999999999999999999999999999E3
:103D5000999999999999998296958F87999999990D
:103D600099999999999999999999999999999999C3
:103D7000999999999999919695908D89749999990C
:103D800099999999999999999999999999999999A3
:103D900099999999997696958F8B867F7B69999950
:103DA0009999999999999999999999999999999983
:103DB000999999999997928E8A817D77716E59997F
:103DC0009999999999999999999999999999999963
:103DD0009999999994908C897F7B73706C66624CE9
:103DE0009999999999999999999999999999999943
:103DF0009999998C8D8A817E7973706863614B2A59
:103E00001A999999999999999999999999999999A1
:103E10009999788A837F7A73716C65615E4E2A2CDA
:103E20002B99999999999999999999999999999970
:103E3000998885807C75736F6B64615C5A2E2C2821
:103E400022129999999999999999999999999999E0
:103E50006A807A7773726D67635F5B56422B2522A7
:103E60001F19069999999999999999999999995D8B
:103E7000847977736F6B64615E5A56532F24271EC3
:103E800016151200999999999999999999999999C9
:103E9000999999999963605C59544F4C21220299E0
:103EA0009999999999999999999999999999999982
:103EB00099999999995F5B59534F493D1F1C0B99EB
:103EC0009999999999999999999999999999999962
:103ED00099999999995A58534F4847361C171499EC
:103EE0009999999999999999999999999999999942
:103EF000999999999956514F4846433115152399E7
:103F00009999999999999999999999999999999921
:103F10009999999999514C4945433F2612113399E2
:103F20009999999999999999999999999999999901
:103F300099999999994C4745413E391812103A99E7
:103F400099999999999999999999999999999999E1
:103F500099999999994846413B393712100D4099E2
:103F600099999999999999999999999999999999C1
:103F7000999999999945413E3835300F0D0B4499DF
:103F800099999999999999999999999999999999A1
:103F90009999999999413B383430200C0B084A99EA
:103FA0009999999999999999999999999999999981
:103FB00099999999993B393430300E0B08064D99EF
:103FC0009999999999999999999999999999999961
:103FD00099999999993734342D1B0A0905025099FA
:103FE0009999999999999999999999999999999941
:103FF000999999999934342D1D0A0804020252990D
:104000009999999999999999999999999999999920
:104010009999999999302913090705020100559931
:104020009999999999999999999999999999999900
:1040300099999999170C09080602020100005799ED
:1040400099999999999999999999999999999999E0
:1040500099999999999999999999999999999999D0
:1040600099999999999999999999999999999999C0
:1040700099999999999999999999999999999999B0
:1040800099999999999999999999999999999999A0
:104090009999999999999999999999999999999990
:1040A0009999999999999999999999999999999980
:1040B0009999999999999999999999999999999970
:1040C0009999999999999999999999999999999960
:1040D0009999999999999999999999999999999950
:1040E00099999999999999999999000000000000D6
:1040F000000054525545564953494F4E2D58464994
:104100004C452E00000101000000011800000000D5
:1041100020002000080830821D3585273588293485
:10412000882A33892C308C33308C34328D35338E61
:10413000352E8B44338F36348F3631913A32913A63
:104140003591393592392F933C33933B31943E313D
:10415000953F329540339540339641359742339899
:10416000463D9748399947309A47319A47319B489D
:10417000329C49359C48349E51359F4E429E504159
:104180009F523BA052439F5438A24F32A35139A3B0
:104190005137A35235A05D35A35536A45234A455EA
:1041A00032A55649A35632A65734A75933A75C33D4
:1041B000A95836A75E35A76045A75D37A86137A81F
:1041C0006237A95F39A96237A96348A95E37AA6334
:1041D00033AC6132AB6555AA6134AC6655AA625600
:1041E000AA6332AD6857AB644FAC6457AB654DAC56
:1041F0006857AC6659AC6943AF6C59AD6C5AAF683F
:1042000056AF6D38B36A58AE705BAF6F52B06F3F48
:10421000B56D3FB5715BB36F58B27557B2765DB28D
:104220007459B3764AB6755EB47559B4775DB47691
:1042300059B47849B77451B7745EB67358B6765BA3
:10424000B67956B7785CB77A5EB77A5CB87B55B901
:104250007E5EB97C60BA786AB97A55BA7E5FBA7CFC
:104260005FBA7F61BA7F6EBA7C60BB7F60BC8061E1
:10427000BB845DBC8263BE8163BD8863BD8966BD4E
:104280008B67BE8A65BF8A66C18868C08B66C18C31
:1042900067C28C6AC38A69C28E6DC38D6EC48B6D12
:1042A000C48F6FC49171C49272C49573C69371C662
:1042B000956EC8926FC89273C79774C79777C99A5B
:1042C00077CA9974CB9876CB9A78CC9D7ACD9D7D20
:1042D000CD9F7BCDA07ECDA07FCDA198C8AA74CD67
:1042E000A680CEA184CEA282CFA483CFA47CD1A16C
:1042F00084D0A588D0A886D1A676D3A687D1A78951
:10430000D1A889D1A97DD3AA82D3A98BD3AD8ED3CD
:10431000AD90D3AE8ED4AF8ED5AF8CD6AF93D6B191
:104320008AD7B193D6B295D8B597D8B598D8B6995B
:10433000D8B699D9B79DD9B89ADAB89CDAB99DDBC5
:10434000BA9CDBBB9EDBBB9DDCBB9EDCBB9FDCBCAD
:10435000A7DAC1A1DDBDB6D9C59FDEBEA0DFBFA66D
:10436000DEC1A2DFBFA2DFC0A4DFC0ABE0C4A6E015
:10437000C6A6E1C4A7E1C4AAE1C5A9E1C6ACE1C6ED
:10438000AEE2C8B0E2C8AEE3C8ADE4C7B1E4CBB3B7
:10439000E4CCB5E4CCB6E4CEB4E5CDB3E5CEB8E636
:1043A000CEB7E7CEB9E7CFBCE8CFBBE8D2BFE9D400
:1043B000BFE9D6C2EAD6C3EAD6C2EAD8BFEBD6C3B3
:1043C000EBD7C2EBD8C3ECD9CCECDCC8EDDBCAEE42
:1043D000D8CCECDFCDEDDECCEEDCCEEDDFCDEDE00C
:1043E000CDEEDECEEEE1C9F0DCD2F2E5D7F7EA00A1
:1043F00000000B0B0B0A0A0A09090908080807073D
:104400000706060605050504040403030302020269
:10441000010101000000F3F3F3F3F3F3F3F3F3F31B
:10442000F31FF3F3F3F3F3F3F3F3F3F3F3F3F3F330
:10443000F3F3F3F3F3F3F3F3F3F3F3F3F3F3F3F34C
:10444000F3462315110C0805040370F3F3F3F3F39B
:10445000F3F3F3F3F3F3F3F3F3F3F3F3F3F3F3F32C
:10446000F355404522100D0806026BF3F3F3F3F306
:10447000F3F3F3F3F3F3F3F3F3F3F3F3F3F3F3F30C
:10448000F36150404225120D0A0766F3F3F3F3F38C
:10449000F3F3F3F3F3F3F3F3F3F3F3F3F3F3F3F3EC
:1044A000F36A5B5147431A130E0B64F3F3F3F3F310
:1044B000F3F3F3F3F3F3F3F3F3F3F3F3F3F3F3F3CC
:1044C000F3725D584D492F16130F60F3F3F3F3F3B6
:1044D000F3F3F3F3F3F3F3F3F3F3F3F3F3F3F3F3AC
:1044E000F375635C574C4A1817145FF3F3F3F3F357
:1044F000F3F3F3F3F3F3F3F3F3F3F3F3F3F3F3F38C
:10450000F37B696359564E241C1754F3F3F3F3F30A
:10451000F3F3F3F3F3F3F3F3F3F3F3F3F3F3F3F36B
:10452000F37F7169655C563C1B1C53F3F3F3F3F3A3
:10453000F3F3F3F3F3F3F3F3F3F3F3F3F3F3F3F34B
:10454000F389767369655E48281E4FF3F3F3F3F33E
:10455000F3F3F3F3F3F3F3F3F3F3F3F3F3F3F3F32B
:10456000F38A7D77716D675226283EF3F3F3F3F3F8
:10457000F3F3F3F3F3F3F3F3F3F3F3F3F3F3F3F30B
:10458000F38F837D7A736E62272B33F3F3F3F3F3A8
:10459000F3F3F3F3F3F3F3F3F3F3F3F3F3F3F3F3EB
:1045A000F39D8C847E7A736F302D20F3F3F3F3F355
:1045B000F3F3F3F3F3F3F3F3F3F3F3F3F3F3F3F3CB
:1045C000F3A6918E85807A7931341DF3F3F3F3F3FA
:1045D000F3F3F3F3F3F3F3F3F3F3F3F3F3F3F3F3AB
:1045E000F3AC9E949086827C4B392109F3F3F3F36C
:1045F000F3F3F3F3F3F3F3F3F3F3F3F3CCCAC2B847
:10460000B9B0ABA296928881683D38352E2C29002E
:10461000F3F3F3F3F3F3F3F3F3F3F3F3F3BED1C8EC
:10462000C4B8B4ADA79C938B87413A37343201F3B9
:10463000F3F3F3F3F3F3F3F3F3F3F3F3F3F3D5D784
:10464000D0C9C1BAB3AAA0998D743F3A3B19F3F30C
:10465000F3F3F3F3F3F3F3F3F3F3F3F3F3F3F3E23B
:10466000DCD6CEC6BBB6AFA49B955A4436F3F3F363
:10467000F3F3F3F3F3F3F3F3F3F3F3F3F3F3F3F30A
:10468000F0DEDBD2CBBFB7B1A89F9A6CF3F3F3F3A4
:10469000F3F3F3F3F3F3F3F3F3F3F3F3F3F3F3F3EA
:1046A000C0EBE4DDD9CDC3BCB2A9A378F3F3F3F337
:1046B000F3F3F3F3F3F3F3F3F3F3F3F3F3F3F3F3CA
:1046C000F3E6ECE5DFD8D3C7BDB5A1F3F3F3F3F31D
:1046D000F3F3F3F3F3F3F3F3F3F3F3F3F3F3F3F3AA
:1046E000F3F3F2EAE7E3DAD4CF98F3F3F3F3F3F377
:1046F000F3F3F3F3F3F3F3F3F3F3F3F3F3F3F3F38A
:10470000F3F3F3E9EDE8E1E0A5F3F3F3F3F3F3F307
:10471000F3F3F3F3F3F3F3F3F3F3F3F3F3F3F3F369
:10472000F3F3F3F3EDEFEEAEF3F3F3F3F3F3F3F3AD
:10473000F3F3F3F3F3F3F3F3F3F3F3F3F3F3F3F349
:10474000F3F3F3F3F3F1C5F3F3F3F3F3F3F3F3F369
:10475000F3F3F3F3F3F3F3F3F3F3F3F3F3F3F3F329
:10476000F3F3F3F3F3972AF3F3F3F3F3F3F3F3F33E
:10477000F3F3F3F3F3F3F3F3F3F3F3F3F3F3F3F309
:10478000F3F3F3F3F3F3F3F3F3F3F3F3F3F3F3F3F9
:10479000F3F3F3F3F3F3F3F3F3F3F3F3F3F3F3F3E9
:1047A000F3F3F3F3F3F3F3F3F3F3F3F3F3F3F3F3D9
:1047B000F3F3F3F3F3F3F3F3F3F3F3F3F3F3F3F3C9
:1047C000F3F3F3F3F3F3F3F3F3F3F3F3F3F3F3F3B9
:1047D000F3F3F3F3F3F3F3F3F3F3F3F3F3F3F3F3A9
:1047E000F3F3F3F3F3F3F3F3F3F3F3F3F3F3F3F399
:1047F000F3F3F3F3F3F3F3F3F3F3F3F3F3F3F3F389
:10480000F3F3F3F3F3F3F3F3F3F3F3F3F3F3F3F378
:10481000F3F3F3F3F3F30000000000000000545240
:104820005545564953494F4E2D5846494C452E0043
:1048300000010100000001180000000024002A000F
:1048400008084A4A4A4C4C4C5151515555555757F6
:10485000575858585A5A5A5C5C5C5E5E5E63636394
:104860006565656666666B6B6B6D6D6D6E6E6E74A1
:1048700074747C7C7C8484848989898D8D8D9696E2
:10488000969B9B9BA2A2A2AFAFAFB3B3B3BCBCBC81
:10489000BEBEBEC9C9C9CECECED5D5D5D6D6D6E038
:1048A000E0E0E2E2E2E4E4E4E7E7E7E9E9E9EEEEAA
:1048B000EEF2F2F2F4F4F4F7F7F7F9F9F9FAFAFA9A
:1048C000FCFCFCFEFEFEE5E5E9BABAC366666C5A7E
:1048D0005A6049494F595A6363646A5B5C61535536
:1048E0005D484A5244464E616367D7DADF94979C2D
:1048F000575B60ACAFB254595E4E5459D2D6D9D141
:10490000D4D6F8FBFDDFE4E7F1F6F95A5F62CFD4C5
:10491000D6D2D3D3686969F5F7F7FDFFFF4E4F4F45
:10492000525353656767696B6B6A6C6CFBFFFF578B
:1049300059595B5D5D5D5F5F626464A2ACAC5A64B3
:1049400064505A5AF7FFFE515C595457564A4F4D1E
:104950009FB1AA6B7973A9ABAA33423AF3F9F55721
:104960005E594F56514B584EF9FFFA848A85E3E45D
:10497000E3DEE0DECFD2CFF6FDF68B9589F1F9EFDD
:10498000A2AAA0464D44676B655B5F59696E65746A
:104990007A6FF9FAF8E7E9E5555951595D52D3D4E0
:1049A000D0D4D5D0ABACA25F6056979A7D58594011
:1049B000DADAD9616160DEDEDCFFFFFDD7D7D4FF34
:1049C000FFFBFFFFF9FFFFF7D5D5CAFFFFEFB4B438
:1049D000A7FFFFE4CFCFB3FFFFDC858564FFFFB700
:1049E000959668FEFDD4FFFDCBFFFDAA7B7955EDC2
:1049F000EBD2A7A3726B6843FFFEF5FFFCE8A9A703
:104A000098E0DCC0F4F2E7615D45C0A831FAF9F541
:104A10008E8D89F5F3EB555450F4EFDAEAE1BCC919
:104A2000A92A736A49D5AC23FFEFBBA89149B39576
:104A30003CD9AC25E9B20F958350CDA63ED7AD3B0E
:104A4000C19A2BCBA12DDFAA1AE5D09C6B5E3FAE9D
:104A50009965A48F5BC09F50A78942B898496C663E
:104A600059C8A860B7985BBCB9B4807D78655B4EC7
:104A7000443D34695B49FAF3EBFFF2E3FFFCF9AB29
:104A80009D92685F5AE2E0DF6866656B69685C5A10
:104A900059FFF9F6FAF7F68E8B8AE5E1E0625E5D82
:104AA000C6C5C5D6D5D5717070E7E5E5E9E7E7F786
:104AB000F5F5FFFDFD464545FDFAFA696767737137
:104AC000715856565A58585C5A5AA9A1A26A62633C
:104AD000484041544D4E6F696A6A64654F494A6562
:104AE0005A5C5F5557F3E8EB584D50CDC3C6D3D150
:104AF000D2D5D3D46360625C595B5D5A5C5E5B5D0A
:104B0000D9D5D8F5E6F4D3C4D2716270D7D4D7FF23
:104B1000FCFFFCF2FEF5F1F6C2BEC3D3D0D4CAC787
:104B2000CBDAD4DC5D5C5E656466FCFAFF5D5963DC
:104B30005D596463606AEFEEF7807F89FFFFFF00D5
:104B40000000272BFEFEFEFEFEFEFEFEFEFEFEFE2B
:104B5000FEFEFEFEFEFEFEFEFEFEFEFEFEFEFEFE75
:104B6000FEFEFEFEFEFE2AFE2BFEFEFEFEFEFEFE0C
:104B7000FEFEFEFEFEFEFEFEFEFEFEFEFEFEFEFE55
:104B8000FEFEFEFEFEFEFEFEFEFE29FE241D1D1D97
:104B90001EEEEAEEEE3F44443E4444443F3F3F4570
:104BA00045F5F5EAE4747E757566712AFEFEFE2908
:104BB000014A09070307F651504F4D5851515133DF
:104BC0002FFAF9FAF9D9E0DCDEC3C45877727266BD
:104BD000FEFE2B7C0A0C460B0E09F74F4D4B494C41
:104BE00050525237F7FBFBFBFBE0DFD4DDC3C26C56
:104BF0006D6E6E65FEFEFE280D0002075158597756
:104C00009C7997A0AEAEAEAEAEBBBBB9BBB4BBBADF
:104C100077C9DE4A4B6B6326FEFE2928FEFE150887
:104C20005C69FEFEFEFEFEFEFEFEFEFEFEFEFEFEDB
:104C3000FEFEFEFEFEFEFE505167677DFEFEFE2B71
:104C40002A2B5C061792808F8F8BA2898D8D8D8D7C
:104C50008D898989898B9D9D93C6FE32304E402B6C
:104C6000FEFEFE2B2B291A0116818095B8AFA7A353
:104C7000B2A4A4A4A3A3A3A3B08A8E94927DC82EA9
:104C80002F624EFEFEFEFEFEFEFE264A0B9292872D
:104C900090A4B6A9A9A1ACA1A19FAA98988A8A9329
:104CA000FED2C835FD4E70FEFEFEFEFEFE27FE075C
:104CB00003BC80FE85B5B6ABABA5A5A1A19FA99805
:104CC000989087FEFE7DC7FA2D4E40FEFEFEFEFE4A
:104CD000FEFE2715077883FE9293BFB3B3ACA6A65A
:104CE000A6ABABB5B625FE28FE240B0426FEFEFEC1
:104CF000FEFEFEFEFEFEFE230379718180FEBDB541
:104D0000B1ACACA6A6ABABB28C29292AFE14D11348
:104D1000FEFEFEFEFEFEFEFEFEFEFEFE15736F486C
:104D200048FE818CB6A8A8ABA9B1A487FEFEFECF31
:104D3000CA4F0747FEFEFEFEFEFEFEFEFEFE2B27CE
:104D4000FE6E6B5C478181FEA2AAA8AA9FB38D87E5
:104D5000FEFE2A2B0C491927FEFEFEFEFEFEFEFE7D
:104D6000FEFEFE2AFE2C3235396262FEFE8CA7AFB3
:104D7000AF9E85FEFEFE24CC03122AFE29FEFEFE17
:104D8000FEFEFEFEFEFEFEFE2A40383C3D5C67FE57
:104D9000FEFEA2B0AD87FEFEFE260E010FFEFEFE59
:104DA000FEFEFEFEFEFEFEFEFEFEFEFE2BEFFC3EC7
:104DB000435D5B6767FEFE7FFE70FE56440407108E
:104DC000FEFEFEFEFEFEFEFEFEFEFEFEFEFEFEFE03
:104DD000FEEFEF42415B61616892FEBEC57D645BA0
:104DE0005705122B2A2BFEFEFEFEFEFEFEFEFEFEE9
:104DF000FEFEFEFEFEFEEF7D99626A5F602FFCEF15
:104E0000F02D36545519FEFEFE2BFEFEFEFEFEFE74
:104E1000FEFEFEFEFEFEFEFEFEFEFEFE7D69675EFF
:104E2000632F39F8FC34315356FE2A27FEFEFEFE6E
:104E3000FEFEFEFEFEFEFEFEFEFEFEFEFEFEFEFE92
:104E4000C680807FB79C9AC66404CCFECFFE28FE45
:104E50002AFEFEFEFEFEFEFEFEFEFEFEFEFEFEFE46
:104E6000FEFEFEFE7D809BB8779CC1FECF7B0211CB
:104E70002727FEFE29FEFEFEFEFEFEFEFEFEFEFED5
:104E8000FEFEFEFEFEFEFEFEFEE3E0B4B984FEFE84
:104E9000FE82B4D9D518FE47FE2BFEFEFEFEFEFEB6
:104EA000FEFEFEFEFEFEFEFEFEFEFEFE5CDBE214ED
:104EB000BCFEFE86FEFE96D8DA04CCFE47FEFEFE61
:104EC000FEFEFEFEFEFEFEFEFEFEFEFEFEFE483B7B
:104ED0003AEDEC80FEFE86918AFEFEEFE10AD607EF
:104EE000FEFE27FEFEFEFEFEFEFEFEFEFEFEFEFEB9
:104EF000FE565A373CEBF0C5FE868E788878FEFE6B
:104F0000FEFE0F04462BFEFEFEFEFEFEFEFEFEFE35
:104F10002BFEFEFEFE7ACC7BC1997FFEFE76175CEF
:104F2000158482FEFE2B29114A1229FEFEFEFEFE8A
:104F3000FEFEFE292BFEFEFE2B12D1CAFEFEFEFE59
:104F4000FEFEFEFEFEFEFEFEFEFEFE2752D17C2B86
:104F500029FEFEFEFEFEFE2AFEFE2AFE1B0DB8FE08
:104F6000FEFED2FEFEFEFEFEFEFEFEFEFEFEFEFE8D
:104F70001B03E62BFEFEFEFEFEFEFEFEFEFEFE27F1
:104F800008D71FD0FEFEFE7D7D7DFE7F7D7D7D7D71
:104F9000FEFEFEFE2ACC051BFEFEFEFEFEFEFE2AE7
:104FA000282AFE22D1CCEF2BFEFEFEFEFEFEFEFEE8
:104FB000FEFEFEFEFEFEFEFE2B5C0C112AFEFEFE39
:104FC000FEFE29FEFEFE271704CA2BFEFEFEFEFE95
:104FD000FEFEFEFEFEFEFEFEFEFEFE2BFE2A007B19
:104FE000FEFEFEFEFEFE27FEFEFE25D4052C2BFE59
:104FF000FEFEFEFEFEFEFEFEFEFEFEFEFEFEFEFED1
:1050000029FE0E0423FEFEFEFEFE2AFE27FEFE06FD
:1050100008F1FEFEFEFEFEFEFEFEFEFEFEFEFEFEB3
:10502000FEFEFEFEFE2912021DFEFEFEFEFEFE2A12
:105030002928FE0405EFEFFEFEFEFEFEFEFEFEFE4C
:10504000FEFEFEFEFEFE2AFE2AFE1602CAFE25FE19
:10505000FEFEFEFE291A180308F2F2F4F3E5E4F36B
:10506000E5EEEEE5E5CBCBE5741C1ACAF2191203A6
:1050700016191C29FEFE2BFE094A0E7B7BE7E7E88A
:10508000E9E9F9E8E8D6D6E7D5D6D5D6D6070308B4
:105090007B7B0703D306071829FEFE1E08020806BD
:1050A00009E6E6E6E6E6E6E6E6D3D3D3D3D3D3D302
:1050B000D37B0A097B080A0D090B00152AFEFEFEA8
:1050C00002030A059CC4C4C4C4C4C4C4C4D5D5D591
:1050D000D5D5D5D5D50309049C0403050201091BC8
:1050E000FEFEFE29FE22651F20C1C1C1C1C1C1C192
:1050F000C1CDCDCDCDCDCECE237A231F1F232120F0
:10510000221F22FEFEFEFEFE292AFEFEFE7D7D7D82
:105110007D7D7DFE7D7DD0D0D07DD02B2BFEFEFE13
:10512000FE2B2A2829FE2A2B2AFE00000000000060
:10513000000054525545564953494F4E2D58464943
:105140004C452E0000010100000001180000000085
:1051500040004000080800000000000000000000BF
:10516000000000000000000000000000000000003F
:1051700000000000000000FFFFFF01010102020229
:1051800003030304040405050506060607070708CC
:1051900008080909090A0A0A0C0C0C0D0D0D0E0E5F
:1051A0000E0F0F0F111111121212131313141414E6
:1051B0001515151818181C1C1C1E1E1E1F1F1F203D
:1051C00020202222222323232424242525252727A7
:1051D000272828282A2A2A2B2B2B2C2C2C2D2D2D26
:1051E0002E2E2E2F2F2F30303031313132323233BC
:1051F0003333343434353535363636373737383857
:10520000383939393A3A3A3B3B3B3C3C3C3D3D3DF1
:105210003E3E3E3F3F3F404040414141424242438B
:105220004343444444454545464646474747484826
:10523000484949494A4A4A4B4B4B4C4C4C4D4D4DC1
:105240004E4E4E4F4F4F505050515151525252535B
:1052500053535454545555555656565757575858F6
:10526000585959595A5A5A5B5B5B5C5C5C5D5D5D91
:105270005E5E5E5F5F5F606060616161626262632B
:1052800063636464646565656666666767676868C6
:10529000686969696A6A6A6B6B6B6C6C6C6D6D6D61
:1052A0006E6E6E6F6F6F70707071717172727273FB
:1052B0007373747474757575767676777777787896
:1052C000787979797A7A7A7B7B7B7C7C7C7D7D7D31
:1052D0007E7E7E7F7F7F80808081818182828283CB
:1052E0008383848484858585868686878787888866
:1052F000888989898A8A8A8B8B8B8C8C8C8D8D8D01
:105300008E8E8E8F8F8F909090919191929292939A
:105310009393949494959595969696979797989835
:10532000989999999B9B9B9C9C9C9D9D9D9E9E9EC4
:105330009F9F9FA0A0A0A1A1A1A2A2A2A3A3A3A45A
:10534000A4A4A5A5A5A6A6A6A7A7A7A8A8A8A9A9F5
:10535000A9AAAAAAABABABACACACADADADAEAEAE90
:10536000AFAFAFB0B0B0B1B1B1B2B2B2B3B3B3B42A
:10537000B4B4B5B5B5B6B6B6B7B7B7B8B8B8B9B9C5
:10538000B9BABABABBBBBBBCBCBCBDBDBDBEBEBE60
:10539000BFBFBFC0C0C0C1C1C1C2C2C2C3C3C3C4FA
:1053A000C4C4C5C5C5C6C6C6C7C7C7C8C8C8C9C995
:1053B000C9CACACACBCBCBCCCCCCCDCDCDCECECE30
:1053C000CFCFCFD0D0D0D1D1D1D2D2D2D3D3D3D4CA
:1053D000D4D4D5D5D5D6D6D6D7D7D7D8D8D8D9D965
:1053E000D9DADADADBDBDBDCDCDCDDDDDDDEDEDE00
:1053F000DFDFDFE0E0E0E1E1E1E2E2E2E3E3E3E49A
:10540000E4E4E5E5E5E6E6E6E7E7E7E8E8E8E9E934
:10541000E9EAEAEAEBEBEBECECECEDEDEDEEEEEECF
:10542000EFEFEFF0F0F0F1F1F1F2F2F2F3F3F3F469
:10543000F4F4F5F5F5F6F6F6F7F7F7F8F8F8F9F904
:10544000F9FAFAFAFBFBFBFCFCFCFDFDFDFEFEFE9F
:10545000FFFFFF000000FFFFFFFFFFFFFFFFFFFF59
:10546000FFFFFFFFFFFFFFFFFFFFFFFFFFFFFFFF4C
:10547000FFFFFFFFFFFFFFFFFFFFFFFFFFFFFFFF3C
:10548000FFFFFFFFFFFFFFFFFFFFFFFFFFFFFFFF2C
:10549000FFFFFFFFFFFFFFFFFFFFFFFFFFFFFFFF1C
:1054A000FFFFFFFFFFFFFFFFFFFFFFFFFFFFFFFF0C
:1054B000FFFFFFFFFFFFFFFFFFFFFFFFFFFFFFFFFC
:1054C000FFFFFFFFFFFFFFFFFFFFFFFFFFFFFFFFEC
:1054D000FFFFFFFFFFFFFFFFFFFFFFFFFFFFFFFFDC
:1054E000FFFFFFFFFFFFFFFFFFFFFFFFFFFFFFFFCC
:1054F000FFFFFFFFFFFFFFFFFFFFFFFFFFFFFFFFBC
:10550000FFFFFFFFFFFFFFFFFFFFFFFFFFFFFFFFAB
:10551000FFFFFFFFFFFFFFFFFFFFFFFFFFFFFFFF9B
:10552000FFFFFFFFFFFFFFFFFFFFFFFFFFFFFFFF8B
:10553000FFFFFFFFFFFFFFFFFFFFFFFFFFFFFFFF7B
:10554000FFFFFFFFFFFFFFFFFFFFFFFFFFFFFFFF6B
:10555000FFFFFFFFFFFFFFFFFFFFFFFFFFFFFFFF5B
:10556000FFFFFFFFFFFFFFFFFFFFFFFFFFFFFFFF4B
:10557000FFFFFFFFFFFFFFFFFFFFFFFFFFFFFFFF3B
:10558000FFFFFFFFFFFFFFFFFFFFFFFFFFFFFFFF2B
:10559000FFFFFFFFFFFFFFFFFFFFFFFFFFFFFFFF1B
:1055A000FFFFFFFFFFFFFFFFFFFFFFFFFFFFFFFF0B
:1055B000FFFFFF0F1219222921160CFFFFFFFFFF2B
:1055C000FFFFFFFFFFFFFFFFFFFFFFFFFFFFFFFFEB
:1055D000FFFFFFFFFFFFFFFFFFFFFFFFFFFFFFFFDB
:1055E000FFFFFFFFFFFFFFFFFFFFFFFFFFFF101B9E
:1055F00026303A737A94BDD5D4CBC3AE67290DFF5C
:10560000FFFFFFFFFFFFFFFFFFFFFFFFFFFFFFFFAA
:10561000FFFFFFFFFFFFFFFFFFFFFFFFFFFFFFFF9A
:10562000FFFFFFFFFFFFFFFFFFFFFF0D1C2835708F
:1056300075797E82879DC3DADDDBDAD9D9D7C5805B
:1056400023FFFFFFFFFFFFFFFFFFFFFFFFFFFFFF46
:10565000FFFFFFFFFFFFFFFFFFFFFFFFFFFFFFFF5A
:10566000FFFFFFFFFFFFFFFFFF0F1D27686F778022
:10567000878D93979BAFD2E6E8E7E6E3E0DDDADAE1
:10568000D4B433FFFFFFFFFFFFFFFFFFFFFFFFFF6C
:10569000FFFFFFFFFFFFFFFFFFFFFFFFFFFFFFFF1A
:1056A000FFFFFFFFFFFFFF0C1B235E6877848D96D3
:1056B0009CA2A7AAAFC0DFF1F3F1F0EEECE9E5E0C0
:1056C000DBD7D6B121FFFFFFFFFFFFFFFFFFFFFF8B
:1056D000FFFFFFFFFFFFFFFFFFFFFFFFFFFFFFFFDA
:1056E000FFFFFFFFFFFF14205B66727E8997A0A774
:1056F000ADB1B5B8BCCBE7F7F9F9F8F6F4F2EFECD9
:10570000E7E1DAD7D26FFFFFFFFFFFFFFFFFFFFFE9
:10571000FFFFFFFFFFFFFFFFFFFFFFFFFFFFFFFF99
:10572000FFFFFFFFFF1A215E6C7A86929AA2ABB050
:10573000B4B6BABBBECDEAFBFCFCFCFBFAF9F7F44D
:10574000F0ECE6DFD8D7B518FFFFFFFFFFFFFFFF44
:10575000FFFFFFFFFFFFFFFFFFFFFFFFFFFFFFFF59
:10576000FFFFFFFF1B2160707F8C969DA3A5A8AC57
:10577000AFB1B2B3B6C9E8FBFDFDFDFDFCFCFAF824
:10578000F6F2EEE8E2DAD6C723FFFFFFFFFFFFFFE6
:10579000FFFFFFFFFFFFFFFFFFFFFFFFFFFFFFFF19
:1057A000FFFF0C1B536272818D969A9D9F9F9E9E58
:1057B0009EA0A2A3A6BBE3FBFDFDFDFDFCFCFCFB44
:1057C000FAF7F4F0E9E3DBD5CC2AFFFFFFFFFFFF98
:1057D000FFFFFFFFFFFFFFFFFFFFFFFFFFFFFFFFD9
:1057E000FFFF1B506171808B9395969695949392D1
:1057F0009292939396AEDEF9FDFCFCFDFCFCFCFC62
:10580000FBFAF8F6F1EAE3DBD4CC25FFFFFFFFFF5C
:10581000FFFFFFFFFFFFFFFFFFFFFFFFFFFFFFFF98
:10582000FF164B5C6D7C868C8E8D8C8A8887888871
:105830008A8B8D8E91ABDBF9FDFCFCFCFCFCFCFC47
:10584000FBFBFAF8F6F2EBE3DAD3C71BFFFFFFFF2F
:10585000FFFFFFFFFFFFFFFFFFFFFFFFFFFFFFFF58
:10586000131952657580848684827F7E7F8082844E
:1058700086888B8C90AADBF9FDFCFCFCFCFCFBFB16
:10588000FAF9F8F7F6F3EFEAE2D8D2B70CFFFFFF28
:10589000FFFFFFFFFFFFFFFFFFFFFFFFFFFFFF0F08
:1058A000174B5B69747A7C7C797777787A7E808312
:1058B00086898B8B8DA6D9F8FCFBFBFBFBFBFBFAE7
:1058C000F9F9F8F7F5F3EFEAE4DCD4D17CFFFFFF58
:1058D000FFFFFFFFFFFFFFFFFFFFFFFFFFFFFF15C2
:1058E0004453616B6F6F6E6C6C6E7174787C7E80EC
:1058F0008284848587A3D8F8FCFBFBFBFBFBFBFBC6
:10590000F9F9F8F7F6F4F2EDE8DED4CDCD2AFFFF91
:10591000FFFFFFFFFFFFFFFFFFFFFFFFFFFF11166E
:105920004A586368696764616264686C7074787B04
:105930007F8284868AA6D9F8FCFBFBFBFBFBFBFB82
:10594000FAF9F8F6F5F4F2EFECE4D9CCC8B6FFFFBB
:10595000FFFFFFFFFFFFFFFFFFFFFFFFFFFF134002
:105960004E596062615E5D5E6164686C7175797DDF
:10597000818487898DA7DAF8FCFBFBFBFBFBFBFB33
:10598000FBF9F8F6F5F4F3F1EDE8E0D3C5C648FF0E
:10599000FFFFFFFFFFFFFFFFFFFFFFFFFF0F37448A
:1059A0004F585B5B5958595C6065696E72777B7FB5
:1059B0008285888B8EA9DAF8FCFBFBFBFBFBFBFBEB
:1059C000FBFAF8F7F5F4F2F1EEEAE4D9CCBFB1FF57
:1059D000FFFFFFFFFFFFFFFFFFFFFFFFFF113A4445
:1059E0004E5356565455585C60656A6E73777B7F8C
:1059F0008386898B8FA9DAF8FCFBFBFBFBFBFBFBA7
:105A0000FBFAF8F7F4F3F2F0EEEBE6DDD2C3BF30C9
:105A1000FFFFFFFFFFFFFFFFFFFFFFFF0E113A43F6
:105A20004B4F50515153575B60656A6E73777B7F64
:105A30008386898B8FA9DAF8FCFBFBFBFBFBFBFB66
:105A4000FBFAF8F7F4F3F1EFEEEBE7E0D6C9BD852A
:105A5000FFFFFFFFFFFFFFFFFFFFFFFF0F323A4295
:105A6000484C4C4D4F53575B60656A6E73777B7F34
:105A70008386898B8FA9DAF8FCFBFBFBFBFBFBFB26
:105A8000FBFAF8F7F5F3F1EEEEEBE8E2D9CDBFB4AF
:105A900015FFFFFFFFFFFFFFFFFFFFFF0F32394042
:105AA0004447494A4E52565B6064696E72767A7E0C
:105AB0008285888A8DA9DAF8FCFBFBFBFBFBFBFBEC
:105AC000FBFAF8F7F5F3F0EEEDEBE8E2DBCFC2BC62
:105AD00035FFFFFFFFFFFFFFFFFFFF0D0F32383DD8
:105AE0004144464A4D51565B5F63686D7175797DDF
:105AF000808486898CA7DAF8FCFBFBFBFBFBFBFBB5
:105B0000FBF9F8F6F5F2F0EEEBEAE7E3DCD2C5BA22
:105B100072FFFFFFFFFFFFFFFFFFFF0E2D32373B3E
:105B20003F4245484C5155595E63676B6F74787CB2
:105B30007F82848689A4D8F8FCFBFBFBFBFBFBFB84
:105B4000FAF9F8F6F4F2EFECEBE9E7E3DCD3C8BBE3
:105B500099FFFFFFFFFFFFFFFFFFFF0F2D31353ADA
:105B60003E4044474B4F54585C60656A6E7276798C
:105B70007C7F828387A3D8F8FCFBFBFBFBFBFBFB52
:105B8000FAF8F7F5F3F1EFECEAE8E5E2DCD4C9BCAA
:105B9000AE15FFFFFFFFFFFFFFFFFF0F2E31343871
:105BA0003C3F42464A4E52575B5F64686C6F737667
:105BB0007A7C7F8084A1D7F8FCFBFBFBFBFBFBFA24
:105BC000F8F8F6F4F3F0EEECE8E7E5E2DCD4C9BD72
:105BD000B820FFFFFFFFFFFFFFFFFF0F2E3134371D
:105BE0003B3E4145494D5155595D6165696D707444
:105BF00077797C7D809ED6F8FCFBFBFBFBFBFBF9F9
:105C0000F8F7F5F3F2EFEDEBE8E6E3E0DCD4CABE3B
:105C1000B82FFFFFFFFFFFFFFFFFFF0F2E313337CE
:105C20003A3D4044474B4F53575B5F62666A6E7123
:105C3000737678797C9BD5F8FCFBFBFBFBFAF9F8D3
:105C4000F7F5F4F2F0EEECE9E7E4E1DFDBD3CABE0E
:105C5000B73BFFFFFFFFFFFFFFFFFF0F2E31333684
:105C6000393C3E4146494D5155585C6064676A6D08
:105C7000707274757899D4F7FCFBFBFBFAF9F8F7AE
:105C8000F5F4F3F1EFEDEAE8E6E3E1DED9D3CABEDD
:105C9000B642FFFFFFFFFFFFFFFFFF2D2E31323522
:105CA000383A3D4044474B4E5256595D60646769EF
:105CB0006C6E70717496D3F6FBFBFAF9F9F8F7F590
:105CC000F4F3F1EFEEEBE9E7E4E2DFDDD8D2C9BDB2
:105CD000B545FFFFFFFFFFFFFFFFFF0F2E313234FF
:105CE00037393C3F4245484C4F5356595D606365D8
:105CF000686A6C6D7092D1F5FAF9F8F8F7F6F5F379
:105D0000F3F1F0EEECEAE8E5E3E1DEDCD7D0C7BC86
:105D1000B53FFFFFFFFFFFFFFFFFFF0F2E313233C5
:105D200035383A3D404346494D5053575A5C5F62BF
:105D3000646668686B8ECEF4F9F7F7F6F5F5F4F261
:105D4000F1EFEEECEBE8E6E3E2DFDDDAD6CFC6BA60
:105D5000B335FFFFFFFFFFFFFFFFFF0F2E31323391
:105D60003436383B3D4044464A4D505356585B5EAE
:105D700060626364678ACCF2F7F6F5F5F4F3F2F14A
:105D8000EFEDECEBE9E7E5E2DFDEDBD8D4CDC4B83C
:105D9000B326FFFFFFFFFFFFFFFFFF0F2E30313362
:105DA0003334373A3C3F4144474A4D4F5255575A96
:105DB0005C5D5F5F6286C9F0F5F4F3F3F1F1F0EF3B
:105DC000EDECEAE9E7E5E3E1DEDBD9D7D1CBC1B61B
:105DD000AF1CFFFFFFFFFFFFFFFFFF0F2D30313331
:105DE000333335383A3C3E414446494C4E51535684
:105DF00057595A5A5E82C6EEF2F1F1F0EFEFEEEC2F
:105E0000EAEAE7E6E5E2E0DFDDDAD8D5D0C9BFB3FC
:105E10009510FFFFFFFFFFFFFFFFFF0E2D30313218
:105E200033333436373B3E404245474A4C4F51525C
:105E3000545557575A7FC4EBF0EEEFEDEDEDEBE91B
:105E4000E9E7E6E4E2E1DFDCDAD9D6D2CDC5BBB0E2
:105E500080FFFFFFFFFFFFFFFFFFFF0C0F2F31321F
:105E600033333334383F41434547494B4E4F525308
:105E7000545556575A7EC1E9EEEDEDECEBEBE9E8EF
:105E8000E7E5E4E2E1DFDDDBD8D6D4D0CAC2B7AFC4
:105E90004EFFFFFFFFFFFFFFFFFFFFFF0F2D303221
:105EA0003333323640434546484A4C4E50515354A2
:105EB000565758585B7EC1E8ECEBEAEAE9E8E8E6B9
:105EC000E5E4E3E1E0DEDDDBD8D4D1CEC7BEB3AE9E
:105ED00020FFFFFFFFFFFFFFFFFFFFFF0F2D303110
:105EE0003233344348484A4C4D4E5052535556571E
:105EF000595A5B5B5E80C1E6EAE9E9E8E8E7E6E576
:105F0000E4E3E1E0DFDDDBDAD9D3CFCBC3BAAF8D99
:105F10000CFFFFFFFFFFFFFFFFFFFFFF0C0F2E3106
:105F200032313D504F4F50525354555759595B5C85
:105F30005D5E5F5F6183C1E5E9E8E8E7E6E6E5E429
:105F4000E3E2E0DFDEDDDBDAD9D4CCC6BEB3AD4EB2
:105F5000FFFFFFFFFFFFFFFFFFFFFFFFFF0F2D30E2
:105F600031324E5A585858595A5B5C5D5E606161D7
:105F7000636363636686C1E4E8E7E6E6E5E4E4E3D9
:105F8000E2E1E0DFDEDCDBDAD8D6CBC1B9AE9D18CA
:105F9000FFFFFFFFFFFFFFFFFFFFFFFFFF0D0F2FC3
:105FA00030365E626262626262636464666667681B
:105FB00068696A696C8AC3E3E6E5E5E5E5E4E3E27E
:105FC000E2E1E0DFDEDCDBDAD8D6CBBCB2AC61FFED
:105FD000FFFFFFFFFFFFFFFFFFFFFFFFFFFF0F2D93
:105FE0002D3D6B6C6C6C6C6C6C6C6C6D6E6F6F7053
:105FF00070717171738FC4E3E6E5E5E4E4E3E3E215
:10600000E2E0E0DFDEDDDCDAD8D6CBB7AC9C19FF0E
:10601000FFFFFFFFFFFFFFFFFFFFFFFFFFFF0C0F73
:106020002B3F757776777777777777767777777887
:10603000797979797B95C8E3E6E5E5E4E4E3E3E2A1
:10604000E2E1E0E0DFDEDDDBD9D6C9AFAA50FFFF39
:10605000FFFFFFFFFFFFFFFFFFFFFFFFFFFFFF0F40
:106060000E3A7D82818181818181818181818181DD
:1060700082828282849BCAE3E6E5E5E5E5E4E4E426
:10608000E3E3E1E1E0DFDEDCD9D6C5A8880DFFFF60
:10609000FFFFFFFFFFFFFFFFFFFFFFFFFFFFFFFF10
:1060A0000F2F7B8E8C8C8C8C8C8C8C8C8C8C8C8C19
:1060B0008C8C8C8C8DA2CCE4E6E6E6E5E5E5E5E4A7
:1060C000E4E3E3E2E1E0DFDCD8D6BA9821FFFFFFAA
:1060D000FFFFFFFFFFFFFFFFFFFFFFFFFFFFFFFFD0
:1060E000FF0D639B96969797979797979797979794
:1060F0009797979798AAD0E5E7E7E7E6E6E6E6E51B
:10610000E5E4E4E3E2E1DFDCD9D3AD40FFFFFFFFEC
:10611000FFFFFFFFFFFFFFFFFFFFFFFFFFFFFFFF8F
:10612000FFFF1598A29FA0A1A1A1A1A1A1A1A1A13A
:10613000A1A1A1A1A2B3D4E7E8E8E8E8E7E7E7E78F
:10614000E7E6E6E4E4E2DFDCDCC554FFFFFFFFFF47
:10615000FFFFFFFFFFFFFFFFFFFFFFFFFFFFFFFF4F
:10616000FFFFFF2CB0ABAAABABABABABABABABABFE
:10617000ABABABABACBBD8E8E9E9E9E9EAE9E9E903
:10618000E8E8E7E6E4E2E0DFD86EFFFFFFFFFFFFAD
:10619000FFFFFFFFFFFFFFFFFFFFFFFFFFFFFFFF0F
:1061A000FFFFFF0C54BCB5B4B5B5B5B6B6B6B6B6C0
:1061B000B6B6B6B6B6C3DCEBECECECECEBEBEBEA6C
:1061C000E9E9E8E7E5E2E3E379FFFFFFFFFFFFFF2F
:1061D000FFFFFFFFFFFFFFFFFFFFFFFFFFFFFFFFCF
:1061E000FFFFFFFF0C61C6C1BEBFBFBFC0C0C0C0C4
:1061F000C0C0C0C0C0CBE0EDEEEEEDEDEDECECEBE1
:10620000EBEAE9E7E5E8E66AFFFFFFFFFFFFFFFFD4
:10621000FFFFFFFFFFFFFFFFFFFFFFFFFFFFFFFF8E
:10622000FFFFFFFFFFFF48C8CFC8C8C8C8C8C8C81D
:10623000C9C9C9C9C9D3E4EFEFEFEFEFEEEEEDED59
:10624000ECEAE9E9F0DD38FFFFFFFFFFFFFFFFFFAA
:10625000FFFFFFFFFFFFFFFFFFFFFFFFFFFFFFFF4E
:10626000FFFFFFFFFFFFFF1FADD9D7D2D1D1D1D1A3
:10627000D1D1D1D1D2D9E8F0F0F0F0F0EFEFEEEDDE
:10628000EDEDF2F0B316FFFFFFFFFFFFFFFFFFFF93
:10629000FFFFFFFFFFFFFFFFFFFFFFFFFFFFFFFF0E
:1062A000FFFFFFFFFFFFFFFFFF38BADEE2DCD9D8B8
:1062B000D8D9D9D9D9DFEBF1F2F1F1F0F0F0F0F261
:1062C000F6F3C933FFFFFFFFFFFFFFFFFFFFFFFFF5
:1062D000FFFFFFFFFFFFFFFFFFFFFFFFFFFFFFFFCE
:1062E000FFFFFFFFFFFFFFFFFFFFFF2A8DD0E4EB63
:1062F000E8E5E3E2E2E6EFF3F3F3F4F5F8F8F6E7C6
:10630000B931FFFFFFFFFFFFFFFFFFFFFFFFFFFFB1
:10631000FFFFFFFFFFFFFFFFFFFFFFFFFFFFFFFF8D
:10632000FFFFFFFFFFFFFFFFFFFFFFFFFF0F2A6BD6
:10633000ADCBDDE2E5EBF2F6F5F5F3E9D4B75A1BA8
:10634000FFFFFFFFFFFFFFFFFFFFFFFFFFFFFFFF5D
:10635000FFFFFFFFFFFFFFFFFFFFFFFFFFFFFFFF4D
:10636000FFFFFFFFFFFFFFFFFFFFFFFFFFFFFFFF3D
:10637000FF0C131E24407D9D91683D2211FFFFFFFD
:10638000FFFFFFFFFFFFFFFFFFFFFFFFFFFFFFFF1D
:10639000FFFFFFFFFFFFFFFFFFFFFFFFFFFFFFFF0D
:1063A000FFFFFFFFFFFFFFFFFFFFFFFFFFFFFFFFFD
:1063B000FFFFFFFFFFFFFFFFFFFFFFFFFFFFFFFFED
:1063C000FFFFFFFFFFFFFFFFFFFFFFFFFFFFFFFFDD
:1063D000FFFFFFFFFFFFFFFFFFFFFFFFFFFFFFFFCD
:1063E000FFFFFFFFFFFFFFFFFFFFFFFFFFFFFFFFBD
:1063F000FFFFFFFFFFFFFFFFFFFFFFFFFFFFFFFFAD
:10640000FFFFFFFFFFFFFFFFFFFFFFFFFFFFFFFF9C
:10641000FFFFFFFFFFFFFFFFFFFFFFFFFFFFFFFF8C
:10642000FFFFFFFFFFFFFFFFFFFFFFFFFFFFFFFF7C
:10643000FFFFFFFFFFFFFFFFFFFFFFFFFFFFFFFF6C
:10644000FFFFFFFFFFFFFFFFFFFFFFFFFFFFFFFF5C
:10645000FFFFFFFFFFFF000000000000000054529C
:106460005545564953494F4E2D5846494C452E00E7
:106470000001010000000118000000002C00400095
:1064800008080000000000000000000000000000FC
:1064900000000000000000000000000000000000FC
:1064A00000000000000000000000000000000000EC
:1064B00000000000000000000000000000000000DC
:1064C00000000000000000000000000000000000CC
:1064D00000000000000000000000000000000000BC
:1064E00000000000000000000000000000000000AC
:1064F000000000000000000000000000000000009C
:10650000000000000000000000000000000000008B
:10651000000000000000000000000000000000007B
:10652000000000000000000000000000000000006B
:10653000000000000000000000000000000000005B
:10654000000000000000000000000000000000004B
:10655000000000000000000000000000000000003B
:10656000000000000000000000000000000000002B
:10657000000000000000000000000000000000001B
:10658000000000000000000000000000000000000B
:1065900000000000000000000000000000000000FB
:1065A00000000000000000000000000000000000EB
:1065B00000000000000000000000000000000000DB
:1065C00000000000000000000000000000000000CB
:1065D00000000000000000000000000000000000BB
:1065E00000000000000000000000000000000000AB
:1065F000000000000000000000000000000000009B
:10660000000000000000000000000000000000008A
:10661000000000000000000000000000000000007A
:10662000000000000000000000000000000000006A
:10663000000000000000000000000000000000005A
:10664000000000000000000000000000000000004A
:10665000000000000000000000000000000000003A
:106660000000000000E0E0E8E0E0F8D0D0F8000032
:106670000800001000001800002000002800003072
:106680000000380000400000480000500000680092
:1066900000C00000C80810C00008B00008B800081A
:1066A000C00008C80008D00008D80008E06870E002
:1066B0006068D85860D05058D84850C84048B8385A
:1066C00040B04048C83840C83840D02830C00008E2
:1066D000800008880008900008980008A00008A81A
:1066E0000010E898A0F07880D07880D88088E8788A
:1066F00080E06068C06870D86068D01828C8102032
:10670000C80818B80818C00818C800085800086059
:106710000008700010B00010B80010C00010C800D1
:1067200010D00010D80010E0B0B8F8A0A8F0485879
:10673000D83040C03040D02838C82030B82030C8C9
:106740001828C01020B80008500010A00010A800A1
:1067500018E00018E80018F00018F8B8C0F86878D9
:10676000E06070D84858C84858D08090E87888E0F1
:10677000C8D0F8D0D8F8F0F8F800F8F8FFFFFF001C
:106780000000FFFFFFFFFFFFFFFFFFFFFFFFFFFF17
:10679000FFA9D8FFFFFFFFFFFFFFFFFFFFFFFFFF86
:1067A000FFFFFFFFFFFFFFFFFFFFFFFFFFFFFFFFF9
:1067B000FFFFFFFFFFFFFFFFFFFFFFFFA6DCDFACD8
:1067C000FFFFFFFFFFFFFFFFFFFFFFFFFFFFFFFFD9
:1067D000FFFFFFFFFFFFFFFFFFFFFFFFFFFFFFFFC9
:1067E000FFFFFFFFFFFFFFA4C8DFDEDDA8FFFFFF05
:1067F000FFFFFFFFFFFFFFFFFFFFFFFFFFFFFFFFA9
:10680000FFFFFFFFFFFFFFFFFFFFFFFFFFFFFFFF98
:10681000FFFFFFC4E0DDDEDFEEA6FFFFFFFFFFFFAF
:10682000FFFFFFFFFFFFFFFFFFFFFFFFFFFFFFFF78
:10683000FFFFFFFFFFFFFFFFFFFFFFFFFFFFD9E0AD
:10684000D6DEDEDFDFC5A4FFFFFFFFFFFFFFFFFF98
:10685000FFFFFFFFFFFFFFFFFFFFFFFFFFFFFFFF48
:10686000FFFFFFFFFFFFFFFFFFABDFD6D3DEDEDE64
:10687000DFDFDAFFFFFFFFFFFFFFFFFFFFFFFFFF8D
:10688000FFFFFFFFFFFFFFFFFFFFFFFFFFFFFFFF18
:10689000FFFFFFFFA7DED7E7D3DDDEDEDFE0DEAD03
:1068A000FFFFFFFFFFFFFFFFFFFFFFFFFFFFFFFFF8
:1068B000FFFFFFFFFFFFFFFFFFFFFFFFFFFFFFA443
:1068C000DBDEC1C2D3DDDEDEDFE0E0DCA9FFFFFFFF
:1068D000FFFFFFFFFFFFFFFFFFFFFFFFFFFFFFFFC8
:1068E000FFFFFFFFFFFFFFFFFFFFFFC5E0E5BCE687
:1068F000D3DDDEDEDFE0E1E1C8A5FFFFFFFFFFFF44
:10690000FFFFFFFFFFFFFFFFFFFFFFFFFFFFFFFF97
:10691000FFFFFFFFFFFFD9B7C3D1E4E6D3DDDEDE23
:10692000DFE0E0E1E0C4A4FFFFFFFFFFFFFFFFFFA8
:10693000FFFFFFFFFFFFFFFFFFFFFFFFFFFFFFFF67
:10694000FFECE1EACFB9E4E6D3DDDEDEDFE0E0E153
:10695000F0DFDAFFFFFFFFFFFFFFFFFFFFFFFFFF9B
:10696000FFFFFFFFFFFFFFFFFFFFFFFFA9E0D5CD08
:10697000F8F5E4E6D3DDDEDEDFE0E0E1F0F0DEAD09
:10698000FFFFFFFFFFFFFFFFFFFFFFFFFFFFFFFF17
:10699000FFFFFFFFFFFFFFA5DEB1CDE3F9F5E4E662
:1069A000D3DDDEDEDFE0E0E1EFF0F1DCAAFFFFFFA8
:1069B000FFFFFFFFFFFFFFFFFFFFFFFFFFFFFFFFE7
:1069C000FFFFFFEEB6CCF3CBF9F5E4E6D3DDDEDE78
:1069D000DFE0E0E1EFF0F1F1C9A7FFFFFFFFFFFF0C
:1069E000FFFFFFFFFFFFFFFFFFFFFFFFFFFFC5B739
:1069F000D0A3E2CBF9F5E4E6D3DDDEDEDFE0E0E1D3
:106A0000EFF0F1F2F0C5A5FFFFFFFFFFFFFFFFFF73
:106A1000FFFFFFFFFFFFFFFFFFD8B8BEA2FAE2CBE8
:106A2000F9F5E4E6D3DDDEDEDFE0E0E1EFF0F1F101
:106A3000F2E1DAFFFFFFFFFFFFFFFFFFFFFFFFFFB6
:106A4000FFFFFFFFA8E0E8A1FCFBF3E3CEF5E4E6DF
:106A5000D3DDDEDEDFE0E0E1EFF0F1F1F2F2DEAC1B
:106A6000FFFFFFFFFFFFFFFFFFFFFFFFFFFFFFA590
:106A7000DEB5BFCCD2BBF7C0BAB9E4E6D3DDDEDE0B
:106A8000DFE0E0E1EFF0F1F1F2F2F2B2AAFFFFFF96
:106A9000FFFFFFFFFFFFFFFFFFFFFFECF1DFDFB0B6
:106AA000B0B4B6AFBDF4E4E6D3DDDEDEDFE0E0E1B6
:106AB000E1DBC7C7C6C6C6C5AEFFFFFFFFFFFFFFCE
:106AC000FFFFFFFFFFFFFFFFA4A4A4A4A4FFD8DFE4
:106AD000BDF4E4E6D3DDDEDEDFE0E0E1CAC6A4FF1C
:106AE000FFFFFFFFFFFFFFFFFFFFFFFFFFFFFFFFB6
:106AF000FFFFFFFFFFFFFFFFFFFFADDFBDF4E4E699
:106B0000D3DDDEDEDFE0E0E1CAC6FFFFFFFFFFFF0F
:106B1000FFFFFFFFFFFFFFFFFFFFFFFFFFFFFFFF85
:106B2000FFFFFFFFFFFFADDFBDF4E4E6D3DDDEDEF8
:106B3000DFE0E0E1CAC6FFFFFFFFFFFFFFFFFFFF4F
:106B4000FFFFFFFFFFFFFFFFFFFFFFFFFFFFFFFF55
:106B5000FFFFADDFBDF4E4E6D3DDDEDEDFE0E0E144
:106B6000CAC6FFFFFFFFFFFFFFFFFFFFFFFFFFFFA3
:106B7000FFFFFFFFFFFFFFFFFFFFFFFFFFFFADDF97
:106B8000BDF4E4E6D3DDDEDEDFE0E0E1CAC6FFFF10
:106B9000FFFFFFFFFFFFFFFFFFFDFDFDFDFDFDFD13
:106BA000FDFFFFFFFFFFFFFFFFFFADDFBDF4E4E6EA
:106BB000D3DDDEDEDFE0E0E1CAC6FFFFFFFFFFFF5F
:106BC000FFFFFFFFFFFDFFFFFDFFFFFFFDFFFFFFDB
:106BD000FFFFFFFFFFFFADDFBDF4E4E6D3DDDEDE48
:106BE000DFE0E0E1CAC6FFFFFFFFFFFFFFFFFFFF9F
:106BF000FFFDFFFFFDFFFFFFFDFFFFFFFFFFFFFFAB
:106C0000FFFFADDFBDF4E4E6D3DDDEDEDFE0E0E193
:106C1000CAC6FFFFFFFFFFFFFFFFFFFFFFFDFFFFF4
:106C2000FDFFFFFFFDFFFFFFFFFFFFFFFFFFADDFEA
:106C3000BDF4E4E6D3DDDEDEDFE0E0E1CAC6FFFF5F
:106C4000FFFFFFFFFFFFFFFFFFFDFFFFFDFFFFFF58
:106C5000FDFFFFFFFFFFFFFFFFFFADDFBDF4E4E639
:106C6000D3DDDEDEDFE0E0E1CAC6FFFFFFFFFFFFAE
:106C7000FFFFFFFFFFFFFFFFFFFFFFFFFFFFFFFF24
:106C8000FFFFFFFFFFFFADDFBDF4E4E6D3DDDEDE97
:106C9000DFE0E0E1CAC6FFFFFFFFFFFFFFFFFFFFEE
:106CA000FFFFFFFDFFFFFFFDFDFFFFFFFFFFFFFFFA
:106CB000FFFFADDFBDF4E4E6D3DDDEDEDFE0E0E1E3
:106CC000CAC6FFFFFFFFFFFFFFFFFFFFFFFFFFFF42
:106CD000FDFFFDFFFFFFFFFFFFFFFFFFFFFFADDF3A
:106CE000BDF4E4E6D3DDDEDEDFE0E0E1CAC6FFFFAF
:106CF000FFFFFFFFFFFFFFFFFFFFFFFFFFFDFFFFA6
:106D0000FFFFFFFFFFFFFFFFFFFFADDFBDF4E4E686
:106D1000D3DDDEDEDFE0E0E1CAC6FFFFFFFFFFFFFD
:106D2000FFFFFFFFFFFFFFFFFDFFFDFFFFFFFFFF77
:106D3000FFFFFFFFFFFFADDFBDF4E4E6D3DDDEDEE6
:106D4000DFE0E0E1CAC6FFFFFFFFFFFFFFFFFFFF3D
:106D5000FFFFFFFDFFFFFFFDFDFFFFFFFFFFFFFF49
:106D6000FFFFADDFBDF4E4E6D3DDDEDEDFE0E0E132
:106D7000CAC6FFFFFFFFFFFFFFFFFFFFFFFFFFFF91
:106D8000FFFFFFFFFFFFFFFFFFFFFFFFFFFFADDF85
:106D9000BDF4E4E6D3DDDEDEDFE0E0E1CAC6FFFFFE
:106DA000FFFFFFFFFFFFFFFFFFFDFFFDFDFDFDFDFF
:106DB000FDFFFFFFFFFFFFFFFFFFADDFBDF4E4E6D8
:106DC000D3DDDEDEDFE0E0E1CAC6FFFFFFFFFFFF4D
:106DD000FFFFFFFFFFFFFFFFFFFFFFFFFFFFFFFFC3
:106DE000FFFFFFFFFFFFADDFBDF4E4E6D3DDDEDE36
:106DF000DFE0E0E1CAC6FFFFFFFFFFFFFFFFFFFF8D
:106E0000FFFFFFFDFFFFFFFFFFFFFFFFFFFFFFFF94
:106E1000FFFFADDFBDF4E4E6D3DDDEDEDFE0E0E181
:106E2000CAC6FFFFFFFFFFFFFFFFFFFFFFFDFDFDE6
:106E3000FDFDFDFDFDFFFFFFFFFFFFFFFFFFADDFDE
:106E4000BDF4E4E6D3DDDEDEDFE0E0E1CAC6FFFF4D
:106E5000FFFFFFFFFFFFFFFFFFFFFFFDFFFFFFFF44
:106E6000FDFFFFFFFFFFFFFFFFFFADDFBDF4E4E627
:106E7000D3DDDEDEDFE0E0E1CAC6FFFFFFFFFFFF9C
:106E8000FFFFFFFFFFFFFFFFFFFFFFFFFFFFFFFF12
:106E9000FFFFFFFFFFFFADDFBDF4E4E6D3DDDEDE85
:106EA000DFE0E0E1CAC6FFFFFFFFFFFFFFFFFFFFDC
:106EB000FFFFFFFFFFFFFFFFFFFFFFFFFFFFFFFFE2
:106EC000FFFFADDFBDF4E4E6D3DDDEDEDFE0E0E1D1
:106ED000CAC6FFFFFFFFFFFFFFFFFFFFFFFFFFFF30
:106EE000FFFFFFFFFFFFFFFFFFFFFFFFFFFFADDF24
:106EF000BDF4E4E6D3DDDEDEDFE0E0E1CAC6FFFF9D
:106F0000FFFFFFFFFFFFFFFFFFFFFFFFFFFFFFFF91
:106F1000FFFFFFFFFFFFFFFFFFFFADDFBDF4E4E674
:106F2000D3DDDEDEDFE0E0E1CAC6FFFFFFFFFFFFEB
:106F3000FFFFFFFFFFFFFFFFFFFFFFFFFFFFFFFF61
:106F4000FFFFFFFFFFFFADDFBDF4E4E6D3DDDEDED4
:106F5000DFE0E0E1CAC6FFFFFFFFFFFFFFFFFFFF2B
:106F6000FFFFFFFFFFFFFFFFFFFFFFFFFFFFFFFF31
:106F7000FFFFADDFBDF4E4E6D3DDDEDEDFE0E0E120
:106F8000CAC6FFFFFFFFFFFFFFFFFFFFFFFFFFFF7F
:106F9000FFFFFFFFFFFFFFFFFFFFFFFFFFFFADDF73
:106FA000BDF4E4E6D3DDDEDEDFE0E0E1CAC6FFFFEC
:106FB000FFFFFFFFFFFFFFFFFFFFFFFFFFFFFFFFE1
:106FC000FFFFFFFFFFFFFFFFFFFFADDFBDF4E4E6C4
:106FD000D3DDDEDEDFE0E0E1CAC6FFFFFFFFFFFF3B
:106FE000FFFFFFFFFFFFFFFFFFFFFFFFFFFFFFFFB1
:106FF000FFFFFFFFFFFFADDFBDF4E4E6D3DDDEDE24
:10700000DFE0E0E1CAC6FFFFFFFFFFFFFFFFFFFF7A
:10701000FFFFFFFFFFFFFFFFFFFFFFFFFFFFFFFF80
:10702000FFFFADDFBDF4E4E6D3DDDEDEDFE0E0E16F
:10703000CAC6FFFFFFFFFFFFFFFFFFFFFFFFFFFFCE
:10704000FFFFFFFFFFFFFFFFFFFFFFFFFFFFADDFC2
:10705000BDF4E4E6D3DDDEDEDFE0E0E1CAC6FFFF3B
:10706000FFFFFFFFFFFFFFFFFFFFFFFFFFFFFFFF30
:10707000FFFFFFFFFFFFFFFFFFFFADDFBDF4E4E613
:10708000D3DDDEDEDFE0E0E1CAC6FFFFFFFFFFFF8A
:10709000FFFFFFFFFFFFFFFFFFFFFFFFFFFFFFFF00
:1070A000FFFFFFFFFFFFADDFBDF4E4E6D3DDDEDE73
:1070B000DFE0E0E1CAC6FFFFFFFFFFFFFFFFFFFFCA
:1070C000FFFFFFFFFFFFFFFFFFFFFFFFFFFFFFFFD0
:1070D000FFFFADDFBDF4E4E6D3DDDEDEDFE0E0E1BF
:1070E000CAC6FFFFFFFFFFFFFFFFFFFFFFFFFFFF1E
:1070F000FFFFFFFFFFFFFFFFFFFFFFFFFFFFADDF12
:10710000BDF4E4E6D3DDDEDEDFE0E0E1CAC6FFFF8A
:10711000FFFFFFFFFFFFFFFFFFFFFFFFFFFFFFFF7F
:10712000FFFFFFFFFFFFFFFFFFFFADDFBDF4E4E662
:10713000D3DDDEDEDFE0E0E1CAC6FFFFFFFFFFFFD9
:10714000FFFFFFFFFFFFFFFFFFFFFFFFFFFFFFFF4F
:10715000FFFFFFFFFFFFADDFBDF4E4E6D3DDDEDEC2
:10716000DFE0E0E1CAC6FFFFFFFFFFFFFFFFFFFF19
:10717000FFFFFFFFFFFFFFFFFFFFFFFFFFFFFFFF1F
:10718000FFFFADDFBDF4E4E6D3DDDEDEDFE0E0E10E
:10719000CAC6FFFFFFFFFFFFFFFFFFFFFFFFFFFF6D
:1071A000FFFFFFFFFFFFFFFFFFFFFFFFFFFFADDF61
:1071B000BDF4E4E6D3DDDEDEDFE0E0E1CAC6FFFFDA
:1071C000FFFFFFFFFFFFFFFFFFFFFFFFFFFFFFFFCF
:1071D000FFFFFFFFFFFFFFFFFFFFADDFF6F4E4E679
:1071E000D3DDDEDEDFE0E0E1CAC6FFFFFFFFFFFF29
:1071F000FFFFFFFFFFFFFFFFFFFFFFFFFFFFFFFF9F
:10720000FFFFFFFFFFFFADDFF6F4E4E6D3DDDEDED8
:10721000DFE0E0E1CAC6FFFFFFFFFFFFFFFFFFFF68
:10722000FFFFFFFFFFFFFFFFFFFFFFFFFFFFFFFF6E
:10723000FFFFECE0EBE9D4D4D7DEDEDFDFE0E0E116
:10724000CAC6FFFFFFFFFFFFFFFFFFFFFFFFFFFFBC
:10725000FFFFFFFFFFFFFFFFFFFFFFFFFFFFAADEB4
:10726000DDB3DCDCDBDBEEEEEEEDC8C7C7DAFFFF3B
:10727000FFFFFFFFFFFFFFFFFFFFFFFFFFFFFFFF1E
:10728000FFFF000000000000000054525545564921
:1072900053494F4E2D5846494C452E0000010100E0
:1072A0000000011800000000400040000808FFFF37
:1072B000FF0101010303030404040C0C0C19191948
:1072C0003737374242424F4F4F5858585D5D5D65E2
:1072D00065656666666969696C6C6C6F6F6F717104
:1072E000717777777A7A7A7B7B7B7C7C7C7E7E7EFB
:1072F0008181818585858787878888888A8A8A8B26
:107300008B8B8C8C8C8D8D8D8F8F8F90909092929B
:10731000929393939494949797979898989A9A9A0B
:107320009B9B9B9E9E9EA3A3A3A8A8A8AAAAAAAB28
:10733000ABABACACACADADADAEAEAEAFAFAFB4B46D
:10734000B4B5B5B5BABABABBBBBBC6C6C6CECECE4F
:10735000CFCFCFD6D6D6D7D7D7D8D8D8E6E6E6EC93
:10736000ECECF0F0F0F7F7F78B8B8C9F9FA0A1A1CE
:10737000A2A4A4A5A5A5A6A7A7A8B5B5B6B9B9BA4C
:10738000BBBBBCC1C1C2C3C3C4C5C5C6C7C7C8C8CF
:10739000C8C9C9C9CACBCBCCCDCDCECFCFD0D1D126
:1073A000D2D2D2D3D3D3D4D5D5D6DCDCDDDDDDDE6D
:1073B000DEDEDFDFDFE0E0E0E1E1E1E2E2E2E3E3C5
:1073C000E3E4E4E4E5E5E5E6E7E7E8E8E8E9EBEB54
:1073D000ECECECEDEDEDEEF2F2F3636364777778CD
:1073E000B7B7B903122B75787CA9B8CBE7E8E9AC3D
:1073F000B1B660656A5F7284377ABB99ABBB7DA614
:10740000CA59A9EE878F9584C5F7969B9E0C151ACD
:107410007F8080828383A3A4A4A6A7A7ABACACADD6
:10742000AEAEB2B3B3B5B6B6B7B8B8B8B9B9B9BA03
:10743000BABBBCBCBDBEBEBEBFBFBFC0C0C1C2C266
:10744000C3C4C4C4C5C5C5C6C6C7C8C8C9CACACAD4
:10745000CBCBCBCCCCCCCDCDCFD0D0D0D1D1D1D249
:10746000D2D3D4D4D4D5D5D5D6D6DADBDBDBDCDCAD
:10747000DFE0E0E1E2E2E3E4E4E5E6E6EAEBEBEEBE
:10748000EFEF606161737474757676E0E2E1959672
:10749000959FA09FA5A6A5A7A8A7ABACABB0B1B080
:1074A000B1B2B1B6B7B6B7B8B7B9BAB9BBBCBBBC65
:1074B000BDBCBDBEBDC0C1C0C1C2C1C2C3C2C3C4C8
:1074C000C3C7C8C7C9CAC9CBCCCBCDCECDCFD0CF0F
:1074D000D3D4D3D7D8D7DFE0DFE3E4E3E5E6E53084
:1074E000313090908FA4A4A3A6A6A5ACACABBCBC35
:1074F000BBBEBEBDC2C2C1C8C8C7CACAC9CECECD36
:10750000D4D4D34B4B4A5454532B2B2A242423C674
:10751000C4C0BAB8B5C0BFBEA1A09FC3C0BDB0AD06
:10752000AA5A565384817F5E59569A9694ADAAA959
:10753000898888A4A3A3AFAEAEBAB9B9C2C1C1C489
:10754000C3C3C6C5C5CAC9C9CCCBCBD0CFCFE2E176
:10755000E1B2B0B0B7B5B5B9B7B7E0DEDEC8C4C404
:10756000A09B9B9D98987A75757F7A7AAEA7A7564F
:1075700050506359596662638C8B8C908F90A6A58E
:10758000A6A8A7A8ACABACAEADAEB8B7B8C2C1C2E6
:10759000C4C3C4CAC9CACCCBCCD8D7D8DAD9DAE0EC
:1075A000DFE0E4E3E47C7B7CFFFFFF000000FFFF03
:1075B000FFFFFFFFFFFFFFFFFFFFFFFFFFFFFFFFDB
:1075C000FFFFFFFFFFFFFFFFFFFFFFFFFFFFFFFFCB
:1075D000FFFFFFFFFFFFFFFFFFFFFFFFFFFFFFFFBB
:1075E000FFFFFFFFFFFFFFFFFFFFFFFFFFFFFFFFAB
:1075F000FFFFFFFFFFFFFFFFFFFFFFFFFFFFFFFF9B
:10760000FFFFFFFFFFFFFFFFFFFFFFFFFFFFFFFF8A
:10761000FFFFFFFFFFFFFFFFFFFFFFFFFFFFFFFF7A
:10762000FFFFFFFFFFFFFFFFFFFFFFFFFFFFFFFF6A
:10763000FFFFFFFFFFFFFFFFFFFFFFFFFFFFFFFF5A
:10764000FFFFFFFFFFFFFFFFFFFFFFFFFFFFFFFF4A
:10765000FFFFFFFFFFFFFFFF04C9079DC705FFFFF7
:10766000FFFFFFFFFFFFFFFFFFFFFFFFFFFFFFFF2A
:10767000FFFFFFFFFFFFFFFFFFFFFFFFFFFFFFFF1A
:10768000FFFFFFFFFFFFFFFFFFFFFFFFFFFFFFFF0A
:10769000FFFFFFFF04C90764151EA0A322769C0606
:1076A00004FFFFFFFFFFFFFFFFFFFFFFFFFFFFFFE5
:1076B000FFFFFFFFFFFFFFFFFFFFFFFFFFFFFFFFDA
:1076C000FFFFFFFFFFFFFFFFFFFFFFFFFFFFFFFFCA
:1076D00004BB080F1922402A2A4240401D181D1CD5
:1076E0001509C904FFFFFFFFFFFFFFFFFFFFFFFFBB
:1076F000FFFFFFFFFFFFFFFFFFFFFFFFFFFFFFFF9A
:10770000FFFFFFFFFFFFFFFFFFFFFFFF0406641BFC
:107710002A30A8A82FBE1D0C06C740281E1819190C
:107720001A1EEE1108CA02FFFFFFFFFFFFFFFFFF57
:10773000FFFFFFFFFFFFFFFFFFFFFFFFFFFFFFFF59
:10774000FFFFFFFFFFFFFFFF04060D25DCC6C6B4E9
:10775000AC2C210D0705040404BBBDBD1F19D6D6F2
:10776000D6D61A1D201DC8FFFFFFFFFFFFFFFFFF3A
:10777000FFFFFFFFFFFFFFFFFFFFFFFFFFFFFFFF19
:10778000FFFFFFFF04BB0ABCADF9B894B17C230F27
:1077900007CA0405060A772AC7C9BDA2201A1A1B00
:1077A0001B1B1A1A1A200CFFFFFFFFFFFFFFFFFF32
:1077B000FFFFFFFFFFFFFFFFFFFFFFFFFFFFFFFFD9
:1077C00004C9081379F551938B7FA19E08C905CA96
:1077D000070C1B79A6A7A6A8C7C9A279223E1D1C23
:1077E0001D1D1C1C1D210BFFFFFFFFFFFFFFFFFFE7
:1077F000FFFFFFFFFFFFFFFFFFFFFFFF04C9C710F1
:10780000222DDA8C8A82A3760906CABBC710A02F64
:10781000C083A730A87CA47DC7C9792AA01D1E1EDD
:107820001B1C1E1E1E220CFFFFFFFFFFFFFFFFFFA2
:10783000FFFFFFFFFFFFFFFF04CA089D242E84B255
:107840008C86A61C0B07BB070914A130AC84A9A326
:10785000A0242D27121BA6A708C9A32F23EF1F249E
:10786000C80E241F1F230DFFFFFFFFFFFFFFFFFFB9
:10787000FFFFFFFF04C9089E2630348E908B8023C3
:1078800010C807080D1E2D33B0F683337F7EF41425
:10789000070EA10CFFC833A808BB2A3024202026DD
:1078A000C70B272020240DFFFFFFFFFFFFFFFFFF77
:1078B000FF059C1AA6DC8E93B79085CE149C080A0F
:1078C0009E25CDB184252CB0C1AB4680D97FA811AF
:1078D0000915341BFFC8AA7E08BB2CD925212227F5
:1078E000C70CA12222250EFFFFFFFFFFFFFFFFFFB6
:1078F000FF9E3D5F5B39B22A190F0A0E7741883629
:10790000B2A39D080607CEDCCDACABAA80A97F4010
:107910002A30BD15FF09AAA908BB2E8426A0233F43
:10792000C70C402323270EFFFFFFFFFFFFFFFFFFD2
:10793000FF13637D20FD0E131F2FB437517E1A0CE9
:10794000C7C70A772EAF87AD8483ACAB33A97FADB1
:1079500084A8A318FF09ACD9C8BBA5DC2723244001
:10796000080C282424CE0FFFFFFFFFFFFFFFFFFFBF
:10797000FF14631520459154FAB1BD170D0C651A1B
:10798000231B8C908A3486F5DA848382ABC0322242
:10799000141E7F11FF09C133C8BBA6DEA12526BD79
:1079A000080C4125254010FFFFFFFFFFFFFFFFFFF1
:1079B000FF14631A38377F401C181F26A3A011C775
:1079C000C906858BB134DC86AFDAAD83AC837C0825
:1079D000070EBD9DFF0984AAC806303640272779C7
:1079E000080CA32727BD10FFFFFFFFFFFFFFFFFFCE
:1079F000FF13633E8F7C287B7D2B200FC8C7096552
:107A00002683F8F74BB13487B0AFDA848383AB15A4
:107A10001220F81EFF09ADAB09067D512827A129C8
:107A2000C80C2ACE3F799DFFFFFFFFFFFFFFFFFF3E
:107A3000FF12631D9049431F1210651E2AF58AB478
:107A4000B48D8CB38A4B4A3487B0AFDA84838333E6
:107A5000ACAC4076FF09AEAC0906A792A240402C20
:107A6000C80CF240402A9EFFFFFFFFFFFFFFFFFF11
:107A7000FF11631F524320F032B4395639AC271D31
:107A800021A3C0C38B8A4BB13487B0AFDAADC185B7
:107A9000AB80321BFF09B1B10A067E37A3D7412E56
:107AA000C80C2EBD417A9EFFFFFFFFFFFFFFFFFFC7
:107AB000FF9E9B2052955459969594377F261B1212
:107AC0000DED1B7CB1DE8A4BB1348786AF858127F3
:107AD0001516AC9EFFC87811BB077F372AF0F0D887
:107AE000C80CA5A3F02E65FFFFFFFFFFFFFFFFFF00
:107AF000FF106222925AB855959539C04226252327
:107B000023E9EB17A7F7DEDD4BB13488888834769C
:107B1000C89D2F14FF05BB07C9077F922DA340CE38
:107B2000C764A62A2AE112FFFFFFFFFFFFFFFFFF46
:107B3000FF0F9A23385A575655548DDD84F0272667
:107B4000A02AE8EB24DBB4F8B48E8E347FA548D6A7
:107B500016F08DEF01C7A7AE9C077FB62F2AA0684D
:107B6000C9C7E6A32C7CFDFFFFFFFFFFFFFFFFFF60
:107B7000FF0E5F2439B9FB575639905F9732BD40ED
:107B80002627E1EC128350C3A723659C0710F684D7
:107B90004C34BE77676C8B869C077F8EA6D5726E41
:107BA0006E6D9D22D0A715FFFFFFFFFFFFFFFFFFB8
:107BB000FF0D3A26395C5958FB37375F3D3A2FA203
:107BC0004025B1EAE89E9E9C090C11202EAE88B09B
:107BD00045A5DA696E6DCB869C077FB431D82571D7
:107BE000737373706FE315FFFFFFFFFFFFFFFFFF6E
:107BF000FF0C5C27FA5D5A9F5939B48E3995B4DC75
:107C0000C02EC63D279C202FDC36908F8D4BDE1773
:107C1000C79DA476750AB2F664077FDDF4A6D8295D
:107C20006D6E71717169D2FFFFFFFFFFFFFFFFFFF4
:107C3000FF0C5BA1955F5E5F5EFAF734DA33B19BB0
:107C400062925EFE903039B6B482358BB24BB40E80
:107C5000BB657E18FF0A8BDC0CC77E88323031CDC5
:107C6000D1D36B6F7CAB77FFFFFFFFFFFFFFFFFF01
:107C7000FF0B5A40549F4DA6261D3436DDDCCD90B7
:107C80009A5F633D2A2A532E0C118BB48B8ADE2710
:107C9000257DB421FF0AF8B10DC77EAFABA7A8AF11
:107CA0000A0CCFCCE38317FFFFFFFFFFFFFFFFFFAF
:107CB000FF0BFC27A01E21407CC3DB364FDE4AB100
:107CC0009262E4DF4340F415BB768D358C8B4B36E6
:107CD0008E8B2D19FF0AB4C30DC77EAD83D9D9870A
:107CE0009C0CC232D9F517FFFFFFFFFFFFFFFFFF1C
:107CF000FF0B5CA1AD555E61618C40AD90928FC66B
:107D000097E5D5A7823638F041AD90354EF8DEB113
:107D1000F6A73622FF0AB5DD0E08F4ACAD3346B146
:107D20009C0CDBC0338618FFFFFFFFFFFFFFFFFF48
:107D3000FF0C5CA25B62301621F4568FF2E2CDE3B9
:107D4000E6E724298F31959494928F8E35B48FA3D2
:107D5000649D7B11CA148DF70E087FACDBACACDDE3
:107D60000A6434C18288D6FFFFFFFFFFFFFFFFFFD9
:107D7000FF0C5D79E06225C83E63C09FF1F4D92114
:107D8000274BF9F281D92F3992B6908F8E35C612D2
:107D9000BB14C183ADDCDB8B0FC880C14983CDDD53
:107DA0009D1034AD83C31AFFFFFFFFFFFFFFFFFFEE
:107DB000FF0C3A2959602AA34B6256962F398951F4
:107DC0007C4B469916061551B792B6908F4F50408E
:107DD0003F338D8B8B4BC3519EC8AA83B1DADADA5D
:107DE00083C0DADADAF71BFFFFFFFFFFFFFFFFFFB9
:107DF000FF0C5E2A59615F9B6334272893544758D0
:107E00007F5AB79915071EFAB79392B6908F8E379F
:107E100038915136B1832BA0C709ABAD4BDBF5F5DB
:107E2000F6F6DBAFAFF81CFFFFFFFFFFFFFFFFFF22
:107E3000FF0C5F2A5A623B9A3C1606165A5F377C43
:107E400018ABBA5887F738FA3939B7FA943950B2BB
:107E500033281B120D090A0D9E27C1ADF7F6DCF67B
:107E60008787F6F687B41EFFFFFFFFFFFFFFFFFFC8
:107E7000FF0C5FF25B9B619A63F222295F5E55768D
:107E80000A445EFB5B5C5A5995924C30273E140EB7
:107E90000E1177212981AF4934847CDC8E34DCDCFF
:107EA0008834343434361EFFFFFFFFFFFFFFFFFF2F
:107EB000FF0D5F2C5C9B61609A5F5F9A6A5FE022B6
:107EC000A2555E5693872E271E7612171F27A648A7
:107ED000DEB435DDDCC133C182C033F5C3B48EF806
:107EE000DEB1B1B1B18E1FFFFFFFFFFFFFFFFFFF4C
:107EF000FF0D9A2DBA3C6262629B9B3C625E5435D8
:107F0000342FA1201A2026F0A88A5237388FF8344F
:107F1000DA48B0F5F5F68532A8312F2B2A2E3084B9
:107F2000B13636C5F85120FFFFFFFFFFFFFFFFFF0F
:107F3000FF0D9A2E5F3D639B5F558B337B4025275A
:107F4000A3A5838F94FB993A9795928FB4F7DEF8A7
:107F5000DEDBADC1F431307CA6E12F2E2C2B2AA321
:107F60002AA5C08B369422FFFFFFFFFFFFFFFFFF14
:107F7000FF0D612AB4C345F3F0A3A5338939595DD8
:107F80005F9A9A619B3C9B9ABAE05639C68FDE3461
:107F9000DBADAC33D9F43130303031A7E2A52A283B
:107FA00023770EC80706CAFFFFFFFFFFFFFFFFFF93
:107FB000FF0D9BAB7C47B4543A9A9A3AFB95FA561C
:107FC000B95F9A3B9A3AB997B895FA3937B68E3570
:107FD000F8F7C3C3B1B1ADA7F3CE1A9D0AC7BB056D
:107FE0000402FFFFFFFFFFFFFFFFFFFFFFFFFFFF99
:107FF000FF0D9B639B605C96FAB7FA945458BABA2B
:10800000FCB9E0FBFB96FBB8B8FBB8FBE05A98550F
:108010008EC3D927770C0806050402FFFFFFFFFF78
:10802000FFFFFFFFFFFFFFFFFFFFFFFFFFFFFFFF60
:10803000FF103D5F5CB997FC3A5D5BFC97B8565604
:108040005555B8B8E0FC5E9A3A9493C32C209D092C
:1080500007CA0403FFFFFFFFFFFFFFFFFFFFFFFF54
:10806000FFFFFFFFFFFFFFFFFFFFFFFFFFFFFFFF20
:10807000FFBB6520A58F975F3C3C9ABAE0E0B93A18
:108080005F979490872A1F9D0907CA0403FFFFFF8B
:10809000FFFFFFFFFFFFFFFFFFFFFFFFFFFFFFFFF0
:1080A000FFFFFFFFFFFFFFFFFFFFFFFFFFFFFFFFE0
:1080B000FFFFFFFF0104CA076477CEC1C6DD2C1F96
:1080C0009D0906CA0402FFFFFFFFFFFFFFFFFFFF3E
:1080D000FFFFFFFFFFFFFFFFFFFFFFFFFFFFFFFFB0
:1080E000FFFFFFFFFFFFFFFFFFFFFFFFFFFFFFFFA0
:1080F000FFFFFFFFFFFFFFFFFFFFFF04050402FF7D
:10810000FFFFFFFFFFFFFFFFFFFFFFFFFFFFFFFF7F
:10811000FFFFFFFFFFFFFFFFFFFFFFFFFFFFFFFF6F
:10812000FFFFFFFFFFFFFFFFFFFFFFFFFFFFFFFF5F
:10813000FFFFFFFFFFFFFFFFFFFFFFFFFFFFFFFF4F
:10814000FFFFFFFFFFFFFFFFFFFFFFFFFFFFFFFF3F
:10815000FFFFFFFFFFFFFFFFFFFFFFFFFFFFFFFF2F
:10816000FFFFFFFFFFFFFFFFFFFFFFFFFFFFFFFF1F
:10817000FFFFFFFFFFFFFFFFFFFFFFFFFFFFFFFF0F
:10818000FFFFFFFFFFFFFFFFFFFFFFFFFFFFFFFFFF
:10819000FFFFFFFFFFFFFFFFFFFFFFFFFFFFFFFFEF
:1081A000FFFFFFFFFFFFFFFFFFFFFFFFFFFFFFFFDF
:1081B000FFFFFFFFFFFFFFFFFFFFFFFFFFFFFFFFCF
:1081C000FFFFFFFFFFFFFFFFFFFFFFFFFFFFFFFFBF
:1081D000FFFFFFFFFFFFFFFFFFFFFFFFFFFFFFFFAF
:1081E000FFFFFFFFFFFFFFFFFFFFFFFFFFFFFFFF9F
:1081F000FFFFFFFFFFFFFFFFFFFFFFFFFFFFFFFF8F
:10820000FFFFFFFFFFFFFFFFFFFFFFFFFFFFFFFF7E
:10821000FFFFFFFFFFFFFFFFFFFFFFFFFFFFFFFF6E
:10822000FFFFFFFFFFFFFFFFFFFFFFFFFFFFFFFF5E
:10823000FFFFFFFFFFFFFFFFFFFFFFFFFFFFFFFF4E
:10824000FFFFFFFFFFFFFFFFFFFFFFFFFFFFFFFF3E
:10825000FFFFFFFFFFFFFFFFFFFFFFFFFFFFFFFF2E
:10826000FFFFFFFFFFFFFFFFFFFFFFFFFFFFFFFF1E
:10827000FFFFFFFFFFFFFFFFFFFFFFFFFFFFFFFF0E
:10828000FFFFFFFFFFFFFFFFFFFFFFFFFFFFFFFFFE
:10829000FFFFFFFFFFFFFFFFFFFFFFFFFFFFFFFFEE
:1082A000FFFFFFFFFFFFFFFFFFFFFFFFFFFFFFFFDE
:1082B000FFFFFFFFFFFFFFFFFFFFFFFFFFFFFFFFCE
:1082C000FFFFFFFFFFFFFFFFFFFFFFFFFFFFFFFFBE
:1082D000FFFFFFFFFFFFFFFFFFFFFFFFFFFFFFFFAE
:1082E000FFFFFFFFFFFFFFFFFFFFFFFFFFFFFFFF9E
:1082F000FFFFFFFFFFFFFFFFFFFFFFFFFFFFFFFF8E
:10830000FFFFFFFFFFFFFFFFFFFFFFFFFFFFFFFF7D
:10831000FFFFFFFFFFFFFFFFFFFFFFFFFFFFFFFF6D
:10832000FFFFFFFFFFFFFFFFFFFFFFFFFFFFFFFF5D
:10833000FFFFFFFFFFFFFFFFFFFFFFFFFFFFFFFF4D
:10834000FFFFFFFFFFFFFFFFFFFFFFFFFFFFFFFF3D
:10835000FFFFFFFFFFFFFFFFFFFFFFFFFFFFFFFF2D
:10836000FFFFFFFFFFFFFFFFFFFFFFFFFFFFFFFF1D
:10837000FFFFFFFFFFFFFFFFFFFFFFFFFFFFFFFF0D
:10838000FFFFFFFFFFFFFFFFFFFFFFFFFFFFFFFFFD
:10839000FFFFFFFFFFFFFFFFFFFFFFFFFFFFFFFFED
:1083A000FFFFFFFFFFFFFFFFFFFFFFFFFFFFFFFFDD
:1083B000FFFFFFFFFFFFFFFFFFFFFFFFFFFFFFFFCD
:1083C000FFFFFFFFFFFFFFFFFFFFFFFFFFFFFFFFBD
:1083D000FFFFFFFFFFFFFFFFFFFFFFFFFFFFFFFFAD
:1083E000FFFFFFFFFFFFFFFFFFFFFFFFFFFFFFFF9D
:1083F000FFFFFFFFFFFFFFFFFFFFFFFFFFFFFFFF8D
:10840000FFFFFFFFFFFFFFFFFFFFFFFFFFFFFFFF7C
:10841000FFFFFFFFFFFFFFFFFFFFFFFFFFFFFFFF6C
:10842000FFFFFFFFFFFFFFFFFFFFFFFFFFFFFFFF5C
:10843000FFFFFFFFFFFFFFFFFFFFFFFFFFFFFFFF4C
:10844000FFFFFFFFFFFFFFFFFFFFFFFFFFFFFFFF3C
:10845000FFFFFFFFFFFFFFFFFFFFFFFFFFFFFFFF2C
:10846000FFFFFFFFFFFFFFFFFFFFFFFFFFFFFFFF1C
:10847000FFFFFFFFFFFFFFFFFFFFFFFFFFFFFFFF0C
:10848000FFFFFFFFFFFFFFFFFFFFFFFFFFFFFFFFFC
:10849000FFFFFFFFFFFFFFFFFFFFFFFFFFFFFFFFEC
:1084A000FFFFFFFFFFFFFFFFFFFFFFFFFFFFFFFFDC
:1084B000FFFFFFFFFFFFFFFFFFFFFFFFFFFFFFFFCC
:1084C000FFFFFFFFFFFFFFFFFFFFFFFFFFFFFFFFBC
:1084D000FFFFFFFFFFFFFFFFFFFFFFFFFFFFFFFFAC
:1084E000FFFFFFFFFFFFFFFFFFFFFFFFFFFFFFFF9C
:1084F000FFFFFFFFFFFFFFFFFFFFFFFFFFFFFFFF8C
:10850000FFFFFFFFFFFFFFFFFFFFFFFFFFFFFFFF7B
:10851000FFFFFFFFFFFFFFFFFFFFFFFFFFFFFFFF6B
:10852000FFFFFFFFFFFFFFFFFFFFFFFFFFFFFFFF5B
:10853000FFFFFFFFFFFFFFFFFFFFFFFFFFFFFFFF4B
:10854000FFFFFFFFFFFFFFFFFFFFFFFFFFFFFFFF3B
:10855000FFFFFFFFFFFFFFFFFFFFFFFFFFFFFFFF2B
:10856000FFFFFFFFFFFFFFFFFFFFFFFFFFFFFFFF1B
:10857000FFFFFFFFFFFFFFFFFFFFFFFFFFFFFFFF0B
:10858000FFFFFFFFFFFFFFFFFFFFFFFFFFFFFFFFFB
:10859000FFFFFFFFFFFFFFFFFFFFFFFFFFFFFFFFEB
:1085A000FFFFFFFFFFFFFFFFFFFFFFFFFFFF0000D9
:1085B00000000000000054525545564953494F4EA3
:1085C0002D5846494C452E000001010000000118BD
:1085D00000000000400040000808FFFFFF0101010B
:1085E0000404040606060A0A0A0B0B0B0D0D0D18EF
:1085F00018181919191A1A1A1C1C1C1E1E1E2020C4
:108600002021212123232325252527272732323204
:108610003838383F3F3F5F5F5F6868687F7F7F899A
:1086200089899F9F9FA4A4A4A8A8A8AEAEAEB0B00D
:10863000B0B2B2B2B6B6B6B8B8B8BABABABDBDBDC5
:10864000C1C1C1C3C3C3C4C4C4C5C5C5C7C7C7CAE4
:10865000CACAD0D0D0D3D3D3D9D9D9DBDBDBDFDFC3
:10866000DFE0E0E0E2E2E2E3E3E3E5E5E5E6E6E6DB
:10867000E7E7E7E8E8E8EAEAEAECECECEDEDEDEE56
:10868000EEEEEFEFEFF0F0F0F2F2F2F3F3F3F4F4DA
:10869000F4F5F5F5F8F8F8F9F9F9FAFAFAFEFEFE4C
:1086A000FFFFFF959596ABABACE5E5E6E7E7E8E9BC
:1086B000E9EAECECEDEDEDEEF1F1F2F9F9FA252550
:1086C00026F2F3F4FCFDFEF2F4F6F4F7F9F6F9FB0A
:1086D000F8FBFDFAFCFDA9AAAAADAEAEE7E8E8E911
:1086E000EAEAEDEEEEEFF0F0F3F4F4F5F6F6F7F873
:1086F000F8FDFFFF0B0C0CADAEADE7E8E7EBECEBE4
:10870000EDEEEDF5F6F5F9FAF95152512122210B72
:108710000C0B8F8F8EADADACE6E6E5E8E8E7EAEA54
:10872000E9EEEEEDF4F4F3F6F6F5FAFAF9FFFFFBF5
:108730002B2B2AACABAAEDECEBFEFDFCFEFAF60B04
:108740000A09BFBAB61C16120B08060906041F1543
:108750000FB68E78BC927CBA8F789B7561B1856DAF
:10876000AD7D63A9795FA47156A16E529D694D9C40
:108770006548986244342117945E40885335935974
:10878000398E5130844725F3F1F0F5F3F2FDFBFA11
:10879000F2ECE9F9F1ED242221D8C6BDDECBC2AF5F
:1087A0009F97A1897DE8C2AFCAA694C7A28FC29D38
:1087B0008AC09884B58A74B48770BA8B746F524437
:1087C000BA8870AE8068B4836BA7755BAC71554E88
:1087D0003326A86D50664230A3694B9E6244995D72
:1087E0003E050302E9E0DCE4D9D4B3AAA6887F7B86
:1087F000EAD5CCA8978FF7DDD2F2D5C8EACBBDD8A1
:10880000BAADE1C1B3D7B8AACDAFA1D5B4A5342BC9
:1088100027D3AF9FDEB8A7D0AB9ADBAE9BC89985B4
:10882000C3968189685AB9866EBA846BBA8269BF69
:10883000856CBD8369BA7F65B67C62AC745BB176CA
:108840005C23140DEFDED7FDEBE4CABBB5EEDAD244
:10885000E7CEC4E4C7BBDEBBADDDB4A3D0A695DCD8
:10886000B09EDAAC99D8A793D5A28ED29E89CD9628
:1088700080C7917BC58C75C28870BD846CFBF5F395
:10888000F5EAE6AFA39FF4E4DE6D615DA7A6A6ABB3
:10889000AAAAB1B0B0B4B3B3CECDCDECEBEBF6F544
:1088A000F5F7F6F6FAF9F9FDFCFC767575494848D6
:1088B000161515121111090808030202020000AC76
:1088C000ABACD7D6D7E8E7E8EEEDEEFAF9FA1C1B29
:1088D0001C0C0B0CFFFFFF000000FFFFFFFFFFFF62
:1088E000FFFFFFFFFFFFFFFFFFFFFFFFFFFFFFFF98
:1088F000FFFFFFFFFFFFFFFFFFFFFFFFFFFFFFFF88
:10890000FFFFFFFFFFFFFFFFFFFFFFFFFFFFFFFF77
:10891000FFFFFFFFFFFFFFFFFFFFFFFFFFFFFFFF67
:10892000FFFFFFFFFFFFFFFFFFFFFFFFFFFFFFFF57
:10893000FFFFFFFFFFFFFFFFFFFFFFFFFFFFFFFF47
:10894000FFFFFFFFFFFFFFFFFFFFFFFFFFFFFFFF37
:10895000FFFFFFFFFFFFFFFFFFFFFFFFFFFFFFFF27
:10896000FFFFFFFFFFFFFFFFFFFFFFFFFFFFFFFF17
:10897000FFFFFFFFFFFFFFFFFFFFFFFFFFFFFFFF07
:10898000FFFFFF061115F01203FFFFFFFFFFFFFFC0
:10899000FFFFFFFFFFFFFFFFFFFFFFFFFFFFFFFFE7
:1089A000FFFFFFFFFFFFFFFFFFFFFFFFFFFFFFFFD7
:1089B000FFFFFFFFFFFFFFFFFFFFFFFFFFFFFFF4D2
:1089C000721468242E3A26E768F103FFFFFFFFFFC9
:1089D000FFFFFFFFFFFFFFFFFFFFFFFFFFFFFFFFA7
:1089E000FFFFFFFFFFFFFFFFFFFFFFFFFFFFFFFF97
:1089F000FFFFFFFFFFFFFFFFFFFFFF030C651720D7
:108A00002C3539473033211A1EE707030301FFFFD6
:108A1000FFFFFFFFFFFFFFFFFFFFFFFFFFFFFFFF66
:108A2000FFFFFFFFFFFFFFFFFFFFFFFFFFFFFFFF56
:108A3000FFFFFFFFFFFFFF0107F116E82BEB3AEB0B
:108A400032302F2F2F32211AE8190767060403014D
:108A5000FFFFFFFFFFFFFFFFFFFFFFFFFFFFFFFF26
:108A6000FFFFFFFFFFFFFFFFFFFFFFFFFFFFFFFF16
:108A7000FFFFFFFFF313F01AF8473B374731303061
:108A8000303030302F32211A1D1907040606FDF44C
:108A90000301FFFFFFFFFFFFFFFFFFFFFFFFFFFFE0
:108AA000FFFFFFFFFFFFFFFFFFFFFFFFFFFFFFFFD6
:108AB0000611151828F93B4A34F94530303030306A
:108AC00030303030305621541DE6F2F45EFD05059D
:108AD00005F40301FFFFFFFFFFFFFFFFFFFFFFFFA5
:108AE000FFFFFFFFFFFFFFFFFFFFFFFFF4721443D5
:108AF00026303B3B35473231313131316A3030300D
:108B000030303030303222E7E9E6F2F40405040474
:108B100004F4F4F40201FFFFFFFFFFFFFFFFFFFF7C
:108B2000FFFFFFFFFFFFFFFF030C6517212F3AED4B
:108B30003834336BF932323232313131313247FA33
:108B40003932303030332244E9E6F20304F4F4F4ED
:108B5000F4F4F40303F5FFFFFFFFFFFFFFFFFFFF48
:108B6000FFFFFFFF0108F1161E2D4A3E4A48344719
:108B70004733333333336B32323334373A332A1D8E
:108B800017236C30303323F71E1AF303F4F4F40385
:108B90000302F501FFFFFFFFFFFFFFFFFFFFFFFFE6
:108BA000FFF313F0442B393F3C3835EB3434344772
:108BB000474747333347EB593B342A1E1714126695
:108BC00008F73730304723551E54F3F503F5F50108
:108BD000FFFFFFFFFFFFFFFFFFFFFFFFFFFF72151C
:108BE000182937405C4A3735EBEBEBEBEB34346C50
:108BF0006C47358F3D612B1E1714120F090A0D0D9E
:108C00000F1C37303047241C1F5406FFFFFFFFFFA7
:108C1000FFFFFFFFFFFFFFFFFFFFFFFFFFFF1AFE4A
:108C2000403B3936363636353535EBEBEB35374D9F
:108C30003DEB2B1F1714120F090A0D0E0F0F660ABA
:108C4000076938453047261C1F5405FFFFFFFFFF0B
:108C5000FFFFFFFFFFFFFFFFFFFFFFFFFFFF44409E
:108C6000383737376D3636364849383C3E382C1F52
:108C70006822650D09FC0D0E0F0F0E0B080C72F12A
:108C8000F0EA3431314726E820E705FFFFFFFFFF18
:108C9000FFFFFFFFFFFFFFFFFFFFFFFFFFFF54404E
:108CA0003838383737384A6F3F392C206814126605
:108CB00008E815080F0F0F0F0E0C72F1F01827308F
:108CC000593445313147261D20F705FFFFFFFFFFCF
:108CD000FFFFFFFFFFFFFFFFFFFFFFFFFFFF54400E
:108CE00038383AED403A2E206814120F09FC0D0D69
:108CF0000E21440A0F0F0F0D12E6296A4A3B48471E
:108D000033323232313427E9206905FFFFFFFFFF9C
:108D1000FFFFFFFFFFFFFFFFFFFFFFFFFFFFE7403A
:108D200039382E216814120F08FC0D0E0F0F660A39
:108D3000071C35130B0F0F0E1018ED4A4733333352
:108D4000603232323234EA1E211B05FFFFFFFFFF83
:108D5000FFFFFFFFFFFFFFFFFFFFFFFFFFFFE753E7
:108D60003B32F10D08FC0D0E0F0F0D0B080B72F1CD
:108D7000F028401A0B0E0F0F660C152A3C573333A0
:108D8000336B46323234EA1E211C05FFFFFFFFFF22
:108D9000FFFFFFFFFFFFFFFFFFFFFFFFFFFFE7EF0B
:108DA0003A3A14080F0F0F0F660C7265F019284736
:108DB0003D39363A1608660F0F0F09121939483334
:108DC000333333F93234281F211C05FFFFFFFFFF27
:108DD000FFFFFFFFFFFFFFFFFFFFFFFFFFFFE7EFCB
:108DE0004AEF18FC0F0F0F0D12F7F8EBED3F3B3871
:108DF0006D35353837160C0B0F0F0F0C0BF06B372A
:108E00003333333333342820221D05FFFFFFFFFFA8
:108E1000FFFFFFFFFFFFFFFFFFFFFFFFFFFFE7EF8A
:108E20004A3D30130B0F0F0E72E641ED37373736E0
:108E300036363635383C6912080F0F0F0E071533DA
:108E40003633333333EB292022E9FDFFFFFFFFFFE9
:108E5000FFFFFFFFFFFFFFFFFFFFFFFFFFFF44EFED
:108E60003A3AEF190A0E0F0F660CF02DFB593737FF
:108E70003736363635363EF8150A0D0F0F0F08F027
:108E80004A34474733EB292123E9FDFFFFFFFFFF6A
:108E9000FFFFFFFFFFFFFFFFFFFFFFFFFFFF44415B
:108EA0003B3A6E5CF007660F0F0E09131B5C3A37F6
:108EB000373736363674353B4A43100B0F0F0E0CDE
:108EC0001B3B474747EBF821241EFDFFFFFFFFFF39
:108ED000FFFFFFFFFFFFFFFFFFFFFFFFFFFF44411B
:108EE0003B3B3AED3B160B0B0F0F0F0B0C164A3B9F
:108EF00037376D4936364835373E1F120B0F0FFC9A
:108F000065EBEB4747EBF822251EFDFFFFFFFFFF58
:108F1000FFFFFFFFFFFFFFFFFFFFFFFFFFFFF7FE6A
:108F20006E3B3B3AED404412090F0F0F0E08153906
:108F30003A3737376D58363635483F24110D0F0E06
:108F40007227393447352A22261FFDFFFFFFFFFF16
:108F5000FFFFFFFFFFFFFFFFFFFFFFFFFFFFF7FE2A
:108F60003C3C3B3B3A3B412A140A660F0F0F071665
:108F70003E393737373737363636364017FC0F0F1E
:108F80000DE73C3434742B23261FFDFFFFFFFFFF4A
:108F9000FFFFFFFFFFFFFFFFFFFFFFFFFFFFF7FEEA
:108FA0003C3C3C3B3B3B3AEE63434C0B0F0F66664D
:108FB0001F3F383837384A373636363D214C0E0F8A
:108FC0000CE63D3434362B232720FDFFFFFFFFFF47
:108FD000FFFFFFFFFFFFFFFFFFFFFFFFFFFFF7FEAA
:108FE0003D3C3C3C3B3B3B3A5B411F110C0F0F08A7
:108FF000143B4A3A3F5B33373737363C23100E0E6B
:109000000F203BEBEB362C252720FDFFFFFFFFFF5A
:10901000FFFFFFFFFFFFFFFFFFFFFFFFFFFF69FEF7
:109020003D3D3D3C3C5A6E3B3B3BFE2311660F668B
:109030007229EEEB1FF065324A3762EF180B0F0C06
:10904000122D38EBEB492C262721FDFFFFFFFFFFF8
:10905000FFFFFFFFFFFFFFFFFFFFFFFFFFFF69FEB7
:10906000EC3D3D3C3C3C3C5A3B3B3BFE17090F0F63
:109070000E21211366070C21FE3DEF2CF10B0F078B
:10908000163D3635EB492D26EA21FDFFFFFFFFFF98
:10909000FFFFFFFFFFFFFFFFFFFFFFFFFFFF69FE77
:1090A000EDED3D3D3D3DED3C3B3B3BEF200F0F0FDC
:1090B0006621F7070E0F0CF121EA18F10B4C0B1289
:1090C0002A3A3535EB372E27EA2205FFFFFFFFFF4F
:1090D000FFFFFFFFFFFFFFFFFFFFFFFFFFFF69FE37
:1090E000EDED5B3EFEEF373C3C3C3BEF224C0E0E81
:1090F0004C272D11660F0F0C0F720B0B0F0A7220ED
:10910000ED36367435372F272822FDFFFFFFFFFF8E
:10911000FFFFFFFFFFFFFFFFFFFFFFFFFFFF69FEF6
:10912000EDED403921F01439ED3C3C41180A0F0CAB
:109130001347EFF0F20F0F0F0E660F660712203E77
:1091400037363636363730EA2822FDFFFFFFFFFF7D
:10915000FFFFFFFFFFFFFFFFFFFFFFFFFFFF5FFEC0
:10916000EDEFE91366070D26FE40FE2EF10B0F070B
:1091700017EF5C2F65F2090AFC080972F0F83F3717
:109180003737FA36363831EA292306FFFFFFFFFF6B
:10919000FFFFFFFFFFFFFFFFFFFFFFFFFFFF1BFEC4
:1091A000EDFE18F20E0F0C65242919F10B4C0A1371
:1091B0002E3E3A3E3168141414F04328ED6F3838CF
:1091C0003837373748383228292306FFFFFFFFFF9B
:1091D000FFFFFFFFFFFFFFFFFFFFFFFFFFFF1BFE84
:1091E0003EEF2A72660F4C0C4C720B0B0F0A722268
:1091F000413B3B3AEDEF3D3A3B3F4EED4A59393862
:109200003838585858595628292406FFFFFFFFFFC1
:10921000FFFFFFFFFFFFFFFFFFFFFFFFFFFF1BFE43
:109220003E3FEFF0F20F0F0F0E660F66071323FE9F
:109230003C5A3B3B3B3B3C3C3B3A4A4A3939393947
:10924000594A594F504A482AF82606FFFFFFFFFFA8
:10925000FFFFFFFFFFFFFFFFFFFFFFFFFFFF1BFE03
:109260003F3EEF2EF1F2080A09070972F02CFE3D8D
:109270003C3C3C6E3B3B3B3A3A4A3A4A4D4F50509D
:109280004D74AE959A9D9B97EA2706FFFFFFFFFF5F
:10929000FFFFFFFFFFFFFFFFFFFFFFFFFFFF1BFEC3
:1092A0003F3F3EFE3268151415F018F841EF3D3D82
:1092B0003D3D3C3C3B3B5A3D5B51515A6DAE95BAEE
:1092C0009D82AAAB8CABA58E8A8077FFFFFFFFFF44
:1092D000FFFFFFFFFFFFFFFFFFFFFFFFFFFF1CFE82
:1092E0003F3F3F3EEFFE403E3FFEFEEFED6F6F3DE6
:1092F0003D5B5B5051523D38AE96BB9CC4CCA8AB95
:10930000ABABABACAC86828D8D8E7BFFFFFFFFFFDE
:10931000FFFFFFFFFFFFFFFFFFFFFFFFFFFF1CFE41
:1093200040643F3F3E3E4B40FB3EEDED5C505152B2
:10933000525B8FAED2B79ADDC6CAA6A6A6A8A8AAC7
:10934000AA87ABABAC87828D8C8B7BFFFFFFFFFFC7
:10935000FFFFFFFFFFFFFFFFFFFFFFFFFFFF1CFE01
:109360004040703F3F3F3F3F4B5253535C90E4B20D
:10937000B8D8C1DEC7C9C9C9CACACCCBA6A8A8AAD1
:10938000AAABABAC8C87828D8C8B7BFFFFFFFFFF82
:10939000FFFFFFFFFFFFFFFFFFFFFFFFFFFF1CFEC1
:1093A00040404040534E533F90E4B2D3D7DBDCDE25
:1093B000DFDFDFDFC7C8C6C9CACCCCCBA6A8AAAA44
:1093C000ABABACAC8C88A38CAC8B7BFFFFFFFFFFFF
:1093D000FFFFFFFFFFFFFFFFFFFFFFFFFFFF1C413E
:1093E0005D4E70ECE2D1B6D4D8DADBDCDDDCDDDE5C
:1093F000DDDEDFDFE0E0C6C9C5A2CCA6A8A8AAAA28
:10940000AA8585838C88A3ACAB8C7BFFFFFFFFFF15
:10941000FFFFFFFFFFFFFFFFFFFFFFFFFFFF739354
:10942000CED2B8D5D8D9DADADADADBDBDCDDDDD2D8
:1094300093D1DDC8E0E0C6CAA07E82CB82CBA482F5
:1094400083A584868C8881ACAB8A7BFFFFFFFFFFFE
:10945000FFFFFFFFFFFFFFFFFFFFFFFFFFFF9899E9
:10946000D7C0C0C0C0D8D8D9D9DADADBDCDEDCD1CD
:10947000CEFEB2C9E0C5C6CAC4C2A0A4A4A6838257
:109480008484A5A58C8A81ABAA8A7BFFFFFFFFFF9E
:10949000FFFFFFFFFFFFFFFFFFFFFFFFFFFF9899A9
:1094A000BED5D5D7D7C0D8D9D9DADBDCDEDCDBDF57
:1094B000DCEFEFC1E0C4C6CAA2A0A4A4A08382824C
:1094C000838485848C8A9FAAAA877BFFFFFFFFFF86
:1094D000FFFFFFFFFFFFFFFFFFFFFFFFFFFF989969
:1094E000BEBEBED5C0C0C0D5D7D7D1CED2E2D2C9BC
:1094F000D4FE5DD3C5A2C5C9A0A0A4A4A483A3A57E
:10950000A58485858C8A9FA8A8877BFFFFFFFFFF26
:10951000FFFFFFFFFFFFFFFFFFFFFFFFFF0198B609
:10952000B8B8BED3CEB8B891B2E2E1D8B8FED3C7CE
:1095300093CEE290DDA2C4A4A0A0A49FA4A58283A0
:10954000A5A5A5828C8A9EA8A6867BFFFFFFFFFFAC
:10955000FFFFFFFFFFFFFFFFFFFFFFFFFFFF98B6CB
:10956000E2E2D4E2FED1D3FED1E193D5D4FEB8D667
:10957000FEBFB85DB7C5A2A4A0A29F9F9EA39F7E79
:109580007D7D7D7D8C8AA0A6CC857BFFFFFFFFFFC4
:10959000FFFFFFFFFFFFFFFFFFFFFFFFFFFFB3B571
:1095A000E193D391FE93D241B2D4D2D2B2FED3D1C1
:1095B0003EC1D675E47EA0A29D9B9D9D9C9D9C7DF9
:1095C0007D81A5858C887DCCCC847AFFFFFFFFFF51
:1095D000FFFFFFFFFFFFFFFFFFFFFFFFFFFFB3B531
:1095E000E193D141E191D1FED1D3D1D4B241D3E1C4
:1095F000D2C1C1BBBFC27E7F9B9B9A7F7EA383A546
:10960000858687888A877ECCCACB7AFFFFFFFFFFDB
:10961000FFFFFFFFFFFFFFFFFFFFFFFFFFFFB3B4F1
:10962000E193E291B241E2FED1B8E2EEE2BBDEDDCF
:109630009B9B9BC1C2C2C27E7E7E9FA48282A5A547
:109640008485868688867ECAC9CB7AFFFFFFFFFFA6
:10965000FFFFFFFFFFFFFFFFFFFFFFFFFFFFB3B4B1
:10966000E1E19193D3E191FECEDCDEDDDEC8C9C23B
:10967000BFD69A9B9B9C9D9D7E7E7D9F81A382836E
:10968000A584868686839CCAC9CB7AFFFFFFFFFF2D
:10969000FFFFFFFFFFFFFFFFFFFFFFFFFFFF97E45D
:1096A000E175FEE4D3E2FEFECEDDDEDFDFE0DEBD0F
:1096B000BDBFBF9A9A9B9C9C9D7E7F9E81819E9FF1
:1096C000817D7E7D9F9F7FC1C2C67AFFFFFFFFFF26
:1096D000FFFFFFFFFFFFFFFFFFFFFFFFFFFF97E41D
:1096E000E1FEFED1D2D193E2B8DEDEDFC7C8D6B943
:1096F000BBBDBFBF9A9A9B9A9A9C9B9A9B9D9D7E4D
:10970000A082A8A8AB8D8D8A80C37BFFFFFFFFFFDF
:10971000FFFFFFFFFFFFFFFFFFFFFFFFFFFFE3CFA5
:1097200093E1E2D1B2B2D2D2D6DFDFC7C9DDB7B999
:10973000B7B7B9B9B7B7BBBDD6D6DCDFC5CAA8AB1A
:109740008A8BA9A7A789CD7AF6FFFFFFFFFFFFFF4E
:10975000FFFFFFFFFFFFFFFFFFFFFFFFFFFFE3CF65
:10976000E4CED1D1D1B2B2D2DDDFDFDEC2D3B2D20C
:10977000D2D3B8D4D5D8DBDDC483C3A1A9A7897C53
:109780007AADFFFFFFFFFFFFFFFFFFFFFFFFFFFFC0
:10979000FFFFFFFFFFFFFFFFFFFFFFFFFFFFB09394
:1097A000E4E4E4CECECEE4D1B8D2D1E4CFE4B4B692
:1097B000B8BD9C98C3A113BC797AF5FFFFFFFFFFEA
:1097C000FFFFFFFFFFFFFFFFFFFFFFFFFFFFFFFFA9
:1097D000FFFFFFFFFFFFFFFFFFFFFFFFFFFFB0FEE9
:1097E000769393E17671717693E2AFD0B3B1E5F100
:1097F000BCF2F401FFFFFFFFFFFFFFFFFFFFFFFFD2
:10980000FFFFFFFFFFFFFFFFFFFFFFFFFFFFFFFF68
:10981000FFFFFFFFFFFFFFFFFFFFFFFFFFFF12F054
:10982000789292AF7818B115F172F303FFFFFFFF42
:10983000FFFFFFFFFFFFFFFFFFFFFFFFFFFFFFFF38
:10984000FFFFFFFFFFFFFFFFFFFFFFFFFFFFFFFF28
:10985000FFFFFFFFFFFFFFFFFFFFFFFFFFFFFFFF18
:10986000FF9494FDF5FFFFFFFFFFFFFFFFFFFFFFEA
:10987000FFFFFFFFFFFFFFFFFFFFFFFFFFFFFFFFF8
:10988000FFFFFFFFFFFFFFFFFFFFFFFFFFFFFFFFE8
:10989000FFFFFFFFFFFFFFFFFFFFFFFFFFFFFFFFD8
:1098A000FFFFFFFFFFFFFFFFFFFFFFFFFFFFFFFFC8
:1098B000FFFFFFFFFFFFFFFFFFFFFFFFFFFFFFFFB8
:1098C000FFFFFFFFFFFFFFFFFFFFFFFFFFFFFFFFA8
:1098D000FFFFFFFFFFFFFFFFFFFF00000000000092
:1098E000000054525545564953494F4E2D5846494C
:1098F0004C452E000001010000000118000000008E
:10990000400040000808FFFFFF010101000001ECDA
:10991000EEEFF3F5F6F9FBFC0103040C161A2D4EDD
:10992000590407085AC9EE0710134FC5ED4FC6EE8C
:1099300050C8F14DC4ED4CC5EE4BC6F049C3EC4ADE
:10994000C4ED4CCAF449C4ED49C4EECEECF5A0E236
:10995000F692DEF5395A647CD8F37AD7F378D6F2EA
:109960005498AD77D6F574D5F24D8FA372D4F270BA
:10997000D3F16FD3F123434D5FB7D16DD2F0488B54
:10998000A056A9C264C5E26AD1F064CAE966CFEF05
:109990005AB8D462C9E862CCED63CEF040879D46E8
:1099A00093AC5CC2E25EC7E861CDEF5ECBEE5ECC0D
:1099B000EF52B5D45BC9EB59C6E85CCBEE5ACAEDA1
:1099C0003F8FA8459BB74BA9C656C1E35ACAEF586B
:1099D000C9ED59CAEF52BCDE58C9EE57C9ED55C69C
:1099E000EA56C9EF56CAEF285F714BB2D454C8EE9D
:1099F00051C3E853C8EE4CBADE4EBFE451C6EC5337
:109A0000CBF250C7EE4DC3EA4DC4EA4DC6ED3FA3BD
:109A1000C44DC6EE4BC5ED4AC3EB4ED0FBCFF2FBB7
:109A2000C5EFFABEE8F3B7E1ECBCECF9AFE8F898A3
:109A3000CFDEA9E6F7A1DEEEA6E6F7A2E5F79DE206
:109A4000F699E2F696E1F590E0F581CCE089DBF15C
:109A50008ADEF47BC9DD88DCF464A4B56BB0C28611
:109A6000DDF46FB9CC84DAF376C5DA6CB5C983DC82
:109A7000F45C9BAC65AABD80D9F082DBF35895A657
:109A80007CD4EC80DAF37ED9F25492A473CBE278E2
:109A9000D6EE62AFC46ABDD475D1EA67B8CF5BA415
:109AA000B864B4CB75D3EE71D0E976D6F26CC8E069
:109AB000559EB36DCCE671D2EE67C4DD4E95A967B5
:109AC000CAE56ACEEA60C0DA59B2CC5ABED93A7D4C
:109AD0009055BCD7B6EBF8A7DBE8B3EAF8ABE8F7EC
:109AE00098D9E89FE5F699DEEF9AE5F68DD7E894E8
:109AF000E1F38EDAEB7DC0D189D4E593E2F576B659
:109B0000C68EDEF28FE1F38CDFF47BC7DA81D1E51C
:109B100087DBF089DDF274BDCF85D8ED83D6EB8687
:109B2000DDF182DBF07BD0E572C2D67CD8EF05098F
:109B30000A74D5EC78DDF472D4EC75DCF374DBF3E5
:109B400075DDF56ED2EB71DAF272DCF56DD9F215D6
:109B50002A2F67CEE86BD9F269D7F166D6F063D5C4
:109B6000EF64D8F461D4EF5ED3EF5FD9F55CD2EE49
:109B70005BD1EE57CDEA58D0EDC8EDF5B6E9F3BDAF
:109B8000F3FDB0E6F1B7EFFB83B1BBB0EFFBA7E4A9
:109B9000F17BA9B290C7D3AAEDFAABEFFCA5EAF925
:109BA000659099A4EDFB2D41454F747C9EE8F89C8F
:109BB000EBFA69A0AC96E4F595E9F990E7F88FE93E
:109BC000FB8BE5F888E4F784E2F682E4F87FE0F5C1
:109BD0007CDFF479DEF472DCF3D7F8FECFF7FEC950
:109BE000F6FEC4F5FEB5F2FD0A1011060C0DE4FCFC
:109BF000FFE1E3E3E6E8E8010202030606CFCDCD8C
:109C0000FFFFFF000000FFFFFFFFFFFFFFFFFFFF61
:109C1000FFFFFFFFFFFFFFC3080BFFFFFFFFFFFF7B
:109C2000FFFFFFFFFFFFFFFFFFFFFFFFFFFFFFFF44
:109C3000FFFFFFFFFFFFFFFFFFFFFFFFFFFFFFFF34
:109C4000FFFFFFFFFFFFFFFFFFFFFFFFFFFFFFFF24
:109C5000FFFFFFFFFFFF4BCFCC88FCFFFFFFFFFFA5
:109C6000FFFFFFFFFFFFFFFFFFFFFFFFFFFFFFFF04
:109C7000FFFFFFFFFFFFFFFFFFFFFFFFFFFFFFFFF4
:109C8000FFFFFFFFFFFFFFFFFFFFFFFFFFFFFFFFE4
:109C9000FFFFFFFF0698CFD0CC8907FFFFFFFFFF34
:109CA000FFFFFFFFFFFFFFFFFFFFFFFFFFFFFFFFC4
:109CB000FFFFFFFFFFFFFFFFFFFFFFFFFFFFFFFFB4
:109CC000FFFFFFFFFFFFFFFFFFFFFFFFFFFFFFFFA4
:109CD000FFFFFFB832D0D0D0CC8907FFFFFFFFFFD6
:109CE000FFFFFFFFFFFFFFFFFFFFFFFFFF02F70B7D
:109CF000FBFFFFFFFFFFFFFFFFFFFFFFFFFFFFFF78
:109D0000FFFFFFFFFFFFFFFFFFFFFFFFFFFFFFFF63
:109D1000FFFF0B3FD0D0D0D0CC8707FFFFFFFFFF66
:109D2000FFFFFFFFFFFFFFFB0202B8C34B3F120C18
:109D30001AFFFFFFFFFFFFFFFFFFFFFFFFFFFFFF18
:109D4000FFFFFFFFFFFFFFFFFFFFFFFFFFFFFF0220
:109D5000FFC340D0CECECED0CC8707FFFFFFFFFFA2
:109D6000FFFF020602FB0BC34B3F5B5C5C11110E55
:109D700021FBFFFFFFFFFFFFFFFFFFFFFFFFFFFFD5
:109D8000FFFFFFFFFFFFFFFFFFFFFFFFFFFFFFFFE3
:109D9000C399CECECECECECECC8507FFFFFF02FF3D
:109DA000FF020BC34B58105C141411131313160E3F
:109DB00021FBFFFFFFFFFFFFFFFFFFFFFFFFFFFF95
:109DC000FFFFFFFFFFFFFFFFFFFFFFFFFFFFFB2581
:109DD00041CDCDCDCDCDCDCEC98507FFFF060BC37F
:109DE0004B3F5059590F555B5B1313131313160E4A
:109DF00021FBFFFFFFFFFFFFFFFFFFFFFFFFFFFF55
:109E0000FFFFFFFFFFFFFFFFFFFFFFFFFFFC08C497
:109E1000CDCDCDCDCDCDCDCDC985C3C308983F4CDB
:109E2000505050515155550F5A5A5A131313160E7C
:109E300021FBFFFFFFFFFFFFFFFFFFFFFFFFFFFF14
:109E4000FFFFFFFFFFFFFFFFFFFFFFFF014B2CBFE7
:109E5000CBCBCBCBCBCBCBCBC985983E3F3F584070
:109E60004C50505151560F0F0F5A5A131313160ED0
:109E700081FBFFFFFFFFFFFFFFFFFFFFFFFFFFFF74
:109E8000FFFFFFFFFFFFFFFFFFFFFFFC98C4C4BF02
:109E9000CBCACACACACACACBC9B698323E3F3F402B
:109EA0004C505051550C0F0C57595A5A5A13160E04
:109EB0001EFBFFFFFFFFFFFFFFFFFFFFFFFFFFFF97
:109EC000FFFFFFFFFFFFFFFFFFFFFF3E2AC4C4BFEE
:109ED000CACACACACACACACAC9B632323E3F3F4053
:109EE0004C50454E4E0C0C0C0C59105A5A5A150E2B
:109EF0001EFBFFFFFFFFFFFFFFFFFFFFFFFFFFFF57
:109F0000FFFFFFFFFFFFFFFFFFFFFF9993C494BF19
:109F1000CAC8C8C8C8C8C8CAC57632323E3F3F4062
:109F20004C45514E525254540D0D5759105A160E5D
:109F30008EFBFFFFFFFFFFFFFFFFFFFFFFFFFFFFA6
:109F4000FFFFFFFFFFFFFFFFFFFFFF9993C494BBDD
:109F5000C8C7C7C7C8C8C7C8C5AC32323E3F3F40F4
:109F60004C45514E52525254540D0D5959105A0EDF
:109F70008EFBFFFFFFFFFFFFFFFFFFFFFFFFFFFF66
:109F8000FFFFFFFFFFFFFFFFFFFFFF99939494BBCD
:109F9000C7C7C7C7C7C7C7C7C56F3232333F3F4000
:109FA0003945414848524F4F545454595959100E4D
:109FB00088FBFFFFFFFFFFFFFFFFFFFFFFFFFFFF2C
:109FC000FFFFFFFFFFFFFFFFFFFFFF999394BFB964
:109FD000C7C6C6C6C6C6C6C7C26C2832333F3F40D6
:109FE00039454148484D4D4F4F5454540D59105325
:109FF00088FBFFFFFFFFFFFFFFFFFFFFFFFFFFFFEC
:10A00000FFFFFFFFFFFFFFFFFFFFFF9993BFBFB9F8
:10A01000C6C6C6C6C6C6C6C6C16C2832333F3F4098
:10A020003945414848474D4D4F4F54545459595361
:10A030008802FFFFFFFFFFFFFFFFFFFFFFFFFFFFA4
:10A04000FFFFFFFFFFFFFFFFFFFFFF998FBFBF83F2
:10A05000C5C5C5C5C5C5C5C5C1AD2832333F3F401F
:10A060003941413B4347494D4D4D4F545454595349
:10A070007A01FFFFFFFFFFFFFFFFFFFFFFFFFFFF73
:10A08000FFFFFFFFFFFFFFFFFFFFFF978FBFBB83B8
:10A09000C5C2C2C2C5C2C2C5BEA62132333F3F96A9
:10A0A00039413B3B43464649494D4D4F4F5454532C
:10A0B0008401FFFFFFFFFFFFFFFFFFFFFFFFFFFF29
:10A0C000FFFFFFFFFFFFFFFFFFFFFF978FBFBB8378
:10A0D000C2C0C0C2C0C0C0C2BEA62132333F2939EF
:10A0E00097413B3A3D42444647494D4D4F545453A6
:10A0F0008402FFFFFFFFFFFFFFFFFFFFFFFFFFFFE8
:10A10000FFFFFFFFFFFFFFFFFFFFFF978FBBB9B709
:10A11000C0C0C0C0C0C0C0C0EFA49232923F402EA9
:10A120009734353C3C424244434949494D4F544A97
:10A1300085FCFFFFFFFFFFFFFFFFFFFFFFFFFFFFAC
:10A14000FFFFFFFFFFFFFFFFFFFFFF978BB983B705
:10A15000F0BDBDBDBDBDBDF0EFA492323329962E3A
:10A16000343435373C3C3C420A444A49494D4F4916
:10A17000B6F7FFFFFFFFFFFFFFFFFFFFFFFFFFFF40
:10A18000FFFFFFFFFFFFFFFFFFFFFF978BB98380FC
:10A19000BDBCBCBCBCBCBCBCEFA992328E292E9706
:10A1A0003435353737383C3C4242444A4A494F44BB
:10A1B000B6F7FFFFFFFFFFFFFFFFFFFFFFFFFFFF00
:10A1C000FFFFFFFFFFFFFFFFFFFFFF978B8383B4BE
:10A1D000BEBABABABABABABDE9A021288E962E95EF
:10A1E000342F2F303636373C3C3C4244444A4D42B3
:10A1F00076F7FFFFFFFFFFFFFFFFFFFFFFFFFFFF00
:10A20000FFFFFFFFFFFFFFFFFFFFFF958B83B7B44B
:10A21000EFEFEFEFEFEFEFED9D7A289288969595AF
:10A220002A2F303036363638373C42424444493C97
:10A2300076F7FFFFFFFFFFFFFFFFFFFFFFFFFFFFBF
:10A24000FFFFFFFFFFFFFFFFFFFFFF958683B7B311
:10A25000EEEEEEEEEEEEEFE3A898211E2996952A9B
:10A260002A2C3031313136363838383C4244443685
:10A270006FF7FFFFFFFFFFFFFFFFFFFFFFFFFFFF86
:10A28000FFFFFFFFFFFFFFFFFFFFFF9586B77BB3D9
:10A29000EEEDEDEDEDEDEEA37D32818E2926952AD2
:10A2A00093C4302D2D313136363838383C42423166
:10A2B0006FF7FFFFFFFFFFFFFFFFFFFFFFFFFFFF46
:10A2C000FFFFFFFFFFFFFFFFFFFFFF9583B7B46EA8
:10A2D000EDEDEDEDEDEDEDA481281E8E2926912A00
:10A2E00093942D2D2D2D3131313638383838382D85
:10A2F000ACF7FFFFFFFFFFFFFFFFFFFFFFFFFFFFC9
:10A30000FFFFFFFFFFFFFFFFFFFFFF957E7BB3AB6C
:10A31000EDEDEBEBEBEBECA281211E8E842691930D
:10A3200094942B2D2D2D2D2D313136363636362B5E
:10A33000ACF7FFFFFFFFFFFFFFFFFFFFFFFFFFFF88
:10A34000FFFFFFFFFFFFFFFFFFFFFF917EB4B3AAF8
:10A35000EBEBEBEBEBEBECA281211E8884858D8F80
:10A3600094942B2B2B2B2D2D2D3131313131312448
:10A37000A5F7FFFFFFFFFFFFFFFFFFFFFFFFFFFF4F
:10A38000FFFFFFFFFFFFFFFFFFFFFF917EB3AFAABD
:10A39000EBEBEBEBEBEBEAA27D218E8884858D8FD6
:10A3A00094BF27272B2B2B2D2D2D2D312D2D2B22FF
:10A3B000A5B8FFFFFFFFFFFFFFFFFFFFFFFFFFFF4E
:10A3C000FFFFFFFFFFFFFFFFFFFFFF917BB3ABA787
:10A3D000EAEAEAEAEAEAEAA47D818E8889918D8F29
:10A3E000BF90272727272B2B2B2D2D2D2B2B278C71
:10A3F000A8B8FFFFFFFFFFFFFFFFFFFFFFFFFFFF0B
:10A40000FFFFFFFFFFFFFFFFFFFFFF917BAFAAE50D
:10A41000EAE9E9E9E9E9E9A47D81888889B68F8BD1
:10A42000BF9023242727272B2B2B2B2B2B27231FB6
:10A430007707B8B8FFFFFFFFFFFFFFFFFFFFFFFF3A
:10A44000FFFFFFFFFFFFFFFFFFFFFF91B1A96BA120
:10A45000E9E9E9E9E9E9E8A47D7D887A878D8B8BD4
:10A4600090902323232427272B2B27272423208C5A
:10A470009089767AC3FFFFFFFFFFFFFFFFFFFFFF1B
:10A48000FFFFFFFFFFFFFFFFFFFFFF91B1AAA7E262
:10A49000E9E7E7E7E7E7E69E7D79887A8782868ABB
:10A4A0008A8A22222223242427272423228C1D7BEC
:10A4B0006519196C2501FFFFFFFFFFFFFFFFFFFF7D
:10A4C000FFFFFFFFFFFFFFFFFFFFFF8DAEAAA7E229
:10A4D000E7E7E7E7E7E6E6A0797D88848582868A74
:10A4E0008A20202022232323242322228C1D1B7533
:10A4F000F9F9F96325FFFFFFFFFFFFFFFFFFFFFFF4
:10A50000FFFFFFFFFFFFFFFFFFFFFF8DAEA7E5E2AD
:10A51000E7E7E7E6E6E3E3A0797988728582868358
:10A52000838C8C8C202022222220208C1D80806D08
:10A53000F9FAFA6308FFFFFFFFFFFFFFFFFFFFFFCE
:10A54000FFFFFFFFFFFFFFFFFFFFFF8DAFE5A1DD77
:10A55000E7E6E6E6E3E3DF6579797A848582868358
:10A56000831D1D8C8C8C20208C8C1D1B807F75A9DD
:10A57000FAFAFA6308FFFFFFFFFFFFFFFFFFFFFF8D
:10A58000FFFFFFFFFFFFFFFFFFFFFF8DAFE5A1DD37
:10A59000E6E6E3E3E3DFDF6579797A72B6827EB7D8
:10A5A0001C1C1D1D8C8C8C8C8C1C1B807570701958
:10A5B000FA03036308FFFFFFFFFFFFFFFFFFFFFF3B
:10A5C000FFFFFFFFFFFFFFFFFFFFFF8DA9E5E2DDBC
:10A5D000E6E3E3E3DFDFDCD879797A77B6B57EB7F7
:10A5E0001B1B1C1C1D1D1D1D1C1B7F757070AB6A69
:10A5F0000303039E0801FFFFFFFFFFFFFFFFFFFFB5
:10A60000FFFFFFFFFFFFFFFFFFFFFF8DA9A1E2DBC1
:10A61000E3E3E3DFDFDFD7D8E4717A77B6B57EB75F
:10A6200080801B1B1C1B1B1B807F75706E1919689B
:10A630000304049B08FFFFFFFFFFFFFFFFFFFFFF77
:10A64000FFFFFFFFFFFFFFFFFFFFFF82A9A1E2DB8C
:10A65000E3DFDFDFDCD7D7D471717277B6B5B780AF
:10A66000808080801B1B807F7F7570AB6B196A18A0
:10A670000404049B08FFFFFFFFFFFFFFFFFFFFFF36
:10A68000FFFFFFFFFFFFFFFFFFFFFF82A9A1DDD755
:10A69000DFDFDCDCD7D7F5D47171727476B57B7BE4
:10A6A00080807F8080807F7C7570AB1919696966B6
:10A6B0000405059B0802FFFFFFFFFFFFFFFFFFFFF1
:10A6C000FFFFFFFFFFFFFFFFFFFFFF82AA9FDDD716
:10A6D000DFDCDCD7D7F5D3D271717274767E7B7FE5
:10A6E0007F7F7F7F7F7C787370AB196A696818649D
:10A6F00005FE05601AFFFFFFFFFFFFFFFFFFFFFFE3
:10A70000FFFFFFFFFFFFFFFFFFFFFF82A367DBF5F8
:10A71000DCD7D7F5F5D3D3D271717274767EB47C61
:10A720007C7C7C787878706EAB6B6A69681867623D
:10A7300004FD056008FFFFFFFFFFFFFFFFFFFFFFB6
:10A74000FFFFFFFFFFFFFFFFFFFFFF82A3DDDBD562
:10A75000DCF5F5F5D3D3F45F7A7172B06FB2B47CE7
:10A760007878787873706EAB6B6A69686766649C9A
:10A7700004FDFE601AFFFFFFFFFFFFFFFFFFFFFF6B
:10A78000FFFFFFFFFFFFFFFFFFFFFFB5E5DDD7D5B1
:10A79000D7F5F5D3D3F4F35F7A7177B6ADB47578A6
:10A7A00073737373706EA9196A69686766649DD55F
:10A7B00003FD05601AFFFFFFFFFFFFFFFFFFFFFF25
:10A7C000FFFFFFFFFFFFFFFFFFFFFFB5A19DD7D3F7
:10A7D000F5D3D3D3F4F4F3617272B06FB2AE737386
:10A7E00073737370ABAB6B6A69686766646262614E
:10A7F00005F9055F1AFFFFFFFFFFFFFFFFFFFFFFE8
:10A80000FFFFFFFFFFFFFFFFFFFFFFB59F9DD5D3BA
:10A81000F5D3D3F4F4F3F2D17277ACADB1B3737076
:10A8200070706EAB6B6B6A699F67669D629C9C6182
:10A8300005F9055F1AFFFFFFFFFFFFFFFFFFFFFFA7
:10A84000FFFFFFFFFFFFFFFFFFFFFFAD9FD7D5F427
:10A85000D3D3F4F4F3F2F1D1A8B06CB2AEAF706E12
:10A860006E6EAB6B6B6A699F67669D629C9A9A5E1F
:10A8700004FDFED11AFFFFFFFFFFFFFFFFFFFFFFF9
:10A88000FFFFFFFFFFFFFFFFFFFFFFAD66D7D5F420
:10A89000D3F4F4F3F2F2F15EB0B6ADB26DAF6EABDD
:10A8A000ABAB6BA76A699F67669D629C9A61615EAC
:10A8B00004FD05D11AFFFFFFFFFFFFFFFFFFFFFFB2
:10A8C000FFFFFFFFFFFFFFFFFFFFFFA6669AD3F327
:10A8D000F4F3F3F2F2F1F15DA576ADB1AFAFABAB4E
:10A8E0006B6BA76A699F67669D629C9A6161615EF6
:10A8F00004FDFE171AFBFFFFFFFFFFFFFFFFFFFF37
:10A90000FFFFFFFFFFFFFFFFFFFFFFA69DD5D3F374
:10A91000F4F3F2F2F1F1F85DA56FB2AEAF6EAB6B8E
:10A920006BA7E5699F67669D629C9A6161615E5D48
:10A9300005FD05171A02FFFFFFFFFFFFFFFFFFFFE7
:10A94000FFFFFFFFFFFFFFFFFFFFFFA69D615EF21E
:10A95000F3F2F2F2F1F8F89BB0ADB1AF6E6E6B6B43
:10A96000A76A699F67669D629C9A61615E5E5E5D93
:10A97000050405171AFFFFFFFFFFFFFFFFFFFFFFA3
:10A98000FFFFFFFFFFFFFFFFFFFFFFA26261F4F287
:10A99000F2F2F1F8F8D163746FB1AE6EAB6B6B6B22
:10A9A0006A699F67669D629C9A61615E5E5E5D5D9D
:10A9B000F8F8F8D11AFFFFFFFFFFFFFFFFFFFFFFCF
:10A9C000FFFFFFFFFFFFFFFFFFFFFF9E62D3F4F2D9
:10A9D000F2F1F8D1DA77746CB1AF6EABAB6B6B6A36
:10A9E00069689F669D629C9A61615E5D5D5DF1F143
:10A9F0005DD15FA8C3FFFFFFFFFFFFFFFFFFFFFF6A
:10AA0000FFFFFFFFFFFFFFFFFFFFFF9E9A5EF4F1D6
:10AA1000F8D1DA72776FB26D6E6E6EABAB6BA76A00
:10AA200069679D9C9A615E5E5ED15F6063D6DEE180
:10AA30001A08C3B8FFFFFFFFFFFFFFFFFFFFFFFF85
:10AA4000FFFFFFFFFFFFFFFFFFFFFF9E9AF3F8D11D
:10AA5000DA72776FB2B3737373ABA76A69679D9C41
:10AA60009A9AD29BDAD9DEE11A08C307B8FBFFFF36
:10AA7000FFFFFFFFFFFFFFFFFFFFFFFFFFFFFFFFE6
:10AA8000FFFFFFFFFFFFFFFFFFFFFF9E5D5E6372A3
:10AA9000896FB1A4A96A18D89DD8D89BDAD9DEE10C
:10AAA0001AE0C3F60901FFFFFFFFFFFFFFFFFFFFF3
:10AAB000FFFFFFFFFFFFFFFFFFFFFFFFFFFFFFFFA6
:10AAC000FFFFFFFFFFFFFFFFFFFFFF6060A5DA63EF
:10AAD000D8D8D89BDAD9DEE11AE0C3F6FC01FFFF33
:10AAE000FFFFFFFFFFFFFFFFFFFFFFFFFFFFFFFF76
:10AAF000FFFFFFFFFFFFFFFFFFFFFFFFFFFFFFFF66
:10AB0000FFFFFFFFFFFFFFFFFFFF01E0DA63E4E16C
:10AB10001AE0C3F6FCFFFFFFFFFFFFFFFFFFFFFF91
:10AB2000FFFFFFFFFFFFFFFFFFFFFFFFFFFFFFFF35
:10AB3000FFFFFFFFFFFFFFFFFFFFFFFFFFFFFFFF25
:10AB4000FFFFFFFFFFFFFFFFFFFFFFFFFFFFFFFF15
:10AB5000FFFFFFFFFFFFFFFFFFFFFFFFFFFFFFFF05
:10AB6000FFFFFFFFFFFFFFFFFFFFFFFFFFFFFFFFF5
:10AB7000FFFFFFFFFFFFFFFFFFFFFFFFFFFFFFFFE5
:10AB8000FFFFFFFFFFFFFFFFFFFFFFFFFFFFFFFFD5
:10AB9000FFFFFFFFFFFFFFFFFFFFFFFFFFFFFFFFC5
:10ABA000FFFFFFFFFFFFFFFFFFFFFFFFFFFFFFFFB5
:10ABB000FFFFFFFFFFFFFFFFFFFFFFFFFFFFFFFFA5
:10ABC000FFFFFFFFFFFFFFFFFFFFFFFFFFFFFFFF95
:10ABD000FFFFFFFFFFFFFFFFFFFFFFFFFFFFFFFF85
:10ABE000FFFFFFFFFFFFFFFFFFFFFFFFFFFFFFFF75
:10ABF000FFFFFFFFFFFFFFFFFFFFFFFFFFFFFFFF65
:10AC0000FFFFFFFFFFFF00000000000000005452A4
:10AC10005545564953494F4E2D5846494C452E00EF
:10AC200000010100000001180000000020002000C9
:10AC30000808000000000000000000000000000004
:10AC40000000000000000000000000000000000004
:10AC500000000000000000000000000000000000F4
:10AC600000000000000000000000000000000000E4
:10AC700000000000000000000000000000000000D4
:10AC800000000000000000000000000000000000C4
:10AC900000000000000000000000000000000000B4
:10ACA00000000000000000000000000000000000A4
:10ACB0000000000000000000000000000000000094
:10ACC0000000000000000000000000000000000084
:10ACD0000000000000000000000000000000000074
:10ACE0000000000000000000000000000000000064
:10ACF0000000000000000000000000000000000054
:10AD00000000000000000000000000000000000043
:10AD10000000000000000000000000000000000033
:10AD20000000000000000000000000000000000023
:10AD30000000000000000000000000000000000013
:10AD40000000000000000000000000000000000003
:10AD500000000000000000000000000000000000F3
:10AD600000000000000000000000000000000000E3
:10AD700000000000000000000000000000000000D3
:10AD800000000000000000000000000000000000C3
:10AD900000000000000000000000000000000000B3
:10ADA00000000000000000000000000000000000A3
:10ADB0000000000000000000000000000000000093
:10ADC0000000000000000000000000000000000083
:10ADD0000000000000000000000000000000000073
:10ADE0000000000000000000000000000000000063
:10ADF0000000000000000000000000000000000053
:10AE00000000000000000000000000000000000042
:10AE10000000000000000000000000000000000032
:10AE20000000000000000000000000000000000022
:10AE30000000000000000000000000000000000012
:10AE40000000000000000000000000000000000002
:10AE500000000000000000000000000000000000F2
:10AE600000000000000000000000000000000000E2
:10AE700000000000000000000000000000000000D2
:10AE800000000000000000000000000000000000C2
:10AE900000000000000000000000000000000000B2
:10AEA00000000000000000000000000000000000A2
:10AEB0000000000000000000000000000000000092
:10AEC0000000000000000000000000000000000082
:10AED0000000000000000000000000000000000072
:10AEE0000000000000000000000000000000000062
:10AEF0000000000000000000000000000000000052
:10AF00000000000000000000000000000000000041
:10AF10000000000000000000000000000000000031
:10AF20000000008080800101730000FFFFFFFF0030
:10AF30000000FFFFFFFFFFFFFFFFFFFFFFFFFFFF1F
:10AF4000FFFFFFFFFFFFFFFFFFFFFFFFFFFFFFFF11
:10AF5000FFFFFFFFFFFFFFFFFFFFFFFFFFFFFFFF01
:10AF6000FFFFFFFFFFFFFFFFFFFFFFFFFFFFFFFFF1
:10AF7000FFFFFFFFFFFFFFFFFFFFFFFFFFFFFFFFE1
:10AF8000FFFFFFFFFFFFFFFFFFFFFFFFFFFFFFFFD1
:10AF9000FFFFFFFFFFFFFFFBFBFBFBFBFBFBFBFBE5
:10AFA000FBFBFBFBFBFBFBFBFBFBFBFBFBFBFBFFED
:10AFB000FFFFFFFFFFFFFDFDFDFDFDFDFDFDFDFDB5
:10AFC000FDFDFDFDFDFDFDFDFDFDFDFDFDFDFBFFB1
:10AFD000FFFFFFFFFFFFFDFDFDFDFDFDFDFDFDFD95
:10AFE000FDFDFDFDFDFDFDFDFDFDFDFDFDFDFBFF91
:10AFF000FFFFFFFFFFFFFDFDFDFDFDFDFDFDFDFD75
:10B00000FDFDFDFDFDFDFDFDFDFDFDFDFDFDFBFF70
:10B01000FFFFFFFFFFFFFDFDFDFCFCFDFDFDFDFD56
:10B02000FDFDFDFDFDFDFDFDFDFCFCFDFDFDFBFF52
:10B03000FFFFFFFFFFFFFDFDFDFCFCFCFDFDFDFD37
:10B04000FDFDFDFDFDFDFDFDFCFCFCFDFDFDFBFF33
:10B05000FFFFFFFFFFFFFDFDFDFDFCFCFCFDFDFD17
:10B06000FDFDFDFDFDFDFDFCFCFCFDFDFDFDFBFF13
:10B07000FFFFFFFFFFFFFDFDFDFDFDFCFCFCFDFDF7
:10B08000FDFDFDFDFDFDFCFCFCFDFDFDFDFDFBFFF3
:10B09000FFFFFFFFFFFFFDFDFDFDFDFDFCFCFCFDD7
:10B0A000FDFDFDFDFDFCFCFCFDFDFDFDFDFDFBFFD3
:10B0B000FFFFFFFFFFFFFDFDFDFDFDFDFDFCFCFCB7
:10B0C000FDFDFDFDFCFCFCFDFDFDFDFDFDFDFBFFB3
:10B0D000FFFFFFFFFFFFFDFDFDFDFDFDFDFDFCFC96
:10B0E000FCFDFDFCFCFCFDFDFDFDFDFDFDFDFBFF94
:10B0F000FFFFFFFFFFFFFDFDFDFDFDFDFDFDFDFC75
:10B10000FCFCFCFCFCFDFDFDFDFDFDFDFDFDFBFF74
:10B11000FFFFFFFFFFFFFDFDFDFDFDFDFDFDFDFD53
:10B12000FCFCFCFCFDFDFDFDFDFDFDFDFDFDFBFF53
:10B13000FFFFFFFFFFFFFDFDFDFDFDFDFDFDFDFD33
:10B14000FCFCFCFCFDFDFDFDFDFDFDFDFDFDFBFF33
:10B15000FFFFFFFFFFFFFDFDFDFDFDFDFDFDFDFC14
:10B16000FCFCFCFCFCFDFDFDFDFDFDFDFDFDFBFF14
:10B17000FFFFFFFFFFFFFDFDFDFDFDFDFDFDFCFCF5
:10B18000FCFDFDFCFCFCFDFDFDFDFDFDFDFDFBFFF3
:10B19000FFFFFFFFFFFFFDFDFDFDFDFDFDFCFCFCD6
:10B1A000FDFDFDFDFCFCFCFDFDFDFDFDFDFDFBFFD2
:10B1B000FFFFFFFFFFFFFDFDFDFDFDFDFCFCFCFDB6
:10B1C000FDFDFDFDFDFCFCFCFDFDFDFDFDFDFBFFB2
:10B1D000FFFFFFFFFFFFFDFDFDFDFDFCFCFCFDFD96
:10B1E000FDFDFDFDFDFDFCFCFCFDFDFDFDFDFBFF92
:10B1F000FFFFFFFFFFFFFDFDFDFDFCFCFCFDFDFD76
:10B20000FDFDFDFDFDFDFDFCFCFCFDFDFDFDFBFF71
:10B21000FFFFFFFFFFFFFDFDFDFCFCFCFDFDFDFD55
:10B22000FDFDFDFDFDFDFDFDFCFCFCFDFDFDFBFF51
:10B23000FFFFFFFFFFFFFDFDFDFCFCFDFDFDFDFD34
:10B24000FDFDFDFDFDFDFDFDFDFCFCFDFDFDFBFF30
:10B25000FFFFFFFFFFFFFDFDFDFDFDFDFDFDFDFD12
:10B26000FDFDFDFDFDFDFDFDFDFDFDFDFDFDFBFF0E
:10B27000FFFFFFFFFFFFFDFDFDFDFDFDFDFDFDFDF2
:10B28000FDFDFDFDFDFDFDFDFDFDFDFDFDFDFBFFEE
:10B29000FFFFFFFFFFFFFDFDFDFDFDFDFDFDFDFDD2
:10B2A000FDFDFDFDFDFDFDFDFDFDFDFDFDFDFFFFCA
:10B2B000FFFFFFFFFFFFFFFFFFFFFFFFFFFFFFFF9E
:10B2C000FFFFFFFFFFFFFFFFFFFFFFFFFFFFFFFF8E
:10B2D000FFFFFFFFFFFFFFFFFFFFFFFFFFFFFFFF7E
:10B2E000FFFFFFFFFFFFFFFFFFFFFFFFFFFFFFFF6E
:10B2F000FFFFFFFFFFFFFFFFFFFFFFFFFFFFFFFF5E
:10B30000FFFFFFFFFFFFFFFFFFFFFFFFFFFFFFFF4D
:10B31000FFFFFFFFFFFFFFFFFFFFFFFFFFFFFFFF3D
:10B32000FFFFFFFFFFFFFFFFFFFFFFFFFFFFFFFF2D
:10B33000FFFF000000000000000054525545564930
:10B3400053494F4E2D5846494C452E0000010100EF
:10B350000000011800000000200020000808000084
:10B3600000000000000000000000000000000000DD
:10B3700000000000000000000000000000000000CD
:10B3800000000000000000000000000000000000BD
:10B3900000000000000000000000000000000000AD
:10B3A000000000000000000000000000000000009D
:10B3B000000000000000000000000000000000008D
:10B3C000000000000000000000000000000000007D
:10B3D000000000000000000000000000000000006D
:10B3E000000000000000000000000000000000005D
:10B3F000000000000000000000000000000000004D
:10B40000000000000000000000000000000000003C
:10B41000000000000000000000000000000000002C
:10B42000000000000000000000000000000000001C
:10B43000000000000000000000000000000000000C
:10B4400000000000000000000000000000000000FC
:10B4500000000000000000000000000000000000EC
:10B4600000000000000000000000000000000000DC
:10B4700000000000000000000000000000000000CC
:10B4800000000000000000000000000000000000BC
:10B4900000000000000000000000000000000000AC
:10B4A000000000000000000000000000000000009C
:10B4B000000000000000000000000000000000008C
:10B4C000000000000000000000000000000000007C
:10B4D000000000000000000000000000000000006C
:10B4E000000000000000000000000000000000005C
:10B4F000000000000000000000000000000000004C
:10B50000000000000000000000000000000000003B
:10B51000000000000000000000000000000000002B
:10B52000000000000000000000000000000000001B
:10B53000000000000000000000000000000000000B
:10B5400000000000000000000000000000000000FB
:10B5500000000000000000000000000000000000EB
:10B5600000000000000000000000000000000000DB
:10B5700000000000000000000000000000000000CB
:10B5800000000000000000000000000000000000BB
:10B5900000000000000000000000000000000000AB
:10B5A000000000000000000000000000000000009B
:10B5B000000000000000000000000000000000008B
:10B5C000000000000000000000000000000000007B
:10B5D000000000000000000000000000000000006B
:10B5E000000000000000000000000000000000005B
:10B5F000000000000000000000000000000000004B
:10B60000000000000000000000000000000000003A
:10B61000000000000000000000000000000000002A
:10B62000000000000000000000000000000000001A
:10B63000000000000000000000000000000000000A
:10B6400000000000000000000000000000000000FA
:10B650000000808080FF0000FFFFFF000000FFFF70
:10B66000FFFFFFFFFFFFFFFFFFFFFFFFFFFFFFFFEA
:10B67000FFFFFFFFFFFFFFFFFFFFFFFFFFFFFFFFDA
:10B68000FFFFFFFFFFFFFFFFFFFFFFFFFFFFFFFFCA
:10B69000FFFFFFFFFFFFFFFFFFFFFFFFFFFFFFFFBA
:10B6A000FFFFFFFFFFFFFFFFFFFFFFFFFFFFFFFFAA
:10B6B000FFFFFFFFFFFFFFFFFFFFFFFFFFFFFFFF9A
:10B6C000FFFFFFFFFFFFFFFFFFFFFFFFFFFFFCFC90
:10B6D000FCFFFFFFFFFFFCFCFCFCFCFFFFFFFFFF8C
:10B6E000FFFFFFFFFFFFFFFFFFFFFFFFFFFDFDFD70
:10B6F000FCFFFFFFFFFDFDFDFDFDFCFFFFFFFFFF6A
:10B70000FFFFFFFFFFFFFFFFFFFFFFFFFDFDFDFD51
:10B71000FCFFFFFFFFFDFDFDFDFDFCFFFFFFFFFF49
:10B72000FFFFFFFFFFFFFFFFFFFFFFFDFDFDFDFD33
:10B73000FCFFFFFFFFFDFDFDFDFDFCFFFFFFFFFF29
:10B74000FFFFFFFFFFFFFFFFFFFFFDFDFDFDFDFD15
:10B75000FCFFFFFFFFFDFDFDFDFDFCFFFFFFFFFF09
:10B76000FFFFFFFFFFFFFFFFFFFDFDFDFDFDFDFDF7
:10B77000FCFFFFFFFFFDFDFDFDFDFCFFFFFFFFFFE9
:10B78000FFFFFFFFFFFFFFFFFDFDFDFDFDFDFDFDD9
:10B79000FCFFFFFFFFFDFDFDFDFDFCFFFFFFFFFFC9
:10B7A000FFFFFFFFFFFFFFFDFDFDFDFDFDFDFDFDBB
:10B7B000FCFFFFFFFFFDFDFDFDFDFCFFFFFFFFFFA9
:10B7C000FFFFFFFFFFFFFDFDFDFDFDFDFDFDFDFD9D
:10B7D000FCFFFFFFFFFDFDFDFDFDFCFFFFFFFFFF89
:10B7E000FFFFFFFFFFFDFDFDFDFDFDFDFDFDFDFD7F
:10B7F000FCFFFFFFFFFDFDFDFDFDFCFFFFFFFFFF69
:10B80000FFFFFFFFFDFDFDFDFDFDFDFDFDFDFDFD60
:10B81000FCFFFFFFFFFDFDFDFDFDFCFFFFFFFFFF48
:10B82000FFFFFFFDFDFDFDFDFDFDFDFDFDFDFDFD42
:10B83000FCFFFFFFFFFDFDFDFDFDFCFFFFFFFFFF28
:10B84000FFFFFDFDFDFDFDFDFDFDFDFDFDFDFDFD24
:10B85000FCFFFFFFFFFDFDFDFDFDFCFFFFFFFFFF08
:10B86000FFFFFDFDFDFDFDFDFDFDFDFDFDFDFDFD04
:10B87000FCFFFFFFFFFDFDFDFDFDFCFFFFFFFFFFE8
:10B88000FFFFFFFDFDFDFDFDFDFDFDFDFDFDFDFDE2
:10B89000FCFFFFFFFFFDFDFDFDFDFCFFFFFFFFFFC8
:10B8A000FFFFFFFFFDFDFDFDFDFDFDFDFDFDFDFDC0
:10B8B000FCFFFFFFFFFDFDFDFDFDFCFFFFFFFFFFA8
:10B8C000FFFFFFFFFFFDFDFDFDFDFDFDFDFDFDFD9E
:10B8D000FCFFFFFFFFFDFDFDFDFDFCFFFFFFFFFF88
:10B8E000FFFFFFFFFFFFFDFDFDFDFDFDFDFDFDFD7C
:10B8F000FCFFFFFFFFFDFDFDFDFDFCFFFFFFFFFF68
:10B90000FFFFFFFFFFFFFFFDFDFDFDFDFDFDFDFD59
:10B91000FCFFFFFFFFFDFDFDFDFDFCFFFFFFFFFF47
:10B92000FFFFFFFFFFFFFFFFFDFDFDFDFDFDFDFD37
:10B93000FCFFFFFFFFFDFDFDFDFDFCFFFFFFFFFF27
:10B94000FFFFFFFFFFFFFFFFFFFDFDFDFDFDFDFD15
:10B95000FCFFFFFFFFFDFDFDFDFDFCFFFFFFFFFF07
:10B96000FFFFFFFFFFFFFFFFFFFFFDFDFDFDFDFDF3
:10B97000FCFFFFFFFFFDFDFDFDFDFCFFFFFFFFFFE7
:10B98000FFFFFFFFFFFFFFFFFFFFFFFDFDFDFDFDD1
:10B99000FCFFFFFFFFFDFDFDFDFDFCFFFFFFFFFFC7
:10B9A000FFFFFFFFFFFFFFFFFFFFFFFFFDFDFDFDAF
:10B9B000FCFFFFFFFFFDFDFDFDFDFCFFFFFFFFFFA7
:10B9C000FFFFFFFFFFFFFFFFFFFFFFFFFFFDFDFD8D
:10B9D000FFFFFFFFFFFDFDFDFDFDFFFFFFFFFFFF81
:10B9E000FFFFFFFFFFFFFFFFFFFFFFFFFFFFFFFF67
:10B9F000FFFFFFFFFFFFFFFFFFFFFFFFFFFFFFFF57
:10BA0000FFFFFFFFFFFFFFFFFFFFFFFFFFFFFFFF46
:10BA1000FFFFFFFFFFFFFFFFFFFFFFFFFFFFFFFF36
:10BA2000FFFFFFFFFFFFFFFFFFFFFFFFFFFFFFFF26
:10BA3000FFFFFFFFFFFFFFFFFFFFFFFFFFFFFFFF16
:10BA4000FFFFFFFFFFFFFFFFFFFFFFFFFFFFFFFF06
:10BA5000FFFFFFFFFFFFFFFFFFFFFFFFFFFF0000F4
:10BA600000000000000054525545564953494F4EBE
:10BA70002D5846494C452E000001010000000118D8
:10BA80000000000020002000080800000000000066
:10BA900000000000000000000000000000000000A6
:10BAA0000000000000000000000000000000000096
:10BAB0000000000000000000000000000000000086
:10BAC0000000000000000000000000000000000076
:10BAD0000000000000000000000000000000000066
:10BAE0000000000000000000000000000000000056
:10BAF0000000000000000000000000000000000046
:10BB00000000000000000000000000000000000035
:10BB10000000000000000000000000000000000025
:10BB20000000000000000000000000000000000015
:10BB30000000000000000000000000000000000005
:10BB400000000000000000000000000000000000F5
:10BB500000000000000000000000000000000000E5
:10BB600000000000000000000000000000000000D5
:10BB700000000000000000000000000000000000C5
:10BB800000000000000000000000000000000000B5
:10BB900000000000000000000000000000000000A5
:10BBA0000000000000000000000000000000000095
:10BBB0000000000000000000000000000000000085
:10BBC0000000000000000000000000000000000075
:10BBD0000000000000000000000000000000000065
:10BBE0000000000000000000000000000000000055
:10BBF0000000000000000000000000000000000045
:10BC00000000000000000000000000000000000034
:10BC10000000000000000000000000000000000024
:10BC20000000000000000000000000000000000014
:10BC30000000000000000000000000000000000004
:10BC400000000000000000000000000000000000F4
:10BC500000000000000000000000000000000000E4
:10BC600000000000000000000000000000000000D4
:10BC700000000000000000000000000000000000C4
:10BC800000000000000000000000000000000000B4
:10BC900000000000000000000000000000000000A4
:10BCA0000000000000000000000000000000000094
:10BCB0000000000000000000000000000000000084
:10BCC0000000000000000000000000000000000074
:10BCD0000000000000000000000000000000000064
:10BCE0000000000000000000000000000000000054
:10BCF0000000000000000000000000000000000044
:10BD00000000000000000000000000000000000033
:10BD10000000000000000000000000000000000023
:10BD20000000000000000000000000000000000013
:10BD30000000000000000000000000000000000003
:10BD400000000000000000000000000000000000F3
:10BD500000000000000000000000000000000000E3
:10BD600000000000000000000000000000000000D3
:10BD700000000000000000000000000000008080C3
:10BD80008000FF00FFFFFF000000FFFFFFFFFFFF3D
:10BD9000FFFFFFFFFFFFFFFFFFFFFFFFFFFFFFFFB3
:10BDA000FFFFFFFFFFFFFFFFFFFFFFFFFFFFFFFFA3
:10BDB000FFFFFFFFFFFFFFFFFFFFFFFFFFFFFFFF93
:10BDC000FFFFFFFFFFFFFFFFFFFFFFFFFFFFFFFF83
:10BDD000FFFFFFFFFFFFFFFFFFFFFFFFFFFFFFFF73
:10BDE000FFFFFFFFFFFFFFFFFFFFFFFFFFFFFFFF63
:10BDF000FFFFFFFFFFFCFCFCFFFFFFFFFFFFFFFF5C
:10BE0000FFFFFFFFFFFFFFFFFFFFFFFFFFFFFFFF42
:10BE1000FFFFFFFFFDFDFDFCFCFFFFFFFFFFFFFF3E
:10BE2000FFFFFFFFFFFFFFFFFFFFFFFFFFFFFFFF22
:10BE3000FFFFFFFFFDFDFDFDFCFCFFFFFFFFFFFF20
:10BE4000FFFFFFFFFFFFFFFFFFFFFFFFFFFFFFFF02
:10BE5000FFFFFFFFFDFDFDFDFDFCFCFFFFFFFFFF02
:10BE6000FFFFFFFFFFFFFFFFFFFFFFFFFFFFFFFFE2
:10BE7000FFFFFFFFFDFDFDFDFDFDFCFCFFFFFFFFE4
:10BE8000FFFFFFFFFFFFFFFFFFFFFFFFFFFFFFFFC2
:10BE9000FFFFFFFFFDFDFDFDFDFDFDFCFCFFFFFFC6
:10BEA000FFFFFFFFFFFFFFFFFFFFFFFFFFFFFFFFA2
:10BEB000FFFFFFFFFDFDFDFDFDFDFDFDFCFCFFFFA8
:10BEC000FFFFFFFFFFFFFFFFFFFFFFFFFFFFFFFF82
:10BED000FFFFFFFFFDFDFDFDFDFDFDFDFDFCFCFF8A
:10BEE000FFFFFFFFFFFFFFFFFFFFFFFFFFFFFFFF62
:10BEF000FFFFFFFFFDFDFDFDFDFDFDFDFDFDFCFC6C
:10BF0000FFFFFFFFFFFFFFFFFFFFFFFFFFFFFFFF41
:10BF1000FFFFFFFFFDFDFDFDFDFDFDFDFDFDFDFC4A
:10BF2000FCFFFFFFFFFFFFFFFFFFFFFFFFFFFFFF24
:10BF3000FFFFFFFFFDFDFDFDFDFDFDFDFDFDFDFD29
:10BF4000FCFCFFFFFFFFFFFFFFFFFFFFFFFFFFFF07
:10BF5000FFFFFFFFFDFDFDFDFDFDFDFDFDFDFDFD09
:10BF6000FDFCFCFFFFFFFFFFFFFFFFFFFFFFFFFFE9
:10BF7000FFFFFFFFFDFDFDFDFDFDFDFDFDFDFDFDE9
:10BF8000FDFDFCFFFFFFFFFFFFFFFFFFFFFFFFFFC8
:10BF9000FFFFFFFFFDFDFDFDFDFDFDFDFDFDFDFDC9
:10BFA000FDFDFFFFFFFFFFFFFFFFFFFFFFFFFFFFA5
:10BFB000FFFFFFFFFDFDFDFDFDFDFDFDFDFDFDFDA9
:10BFC000FDFFFFFFFFFFFFFFFFFFFFFFFFFFFFFF83
:10BFD000FFFFFFFFFDFDFDFDFDFDFDFDFDFDFDFD89
:10BFE000FFFFFFFFFFFFFFFFFFFFFFFFFFFFFFFF61
:10BFF000FFFFFFFFFDFDFDFDFDFDFDFDFDFDFDFF67
:10C00000FFFFFFFFFFFFFFFFFFFFFFFFFFFFFFFF40
:10C01000FFFFFFFFFDFDFDFDFDFDFDFDFDFDFFFF44
:10C02000FFFFFFFFFFFFFFFFFFFFFFFFFFFFFFFF20
:10C03000FFFFFFFFFDFDFDFDFDFDFDFDFDFFFFFF22
:10C04000FFFFFFFFFFFFFFFFFFFFFFFFFFFFFFFF00
:10C05000FFFFFFFFFDFDFDFDFDFDFDFDFFFFFFFF00
:10C06000FFFFFFFFFFFFFFFFFFFFFFFFFFFFFFFFE0
:10C07000FFFFFFFFFDFDFDFDFDFDFDFFFFFFFFFFDE
:10C08000FFFFFFFFFFFFFFFFFFFFFFFFFFFFFFFFC0
:10C09000FFFFFFFFFDFDFDFDFDFDFFFFFFFFFFFFBC
:10C0A000FFFFFFFFFFFFFFFFFFFFFFFFFFFFFFFFA0
:10C0B000FFFFFFFFFDFDFDFDFDFFFFFFFFFFFFFF9A
:10C0C000FFFFFFFFFFFFFFFFFFFFFFFFFFFFFFFF80
:10C0D000FFFFFFFFFDFDFDFDFFFFFFFFFFFFFFFF78
:10C0E000FFFFFFFFFFFFFFFFFFFFFFFFFFFFFFFF60
:10C0F000FFFFFFFFFDFDFDFFFFFFFFFFFFFFFFFF56
:10C10000FFFFFFFFFFFFFFFFFFFFFFFFFFFFFFFF3F
:10C11000FFFFFFFFFFFFFFFFFFFFFFFFFFFFFFFF2F
:10C12000FFFFFFFFFFFFFFFFFFFFFFFFFFFFFFFF1F
:10C13000FFFFFFFFFFFFFFFFFFFFFFFFFFFFFFFF0F
:10C14000FFFFFFFFFFFFFFFFFFFFFFFFFFFFFFFFFF
:10C15000FFFFFFFFFFFFFFFFFFFFFFFFFFFFFFFFEF
:10C16000FFFFFFFFFFFFFFFFFFFFFFFFFFFFFFFFDF
:10C17000FFFFFFFFFFFFFFFFFFFFFFFFFFFFFFFFCF
:10C18000FFFFFFFFFFFFFFFFFFFF000000000000B9
:10C19000000054525545564953494F4E2D58464973
:10C1A0004C452E00000101000000011800000000B5
:10C1B000200020000808000000000000000000002F
:10C1C000000000000000000000000000000000006F
:10C1D000000000000000000000000000000000005F
:10C1E000000000000000000000000000000000004F
:10C1F000000000000000000000000000000000003F
:10C20000000000000000000000000000000000002E
:10C21000000000000000000000000000000000001E
:10C22000000000000000000000000000000000000E
:10C2300000000000000000000000000000000000FE
:10C2400000000000000000000000000000000000EE
:10C2500000000000000000000000000000000000DE
:10C2600000000000000000000000000000000000CE
:10C2700000000000000000000000000000000000BE
:10C2800000000000000000000000000000000000AE
:10C29000000000000000000000000000000000009E
:10C2A000000000000000000000000000000000008E
:10C2B000000000000000000000000000000000007E
:10C2C000000000000000000000000000000000006E
:10C2D000000000000000000000000000000000005E
:10C2E000000000000000000000000000000000004E
:10C2F000000000000000000000000000000000003E
:10C30000000000000000000000000000000000002D
:10C31000000000000000000000000000000000001D
:10C32000000000000000000000000000000000000D
:10C3300000000000000000000000000000000000FD
:10C3400000000000000000000000000000000000ED
:10C3500000000000000000000000000000000000DD
:10C3600000000000000000000000000000000000CD
:10C3700000000000000000000000000000000000BD
:10C3800000000000000000000000000000000000AD
:10C39000000000000000000000000000000000009D
:10C3A000000000000000000000000000000000008D
:10C3B000000000000000000000000000000000007D
:10C3C000000000000000000000000000000000006D
:10C3D000000000000000000000000000000000005D
:10C3E000000000000000000000000000000000004D
:10C3F000000000000000000000000000000000003D
:10C40000000000000000000000000000000000002C
:10C41000000000000000000000000000000000001C
:10C42000000000000000000000000000000000000C
:10C4300000000000000000000000000000000000FC
:10C4400000000000000000000000000000000000EC
:10C4500000000000000000000000000000000000DC
:10C4600000000000000000000000000000000000CC
:10C4700000000000000000000000000000000000BC
:10C4800000000000000000000000000000000000AC
:10C49000000000000000000000000000000000009C
:10C4A0000000000000000000000080808000F6FF17
:10C4B000FFFFFF000000FFFFFFFFFFFFFFFFFFFF89
:10C4C000FFFFFFFFFFFFFFFFFFFFFFFFFFFFFFFF7C
:10C4D000FFFFFFFFFFFFFFFFFFFFFFFFFFFFFFFF6C
:10C4E000FFFFFFFFFFFFFFFFFFFFFFFFFFFFFFFF5C
:10C4F000FFFFFFFFFFFFFFFFFFFFFFFFFFFFFFFF4C
:10C50000FFFFFFFFFFFFFFFFFFFFFFFFFFFFFFFF3B
:10C51000FFFFFFFFFFFFFFFFFFFFFFFFFFFFFFFC2E
:10C52000FCFCFCFCFFFFFFFFFFFFFCFCFCFCFCFF36
:10C53000FFFFFFFFFFFFFFFFFFFFFFFFFFFFFDFD0F
:10C54000FDFDFDFCFFFFFFFFFFFDFDFDFDFDFCFF11
:10C55000FFFFFFFFFFFFFFFFFFFFFFFFFFFFFDFDEF
:10C56000FDFDFDFCFFFFFFFFFFFDFDFDFDFDFCFFF1
:10C57000FFFFFFFFFFFFFFFFFFFFFFFFFFFFFDFDCF
:10C58000FDFDFDFCFFFFFFFFFFFDFDFDFDFDFCFFD1
:10C59000FFFFFFFFFFFFFFFFFFFFFFFFFFFFFDFDAF
:10C5A000FDFDFDFCFFFFFFFFFFFDFDFDFDFDFCFFB1
:10C5B000FFFFFFFFFFFFFFFFFFFFFFFFFFFFFDFD8F
:10C5C000FDFDFDFCFFFFFFFFFFFDFDFDFDFDFCFF91
:10C5D000FFFFFFFFFFFFFFFFFFFFFFFFFFFFFDFD6F
:10C5E000FDFDFDFCFFFFFFFFFFFDFDFDFDFDFCFF71
:10C5F000FFFFFFFFFFFFFFFFFFFFFFFFFFFFFDFD4F
:10C60000FDFDFDFCFFFFFFFFFFFDFDFDFDFDFCFF50
:10C61000FFFFFFFFFFFFFFFFFFFFFFFFFFFFFDFD2E
:10C62000FDFDFDFCFFFFFFFFFFFDFDFDFDFDFCFF30
:10C63000FFFFFFFFFFFFFFFFFFFFFFFFFFFFFDFD0E
:10C64000FDFDFDFCFFFFFFFFFFFDFDFDFDFDFCFF10
:10C65000FFFFFFFFFFFFFFFFFFFFFFFFFFFFFDFDEE
:10C66000FDFDFDFCFFFFFFFFFFFDFDFDFDFDFCFFF0
:10C67000FFFFFFFFFFFFFFFFFFFFFFFFFFFFFDFDCE
:10C68000FDFDFDFCFFFFFFFFFFFDFDFDFDFDFCFFD0
:10C69000FFFFFFFFFFFFFFFFFFFFFFFFFFFFFDFDAE
:10C6A000FDFDFDFCFFFFFFFFFFFDFDFDFDFDFCFFB0
:10C6B000FFFFFFFFFFFFFFFFFFFFFFFFFFFFFDFD8E
:10C6C000FDFDFDFCFFFFFFFFFFFDFDFDFDFDFCFF90
:10C6D000FFFFFFFFFFFFFFFFFFFFFFFFFFFFFDFD6E
:10C6E000FDFDFDFCFFFFFFFFFFFDFDFDFDFDFCFF70
:10C6F000FFFFFFFFFFFFFFFFFFFFFFFFFFFFFDFD4E
:10C70000FDFDFDFCFFFFFFFFFFFDFDFDFDFDFCFF4F
:10C71000FFFFFFFFFFFFFFFFFFFFFFFFFFFFFDFD2D
:10C72000FDFDFDFCFFFFFFFFFFFDFDFDFDFDFCFF2F
:10C73000FFFFFFFFFFFFFFFFFFFFFFFFFFFFFDFD0D
:10C74000FDFDFDFCFFFFFFFFFFFDFDFDFDFDFCFF0F
:10C75000FFFFFFFFFFFFFFFFFFFFFFFFFFFFFDFDED
:10C76000FDFDFDFCFFFFFFFFFFFDFDFDFDFDFCFFEF
:10C77000FFFFFFFFFFFFFFFFFFFFFFFFFFFFFDFDCD
:10C78000FDFDFDFCFFFFFFFFFFFDFDFDFDFDFCFFCF
:10C79000FFFFFFFFFFFFFFFFFFFFFFFFFFFFFDFDAD
:10C7A000FDFDFDFCFFFFFFFFFFFDFDFDFDFDFCFFAF
:10C7B000FFFFFFFFFFFFFFFFFFFFFFFFFFFFFDFD8D
:10C7C000FDFDFDFCFFFFFFFFFFFDFDFDFDFDFCFF8F
:10C7D000FFFFFFFFFFFFFFFFFFFFFFFFFFFFFDFD6D
:10C7E000FDFDFDFCFFFFFFFFFFFDFDFDFDFDFCFF6F
:10C7F000FFFFFFFFFFFFFFFFFFFFFFFFFFFFFDFD4D
:10C80000FDFDFDFCFFFFFFFFFFFDFDFDFDFDFCFF4E
:10C81000FFFFFFFFFFFFFFFFFFFFFFFFFFFFFDFD2C
:10C82000FDFDFDFFFFFFFFFFFFFDFDFDFDFDFFFF28
:10C83000FFFFFFFFFFFFFFFFFFFFFFFFFFFFFFFF08
:10C84000FFFFFFFFFFFFFFFFFFFFFFFFFFFFFFFFF8
:10C85000FFFFFFFFFFFFFFFFFFFFFFFFFFFFFFFFE8
:10C86000FFFFFFFFFFFFFFFFFFFFFFFFFFFFFFFFD8
:10C87000FFFFFFFFFFFFFFFFFFFFFFFFFFFFFFFFC8
:10C88000FFFFFFFFFFFFFFFFFFFFFFFFFFFFFFFFB8
:10C89000FFFFFFFFFFFFFFFFFFFFFFFFFFFFFFFFA8
:10C8A000FFFFFFFFFFFFFFFFFFFFFFFFFFFFFFFF98
:10C8B000FFFFFFFFFFFF00000000000000005452D8
:10C8C0005545564953494F4E2D5846494C452E0023
:10C8D00000010100000001180000000020002000FD
:10C8E0000808000000000000000000000000000038
:10C8F0000000000000000000000000000000000038
:10C900000000000000000000000000000000000027
:10C910000000000000000000000000000000000017
:10C920000000000000000000000000000000000007
:10C9300000000000000000000000000000000000F7
:10C9400000000000000000000000000000000000E7
:10C9500000000000000000000000000000000000D7
:10C9600000000000000000000000000000000000C7
:10C9700000000000000000000000000000000000B7
:10C9800000000000000000000000000000000000A7
:10C990000000000000000000000000000000000097
:10C9A0000000000000000000000000000000000087
:10C9B0000000000000000000000000000000000077
:10C9C0000000000000000000000000000000000067
:10C9D0000000000000000000000000000000000057
:10C9E0000000000000000000000000000000000047
:10C9F0000000000000000000000000000000000037
:10CA00000000000000000000000000000000000026
:10CA10000000000000000000000000000000000016
:10CA20000000000000000000000000000000000006
:10CA300000000000000000000000000000000000F6
:10CA400000000000000000000000000000000000E6
:10CA500000000000000000000000000000000000D6
:10CA600000000000000000000000000000000000C6
:10CA700000000000000000000000000000000000B6
:10CA800000000000000000000000000000000000A6
:10CA90000000000000000000000000000000000096
:10CAA0000000000000000000000000000000000086
:10CAB0000000000000000000000000000000000076
:10CAC0000000000000000000000000000000000066
:10CAD0000000000000000000000000000000000056
:10CAE0000000000000000000000000000000000046
:10CAF0000000000000000000000000000000000036
:10CB00000000000000000000000000000000000025
:10CB10000000000000000000000000000000000015
:10CB20000000000000000000000000000000000005
:10CB300000000000000000000000000000000000F5
:10CB400000000000000000000000000000000000E5
:10CB500000000000000000000000000000000000D5
:10CB600000000000000000000000000000000000C5
:10CB700000000000000000000000000000000000B5
:10CB800000000000000000000000000000000000A5
:10CB90000000000000000000000000000000000095
:10CBA0000000000000000000000000000000000085
:10CBB0000000000000000000000000000000000075
:10CBC0000000000000000000000000000000000065
:10CBD000000000000000808080FF0000FFFFFF00D9
:10CBE0000000FFFFFFFFFFFFFFFFFFFFFFFFFFFF53
:10CBF000FFFFFFFFFFFFFFFFFFFFFFFFFFFFFFFF45
:10CC0000FFFFFFFFFFFFFFFFFFFFFFFFFFFFFFFF34
:10CC1000FFFFFFFFFFFFFFFFFFFFFFFFFFFFFFFF24
:10CC2000FFFFFFFFFFFFFFFFFFFFFFFFFFFFFFFF14
:10CC3000FFFFFFFFFFFFFFFFFFFFFFFFFFFFFFFF04
:10CC4000FFFFFFFFFFFFFFFCFCFCFCFCFFFFFFFF03
:10CC5000FFFCFCFCFFFFFFFFFFFFFFFFFFFFFFFFED
:10CC6000FFFFFFFFFFFFFDFDFDFDFDFCFFFFFFFFE1
:10CC7000FDFDFDFCFCFFFFFFFFFFFFFFFFFFFFFFD0
:10CC8000FFFFFFFFFFFFFDFDFDFDFDFCFFFFFFFFC1
:10CC9000FDFDFDFDFCFCFFFFFFFFFFFFFFFFFFFFB2
:10CCA000FFFFFFFFFFFFFDFDFDFDFDFCFFFFFFFFA1
:10CCB000FDFDFDFDFDFCFCFFFFFFFFFFFFFFFFFF94
:10CCC000FFFFFFFFFFFFFDFDFDFDFDFCFFFFFFFF81
:10CCD000FDFDFDFDFDFDFCFCFFFFFFFFFFFFFFFF76
:10CCE000FFFFFFFFFFFFFDFDFDFDFDFCFFFFFFFF61
:10CCF000FDFDFDFDFDFDFDFCFCFFFFFFFFFFFFFF58
:10CD0000FFFFFFFFFFFFFDFDFDFDFDFCFFFFFFFF40
:10CD1000FDFDFDFDFDFDFDFDFCFCFFFFFFFFFFFF39
:10CD2000FFFFFFFFFFFFFDFDFDFDFDFCFFFFFFFF20
:10CD3000FDFDFDFDFDFDFDFDFDFCFCFFFFFFFFFF1B
:10CD4000FFFFFFFFFFFFFDFDFDFDFDFCFFFFFFFF00
:10CD5000FDFDFDFDFDFDFDFDFDFDFCFCFFFFFFFFFD
:10CD6000FFFFFFFFFFFFFDFDFDFDFDFCFFFFFFFFE0
:10CD7000FDFDFDFDFDFDFDFDFDFDFDFCFCFFFFFFDF
:10CD8000FFFFFFFFFFFFFDFDFDFDFDFCFFFFFFFFC0
:10CD9000FDFDFDFDFDFDFDFDFDFDFDFDFCFCFFFFC1
:10CDA000FFFFFFFFFFFFFDFDFDFDFDFCFFFFFFFFA0
:10CDB000FDFDFDFDFDFDFDFDFDFDFDFDFDFCFCFFA3
:10CDC000FFFFFFFFFFFFFDFDFDFDFDFCFFFFFFFF80
:10CDD000FDFDFDFDFDFDFDFDFDFDFDFDFDFDFCFF82
:10CDE000FFFFFFFFFFFFFDFDFDFDFDFCFFFFFFFF60
:10CDF000FDFDFDFDFDFDFDFDFDFDFDFDFDFDFFFF5F
:10CE0000FFFFFFFFFFFFFDFDFDFDFDFCFFFFFFFF3F
:10CE1000FDFDFDFDFDFDFDFDFDFDFDFDFDFFFFFF3C
:10CE2000FFFFFFFFFFFFFDFDFDFDFDFCFFFFFFFF1F
:10CE3000FDFDFDFDFDFDFDFDFDFDFDFDFFFFFFFF1A
:10CE4000FFFFFFFFFFFFFDFDFDFDFDFCFFFFFFFFFF
:10CE5000FDFDFDFDFDFDFDFDFDFDFDFFFFFFFFFFF8
:10CE6000FFFFFFFFFFFFFDFDFDFDFDFCFFFFFFFFDF
:10CE7000FDFDFDFDFDFDFDFDFDFDFFFFFFFFFFFFD6
:10CE8000FFFFFFFFFFFFFDFDFDFDFDFCFFFFFFFFBF
:10CE9000FDFDFDFDFDFDFDFDFDFFFFFFFFFFFFFFB4
:10CEA000FFFFFFFFFFFFFDFDFDFDFDFCFFFFFFFF9F
:10CEB000FDFDFDFDFDFDFDFDFFFFFFFFFFFFFFFF92
:10CEC000FFFFFFFFFFFFFDFDFDFDFDFCFFFFFFFF7F
:10CED000FDFDFDFDFDFDFDFFFFFFFFFFFFFFFFFF70
:10CEE000FFFFFFFFFFFFFDFDFDFDFDFCFFFFFFFF5F
:10CEF000FDFDFDFDFDFDFFFFFFFFFFFFFFFFFFFF4E
:10CF0000FFFFFFFFFFFFFDFDFDFDFDFCFFFFFFFF3E
:10CF1000FDFDFDFDFDFFFFFFFFFFFFFFFFFFFFFF2B
:10CF2000FFFFFFFFFFFFFDFDFDFDFDFCFFFFFFFF1E
:10CF3000FDFDFDFDFFFFFFFFFFFFFFFFFFFFFFFF09
:10CF4000FFFFFFFFFFFFFDFDFDFDFDFFFFFFFFFFFB
:10CF5000FDFDFDFFFFFFFFFFFFFFFFFFFFFFFFFFE7
:10CF6000FFFFFFFFFFFFFFFFFFFFFFFFFFFFFFFFD1
:10CF7000FFFFFFFFFFFFFFFFFFFFFFFFFFFFFFFFC1
:10CF8000FFFFFFFFFFFFFFFFFFFFFFFFFFFFFFFFB1
:10CF9000FFFFFFFFFFFFFFFFFFFFFFFFFFFFFFFFA1
:10CFA000FFFFFFFFFFFFFFFFFFFFFFFFFFFFFFFF91
:10CFB000FFFFFFFFFFFFFFFFFFFFFFFFFFFFFFFF81
:10CFC000FFFFFFFFFFFFFFFFFFFFFFFFFFFFFFFF71
:10CFD000FFFFFFFFFFFFFFFFFFFFFFFFFFFFFFFF61
:10CFE000FFFF000000000000000054525545564964
:10CFF00053494F4E2D5846494C452E000001010023
:10D0000000000118000000002000200008080505AD
:10D0100005090909161616020203010102000001A2
:10D02000010202080807CFCECB100F0C76736B2ECF
:10D03000291C1E190C1B160996938C1816114039C1
:10D0400029292418211D13251F11221C0E201A0B1B
:10D05000817D74504B40423C2F3E382B3A34273769
:10D0600031242C2619241F142923162D2617251F99
:10D0700012241D0E1D170ADDDCDAB9B7B352514F69
:10D08000A5A39FAAA8A4807E7A6B69659C99938CBE
:10D09000898358554F716D655F5A505A554B8D8530
:10D0A00075555046A89E8A635C4F665E4F4C463A63
:10D0B0005F5748494337534C3E403A2E554C3B4D01
:10D0C00045353D3629231F17332D21362F21312A8F
:10D0D0001D2620142A231619150D2922152A231579
:10D0E000261F122821131511091A1306A29F9A89C7
:10D0F000857E5B5853524F4A817C73635E5558520C
:10D10000485D574C7A7264A29784AB9F8B8A806E7D
:10D11000AA9D87524C419A8E7A847A684F493E7C08
:10D120007261564F43645C4E6E65557B715F7268E9
:10D1300056453F34574E3E52493A494133453D2FBB
:10D14000312B203E3525120F0A211B10241D1122E0
:10D150001B0F261E10746F678780757E776C8B821D
:10D1600074877E70766E617D74669C917FB6A9949B
:10D170009186759F9380A99C88AC9F8AA699849577
:10D180008976B0A28B887D6B9286736A61537A6FC1
:10D190005E635A4C61584A584F413A3123C0BEBB76
:10D1A000C5C3C0CAC8C543413E3C3A378580797E75
:10D1B000797232302D7670676D675E23211E877F0E
:10D1C0007382796C93897AAEA18E9589789A8E7CD8
:10D1D000A79A87B1A38F9C8F7DAB9D89BFAF99A97B
:10D1E0009B87B3A48FB4A590AC9E89AFA08BB5A646
:10D1F00090B1A28C8E8270AF9F897B7060766B5BE2
:10D200008175637166565B5142554B3C695C4A1EA1
:10D210001A14685A453A32265A4D3A1C1710B6B3BA
:10D22000AFB0ADA9807A7269635B8B8072A99B886D
:10D23000AB9D8AB5A692988B7AB2A38FB6A691A41D
:10D240009582B0A08BB1A18CAF9F8AA797826055C1
:10D25000468C7A6316130F6658457C6A5373624C8A
:10D26000918C86847E77B7A692B6A591B9A893BB18
:10D27000AA95B5A48FB3A28DB5A38EB7A58FB9A675
:10D2800090BBA891998976BCA891BDA992C0AB9397
:10D29000C1AC94C3AD94C4AE95C2AC938C775F8897
:10D2A000735B816D55B9A793B3A18DBEAA95C6B125
:10D2B0009ABBA791C3AE97BCA791BFAA93BEA992F0
:10D2C000C1AB94C3AD96C4AD95BBA48CA58E759D22
:10D2D000856AE5E4E3ECEBEA403E3C5E5A56121008
:10D2E0000EC4AD960B0907C3AB95C6AD97C4AB95FD
:10D2F000C7AE97C3AA96C4AB96C2A996C4A995C453
:10D30000A9960E0D0D0C0B0BFFFFFF000000FFFF99
:10D31000FFFFFFFFFF0307FCC2C243AFAFAF486888
:10D32000F206FFFFFFFFFFFFFFFFFFFFFFFFFFFF13
:10D33000FF0500F00F126920423C185A502F2E575B
:10D34000610B68FFFFFFFFFFFFFFFFFFFFFF03FD14
:10D35000C2AF4115ADADB3B34B2A2627274A2A2ABF
:10D360000EC64E89FFFFFFFFFFFFFFFFFFFF3D6B74
:10D3700046393F4B8E084B852B0A6D513733347F2E
:10D380007F8E8D4B25FFFFFFFFFFFFFFFFFF6C2D03
:10D390005AB0B1272A6D8D575D605B763B6379B5D6
:10D3A000567A7E349002FFFFFFFFFFFFFFFFC72B7F
:10D3B000EC2E4E5C73A4A27779CDBD9FB53A809CCC
:10D3C000BECDCC55A6A2F0FFFFFFFFFFFFFF231845
:10D3D000351E6577969F7CA1DECDCDBDCE58ADB80C
:10D3E000CFCFE3CEA5BFC006FFFFFFFFFFFF835FE8
:10D3F000591041559356A3CDCFE1D1E1CFDDA5180A
:10D40000BEE1E4E6BBA5DA1BFFFFFFFFFFFF537899
:10D41000B6953F1B777CBCCEE1E6D9D9E4E3CEA933
:10D42000C0D4E5F8F7A2ACDBF0FFFFFFFFFF569B8F
:10D430009B9F7B116599CCCED4D7F1E7F5D9D4BFAA
:10D4400039A6E0F5F4D5AEDAA8FFFFFFFFFFBEBCBA
:10D45000BCBE9D596A3B9BCAD3D7F1F8F7F8F3D409
:10D46000A23BD2E2F6E9C4C3EB3DFFFFFFFFCFCF03
:10D47000CFCECECB7D0C64BCD4E4F1F8F7F7F3E665
:10D48000C87D19BFE0EADBC5C4DB07FFFFFFD4E5B9
:10D49000E5D4E3D0CBA40D62D0E5D9D8F8F8F8E70D
:10D4A000E4CAA7819AC1DBEBC5EBA9FFFFFFD9D77F
:10D4B000F5D7D9D4E1CB5E49A79AD3E6D7E7F8E709
:10D4C000E5D0CCA95BC4C4EBDAACEB8FFFFFF9F37A
:10D4D000F8F8E8D7E4D1CAC06A7EDFD0D4DFD6E45A
:10D4E000D4CFBA7B3FAADBDBEAC5C5C300FFF7FA9E
:10D4F000FBF9F8E8D7D4E19D3B1C95CAC9D0D1E12E
:10D50000D0CEA1B96267DCC4AEAE65A88CFFF8FAD4
:10D51000F7F9F7F8D7D5E1DD9B194098A09FA1A1B5
:10D52000CD9CCB593B3E64367F7F3419400FF5F3D9
:10D53000F7F7F8F1D7E4E1CEBA74193F95939EA1BD
:10D54000B99860196681727F833F6B3E31ABD8E832
:10D55000F5E7F1D8D9E5E1CCA197761E1953B67D50
:10D56000825C2C392E5D6240223C572B8800D5E826
:10D57000D7D7E8D6E5D1CFCDA19E937D44108217B1
:10D580004B2AEF2F64420D1B5EB32B88FFFFE1D4C3
:10D59000E5E5E4D1D0CFCE97A197537D1F504F083A
:10D5A0000E2D3E1E0C3C59526F2889FFFFFFCECE38
:10D5B000CFCFD0CFCECD9DB7955B823526C6248EFA
:10D5C0006D491E657DB4306E298CFFFFFFFFBCBC2A
:10D5D000BDBDA1BDB97577A53561EC6FB12A3C2100
:10D5E0002218769571950A298FFFFFFFFFFF799921
:10D5F0009E9E9EB996A4380B87C68A241C0B6B612D
:10D6000072929177302D2902FFFFFFFFFFFF7654C2
:10D610009B545459370B23272D8666474543EEB25A
:10D6200073B8966F8B4CFDFFFFFFFFFFFFFF843049
:10D630003255385A23C78E2317141C12F20229714F
:10D640007AB86F8B8805FFFFFFFFFFFFFFFF4640A3
:10D650006551854F4AED391F421DF0FF074C9294EA
:10D66000B470B28CFFFFFFFFFFFFFFFFFFFF144E00
:10D67000B137B0861C1A1C120906FFFD4C76BB940C
:10D68000902C02FFFFFFFFFFFFFFFFFFFFFF611670
:10D69000FEB0421A4512F003FFFF07EF92B8764E34
:10D6A000EE04FFFFFFFFFFFFFFFFFFFFFFFFED3572
:10D6B0004F2F451D0F00FFFFFF004C9258952D8FF7
:10D6C000FFFFFFFFFFFFFFFFFFFFFFFFFFFF875091
:10D6D00049463D01FFFFFFFF044D927774B3FCFF05
:10D6E000FFFFFFFFFFFFFFFFFFFFFFFFFFFF4113F4
:10D6F000110904FFFFFFFFFF8C3098924D01FFFFDF
:10D70000FFFFFFFFFFFFFFFFFFFFFFFFFFFF000027
:10D7100000000000000054525545564953494F4EF1
:10D720002D5846494C452E0000010100000001180B
:10D7300000000000400020000808EBEBEBEEEEEEEE
:10D74000DBDDE2E1E4E9EBF3FAE9EEF2EFF4F7F224
:10D75000FBFEFEFFFF0001010003010006010008BF
:10D7600001001C03F5FFF6000B0100140200220368
:10D77000002D04003104003F05005907CFFFD2B748
:10D78000FFBB94FF9B8CFF947DFF8650FF5C29F4C8
:10D790003723EE3121EC2F1EE92C1CE72A1BE6294A
:10D7A00018E32616E12415E02311DC1F08D3160325
:10D7B000CE1102CD1001CC0F000D0100370400483E
:10D7C00005005006005306005506005D070062077D
:10D7D000006507006708006A08006D08007008000F
:10D7E0007409007709007909007A09007C09007F33
:10D7F0000900810900820A00860A00890A008B0A52
:10D80000008D0A00900A00930B00960B00980B0005
:10D81000A30C00A80C00AF0D00B70D00C20E00C68F
:10D820000EFFD89DFFCE92FFCA8BFFC583FFC07C41
:10D83000FFBB74F5AD62FFFEFDFFB36BFFA956EDB4
:10D840009B4BFFAB5DFFA450FFA149FF9E46FF9895
:10D850003EFF9639EEE8E3FDC18EFBBF8CFABB8933
:10D86000FBBD8AFFBE87FFBC83FFBA80FFB67BFD8E
:10D87000B273F3A669FDAC6DFEAA63FAA159F89FD5
:10D8800057EF954FFF9642FF943EFF933EFF913A2C
:10D89000FF9337FF8E36FF8B30FF892CF5F1EEE9D1
:10D8A000E2DDCE8957FAA767EF914BFE9C50F18ECF
:10D8B00044F68B3FFD8B36FF8C33FFFCFAF0EAE633
:10D8C000F2ECE8F4EEEAE8DED7D19C7AFCB586FC0F
:10D8D0008A3BFC8738EBE6E3FFFAF7EDE5E0CE9311
:10D8E00070F29A65EC8446B8612CF9782DFFF6F158
:10D8F000D4B2A0F3A477F5925BFFFDFCFFFBF9D453
:10D900008A65EC7A3FF66520FFF8F5FFF6F2FFF442
:10D91000EFE59673E38E6AE58C64E3885FE1835BF1
:10D92000E38155E27B4CE1774AE07344DE6E3DEBE8
:10D930006C35E5E0DEFFF3EEFFF2EDFFF0EAFFEE1F
:10D94000E7FFEDE6F6D1C3F3CDBEF5CFC0F4CDBE13
:10D95000F0C8B8EABFADE1B3A0DF8762E17D53F163
:10D960005013FFF9F7FFF4F0FFF1ECFFEFE9FFEEE2
:10D97000E8E6D6D0E2D0CAD5BBB2E7A28ADD8E7384
:10D98000EA5E2CFFF5F2DECAC4D6BFB8DC6843D726
:10D990004F26CD3200D9C4BED3B3AAD97C62F2EEF1
:10D9A000EDFFFBFAFFF7F5FEF2EFFFF3F0CCB4AEBC
:10D9B000A72A10FFF9F8E8DCDAD2ABA5831A0DCB61
:10D9C000B6B4861E13841A0D83190CD9BCBA962AD4
:10D9D00025DABEBD730B07F5F4F4EAE7E7E1DDDD18
:10D9E000E5DFDFE0D9D9D3CACADCD2D2D0C1C1D1F8
:10D9F000C2C2D2C3C3701C1B711A197216161A0048
:10DA0000002A00003500003900003C00003F000003
:10DA10004100004400007117185C0103D3B6B7D071
:10DA2000C5C6DDD7D8CCC1C4C8BDC2E4E2E3D6D4F4
:10DA3000D9007509FFFFFF000000FFFFFFFFFFFF98
:10DA4000FFFFFFFFFFFFFFFFFFFFFFFFFFFFFFFFE6
:10DA5000FFFFFFFFFFFFFFFFFFFFFFFFFFFFFFFFD6
:10DA6000FFFFFFFFFFFFFFFFFFFFFFFFFFFFFFFFC6
:10DA7000FFFFFFFFFFFFFFFFFFFFFFFFFFFFFFFFB6
:10DA8000FFFFFFFFFFFFFFFFFFFFFFFFFFFFFFFFA6
:10DA9000FFFFFFFFFFFFFF0C0D122B112AFFFFFFFF
:10DAA000FFFFFFFFFFFFFFFFFFFFFFFFFFFFFFFF86
:10DAB000FFFFFFFFFFFFFFFFFFFFFFFFFFFFFFFF76
:10DAC000FFFFFFFFFFFFFFFFFFFFFFFFFFFFFFFF66
:10DAD000FFFFFFFFFFFF0B12153B3F352C0D0CFF27
:10DAE000FFFFFFFFFFFFFFFFFFFFFFFFFFFFFFFF46
:10DAF000FFFFFFFFFFFFFFFFFFFFFFFFFFFFFFFF36
:10DB0000FFFFFFFFFFFFFFFFFFFFFFFFFFFFFFFF25
:10DB1000FFFFFFFFFF0D2C353A3C3A393A15120C46
:10DB2000FFFFFFFFFFFFFFFFFFFFFFFFFFFFFFFF05
:10DB3000FFFFFFFFFFFFFFFFFFFFFFFFFFFFFFFFF5
:10DB4000FFFFFFFFFFFFFFFFFFFFFFFFFFFFFFFFE5
:10DB5000FFFFFF102B31383E393737393B3A372D2D
:10DB600011FFFFFFFFFFFFFFFFFFFFFFFFFFFFFFB3
:10DB7000FFFFFFFFFFFFFFFFFFFFFFFFFFFFFFFFB5
:10DB8000FFFFFFFFFFFFFFFFFFFFFFFFFFFFFFFFA5
:10DB9000FF0F112D363F3C3A39FDFDFD393B3DFD70
:10DBA000321410FFFFFFFFFFFFFFFFFFFFFFFFFF2C
:10DBB000FFFFFFFFFFFFFFFFFFFFFFFFFFFFFFFF75
:10DBC000FFFFFFFFFFFFFFFFFFFFFFFFFFFFFF0B59
:10DBD000102B333E3D3F42423B3737FD393A3A3C0A
:10DBE0003E362E122AFFFFFFFFFFFFFFFFFFFFFF62
:10DBF000FFFFFFFFFFFFFFFFFFFFFFFFFFFFFFFF35
:10DC0000FFFFFFFFFFFFFFFFFFFFFFFFFFFF0B1205
:10DC1000303C3A4047484641393737FD393A3A3C7B
:10DC20003E3E3E33140D0CFFFFFFFFFFFFFFFFFFE3
:10DC3000FFFFFFFFFFFFFFFFFFFFFFFFFFFFFFFFF4
:10DC4000FFFFFFFFFFFFFFFFFFFFFFFFFF0D2D3770
:10DC50003740474A4A4846403A3737FD393A3A3B17
:10DC60003C3E3F3E3A15132A0AFFFFFFFFFFFFFF2E
:10DC7000FFFFFFFFFFFFFFFFFFFFFFFFFFFFFFFFB4
:10DC8000FFFFFFFFFFFFFFFFFFFFFF102B313540BE
:10DC9000464A29284A48463F3A3637FD393A3A3B00
:10DCA0003C3D3E3F3F3B34140DFFFFFFFFFFFFFFB6
:10DCB000FFFFFFFFFFFFFFFFFFFFFFFFFFFFFFFF74
:10DCC000FFFFFFFFFFFFFFFFFF0F112C343F424814
:10DCD0002523264C4A48463F3A3737FD393A3A3BE6
:10DCE0003C3D3E3E3F3F40FD301310FFFFFFFFFF36
:10DCF000FFFFFFFFFFFFFFFFFFFFFFFFFFFFFFFF34
:10DD0000FFFFFFFFFFFFFF0C0D2C353F3C47231D9E
:10DD10001F25264C4A48463F3A3737FD393A3A3BA9
:10DD20003C3D3E3E3F4042413F352E122AFFFFFF21
:10DD3000FFFFFFFFFFFFFFFFFFFFFFFFFFFFFFFFF3
:10DD4000FFFFFFFFFF0A2A2B333D3644241C1C1C17
:10DD50002025264C4A48463F3A3737FD393A3A3B68
:10DD60003C3D3E3E3F3F404142413E332C0D0FFF84
:10DD7000FFFFFFFFFFFFFFFFFFFFFFFFFFFFFFFFB3
:10DD8000FFFFFFFFFF1115393544251B1A1A1B2110
:10DD90002225264C4A48463F3A3637FD393A3A3B27
:10DDA0003C3D3E3E3F3F4041424244423C15132AE7
:10DDB0000AFFFFFFFFFFFFFFFFFFFFFFFFFFFFFF68
:10DDC000FFFFFF102C353242261C1A191A1C1C1D8D
:10DDD0002225264C4A48463F3A3737FD393A3A3BE6
:10DDE0003C3D3E3E3F3F4041414242434440FD2D89
:10DDF000110C0AFFFFFFFFFFFFFFFFFFFFFFFFFF09
:10DE0000FF102B3033414A1D1816181A1B1B1C1FFC
:10DE10002225264C4A48463F3A3737FD393A3A3BA5
:10DE20003C3D3E3E3F3F4041414242424444443DEE
:10DE3000321410FFFFFFFFFFFFFFFFFFFFFFFF0F89
:10DE4000112C3442462018001618191A1B1B1C1DD1
:10DE50002125274C4A48463F3A3737FD393A3A3B65
:10DE60003C3D3E3E3F3F40414142424242444646A5
:10DE700044FD2F122AFFFFFFFFFFFFFFFFFF0B12E2
:10DE800032413D4917CCD30E0017181A1B1B1C1D1D
:10DE90002125264C4A48463F3A3637FD393A3A3B27
:10DEA0003C3D3E3E3F3F4041414242424444444665
:10DEB00047474132140D0CFFFFFFFFFFFF11303DBC
:10DEC00036394449251E24252626274C4A4B26242C
:10DED0002225264C4A48463F3A3737FD393A3A3BE5
:10DEE0003C3D3E3E3F3F404141424242424344442A
:10DEF000464646423A2E13100BFFFF0F112E3D46A9
:10DF00003F3B3937343334343435363430FD4826EA
:10DF10002221264C4A48463F3A3737FD393A3A3BA8
:10DF20003C3D3E3E3F3F413E3731152F15152F2FCB
:10DF30002F2E2E2D2E2D14122AFFFFFFFF0A0B0C61
:10DF40000C0C0C0C0C0C0F0BFF0F112C31424A2641
:10DF50002222264C4A48463F3A3737FD393A3A3B67
:10DF60003C3D3E3E3F41423D332B10FFFF09090936
:10DF70000909090909090A0AFFFFFFFFFFFFFFFF5F
:10DF8000FFFFFFFFFFFFFFFFFF0C0D1430424A268B
:10DF90002222264C4A48463F3A3637FD393A3A3B28
:10DFA0003C3D3E3E3F41423D332B10FFFFFFFFFF14
:10DFB000FFFFFFFFFFFFFFFFFFFFFFFFFFFFFFFF71
:10DFC000FFFFFFFFFFFFFFFFFF0C0D1430424A264B
:10DFD0002221264C4A48463F3A3737FD393A3A3BE8
:10DFE0003C3D3E3E3F41423D342B10FFFFFFFFFFD3
:10DFF000FFFFFFFFFFFFFFFFFFFFFFFFFFFFFFFF31
:10E00000FFFFFFFFFFFFFFFFFF0C0D1430424A260A
:10E010002221264C4A48463F3A3737FD393A3A3BA7
:10E020003C3D3E3E3F41423D332B10FFFFFFFFFF93
:10E03000FFFFFFFFFFFFFFFFFFFFFFFFFFFFFFFFF0
:10E04000FFFFFFFFFFFFFFFFFF0C0D1430424926CB
:10E050002222264C4A48463F3A3737FD393A3A3B66
:10E060003C3D3E3E3F41423D332B10FFFFFFFFFF53
:10E07000FFFFFFFFFFFFFFFFFFFFFFFFFFFFFFFFB0
:10E08000FFFFFFFFFFFFFFFFFF0C0D1430424A268A
:10E090002221264C4A48463F3A3637FD393A3A3B28
:10E0A0003C3D3E3E3F41423D332B10FFFFFFFFFF13
:10E0B000FFFFFFFFFFFFFFFFFFFFFFFFFFFFFFFF70
:10E0C000FFFFFFFFFFFFFFFFFF0C0D1430424A264A
:10E0D0002221264C4A48463F3A3737FD393A3A3BE7
:10E0E0003C3D3E3E3F41423D342B10FFFFFFFFFFD2
:10E0F000FFFFFFFFFFFFFFFFFFFFFFFFFFFFFFFF30
:10E10000FFFFFFFFFFFFFFFFFF0C0D2C35403F42DD
:10E1100045454341403E3D3A39FD39393A3A3A3B6B
:10E120003D3E3E3E3F40423C331410FFFFFFFFFFA9
:10E13000FFFFFFFFFFFFFFFFFFFFFFFFFFFFFFFFEF
:10E14000FFFFFFFFFFFFFFFFFF0B102B333DFD35F0
:10E150003434353534343433333332323131313190
:10E16000313130303015302F2C122AFFFFFFFFFFE6
:10E17000FFFFFFFFFFFFFFFFFFFFFFFFFFFFFFFFAF
:10E18000FFFFFFFFFFFFFFFFFFFFFFFFFFFFFFFF9F
:10E19000FFFFFFFFFFFFFFFFFFFFFFFFFFFFFFFF8F
:10E1A000FFFFFFFFFFFFFFFFFFFFFFFFFFFFFFFF7F
:10E1B000FFFFFFFFFFFFFFFFFFFFFFFFFFFFFFFF6F
:10E1C000FFFFFFFFFFFFFFFFFFFFFFFFFFFFFFFF5F
:10E1D000FFFFFFFFFFFFFFFFFFFFFFFFFFFFFFFF4F
:10E1E000FFFFFFFFFFFFFFFFFFFFFFFFFFFFFFFF3F
:10E1F000FFFFFFFFFFFFFFFFFFFFFFFFFFFFFFFF2F
:10E20000FFFFFFFFFFFFFFFFFFFFFFFFFFFFFFFF1E
:10E21000FFFFFFFFFFFFFFFFFFFFFFFFFFFFFFFF0E
:10E22000FFFFFFFFFFFFFFFFFFFFFFFFFFFFFFFFFE
:10E23000FFFFFFFFFFFFFFFFFFFF000000000000E8
:10E24000000054525545564953494F4E2D584649A2
:10E250004C452E00000101000000011800000000E4
:10E26000400020000808000000000000000000003E
:10E27000000000000000000000000000000000009E
:10E28000000000000000000000000000000000008E
:10E29000000000000000000000000000000000007E
:10E2A000000000000000000000000000000000006E
:10E2B000000000000000000000000000000000005E
:10E2C000000000000000000000000000000000004E
:10E2D000000000000000000000000000000000003E
:10E2E000000000000000000000000000000000002E
:10E2F000000000000000000000000000000101001C
:10E300000301000501000A02000D02F8FFF9EFFF0A
:10E31000F1000701000801000E02001102001202C4
:10E32000001B03F3FFF4000A01000C0100140200BB
:10E330001702001902001E03002303002503002B0F
:10E3400004002C04002E04003104003304003405C2
:10E35000003905003D05003F050042060045060066
:10E360004706004806004B06004C060059070065AA
:10E3700008007209007B0A007E0AE1FFE3CAFFCDB4
:10E38000BEFFC2A3EFA89CE6A1A9FFAEA0FFA79481
:10E39000F79A95FF9C93FF9A8EFF9681FE8979FFED
:10E3A0008274FF7E72FF7C6EFF7868FF725FFF6A87
:10E3B0005DFF682EAB3643FD5041F94E42FD4E41A4
:10E3C000FD4E3DF94930C73B3CFD492EE23A32F95A
:10E3D0004032F93F2DF33B2BF93929FC3726F13434
:10E3E00023F53221EF2F1FEE2D1EEB2C1AD3271C05
:10E3F000E72A1AD7281CEA2A19DC261CEF2B1AE672
:10E400002819E62718E52616E22415E22313D4205E
:10E4100014E02214E52212DE2010D01D0FDB1D0EA9
:10E42000D91C0CD21A08931208A1130AD51809CBCB
:10E430001709D71707B91408D81706AC1207D5164D
:10E4400007D71604920F06D11406D41404BD110286
:10E450008F0D03CA1003CC1102CF1001B70E01BB00
:10E460000E001101001C02002102002703002803F6
:10E47000002A03003B040041050043050046050057
:10E480004805004B05004F05005106005306005497
:10E4900006005606005B07005C07005E0700610788
:10E4A000006207006507006607006708006807004C
:10E4B0006908006B08006C07006D08006E080070AA
:10E4C00008007409007609007809007807007A09C5
:10E4D000007D09007E0900800900810A0082090090
:10E4E000830A00850A00850900870900870A0088D9
:10E4F0000A008809008A0A008C0A008C08008E0A2B
:10E5000000900800910A00930B00940B00970B00F9
:10E51000990B009A0B009C0C009D0B009E0C00A117
:10E520000B00A40C00A60C00A90C00B30A00B40D4B
:10E5300000B80D00B80B00B90E00C50D00C60E00E6
:10E540006705006D05007005007F06008B0500A9BA
:10E5500009008A03008C04008400009D0000B600BE
:10E56000FFFFFF000000FFFFFFFFFFFFFFFFFFFFB8
:10E57000FFFFFFFFFFFFFFFFFFFFFFFFFFFFFFFFAB
:10E58000FFFFFFFFFFFFFFFFFFFFFFFFFFFFFFFF9B
:10E59000FFFFFFFFFFFFFFFFFFFFFFFFFFFFFFFF8B
:10E5A000FFFFFFFFFFFFFFFFFFFFFFFFFFFFFFFF7B
:10E5B000FFFFFFFFFFFFFFFFFFFFFFFFFFFFFFFF6B
:10E5C000FFFFFFFFFFFFFFFFFFFFFFFFFFFFFFFF5B
:10E5D000FFFFFFFFFFFFFFFFFFFFFFFFFFFFFFFF4B
:10E5E000FFFFFFFFFFFFFFFFFFFFFFFFFFFFFFFF3B
:10E5F000FFFFFFFFFFFFFFFFFFFFFFFFFFFFFFFF2B
:10E60000FFFFFFFFFFFFFFFFFFFFFFFFFFFFFFFF1A
:10E61000FFFFFFFFFFFFFFFFFFFFFFFFFFFFFFFF0A
:10E62000FFFFFFFFFFFFFFFFFFFFFFFFFFFFFFFFFA
:10E63000FFFFFFFFFF343C4EC1D0CAC7C4C4C6C6EB
:10E64000C4C3C3C1C1C1C0BFBEBEBEBEBEBDBCBBD4
:10E65000BA57BBB9554A3BFFFFFFFFFFFFFFFFFF64
:10E66000FFFFFFFFFFFFFFFFFFFFFFFFFFFFFFFFBA
:10E67000FFFFFFFFFF3A4554C7D8D4DBE1E1DDDA05
:10E68000D8D3D0CDCBCACBCBCDCDCDCED0D2D3D39A
:10E69000D4D8DBCFC34F3DFFFFFFFFFFFFFFFFFFDE
:10E6A000FFFFFFFFFFFFFFFFFFFFFFFFFFFFFFFF7A
:10E6B000FFFFFFFFFF3A3E50BCDDEC9E8A8999F1D7
:10E6C000EEEAE3D6CD59C9CACBCDCDCECFD0D1D38A
:10E6D000D4DADDD0C2AF3DFFFFFFFFFFFFFFFFFF3A
:10E6E000FFFFFFFFFFFFFFFFFFFFFFFFFFFFFFFF3A
:10E6F000FFFFFFFFFF3A3E50BCDDEC9E8A8999F197
:10E70000EEEAE3D6CD59C9CACBCDCDCECFD0D1D349
:10E71000D4DADDD0C2AF3DFFFFFFFFFFFFFFFFFFF9
:10E72000FFFFFFFFFFFFFFFFFFFFFFFFFFFFFFFFF9
:10E73000FFFFFFFFFF3A3E50BCDDEC9E8A8A99F155
:10E74000EEEAE3D6CD59C9CACBCDCDCECFD0D1D309
:10E75000D4DADDD0C2AF3DFFFFFFFFFFFFFFFFFFB9
:10E76000FFFFFFFFFFFFFFFFFFFFFFFFFFFFFFFFB9
:10E77000FFFFFFFFFF3A3E50BCDDEC9E8A8A99F115
:10E78000EEEAE3D6CD59C9CACBCDCDCECFD0D1D3C9
:10E79000D4DADDD0C2AF3DFFFFFFFFFFFFFFFFFF79
:10E7A000FFFFFFFFFFFFFFFFFFFFFFFFFFFFFFFF79
:10E7B000FFFFFFFFFF3A3E50BCDDEC9E8A8A99F1D5
:10E7C000EEEAE3D6CD59C9CACBCDCDCECFD0D1D389
:10E7D000D4DADDD0C2AF3DFFFFFFFFFFFFFFFFFF39
:10E7E000FFFFFFFFFFFFFFFFFFFFFFFFFFFFFFFF39
:10E7F000FFFFFFFFFF3A3E50BCDDEC9E8A8A99F195
:10E80000EEEAE3D6CD59C9CACBCDCDCECFD0D1D348
:10E81000D4DADDD0C2AF3DFFFFFFFFFFFFFFFFFFF8
:10E82000FFFFFFFFFFFFFFFFFF3334393A3A3A3A69
:10E830003A3A4034FF3547B3BEDDEC9E8A8A99F1FF
:10E84000EEEAE3D6CD59C9CACBCDCDCECFD0D1D308
:10E85000D4DADDD0C2AF42FFFF323232323232324E
:10E8600032333333FFFFFF40ABB7D0E2D6CECDC952
:10E87000C6C3C4C4C3C6C8C4BCCCF89D8A8999F1B8
:10E88000EEEAE3D6CD59C9CACBCDCDCECFD0D1D3C8
:10E89000D4D7DAD1C9BE57B85757B9B8B8B7B6B692
:10E8A000B756B1AD41FFFFFFFF46BCD0C8CCDE9AE2
:10E8B00086808B9397A0A6F1EFA2948C898E9DF110
:10E8C000EEEAE3D6CD59C9CACBCDCDCECFD0D1D388
:10E8D000D4D7D8DADADBDBDDDDDFE0E1E2E4E6DD68
:10E8E000CDB74C4234FFFFFFFFFF344AC0F9FB6F46
:10E8F0006038373F5C5E62686D72787F8892A1F104
:10E90000EEEAE3D6CD59C9CACBCDCDCECFD0D1D347
:10E91000D4D7D8DADADBDBDDE0E0E0E3E9E7DB58A7
:10E92000B03E3AFFFFFFFFFFFFFFFF4046B4C3FAD0
:10E93000FC755F5C5D61666B6E70787F8892A1F19B
:10E94000EEEAE3D6CD59C9CACBCDCDCECFD0D1D307
:10E95000D4D7D8DADADBDBDDDDE0E3E2E0CAB9AE5A
:10E960003BFFFFFFFFFFFFFFFFFFFFFFFFA9AFBC64
:10E97000C1F7FD77635E646B6E727A858992A1F14F
:10E98000EEEAE3D6CD59C9CACBCDCDCECFD0D1D3C7
:10E99000D4D7D8DADADBDBDDE0E1E0D0BFAF43FF8C
:10E9A000FFFFFFFFFFFFFFFFFFFFFFFFFFFFFF4333
:10E9B000B4C5F3A3987467656C73797F8892A1F1ED
:10E9C000EEEAE3D6CD59C9CACBCDCDCECFD0D1D387
:10E9D000D4D7D8DADADBDDDFE1D9CA56AC3933FF78
:10E9E000FFFFFFFFFFFFFFFFFFFFFFFFFFFFFFFF37
:10E9F000FF4757CCF49F91766A6971878992A1F19C
:10EA0000EEEAE3D6CD59C9CACBCDCDCECFD0D1D346
:10EA1000D4D7D8DADBDDE0DBCF574B3633FFFFFF4F
:10EA2000FFFFFFFFFFFFFFFFFFFFFFFFFFFFFFFFF6
:10EA3000FF33414DC1D0F595827C7B7D8392A1F15E
:10EA4000EEEAE3D6CD59C9CACBCDCDCECFD0D1D306
:10EA5000D4D7D8DADDDAD3C1524540FFFFFFFFFF3C
:10EA6000FFFFFFFFFFFFFFFFFFFFFFFFFFFFFFFFB6
:10EA7000FFFFFF3A4553C7D6F696847E81909DF1FD
:10EA8000EEEAE3D6CD59C9CACBCDCDCECFD0D1D3C6
:10EA9000D4D8DBDAD4C6B74836FFFFFFFFFFFFFF4D
:10EAA000FFFFFFFFFFFFFFFFFFFFFFFFFFFFFFFF76
:10EAB000FFFFFFFFFF4046B4C4D5DC9C8D8F9BF267
:10EAC000F0EAE3D6CD59C9CACBCDCDCECFD0D1D384
:10EAD000D7D7D8CABB4C3CFFFFFFFFFFFFFFFFFFAC
:10EAE000FFFFFFFFFFFFFFFFFFFFFFFFFFFFFFFF36
:10EAF000FFFFFFFFFFFFFFA94EBDC7D8E4A7A4A5F6
:10EB0000A8EAE3D6CD59C9CACBCDCDCECFD0D1D48A
:10EB1000D75AC4B1AAFFFFFFFFFFFFFFFFFFFFFFB0
:10EB2000FFFFFFFFFFFFFFFFFFFFFFFFFFFFFFFFF5
:10EB3000FFFFFFFFFFFFFFFFFF45B6C9C9D8E9A7E9
:10EB4000EDEBE4D6CD59C9CACBCDCDCECFD2D4D101
:10EB5000CD574B3633FFFFFFFFFFFFFFFFFFFFFFE8
:10EB6000FFFFFFFFFFFFFFFFFFFFFFFFFFFFFFFFB5
:10EB7000FFFFFFFFFFFFFFFFFFFF3449BC5BCDD866
:10EB8000E8EBE5DACD59C9CACBCDCDCFD2D2D1C1D0
:10EB9000513E3AFFFFFFFFFFFFFFFFFFFFFFFFFFB9
:10EBA000FFFFFFFFFFFFFFFFFFFFFFFFFFFFFFFF75
:10EBB000FFFFFFFFFFFFFFFFFFFFFF343C4EC1D30E
:10EBC000D0D5DDDBCEC9C9CACBCDCDCFD3C8B7AE8A
:10EBD00041FFFFFFFFFFFFFFFFFFFFFFFFFFFFFF03
:10EBE000FFFFFFFFFFFFFFFFFFFFFFFFFFFFFFFF35
:10EBF000FFFFFFFFFFFFFFFFFFFFFFFFFF40465646
:10EC0000C8D7CFCDCBCACACACBCED0CABF4F42FF1E
:10EC1000FFFFFFFFFFFFFFFFFFFFFFFFFFFFFFFF04
:10EC2000FFFFFFFFFFFFFFFFFFFFFFFFFFFFFFFFF4
:10EC3000FFFFFFFFFFFFFFFFFFFFFFFFFFFFFFA93A
:10EC40004EBECBD2CBC9C9CBCECDC9B5ABFFFFFF32
:10EC5000FFFFFFFFFFFFFFFFFFFFFFFFFFFFFFFFC4
:10EC6000FFFFFFFFFFFFFFFFFFFFFFFFFFFFFFFFB4
:10EC7000FFFFFFFFFFFFFFFFFFFFFFFFFFFFFFFFA4
:10EC8000FF44B2C6CDCFCDCBCDBA4839FFFFFFFF91
:10EC9000FFFFFFFFFFFFFFFFFFFFFFFFFFFFFFFF84
:10ECA000FFFFFFFFFFFFFFFFFFFFFFFFFFFFFFFF74
:10ECB000FFFFFFFFFFFFFFFFFFFFFFFFFFFFFFFF64
:10ECC000FFFF39AE57CED4C6523E39FFFFFFFFFFDC
:10ECD000FFFFFFFFFFFFFFFFFFFFFFFFFFFFFFFF44
:10ECE000FFFFFFFFFFFFFFFFFFFFFFFFFFFFFFFF34
:10ECF000FFFFFFFFFFFFFFFFFFFFFFFFFFFFFFFF24
:10ED0000FFFFFF3944484DAC41FFFFFFFFFFFFFF0E
:10ED1000FFFFFFFFFFFFFFFFFFFFFFFFFFFFFFFF03
:10ED2000FFFFFFFFFFFFFFFFFFFFFFFFFFFFFFFFF3
:10ED3000FFFFFFFFFFFFFFFFFFFFFFFFFFFFFFFFE3
:10ED4000FFFFFFFFFFFFFFFFFFFFFFFFFFFFFFFFD3
:10ED5000FFFFFFFFFFFFFFFFFFFFFFFFFFFFFFFFC3
:10ED6000FFFFFFFFFFFF0000000000000000545203
:10ED70005545564953494F4E2D5846494C452E004E
:10ED80000001010000000118000000000A000A0054
:10ED90000808000000000000000000000000000063
:10EDA0000000000000000000000000000000000063
:10EDB0000000000000000000000000000000000053
:10EDC0000000000000000000000000000000000043
:10EDD0000000000000000000000000000000000033
:10EDE0000000000000000000000000000000000023
:10EDF0000000000000000000000000000000000013
:10EE00000000000000000000000000000000000002
:10EE100000000000000000000000000000000000F2
:10EE200000000000000000000000000000000000E2
:10EE300000000000000000000000000000000000D2
:10EE400000000000000000000000000000000000C2
:10EE500000000000000000000000000000000000B2
:10EE600000000000000000000000000000000000A2
:10EE70000000000000000000000000000000000092
:10EE80000000000000000000000000000000000082
:10EE90000000000000000000000000000000000072
:10EEA0000000000000000000000000000000000062
:10EEB0000000000000000000000000000000000052
:10EEC0000000000000000000000000000000000042
:10EED0000000000000000000000000000000000032
:10EEE0000000000000000000000000000000000022
:10EEF0000000000000000000000000000000000012
:10EF00000000000000000000000000000000000001
:10EF100000000000000000000000000000000000F1
:10EF200000000000000000000000000000000000E1
:10EF300000000000000000000000000000000000D1
:10EF400000000000000000000000000000000000C1
:10EF500000000000000000000000000000000000B1
:10EF600000000000000000000000000000000000A1
:10EF70000000000000000000000000000000000091
:10EF8000000000000000000000000000000202027B
:10EF90000404042F2E2D3B352F302A245A534E655E
:10EFA0005F5B544E4A4B45418A85825C5551FDFB5F
:10EFB000FA948E8B8C8683817B785D57548D8886FE
:10EFC0007A7776958F8D98918FE6E1E0F1ECEB778B
:10EFD0007271A6A09FFFFDFD4B4A4A817F7FFDFA1B
:10EFE000FA302F2F918E8EDBD6D6555353A29E9E8C
:10EFF000C1BCBCC7C2C2EAE4E4494747676464894C
:10F0000085853937373D3B3BBFB9B9070606F5EF74
:10F01000F0F7F1F2FBF5F6DBD5D6A39D9EAAA4A5E9
:10F02000FBF6F7FDF8F9FFFAFBBAB5B6C8C3C49B07
:10F030009697B1ADAEC6C2C3C8C4C5A9A5A6A7A4BC
:10F04000A5AFACADB1AEAFB7B4B58683848E8B8CB3
:10F050007E7B7CC1BBBDCEC8CA524F50FFFDFE9126
:10F060008F90CDC9CBD1CDCFC1BDBFC3C0C2C5C2AA
:10F07000C4C7C4C6AFACAEB2AFB1BAB7B9D7D3D6B6
:10F08000C7C5C7CAC7CA2F2E2FC1C0C2FFFFFF0006
:10F090000000FFFFD1C3E3E5EFC2AAFFFFCEE1FA14
:10F0A000FDF3FBF1E8D3C5E2F5E7E0F7F8F5F9ED9C
:10F0B000E9F2B9B5D8D9E6F6F4E4ECBFADB3B8B02F
:10F0C000AFC6E0F0EBB1ACB7B6BBC0CADDDEEAAEAE
:10F0D000BCD4DCFEEED6D7DFFCB2D2D5DAC4B4C1E4
:10F0E000CCCDFFC8CBD5DBB4FEBEBAA9FFFFABCFFA
:10F0F000C7BDC9D0FFFF000000000000000054524F
:10F100005545564953494F4E2D5846494C452E00BA
:10F110000001010000000118000000004000400054
:10F120000808FFFFFF7B7CF17171F06B6BF05656A6
:10F13000C46061EC4345BB5151ED3133BF373BE611
:10F140002728B42729CA1A1C92292AE51D1DBD02A9
:10F15000020F12138A10107F0A0B5113169E1B1CEC
:10F16000E501010903031B0607361111C91313E05A
:10F170000F11BC0D0DDE0D0EE30A0DD20608940929
:10F1800009E90406850506A6070CE10505DE03036B
:10F19000DE0202B50101C40101E300000100000428
:10F1A0000001D30001DA0000DE0000E80000F135C4
:10F1B000376C5C61DD5258D5464AC94E53DE454A2C
:10F1C000D62B2F8A383EB8393EC44248E81A1C5E16
:10F1D0002C31A93439D31F249A2229D9171CD506DA
:10F1E000096D040BCD555CE12C35DD0B18DE4A585A
:10F1F000EA0914990716AA6874E75A6BF35262F089
:10F200004454D0495CF82A37B36274F63548D022AA
:10F2100038C76C81FB1329AE112BC3011DBB02241F
:10F22000CCFAEAD6E8DDD0F8EBDCF3E5D6FCF8F46E
:10F230005A544EF0E0D0EDDCCC030201020100E9AB
:10F24000DFD69D724CC2B9B26F665FE6D2C2AC81A6
:10F250005EA16A3F85817EF5E9E0986947A3704B1E
:10F26000885836925426271609AFA6A0968C85F0AA
:10F27000D3C05A44359358310704028D502779433F
:10F2800020DDD0C8DAC2B4B69D8ED4B7A5AB8B78DA
:10F290000E09068A5637915A3A150D087B482A8A74
:10F2A000512F8F532E472916382011844926F8F103
:10F2B000EDF1E4DDE6D8D0EFE0D8F0DDD382777170
:10F2C000DFCCC2D1BEB4C9B5AA564D48BFAA9EE292
:10F2D000C9BBC7AFA2D5BAABBDA293C3A797D0B0E5
:10F2E0009FCAA896B19382C7A491C4A08DA0806E36
:10F2F00096766445342B946D58A6765C2B1E17A227
:10F30000715591644B9C6B4F9A664987583E98643F
:10F3100046956143975F3F945C3D865135895335EF
:10F320008F5737663E279156368E55348C53328F21
:10F3300053328D523158331E8D51308C502F894E9F
:10F340002CF5EBE6E6DCD7E2D6D0D5C7C0E9D9D1BB
:10F35000F2E0D7EAD4C9CEB3A5AE978BCBAA996910
:10F36000564DC19C89BD97841B1512BA917CB68BF2
:10F3700075B0846EAB7D65895D48A06A4E0A06044F
:10F38000945839E9DED9A59A95EAD5CCECD7CEE8E0
:10F39000D1C7E7CFC479554569493AEEDDD6EDDBF3
:10F3A000D4EDDAD2ECD8D0E9D2C9E6CCC28B645520
:10F3B0007E4B36342D2B7B5C54776E6CA189844A4E
:10F3C0004140050404040303E7DDE35E595CB6AD88
:10F3D000B3EAE6E9030203705A7A22192753376722
:10F3E0000C0B0DC1B8D3382C514843599088B2D575
:10F3F000D2E7524D7F0D0C1A4039919F9CDC514F42
:10F400009D6562C96564A28382DF7271C65755B07B
:10F410003938A82120732C2B9D0908E0FFFFFF003D
:10F420000000FFFFFFFFFFFFFFFFFFFFFFFFFFFFEA
:10F43000FFFFFFFFFFFFFFFFFFFFFFFFFFFFFFFFDC
:10F44000FFFFFFFFFFFFFFFFFFFFFFFFFFFF292978
:10F45000FFFFFFFFFFFFFFFFFFFFFFFFFFFFFFFFBC
:10F46000FFFFFFFFFFFFFFFFFFFFFFFFFFFFFFFFAC
:10F47000FFFFFFFFFFFFFFFFFFFFFFFFFFFFFFFF9C
:10F48000FFFFFFFFFFFFFFFFFF28FFFF0F17123FE8
:10F490001E1E1E203F172929FFFFFFFFFFFFFFFF52
:10F4A000FFFFFFFFFFFFFFFFFFFFFFFFFFFFFFFF6C
:10F4B000FFFFFFFFFFFFFFFFFFFFFFFFFFFFFFFF5C
:10F4C000FFFFFFFFFFFFFFFFFFFF163F1E21212170
:10F4D0002121252525261E16FFFFFFFFFFFFFFFF29
:10F4E000FFFFFFFFFFFFFFFFFFFFFFFFFFFFFFFF2C
:10F4F000FFFFFFFFFFFFFFFFFFFFFFFFFFFFFFFF1C
:10F50000FFFFFFFFFFFFFFFF153F21212121211EEC
:10F510001E1E130A083B0B1A17FFFFFFFFFFFFFF1A
:10F52000FFFFFFFFFFFFFFFFFFFFFFFFFFFFFFFFEB
:10F53000FFFFFFFFFFFFFFFFFFFFFFFFFFFFFFFFDB
:10F54000FFFFFFFFFFFFFF161E2525212113130CD0
:10F550001011110C36344A371329FFFFFFFFFFFF4C
:10F56000FFFFFFFFFFFFFFFFFFFFFFFFFFFFFFFFAB
:10F57000FFFFFFFFFFFFFFFFFFFFFFFFFFFFFFFF9B
:10F58000FFFFFFFFFF2817262625250E0A3AFC3C21
:10F59000131010103C3734323617FFFFFFFFFFFF08
:10F5A000FFFFFFFFFFFFFFFFFFFFFFFFFFFFFFFF6B
:10F5B000FFFFFFFFFFFFFFFFFFFFFF28FFFFFF2809
:10F5C000E1E1E6E1E1122B26261A373232360C123F
:10F5D000F1161616170C323434125EFFFFFFFFFFD0
:10F5E000FFFFFFFFFFFFFFFFFFFFFFFFFFFFFFFF2B
:10F5F000FFFFFFFFFFFFFFFFFFFFFFC96C9BD2C7AD
:10F600009C9AC6C6FA2C2A2A0B33330639F129FFF5
:10F61000FFFFFFFFFF2939343439FFFFFFFFFFFFF2
:10F62000FFFFFFFFFFFFFFFFFFFFFFFFFFFFFFFFEA
:10F63000FFFFFFFFFFFFFFFF729EABA09DC6C6C589
:10F64000C4C3C3062C2B403B3341F6DF7A5EFFFF79
:10F65000FFFFFFFFFFFF29353339FFFFFFFFFFFFEC
:10F66000FFFFFFFFFFFFFFFFFFFFFFFFFFFFFFFFAA
:10F67000FFFFFFFFFF28C981A8C89F9F9DC6C5C582
:10F68000C396082C2B404E4A04E7BFBFBF9BC25E07
:10F69000FFFFFFFFFFFF5D173439FFFFFFFFFFFF95
:10F6A000FFFFFFFFFFFFFFFFFFFFFF29285DE6E6EB
:10F6B000FFFFFF5EC982A9A6A6A4A19D9DC6C6C5DF
:10F6C000C4FA2C2B1D4F4EF462BFBFBF62DCDC8D31
:10F6D000C25DFFFFFFFFFF0F3A39FFFFFFFFFFFF94
:10F6E000FFFFFFFFFFFFFFFFFFFF2812FB111111BC
:10F6F000113F12E87ECAA7A7A5A5A2A19F9D9D6460
:10F70000F42B2C40524CF0BFBF6289DEBD77779658
:10F7100079BF7AFFFFFFFF150C175EFFFFFFFFFFAA
:10F72000FFFFFFFFFFFFFFFFFFFF3F083C0C0C0C3C
:10F7300010FBD2ACACAA7CA7A7A7A7A4A19F69E79E
:10F740002B2C405151EDD2DC9A79779390BCBC9030
:10F75000939292DBFFFFFF0F1016FFFFFFFFFFFFEB
:10F76000FFFFFFFFFFFFFFFFFF173BFC3C0C3C3F91
:10F77000F1AB71AEADADAAAAAA7C7CA7A7A2C89C2A
:10F78000F22A4551E3D1D99AC6C5C5C3C17797932B
:10F7900092B8B5CEDBFFFF161115FFFFFFFFFFFF8D
:10F7A000FFFFFFFFFFFFFFFF151A37FCFC3C391579
:10F7B0008180B0AEAEAEAEADADAA7171D989D9A41B
:10F7C00069E70CF068A0A1A19F9F9F9FC6C3C07767
:10F7D0008C858587929E28171128FFFFFFFFFFFF6A
:10F7E000FFFFFFFFFFFFFF28200DFA3A3AFBE682FA
:10F7F0007E7F7F7F7FB3AEB28071D9F6015047F232
:10F80000C765A0A2A2A2A1A1A2A079929699C6962C
:10F81000B785D4D38F9AE01212FFFFFFFFFFFFFFDF
:10F82000FFFFFFFFFFFF29122D3B063A3A176CB18D
:10F830007EB37F7FB4B373B2DCF64D505050503777
:10F84000E9A6A4A4A2A2A5A09C92CED6CD76BC7611
:10F85000D4D4D5D6B992BF1016FFFFFFFFFFFFFF2C
:10F86000FFFFFFFFFF29162D2D3B36363AE882B108
:10F8700083B4B4B47373DCF64D4D4D5050505031D9
:10F88000FCC7A7A77CADA390D0CFD8D8D8D0D7CF6E
:10F89000D8D0CED6D58C96F0EAFFFFFFFFFFFFFF52
:10F8A000FFFFFFFFFF28172E273B0637FC8282B1A0
:10F8B00083B4B4B4DCF94948484D4D4D50505047DD
:10F8C00036BF73B4B4749DCED0D8D8D8D8D8D88F1A
:10F8D0008F8FD8D7CED693C4D15EFFFFFFFFFFFF37
:10F8E000FFFFFFFFFFFF172E2D423206FA8282B183
:10F8F00083B473D1334B494948484D4D4D4D505019
:10F9000034F083B4B48377CED8D0D0D0D0D0D8D888
:10F910008F8F8FD0BBD58CC4C39BFFFFFFFFFFFF32
:10F92000FFFFFFFFFFFF172E2D0D3237368282B10A
:10F9300083B4B4B4D1044B44494848484D4D4D506C
:10F9400041067E74747E91CDD0D0D0D0D0D0D0D0AE
:10F95000D88FD8D0BBD5B899C5C67DFFFFFFFFFFB4
:10F96000FFFFFFFFFFFF162E2D19313206DB8281CC
:10F970007EB4B483747EF94B44494948484D4D5098
:10F980003032CC9779C1D8CFCFCFCFCFCFCFCFCF59
:10F99000CFD0D0D0D7CED4969FC6D1FFFFFFFFFFE8
:10F9A000FFFFFFFFFFFF292B2D1F333232EC828137
:10F9B000ABB47EC7C0C5F9384444494948484D4DA9
:10F9C0004737E796D0D0D8D7CDD7D7D7D7D7D7D73F
:10F9D000D7D7CFCFD7CDD4779FA19F9EFFFFFFFF73
:10F9E000FFFFFFFFFFFFFF1E2E2D093134F0828243
:10F9F000B174A38B78EE3838384444494948484DAF
:10FA0000474CE96A9F91D6D6D5D6CECDCDCDBBBBDE
:10FA1000D7D7CFD7CDCDD68C9FA1A4ABFFFFFFFF0B
:10FA2000FFFFFFFFFFFF29172E2D143134068282BE
:10FA300081AB94D876F5423838384444494949482E
:10FA40004D3AFBDAA28C85D5D5D4D4D5CECDCDCD4B
:10FA5000D7D0D0D7CDCDCDD7C59FA47B7DFFFFFF1D
:10FA6000FFFFFFFFFFFFFF15272D2D383131EC6C15
:10FA700082898A6FE442420909383841064449497B
:10FA80004D3611D2A4C18C7585D3D3D3D4D5CECD68
:10FA9000CFD8D8D7CECECDD677A1A27C82FFFFFF1C
:10FAA000FFFFFFFFFFFFFF5E1E2E2D0D4133F28291
:10FAB000DF898CD7F53D4242090938043FFC414BB0
:10FAC0004DFA39D2A09F9FC186858787D3D3D5CDE4
:10FAD000CFD7D0CFCED6CDD592A1A17CB1FFFFFF9D
:10FAE000FFFFFFFFFFFFFFFF172E2D1F333132ED0A
:10FAF0008DE3CCE43D3D3D42424241FC11ECDF044C
:10FB0000470C9B70A09F9FC8C676CBD38585D4CE6B
:10FB10008A8ED8D7CED5CECDC5A1A1A77E72FFFF44
:10FB2000FFFFFFFFFFFFFF5E81182E2D0D4133F415
:10FB30008D5ADDF93E3D3D3D42093210118D628DF9
:10FB4000DFDF70D29C9D9D9D9FC6C4C5C37667BAFA
:10FB5000B89C8CD5D5D4D48BA4A1A1A5AE7DFFFF34
:10FB6000FFFFFFFFFFFFFF5E74E92E2D1F333131D2
:10FB7000E38D5A0E3E3E3D3D3D38FC10F089BF708E
:10FB80007070D2C79DC6C6C69D9D9F9FA29F91764D
:10FB9000C3AE968587D5BA93AAA2A1A5AD82FFFF71
:10FBA000FFFFFFFFFFFFFFC983730E2E2D143033BD
:10FBB000F45A2F1A3E3E3E3E42060C35DDBFD1D9E7
:10FBC000D9D99CC6C6C6C6C6C6C69D9D9DC8A2A597
:10FBD000ACAFACC67685BA8EA9A5A2A5AA81FFFF57
:10FBE000FFFFFFFFFFFFFF7DB473E9272D2D0941C4
:10FBF00031E3FB2146183E3E3BFA0CF089BF9AC523
:10FC0000C5C5C5C5C5C5C5C5C5C5C6C69D9DC8A410
:10FC1000A6CAAF83A1D7B58E7FA7A4A5AAB1FFFFBF
:10FC2000FFFFFFFFFFFFFF6CB4B473FC2E2D1F33EB
:10FC300041F9111E1E46183E32FCFCDD6699C5C412
:10FC4000C4C4C4C4C4C4C4C4C4C5C5C6C69D9FC8B6
:10FC5000A6A7ACB0B4A2C1C5B47CA5A5ACB1FFFF4A
:10FC6000FFFFFFFFFFFFFF6CB4B473DA182E2714F9
:10FC7000414113201E1E2108363AF4896D8EC4C3FB
:10FC8000C3C3C3C3C3C3C3C3C3C4C4C4C5C69D9F86
:10FC9000A2A6CAADB0B483B4B2AAA6A7ADABFFFF0B
:10FCA000FFFFFFFFFFFFFF6CB4B4B46BE9242D2707
:10FCB0000941322020201EFAFAFADD6E6198C3C194
:10FCC000C1C1C1C1C1C1C1C1C1C3C3C4C4C5C69D35
:10FCD000C8A4CAACAFB2B3B3B2AAA7A7ACABFFFF7C
:10FCE000FFFFFFFFFFFFFF6CAE7CA4A26004272C88
:10FCF0002434414C3F201035FC2FDD6DB8C1C0C00D
:10FD0000C0989898989898C0C0C1C1C3C3C4C59DF5
:10FD10009FA2A6ACAFB2B2B3B2AD7C7CADB15EFF78
:10FD2000FFFFFFFFFFFFFFC2A5A4A1A47784342B30
:10FD30002B1B3341FC3F353535DB5A61E590C097CD
:10FD400097959595959595979798C0C0C1C3C4C64A
:10FD50009DC8A6CAAFB0B2B2B2AFAA7CAEB1FFFF27
:10FD6000FFFFFFFFFFFFFF7A9C9AA4688BFEEF3D29
:10FD70002A2A3E41313C35F239DBDF66B88B97BE2B
:10FD8000BE94949494949494BE959798C0C1C3C51E
:10FD9000C69FA4CAACAFB2B2B2ADAAAAAE81FFFFF1
:10FDA000FFFFFFFFFFFFFFE1A0B899A0755959EBD6
:10FDB0001D2A263D3031F235DBDBDFE3666EBD9474
:10FDC00078787891919178789494BE9798C0C3C4CC
:10FDD000C69FA2A7ACAFB0B2B2ADACAD7F82FFFF01
:10FDE000FFFFFFFFFFFFFFFFD2969099845959E56F
:10FDF0000E2626260B41062FDFDF8DE3E3896E7783
:10FE00009176767676767691787894BE9798C1C317
:10FE1000C59DC8A7ACAFB0B2B2AFADADB36CFFFF7C
:10FE2000FFFFFFFFFFFFFF28B199B88B5984FEEB5E
:10FE300021252626260B41F462DDE3E3E3E3DD8999
:10FE40009376638F8F8F8F8F76917894BE97C0C390
:10FE5000C5C6C8A6CAAFAFB2B2AEAFAE837AFFFF17
:10FE6000FFFFFFFFFFFFFFFF9E998459595959F784
:10FE70002521252626250B31EE61CCE35A8D5A5AD1
:10FE8000DD777663BBBB638F8F769178949598C34B
:10FE9000C69CA0A6CAACAFB2B2B0B0B3AB5EFFFF17
:10FEA000FFFFFFFFFFFFFFFFC99C75595959FEF582
:10FEB000252525212525250B30EFE26D628D8D8DC1
:10FEC0005A626E8C635C5C63638F7691BC93969A86
:10FED000D170ABA3CAACAFB2B0B0B27F81FFFFFFAD
:10FEE000FFFFFFFFFFFFFFFFFFAB79598475B608E7
:10FEF0002625250E082525250E30E5846166625AE3
:10FF00008D5AE3898C5B5B5CBB638FBC7799DC703B
:10FF10009B9B70DAB0B2AFAFB0B0B3B47DFFFFFF60
:10FF2000FFFFFFFFFFFFFFFFFF9E9675B7C6770B32
:10FF300026262537414C2525250E30E259B8CC8997
:10FF4000625A5A896158585BBB76926EDC8DDF9B92
:10FF5000DB9BABC79CA3A8B2B2B273ABFFFFFFFFA2
:10FF6000FFFFFFFFFFFFFFFFFF5D6E8C999DDE1D12
:10FF7000262626344AF6F025251A0E30EB5B758BC3
:10FF80006D66666D5657588A8E6E625ADFDF9B9B90
:10FF90009B81BF8BD58A777FB2B2DA9EFFFFFFFFCE
:10FFA000FFFFFFFFFFFFFFFFFFFFDF85999D892A0E
:10FFB0002A26184A4EE76EEE0A1A0E0B30EB88BA64
:10FFC0005675B85F5757566DDD5A8DDF70DF2F3C81
:10FFD0002FDFCC67B567BBA573DAFBE6FFFFFFFF3A
:10FFE000FFFFFFFFFFFFFFFFFFFFEAE48E9FE72A0F
:10FFF0002A2A3D4E066666B8EB060B0B3B31EBBA80
:020000023000CC
:10000000576767B567585C8E628D70DF2F3C54541C
:1000100054F06E758567CDC783E9200FFFFFFFFFA2
:10002000FFFFFFFFFFFFFFFFFFFF299B7564E72C2A
:100030002B2A3D4EF462898E87E5F83B343430F349
:100040005F57676767585B8ABD622F0C53535354E1
:10005000434C626EE46177D1DC124517FFFFFFFF6E
:10006000FFFFFFFFFFFFFFFFFFFFFFFF8991F02C66
:100070002C243B4FF6DD6EB7595959F33133410506
:10008000F3B655858557558AEE3545464653401992
:1000900014F25AE36262BF5A9E174517FFFFFFFF33
:1000A000FFFFFFFFFFFFFFFFFFFFFFFFEA8EEE27CF
:1000B00027234F4C66666D845984595BEB470503D3
:1000C00003F7EF585588EEF2201E45462A231B14ED
:1000D0000DF05A5A5A8D5ADBFF3F4512FFFFFFFFC2
:1000E000FFFFFFFFFFFFFFFFFFFFFFFFFFDBEE2C28
:1000F00027FD4E3A8966E4848459B58A63B8F703CC
:10010000020301EBEBF420201145262C2CFD1914E1
:100110003BE35A5A8D5ADF72164513125EFFFFFFFA
:10012000FFFFFFFFFFFFFFFFFFFFFFFFFFFFEC22CF
:10013000271C4F356266E4B58484CBB88A638AF3A2
:10014000020303010611111E252B272C231B140D5E
:10015000372FE3E3E362DB1745465117FFFFFFFF4D
:10016000FFFFFFFFFFFFFFFFFFFFFFFFFFFF163E49
:1001700043144F358D62BD91B78A8A8AB5758F63F6
:10018000EBF703F3FA13262C272C2C241B19140944
:10019000525454524E37515353513B0FFFFFFFFF00
:1001A000FFFFFFFFFFFFFFFFFFFFFFFFFFFF0F0B43
:1001B000140D512F70BF9990BC789176868A76B8CD
:1001C0005FB6EFB6F82A272C2C2C2C2319140D0916
:1001D0000B4F5254545454520B090C5EFFFFFFFF57
:1001E000FFFFFFFFFFFFFFFFFFFFFFFFFFFF293CB8
:1001F0003D4251F4895A9A98BE908B8CBC918B8B5E
:10020000D0568584E2382C2C2C2C231B140D093855
:100210000705050505304107380917FFFFFFFFFFF8
:10022000FFFFFFFFFFFFFFFFFFFFFFFFFFFFFFFBE2
:100230004E4E51F68CDD66BDC1B867868ACB85B857
:10024000908B5F6757E2332C2C24FD19140D09079E
:10025000070503020203050709FCFFFFFFFFFFFF7D
:10026000FFFFFFFFFFFFFFFFFFFFFFFFFFFF28175D
:100270004A4A3A399EBFDD6D928B67858587B9B84A
:100280008BB867858755CB3324231B140D0938079A
:1002900005030303030507093716FFFFFFFFFFFFF1
:1002A000FFFFFFFFFFFFFFFFFFFFFFFFFFFFFF0F4E
:1002B000364A4C3F5E5EC2BF8B588887BAD3B98638
:1002C000867585BABABA58753327190D09380707E4
:1002D0000505030305073804E8FFFFFFFFFFFFFFE5
:1002E000FFFFFFFFFFFFFFFFFFFFFFFFFFFFFFFF1E
:1002F0003931363F5EFF2916FBE790D8BB87BABA83
:10030000BABA8888CDD4B9639004190D093831F888
:10031000F7F7F7F7F8F6EDEAFFFFFFFFFFFFFFFF44
:10032000FFFFFFFFFFFFFFFFFFFFFFFFFFFFFFFFDD
:100330000FFB4A0C121617113F0FC9DBBF9A7791BA
:100340008FD8CF9596919399D29BF90D3807FBE6FC
:10035000EAEAEAEAE6FFFFFFFFFFFFFFFFFFFFFF1A
:10036000FFFFFFFFFFFFFFFFFFFFFFFFFFFFFFFF9D
:10037000FFE117FB1111111215FFFFFFFFFFE07DD9
:10038000C29E9E9E9EC2C95DFFFFEAF9380517FF17
:10039000FFFFFFFFFFFFFFFFFFFFFFFFFFFFFFFF6D
:1003A000FFFFFFFFFFFFFFFFFFFFFFFFFFFFFFFF5D
:1003B000FFFFFF15171716FFFFFFFFFFFFFFFFFFF0
:1003C000FFFFFFFFFFFFFFFFFFFFFFEAF54116FF03
:1003D000FFFFFFFFFFFFFFFFFFFFFFFFFFFFFFFF2D
:1003E000FFFFFFFFFFFFFFFFFFFFFFFFFFFFFFFF1D
:1003F000FFFFFFFFFFFFFFFFFFFFFFFFFFFFFFFF0D
:10040000FFFFFFFFFFFFFFFFFFFFFFFFC2F615FF2C
:10041000FFFFFFFFFFFFFFFFFFFFFFFFFFFFFFFFEC
:10042000FFFF0000000000000000545255455649EF
:1004300053494F4E2D5846494C452E0000010100AE
:100440000000011800000000400040000808FFFF05
:10045000FF01010106060603030400000104070969
:100460001112120B0C0C030505000101BCE3CDB009
:10047000DCC108120C0E1912C8EED5010402020BE1
:1004800005A7D4B5ABE8BD26412E9ECBAB85C39660
:1004900094C09F77B48660A57041885187B5911547
:1004A00023184FA7615C98672681374199506CA744
:1004B000743A854532543654985B318739627C638F
:1004C0004F93504051405270525A8C5A609E604730
:1004D0008746367A352A712A26692626792341836A
:1004E0003E297B25347A2C2F78282B752353884C72
:1004F0004560407585722330204470353C692B3847
:100500003A36030302030301A7A58C171613282507
:100510001F060503999187D9C6B2504C48E4D6C846
:10052000E5D7C9E4D5C6E1D0BFDFCCB9DCC9B6098F
:100530000807E7D9CCEBDDD0D3C6BA79716AE2D22D
:10054000C4E7D7C9B7AA9EDDCDBED9C8B9D4C3B454
:10055000D5C0AD5F554C3F352CC6BAB0E6D7CBC33E
:10056000B5AAB3A498D1BFB1AB9C90DECABAB9A862
:100570009AC5B3A4A69689AA998BB2A092B5A39462
:10058000BCA898A59283C4AD9BCFB7A3D3BAA6B994
:10059000A391CCB39EB29A87C8AC96C5A890896344
:1005A00045E4D7CDCFC1B7DDCEC3CCBDB2322E2B03
:1005B000BFAFA3CAB9ACBBAA9DDAC5B6463F3AD80D
:1005C000C3B3CDB8A9D7C1B0AE9B8DD3BCABCBB4B0
:1005D000A3948376AE9888A58F7F8C796BCAAE9AE8
:1005E000C4A995AE95837B695CA78D7AAD927EB4E4
:1005F0009883BC9E88C2A38CBFA089A08470BB9B3B
:1006000083B9987FB59177221B1695765F9B7B63A4
:100610008E6F57957258835F449B6E4EA3735182C1
:100620005A3C7C55387B5132774E306B4020F9F084
:10063000EAEADED6ABA19AD8C9BFEAD9CEEEDDD2BE
:10064000F3E1D5C7B0A09E8B7EDABFACB39C8C6FB4
:100650006056C2A592A78975B8967EB5937BB18E78
:1006600076B08B71B1876CAC8367A67E628C674E67
:10067000976F53A5785A9E72546347349E6F4F9379
:1006800067484C35259A6B4B9C6D4C976848996A26
:10069000499868489A6A499C6B4A9767469E6C4994
:1006A0009465449C694673482AE0D5CEE4D9D2EFDC
:1006B000E2DAF4E7DFEDDED5E9DAD1ECDBD1E2D145
:1006C000C7E6D2C6DCC9BDE5CFC1E8D1C3E3CBBC28
:1006D000E5CCBDE9CEBEE3C6B5C9A690C29A8115E8
:1006E000100D37271D1E130CE7D5CBEED9CDDDC578
:1006F000B8E1C7B9E0C5B6DDC1B1DFC3B3DDBFAE98
:10070000E7C7B6DABCABD9BAA9DCBCABDAB9A6D6B6
:10071000B4A2D8B6A3D4B19DD3AC97D6AD97D1A887
:1007200092CDA38CCA9E86C8997FC6957AC29176CF
:10073000C38E72BF896CEBD4C8E0C0B0E2BFAD0518
:1007400003020A0606030002FFFFFF000000FFFF8E
:10075000FFFFFFFFFFFFFFFFFDFC41FFFFFFFFFF6C
:1007600009FFFFFFFFFFFFFFFFFFFFFFFFFFFFFF8F
:10077000FFFFFFFFFFFFFFFFFFFFFFFFFFFFFFFF89
:10078000FFFFFFFFFFFFFFFFFFFFFFFFFFFFFFFF79
:10079000FFFFFFFFFFFFFF38223A22220CFFFF0975
:1007A00009FFFF01FFFFFFFFFFFFFFFFFFFFFFFF4D
:1007B000FFFFFFFFFFFFFFFFFFFFFFFFFFFFFFFF49
:1007C000FFFFFFFFFFFFFFFFFFFFFFFFFFFFFFFF39
:1007D000FFFFFFFFFFFF3F29312F2B181309DB40DD
:1007E0003F10FFFFFFFFFFFFFFFFFFFFFFFFFFFFC8
:1007F000FFFFFFFFFFFF01FFFFFFFFFFFFFFFFFF07
:10080000FFFFFFFFFFFFFFFFFFFFFFFFFFFFFFFFF8
:10081000FFFFFF01FFFF38262F2F392922403A32F0
:100820003A220DFFFFFFFFFFFFFFFFFFFFFFFFFF6C
:10083000FFFFFFFFFFFF01FFFFFFFFFFFFFFFFFFC6
:10084000FFFFFFFFFFFFFFFFFFFFFFFFFFFFFFFFB8
:10085000FFFF06381B1B222D2D2D2E2E3A39343446
:100860003439220DFFFFFFFFFFFFFFFFFFFFFFFFF8
:10087000FFFFFFFFFFFFFFFFFFFFFFFFFFFFFFFF88
:10088000FFFFFFFFFFFFFFFFFFFFFFFFFFFFFFFF78
:10089000FF05362130392C192B2B302C2E2E3434D9
:1008A0002F35271BFFFFFFFFFFFFFFFFFFFFFFFFAE
:1008B000FFFFFFFFFFFFFFFFFFFFFFFFFFFFFFFF48
:1008C000FFFFFFFFFFFFFFFFFFFFFFFFFFFFFFFF38
:1008D00004361F241E21232B333434332C2E2E3484
:1008E0002B25130CFFFFFFFFFFFFFFFFFFFFFFFFA5
:1008F000FFFFFFFFFFFFFFFFFFFFFFFFFFFFFFFF08
:10090000FFFFFFFFFFFFFFFFFFFFFFFFFFFFFFFFF7
:10091000FF281C1E191826302C333434332C2E2D6E
:1009200039221B04FFFFFFFFFFFFFFFFFFFFFFFF59
:10093000FFFFFFFFFFFFFFFFFFFFFFFFFFFFFFFFC7
:10094000FFFFFFFFFFFFFFFFFFFFFFFFFFFFFFFFB7
:10095000FF40182118202A2B302C34343432242E16
:1009600039221BFFFFFFFFFFFFFFFFFFFFFF040F09
:10097000FDFDFFFFFFFFFFFFFF04FFFFFFFFFFFF86
:10098000FFFFFFFFFFFFFFFFFFFFFFFFFFFFFFFF77
:10099000FF1B291815171817202330333434302C37
:1009A0002C363841FFFFFFFFFFFFFFFFDB40BCB9E4
:1009B000DCDDDBFF04FFFF93BCDDFFFFFFFFFFFF7C
:1009C000FFFFFFFFFFFFFFFFFFFFFFFFFFFFFFFF37
:1009D000FF271C171615161720171C3234342C2B22
:1009E0002C2C39363810FFFFFFFFFFDCB0DAF2F2B3
:1009F000B29B9FBCFFFBB9B3F79AB993FFFFFFFF10
:100A0000FFFFFFFFFFFFFFFFFFFFFFFFFFFFFF07EE
:100A100022281814141417182028202133343226C1
:100A20002124212A280D10FFFFFF4B95EFF1F2F250
:100A3000F0899FC8DC58F6F6F7F7F7B0BCDDFFFF8A
:100A4000FFFFFFFFFFFFFFFFFFFFFFFFFFFF04367A
:100A50001718180B1111181D1904271C32343423D0
:100A600019232323280D08FFFFFF938EEEF1F1F2E7
:100A7000F0AD9F9FB996F4F6F7F7F7DA709FBC08D0
:100A8000FFFFFFFFFFFFFFFFFFFFFFFFFFFF04254B
:100A9000151817110B11291D22FF3B1C3032342A67
:100AA0001818262A280C3D4102FFDB90EFF0F1F1E7
:100AB000F1B2B6B5B6F5F4F5F6F7F7EDB59F9B9341
:100AC000FFFFFFFFFFFFFFFFFFFFFFFFFFFFFF2510
:100AD0001217170B0B0B1D29220F361F2B30351742
:100AE00017201720428488C8B9B940AFEDEEF0F066
:100AF000F0F0F0F1F2F3F4F4F5F6F3A79F9F9E7A8D
:100B0000FFFFFFFFFFFFFFFFFFFFFFFFFFFFFF9361
:100B10003714160B0B0B172928362318202A201AF6
:100B20001720253EE9E6A9949F9B8F85ECECF0F217
:100B300092B2B3B2F5DAF2F3F4F5F2949F9FB53BBB
:100B4000FD3CFFFFFFFFFFFFFFFFFFFFFFFFFFFF7A
:100B5000FF37110B0A0A0B151717151A172016174E
:100B60001A3688E4E1E4D8AC978DF9EA90B69B9EFA
:100B7000C89E9EC8C89DC6B3F3F3F5B8C89F987ABF
:100B8000B9BCDCFBFFFFFFFFFFFFFFFFFFFFFFFF25
:100B9000FF3B14140A0A0A0A0B1114161A1A161724
:100BA0002057E4D7E1E2E4E3E4D890709D70979594
:100BB000B4B7B7B7B6709D9F9BB2F3F3B49E9BB228
:100BC000F6F6B4B9DCFBFFFFFFFFFFFFFFFFFFFFFF
:100BD000FF2711160B0A0A0A0A0B11141611171512
:100BE0002857D4D6D5E1E2D6E8979C94B1B3B7BAEA
:100BF000BDC2C0C2C3BAB8B69D9FBEF3F3B2F7F68A
:100C0000F7F7F7B6C8DCFFFFFFFFFFFFFFFFFFFFAF
:100C10004B140B141A0B0E0A0A0A0B0B0B171A179C
:100C2000208879D4D6D5D4859896AFB2B7B89496A3
:100C3000B6BEBDBDBDBDBDC3BA709F70F4F3F4F5C3
:100C4000F6F7F7F797C83F04FFFFFFFFFFFFFFFF2F
:100C5000FC140E0B111A140A0E0A0A161715151792
:100C6000172581F8D3F8869B8F90B3B3B494AD95D4
:100C700096BABEBDBDBDBDBDBDBABB9F70F3F4F499
:100C8000F5F6F7F36D9F9F41FFFFFFFFFFFFFFFFAB
:100C9000FF270E0E140B161A1A1A1A160B11151717
:100CA0001525407FA5A7988A90B1B2B3B494B0B38C
:100CB00094B8BEBEBDBDBDBDBDBDBEBB9F99F2F467
:100CC000F4F5F7F0959F9D7AFFFFFFFFFFFFFFFF11
:100CD000FFFF44282227160A111111162837111474
:100CE000170D7AD37970878D9292B1B2B39694959D
:100CF00097BEBDBDBDBDBDBDBDBDBDBA709FB2F28D
:100D0000F3F5F179B5C89B57FFFFFFFFFFFFFFFF2A
:100D1000FFFFFFFFFFFF370E0B0B3738103C373E4E
:100D2000575876A597896E90AEAFB0B1B3B4958A97
:100D30008E8CB0B7C0C1BDBDBDBDBDBDBA9D9CF25E
:100D4000F3F079B4C4C3AF44FFFFFFFFFFFFFFFF21
:100D5000FFFFFFFFFFFD280E0E0E371B3F845D7C5B
:100D6000B08BA66D94698D8E90AE92B2907DD4D5E5
:100D7000E3A9E3E38DB7C4BDBDBDBDBDBEBF9FB399
:100D8000F16EB3C6BEAD44FFFFFFFFFFFFFFFFFFE5
:100D9000FFFFFFFFFFFF4B25421A220C57A6A6CDEF
:100DA000A5A5D296A76E6F8D8E91AF7FA47F8B89FC
:100DB000ADADAD906AE7B2C4BDBDBDBDBDBA9C9836
:100DC000F1F1B0C49AABFFFFFFFFFFFFFFFFFFFF92
:100DD000FFFFFFFFFFFFFFFFFFFF0F417EA6A4A461
:100DE000CFA68A8A6A6E6E6F8E9053D16D89828784
:100DF0008B8A898F8FD9E5B2C4BDBDBDBDBEBBC8CE
:100E000091F1ACBAC79402FFFFFFFFFFFFFFFFFFA6
:100E1000FFFFFFFFFFFFFFFFFFFFFF58D3A5A4A4C5
:100E2000A5D2957C696C856F8D48D0877E6B919239
:100E3000B1918C62A88FACE8B7C1BDBDBDBDBE9DF0
:100E4000B4EE8DB6BD94DCDCDDFFFFFFFFFFFFFFDE
:100E5000FFFFFFFFFFFFFFFFFFFF0157A6A4A4A4B2
:100E6000A66B8743696C856F7BCE82658D91AEDA08
:100E7000664F75079384896AD9C1BDBDBDBDBE9B50
:100E800096EEF2AEDAF2AFB59CDCFFFFFFFFFFFF9C
:100E9000FFFFFFFFFFFFFFFFFFFFFF75D4A6A4CFFB
:100EA000A4897C566A696C6CCD6665AC8E908D5C4D
:100EB0003BFFFFFFFF938FAAE3B4C1C2C1C2BEC60E
:100EC00098EDF0F0F0ECE980B8BD75FFFFFFFFFF93
:100ED000FFFFFFFFFFFFFFFFFFFFFF4B4F55A5A5E4
:100EE00054834A567F6A6C50A364688D8D8D784018
:100EF00004FFFFFFFFFF57877DDAC49995B8C2BF93
:100F0000986EEEEDE8E8E86999B75701FFFFFFFF3B
:100F1000FFFFFFFFFFFFFFFFFFFFFFFFFF404FDF70
:100F2000A76B497D566A6ACD76666E6F8D697A04C5
:100F3000FFFFFFFFFFFF93AD61EDB67E898FB8BF66
:100F40009886E5E3E5E7E87FB8B757FDFFFFFFFFC9
:100F5000FFFFFFFFFFFFFFFFFFFFFFFFFFFF58DF68
:100F6000666149437D7F794C5CA76E6F6C4204FFDC
:100F7000FFFFFFFFFFFFFD8461E78F6B9A9595C42C
:100F8000977CD5E4E3E5E87BB89AAB04FFFFFFFF6D
:100F9000FFFFFFFFFFFFFFFFFFFFFFFFFFFFABDFD5
:100FA0006B5D4943435647A3786E856E6A7AFFFFAF
:100FB000FFFFFFFFFFFFFF8861E28F8AB789B4B4AC
:100FC000AD5DD6E2E4E3E3D0B8C58805FFFFFFFFDF
:100FD000FFFFFFFFFFFFFFFFFFFFFFFF01DB81D1EF
:100FE0006454494A437DA472606C6C856106FFFFBE
:100FF000FFFFFFFFFFFFFFAB61D5B8848387B1B070
:101000008955D6E2E2E1CD8CC69A4F03FFFFFFFF80
:10101000FFFFFFFFFFFFFFFFFFFFFBAB8768E1D58F
:1010200064534A5B52614D7460696C6C5E05FFFFEE
:10103000FFFFFFFFFFFFFF88745FB4B4B0B0B0B133
:101040008AA3D3DED0D2ACB7B7AF3BFFFFFFFFFF21
:10105000FFFFFFFFFFFFFFFFFF0157E6D7D7D6E0F7
:10106000644861775664A474606969EC4208FFFFC4
:10107000FFFFFFFFFFFFFB814E5FAFAEAF92B0B14E
:101080006D73A47FB8BAB788573BFFFFFFFFFFFF20
:10109000FFFFFFFFFFFFFFFFFF4B8CD8E4E2E1E023
:1010A0006548527743785A72786C6A6A6302FFFF28
:1010B000FFFFFFFFFFFF4076CA79AEAEAFAF92B041
:1010C00065A4A4ACC6C7AD07FFFFFFFFFFFFFFFF8E
:1010D000FFFFFFFFFFFFFFFFFF418BF9E5E3E4E3C5
:1010E000605F7F5E527C51A378686A6AA706FFFF43
:1010F000FFFFFFFFFFFF4F73CB6C9191AEAF92B03C
:1011000061CECDAFBE9A8407FFFFFFFFFFFFFFFF59
:10111000FFFFFFFFFFFFFFFFFFFB87F9E9E9E3E5C3
:1011200060554955564A48D15266696A7F7AFFFF31
:10113000FFFFFFFFFF405BC9CF8D909091AEAF8A5C
:101140004EA573B6C6B7AB09FFFFFFFFFFFFFFFF5A
:10115000FFFFFFFFFFFFFFFFFF3C7ED7E2E2E1D58D
:10116000614E4848485348CF7476A76AA9A809FF3A
:10117000FFFFFFFF0742A3CB7D8E8C8C9091AFAA1F
:10118000C9A5D28770989CDC41FFFFFFFFFFFFFFDE
:10119000FFFFFFFFFFFFFFFFFFFFABD6D3D1D2D68C
:1011A0005D4E4C454545454DCE5977806AA957FF60
:1011B000FFFFFF3F814ECAA4868D8D8C9091AF7644
:1011C000CBA4A4CF73AAB594AB4BFFFFFFFFFFFFE7
:1011D000FFFFFFFFFFFFFFFFFFFF3C4FA156907F88
:1011E000E0594C4545454546A5735B5B80696957A9
:1011F000FB07445C72C9CB69866F8D8E8C906DA3A2
:10120000CBA4A4A4A577C89F9B75FFFFFFFFFFFF9A
:10121000FFFFFFFFFFFFFFFFFFFFFFFF3B84846433
:10122000D55B735A4545454546A5735B5B617C7C40
:10123000625C7472CACB56856886AC8D8E9060A154
:10124000CDCFCFA4A4CD959E9D5702FFFFFFFFFFFA
:10125000FFFFFFFFFFFFFFFFFFFFFFFFFFFFFFABF2
:10126000D777744C4545454545464DDE4E595B5B49
:10127000747273CBCD7D6C6C856E86AC8E6D4ECCEE
:10128000CDCDCFCFCDCEB4BAB25701FFFFFFFFFF18
:10129000FFFFFFFFFFFFFFFFFFFFFFFFFFFF40AA72
:1012A000D8E376735A4545454545454CCFCECACA25
:1012B000A1CBCD50566A6A696C8586868C78CBCB7B
:1012C000CDCDCDCFCC80BAB76706FFFFFFFFFFFFC4
:1012D000FFFFFFFFFFFFFFFFFFFFFFFFFF58ACE433
:1012E000E5E4615B51464545454545454545514623
:1012F0007353547B7D567F69806C85AC7EC9CCCBA3
:10130000CBCDCDCDCBB19A924409FFFFFFFFFFFFBC
:10131000FFFFFFFFFFFFFFFFFFFFFFFFDB6BFAE8B1
:10132000E7E5A95C724C4545454545454547507242
:101330005952554A437D7F6A6969858272CCCCA334
:1013400053CDCCA055B7B28305FFFFFFFFFFFFFFD2
:10135000FFFFFFFFFFFFFFFFFFFFFFFF58EDECEC7C
:10136000EAE7E57C644E4C454545454545465359BD
:101370004368765F797B567F7FA7825BCCA07192B2
:10138000AF5DCA80928BA83BFFFFFFFFFFFFFFFF0F
:10139000FFFFFFFFFFFFFFFFFFFFFFFF7AECEDEB1B
:1013A000ECEAEAF9A75E4E4C464545454546735280
:1013B000566159534A797B7D808776CCCCC9B0B2CF
:1013C000904F3F75447505FFFFFFFFFFFFFFFFFFD5
:1013D000FFFFFFFFFFFFFFFFFFFFFFFFDB8AECEDDB
:1013E000EDEBE169E5A76377464C464545465A5B18
:1013F0005C5B5353535F79686759CCCCCB8F9F9E0E
:101400009CDDFDFFFFFFFFFFFFFFFFFFFFFFFFFF73
:10141000FFFFFFFFFFFFFFFFFFFFFFFFFF7AEEEE83
:10142000EDD168B485FA80636555514C5A464651F2
:1014300073504750537C8263A3CCCBCBCC779D9F1A
:10144000C8BCFDFFFFFFFFFFFFFFFFFFFFFFFFFF28
:10145000FFFFFFFFFFFFFFFFFFFFFFFFFFFBA8E610
:10146000CC5FB4B3826CE5E8606264615450474776
:101470004753556882625BA1CBCDCDCBCBCB659674
:10148000B598DCFFFFFFFFFFFFFFFFFFFFFFFFFF40
:10149000FFFFFFFFFFFFFFFFFFFFFFFFFF043F57BF
:1014A000376276A85785EAE8E57F787E62637E7EBC
:1014B0007E63625C7471CDA5CFA5CDCDCDCC739884
:1014C0009B70BCFFFFFFFFFFFFFFFFFFFFFFFFFF62
:1014D000FFFFFFFFFFFFFFFFFFFFFFFFFFFFFFFF1C
:1014E000FF04060F88EAEBECEAE9F9E47B5D777725
:1014F000744ED0DEDFCDCD73CFCFA5CDCDCC77C8A8
:101500009F9D5804FFFFFFFFFFFFFFFFFFFFFFFF4F
:10151000FFFFFFFFFFFFFFFFFFFFFFFFFFFFFFFFDB
:10152000FFFFFF938DEDEDEBECEAE0E3E1E2E1D5C7
:10153000D6D6D6D1A1715D66D1A4CFCFCDA04EAD08
:10154000B1877504FFFFFFFFFFFFFFFFFFFFFFFFF6
:10155000FFFFFFFFFFFFFFFFFFFFFFFFFFFFFFFF9B
:10156000FFFFFF7AEEEEEDEDEDE355AEAC86E3E482
:10157000E2E1D5D18A9EC8945BA5CFCDCC736E69CC
:10158000767AFFFFFFFFFFFFFFFFFFFFFFFFFFFF79
:10159000FFFFFFFFFFFFFFFFFFFFFFFFFFFFFFFF5B
:1015A000FFFFFF40F1EEEEEEEE48AFBEB768E8E3B6
:1015B000E4E2E1D3AD9FC8B5AB4EA1A0486C7C621C
:1015C0001BFFFFFFFFFFFFFFFFFFFFFFFFFFFFFF0F
:1015D000FFFFFFFFFFFFFFFFFFFFFFFFFFFFFFFF1B
:1015E000FFFFFF4B83EDEFF0EDD2B3B7ACA2EBE51D
:1015F000E5E3E4D387C89EB53B063BAB57447A0589
:10160000FFFFFFFFFFFFFFFFFFFFFFFFFFFFFFFFEA
:10161000FFFFFFFFFFFFFFFFFFFFFFFFFFFFFFFFDA
:10162000FFFFFFFF065782E2CCCB49534244EAE872
:10163000E7E5E5F878B5988F7504FFFFFFFFFFFF3A
:10164000FFFFFFFFFFFFFFFFFFFFFFFFFFFFFFFFAA
:10165000FFFFFFFFFFFFFFFFFFFFFFFFFFFFFFFF9A
:10166000FFFFFFFFFFFF074F424F4F3BFF4086D674
:10167000E6D8D75AB59DB64F08FFFFFFFFFFFFFF23
:10168000FFFFFFFFFFFFFFFFFFFFFFFFFFFFFFFF6A
:10169000FFFFFFFFFFFFFFFFFFFFFFFFFFFFFFFF5A
:1016A000FFFFFFFFFFFFFFFFFFFFFFFFFF04404FB4
:1016B0004242A288BCBC5706FFFFFFFFFFFFFFFFAF
:1016C000FFFFFFFFFFFFFFFFFFFFFFFFFFFFFFFF2A
:1016D000FFFFFFFFFFFFFFFFFFFFFFFFFFFFFFFF1A
:1016E000FFFFFFFFFFFFFFFFFFFFFFFFFFFFFFFF0A
:1016F000FFFFFFFF04FFFFFFFFFFFFFFFFFFFFFFF5
:10170000FFFFFFFFFFFFFFFFFFFFFFFFFFFFFFFFE9
:10171000FFFFFFFFFFFFFFFFFFFFFFFFFFFFFFFFD9
:10172000FFFFFFFFFFFFFFFFFFFFFFFFFFFFFFFFC9
:10173000FFFFFFFFFFFFFFFFFFFFFFFFFFFFFFFFB9
:10174000FFFFFFFFFFFFFFFFFFFFFFFFFFFF0000A7
:1017500000000000000054525545564953494F4E71
:101760002D5846494C452E0000010100000001188B
:1017700000000000400020000808EBEBEBEEEEEE6E
:10178000DBDDE2E1E4E9EBF3FAE9EEF2EFF4F7F2A4
:10179000FBFEFEFFFF00010100030100060100083F
:1017A00001001C03F5FFF6000B01001402002203E8
:1017B000002D04003104003F05005907CFFFD2B7C8
:1017C000FFBB94FF9B8CFF947DFF8650FF5C29F448
:1017D0003723EE3121EC2F1EE92C1CE72A1BE629CA
:1017E00018E32616E12415E02311DC1F08D31603A5
:1017F000CE1102CD1001CC0F000D010037040048BE
:1018000005005006005306005506005D07006207FC
:10181000006507006708006A08006D08007008008E
:101820007409007709007909007A09007C09007FB2
:101830000900810900820A00860A00890A008B0AD1
:10184000008D0A00900A00930B00960B00980B0085
:10185000A30C00A80C00AF0D00B70D00C20E00C60F
:101860000EFFD89DFFCE92FFCA8BFFC583FFC07CC1
:10187000FFBB74F5AD62FFFEFDFFB36BFFA956ED34
:101880009B4BFFAB5DFFA450FFA149FF9E46FF9815
:101890003EFF9639EEE8E3FDC18EFBBF8CFABB89B3
:1018A000FBBD8AFFBE87FFBC83FFBA80FFB67BFD0E
:1018B000B273F3A669FDAC6DFEAA63FAA159F89F55
:1018C00057EF954FFF9642FF943EFF933EFF913AAC
:1018D000FF9337FF8E36FF8B30FF892CF5F1EEE951
:1018E000E2DDCE8957FAA767EF914BFE9C50F18E4F
:1018F00044F68B3FFD8B36FF8C33FFFCFAF0EAE6B3
:10190000F2ECE8F4EEEAE8DED7D19C7AFCB586FC8E
:101910008A3BFC8738EBE6E3FFFAF7EDE5E0CE9390
:1019200070F29A65EC8446B8612CF9782DFFF6F1D7
:10193000D4B2A0F3A477F5925BFFFDFCFFFBF9D4D2
:101940008A65EC7A3FF66520FFF8F5FFF6F2FFF4C2
:10195000EFE59673E38E6AE58C64E3885FE1835B71
:10196000E38155E27B4CE1774AE07344DE6E3DEB68
:101970006C35E5E0DEFFF3EEFFF2EDFFF0EAFFEE9F
:10198000E7FFEDE6F6D1C3F3CDBEF5CFC0F4CDBE93
:10199000F0C8B8EABFADE1B3A0DF8762E17D53F1E3
:1019A0005013FFF9F7FFF4F0FFF1ECFFEFE9FFEE62
:1019B000E8E6D6D0E2D0CAD5BBB2E7A28ADD8E7304
:1019C000EA5E2CFFF5F2DECAC4D6BFB8DC6843D7A6
:1019D0004F26CD3200D9C4BED3B3AAD97C62F2EE71
:1019E000EDFFFBFAFFF7F5FEF2EFFFF3F0CCB4AE3C
:1019F000A72A10FFF9F8E8DCDAD2ABA5831A0DCBE1
:101A0000B6B4861E13841A0D83190CD9BCBA962A53
:101A100025DABEBD730B07F5F4F4EAE7E7E1DDDD97
:101A2000E5DFDFE0D9D9D3CACADCD2D2D0C1C1D177
:101A3000C2C2D2C3C3701C1B711A197216161A00C7
:101A4000002A00003500003900003C00003F000083
:101A50004100004400007117185C0103D3B6B7D0F1
:101A6000C5C6DDD7D8CCC1C4C8BDC2E4E2E3D6D474
:101A7000D9007509FFFFFF000000FFFFFFFFFFFF18
:101A8000FFFFFFFFFFFFFFFFFFFFFFFFFFFFFFFF66
:101A9000FFFFFFFFFFFFFFFFFFFFFFFFFFFFFFFF56
:101AA000FFFFFFFFFFFFFFFFFFFFFFFF09FFFFFF3C
:101AB000FFFFFFFFFFFFFFFFFFFFFFFFFFFFFFFF36
:101AC000FFFFFFFFFFFFFFFFFFFFFFFFFFFFFFFF26
:101AD000FFFFFFFFFFFFFFFFFFFFFFFFFFFFFFFF16
:101AE000FFFFFFFFFFFFFFFFFFFFFF112B0AFFFFBD
:101AF000FFFFFFFFFFFFFFFFFFFFFFFFFFFFFFFFF6
:101B0000FFFFFFFFFFFFFFFFFFFFFFFFFFFFFFFFE5
:101B1000FFFFFFFFFFFFFFFFFFFFFFFFFFFFFFFFD5
:101B2000FFFFFFFFFFFFFFFFFF0A12332D09FFFF3B
:101B3000FFFFFFFFFFFFFFFFFFFFFFFFFFFFECF5D2
:101B4000EBF4EBE9E9E9E9E9E9E9E9E9E9E9EAEBF3
:101B5000EBF4F4EBF5ECFFFFFFFFFFFFFFFFFFFFF0
:101B6000FFFFFFFFFFFFFFFF0C1439462D09FFFFAA
:101B7000FFFFFFFFFFFFFFFFFFFFFFFFFFEC8F9D5A
:101B8000C09385F6DDDBDBDBDBDBDBDBDBDDD59F81
:101B90008D8D8D8D9FDCECFFFFFFFFFFFFFFFFFFB3
:101BA000FFFFFFFFFFFFFF102D3F47462E09FFFFFE
:101BB000FFFFFFFFFFFFFFFFFFFFFFFFFFF09E5153
:101BC0005859B5FAE8F7F7E7F9E6E6E6F9F7D17A12
:101BD0006F7274755BCBEEFFFFFFFFFFFFFFFFFF30
:101BE000FFFFFFFFFFFF0D31414644442F09FFFF78
:101BF000FFFFFFFFFFFFFFFFFFFFFFFFFFF39D550D
:101C00006A7B97F9E6D1D7E6E8E7E7E7E7F7D18E11
:101C1000887E7475729EF0FFFFFFFFFFFFFFFFFFDE
:101C2000FFFFFFFF09133543444344431509FFFFFA
:101C3000FFFFFFFFFFFFFFFFFFFFFFFFFFF39E55CB
:101C4000587B97FCD5C7C6E4E5E5E5E5E5F8F698E9
:101C5000907E7F755DB5F0FFFFFFFFFFFFFFFFFF89
:101C6000FFFFFF0A14384343424242422F0A090948
:101C7000090909090909FFFFFFFFFFFFFFF39D5550
:101C80006A7B8C02CAC8C7E5E1E3E3E3E3E1C998F4
:101C9000907E73745CB5F0FFFFFFFFFFFFFFFFFF57
:101CA000FFFF0F2C3A41424141414141342E2E2E3B
:101CB0002E2E2E2E2F14FFFFFFFFFFFFFFF39E524D
:101CC0006A6C8C03CAC8C7F8E2E2E2E2E2FBC4A78E
:101CD000997E737F5CB5F0FFFFFFFFFFFFFFFFFF03
:101CE000FF0D153D41404040404040403F3F404097
:101CF000404040403F15FFFFFFFFFFFFFFF39E52B4
:101D0000556C8505C5D28F0200E0E0E0E000BEA77B
:101D1000998870735BA1F0FFFFFFFFFFFFFFFFFFDC
:101D200012353E3F3F3F3F3F3F3F3F3F3F3F3F3FFB
:101D30003F3F3F3F3F15FFFFFFFFFFFFFFF3B55260
:101D4000696B8C05A8BFC500010101010106BDC278
:101D5000B7886F725CA1F0FFFFFFFFFFFFFF0A145F
:101D6000383E3E3E3E3E3E3E3E3E3E3E3E3E3E3E99
:101D70003E3E3E3E3E30FFFFFFFFFFFFFFF39E5221
:101D8000676B920407070706060607060407D4C216
:101D9000B7885C715BA1F0FFFFFFFFFFFF2A2E3BBE
:101DA0003D3C3C3C3C3C3C3C3C3C3C3C3C3C3C3C72
:101DB0003C3C3C3C3D30FFFFFFFFFFFFFFF3B551D4
:101DC0005558789292929292929292B4B4B4C0C7BB
:101DD000B7886E705BA1F0FFFFFFFFFF10313B3B48
:101DE0003B3B3B3B3B3B3B3B3B3B3B3B3B3B3B3B43
:101DF0003B3B3B3B3B31FFFFFFFFFFFFFFF39F51AF
:101E000067558D6D6D6D7A7C7A7C7C7D7D87888849
:101E100087706F6F5AB6F0FFFFFFFF12363B3939FC
:101E20003939393939393939393939393939393922
:101E3000393939393A31FFFFFFFFFFFFFFF3A05176
:101E40006663636364646565666667666767936710
:101E50006967697B7BB6F0FFFFFF133B38FDFDFD33
:101E6000FDFDFDFDFDFDFDFDFDFDFDFDFDFDFDFDA2
:101E7000FDFDFDFD3832FFFFFFFFFFFFFFF3A05127
:101E80005F82CF767683CC8282828281815E5E5E43
:101E90005E8984795AB6F0FFFFFF11353B37383839
:101EA000FDFDFDFDFDFDFDFDFDFDFDFDFDFDFDFD62
:101EB000FDFDFDFD3833FFFFFFFFFFFFFFF3A250E5
:101EC00060DF0808080808089595CDD3CEC3D0CFA9
:101ED000BBCF89795AB6F0FFFFFFFF10303C3A4381
:101EE00044434343434343434343434343434343C1
:101EF000434343433B33FFFFFFFFFFFFFFF3A1518A
:101F00006076FEFEFEFEFE95CDB89A9BB9AAABBCEC
:101F1000ADBA8B7959A4F0FFFFFFFFFF0B2D3C3CBE
:101F2000484A494949494949494949494949494921
:101F3000494949493F34FFFFFFFFFFFFFFF3A2502C
:101F40006276FEFEFEFE95CDB8CE9BB9AABABCADB8
:101F5000ACAA777959A4F0FFFFFFFFFFFFFF2B39F1
:101F60003B492727282828282828282828282828BF
:101F7000282828284135FFFFFFFFFFFFFFF3A2506D
:101F800060CCFEFEFE9596B89AC39CAAABBCADBCD5
:101F9000ABB9897956A4F0FFFFFFFFFFFFFFFF11E8
:101FA000373A4823222424242424242220212121B6
:101FB000212120204534FFFFFFFFFFFFFFF3A34F48
:101FC00062CCFEFE95CDB8CEC3D0AABABCADBCAB38
:101FD000BAC3777959A5F0FFFFFFFFFFFFFFFFFFAF
:101FE00010333A461E1C1C1C1D1C1C254B4C4C4C13
:101FF0004C4C4C4C3F36FFFFFFFFFFFFFFF3A24F5F
:1020000062CCFE9596B89AC3A9BAABBCADBCABBACC
:10201000A9CE777958A5F0FFFFFFFFFFFFFFFFFF75
:10202000FF0C2D3A401D1A1B1B1B1B4A3238FDFDAD
:10203000FDFDFDFD3C38FFFFFFFFFFFFFFF3A34F5A
:102040006182FECDB8CEC3D0BABBBCADACABBAA931
:10205000D0B8D47956A5F0FFFFFFFFFFFFFFFFFFC9
:10206000FFFFFF2B3C391E181A1A1929362B1212A2
:10207000121212121311FFFFFFFFFFFFFFF3A34E17
:102080006181548A9A9B9CAAABBCADADBBABAAB98B
:102090009BD3779D57A6F0FFFFFFFFFFFFFFFFFFDA
:1020A000FFFFFFFF133A3820171716263409FFFFEA
:1020B000FFFFFFFFFFFFFFFFFFFFFFFFFFF3A34E49
:1020C0006181CD9A9BB9AAABBCADADBBBAAAB99B95
:1020D0009BCD8B788FA6F1FFFFFFFFFFFFFFFFFF78
:1020E000FFFFFFFFFF0D363727160E25340CFFFFCD
:1020F000FFFFFFFFFFFFFFFFFFFFFFFFFFF2A44D0A
:102100005F01FE95808A9A9B91919A9A9680955448
:10211000FEFEE06853C6EFFFFFFFFFFFFFFFFFFF7C
:10212000FFFFFFFFFFFF2A31FD49161F340CFFFFA1
:10213000FFFFFFFFFFFFFFFFFFFFFFFFFFECD28D61
:1021400086B2AEB0B0B1B1B1B1B1B2AFAFAFB2AFB4
:10215000AFB0B39394D2FFFFFFFFFFFFFFFFFFFF7E
:10216000FFFFFFFFFFFFFF092D3B4347380CFFFF39
:10217000FFFFFFFFFFFFFFFFFFFFFFFFFFFFEEDEA1
:10218000D8D9DADAD6DAD6D6D6D6D6DADADADADACA
:10219000DADAD9D8DEEDFFFFFFFFFFFFFFFFFFFF19
:1021A000FFFFFFFFFFFFFFFFFF2B3C363C0CFFFF55
:1021B000FFFFFFFFFFFFFFFFFFFFFFFFFFFFFFFF2F
:1021C000FFFFFFFFFFFFFFFFFFFFFFFFFFFFFFFF1F
:1021D000FFFFFFFFFFFFFFFFFFFFFFFFFFFFFFFF0F
:1021E000FFFFFFFFFFFFFFFFFFFF1038430BFFFF65
:1021F000FFFFFFFFFFFFFFFFFFFFFFFFFFFFFFFFEF
:10220000FFFFFFFFFFFFFFFFFFFFFFFFFFFFFFFFDE
:10221000FFFFFFFFFFFFFFFFFFFFFFFFFFFFFFFFCE
:10222000FFFFFFFFFFFFFFFFFFFFFF0C2B09FFFF7B
:10223000FFFFFFFFFFFFFFFFFFFFFFFFFFFFFFFFAE
:10224000FFFFFFFFFFFFFFFFFFFFFFFFFFFFFFFF9E
:10225000FFFFFFFFFFFFFFFFFFFFFFFFFFFFFFFF8E
:10226000FFFFFFFFFFFFFFFFFFFFFFFFFFFFFFFF7E
:10227000FFFFFFFFFFFFFFFFFFFF00000000000068
:10228000000054525545564953494F4E2D58464922
:102290004C452E0000010100000001180000000064
:1022A000400020000808EBEBEBEEEEEEDBDDE2E1B8
:1022B000E4E9EBF3FAE9EEF2EFF4F7F2FBFEFEFFEE
:1022C000FF000101000301000601000801001C03DA
:1022D000F5FFF6000B01001402002203002D04009C
:1022E0003104003F05005907CFFFD2B7FFBB94FF71
:1022F0009B8CFF947DFF8650FF5C29F43723EE31E1
:1023000021EC2F1EE92C1CE72A1BE62918E32616D0
:10231000E12415E02311DC1F08D31603CE1102CDF2
:102320001001CC0F000D01003704004805005006D5
:10233000005306005506005D0700620700650700B0
:102340006708006A08006D080070080074090077CB
:1023500009007909007A09007C09007F09008109D8
:1023600000820A00860A00890A008B0A008D0A0092
:10237000900A00930B00960B00980B00A30C00A88A
:102380000C00AF0D00B70D00C20E00C60EFFD89DA9
:10239000FFCE92FFCA8BFFC583FFC07CFFBB74F5E5
:1023A000AD62FFFEFDFFB36BFFA956ED9B4BFFAB8C
:1023B0005DFFA450FFA149FF9E46FF983EFF96395E
:1023C000EEE8E3FDC18EFBBF8CFABB89FBBD8AFF43
:1023D000BE87FFBC83FFBA80FFB67BFDB273F3A656
:1023E00069FDAC6DFEAA63FAA159F89F57EF954FAE
:1023F000FF9642FF943EFF933EFF913AFF9337FFD3
:102400008E36FF8B30FF892CF5F1EEE9E2DDCE89C7
:1024100057FAA767EF914BFE9C50F18E44F68B3F25
:10242000FD8B36FF8C33FFFCFAF0EAE6F2ECE8F4C1
:10243000EEEAE8DED7D19C7AFCB586FC8A3BFC87C5
:1024400038EBE6E3FFFAF7EDE5E0CE9370F29A653C
:10245000EC8446B8612CF9782DFFF6F1D4B2A0F3E4
:10246000A477F5925BFFFDFCFFFBF9D48A65EC7A5B
:102470003FF66520FFF8F5FFF6F2FFF4EFE59673FF
:10248000E38E6AE58C64E3885FE1835BE38155E278
:102490007B4CE1774AE07344DE6E3DEB6C35E5E062
:1024A000DEFFF3EEFFF2EDFFF0EAFFEEE7FFEDE611
:1024B000F6D1C3F3CDBEF5CFC0F4CDBEF0C8B8EAB7
:1024C000BFADE1B3A0DF8762E17D53F15013FFF9A7
:1024D000F7FFF4F0FFF1ECFFEFE9FFEEE8E6D6D00E
:1024E000E2D0CAD5BBB2E7A28ADD8E73EA5E2CFFCA
:1024F000F5F2DECAC4D6BFB8DC6843D74F26CD326A
:1025000000D9C4BED3B3AAD97C62F2EEEDFFFBFAC8
:10251000FFF7F5FEF2EFFFF3F0CCB4AEA72A10FF01
:10252000F9F8E8DCDAD2ABA5831A0DCBB6B4861E77
:1025300013841A0D83190CD9BCBA962A25DABEBDAC
:10254000730B07F5F4F4EAE7E7E1DDDDE5DFDFE053
:10255000D9D9D3CACADCD2D2D0C1C1D1C2C2D2C3A6
:10256000C3701C1B711A197216161A00002A00007B
:102570003500003900003C00003F000041000044ED
:1025800000007117185C0103D3B6B7D0C5C6DDD7FC
:10259000D8CCC1C4C8BDC2E4E2E3D6D4D900750921
:1025A000FFFFFF000000FFFFFFFFFFFFFFFFFFFF38
:1025B000FFFFFFFF09FFFFFFFFFFFFFFFFFFFFFF21
:1025C000FFFFFFFFFFFFFFFFFFFFFFFFFFFFFFFF1B
:1025D000FFFFFFFFFFFFFFFFFFFFFFFFFFFFFFFF0B
:1025E000FFFFFFFFFFFFFFFFFFFFFFFFFFFFFFFFFB
:1025F000FFFFFF0A2B11FFFFFFFFFFFFFFFFFFFFA2
:10260000FFFFFFFFFFFFFFFFFFFFFFFFFFFFFFFFDA
:10261000FFFFFFFFFFFFFFFFFFFFFFFFFFFFFFFFCA
:10262000FFFFFFFFFFFFFFFFFFFFFFFFFFFFFFFFBA
:10263000FFFFFF092D33120AFFFFFFFFFFFFFFFF20
:10264000FFFFFFFFFFFFFFFFFFFFFFFFFFFFFFFF9A
:10265000FFFFFFFFFFFFFFFFFFFFFFFFFFFFFFFF8A
:10266000FFFFFFFFFFFFFFFFFFFFFFFFFFFFFFFF7A
:10267000FFFFFF092D4639140CFFFFFFFFFFFFFF8F
:10268000FFFFFFFFFFFFFFFFFFFFECF5EBF4EBE9C0
:10269000E9E9E9E9E9E9E9E9E9E9EAEBEBF4F4EB8D
:1026A000F5ECFFFFFFFFFFFFFFFFFFFFFFFFFFFF57
:1026B000FFFFFF092E46473F2D10FFFFFFFFFFFFE3
:1026C000FFFFFFFFFFFFFFFFFFEC8F9DC09385F62D
:1026D000DDDBDBDBDBDBDBDBDBDDD59F8D8D8D8DC0
:1026E0009FDCECFFFFFFFFFFFFFFFFFFFFFFFFFF90
:1026F000FFFFFF092F44444641310DFFFFFFFFFF5D
:10270000FFFFFFFFFFFFFFFFFFF09E515859B5FA93
:10271000E8F7F7E7F9E6E6E6F9F7D17A6F7274754C
:102720005BCBEEFFFFFFFFFFFFFFFFFFFFFFFFFFA2
:10273000FFFFFF09154344434443351309FFFFFFDF
:10274000FFFFFFFFFFFFFFFFFFF39D556A7B97F938
:10275000E6D1D7E6E8E7E7E7E7F7D18E887E74753C
:10276000729EF0FFFFFFFFFFFFFFFF090909090944
:102770000909090A2F42424242434338140AFFFF23
:10278000FFFFFFFFFFFFFFFFFFF39E55587B97FC06
:10279000D5C7C6E4E5E5E5E5E5F8F698907E7F75F2
:1027A0005DB5F0FFFFFFFFFFFFFFFF142F2E2E2E62
:1027B0002E2E2E2E34414141414142413A2C0FFFF1
:1027C000FFFFFFFFFFFFFFFFFFF39D556A7B8C02BA
:1027D000CAC8C7E5E1E3E3E3E3E1C998907E737417
:1027E0005CB5F0FFFFFFFFFFFFFFFF153F404040DC
:1027F000404040403F40404040404040413D150D3A
:10280000FFFFFFFFFFFFFFFFFFF39E526A6C8C0389
:10281000CAC8C7F8E2E2E2E2E2FBC4A7997E737F8E
:102820005CB5F0FFFFFFFFFFFFFFFF153F3F3F3F9E
:102830003F3F3F3F3F3F3F3F3F3F3F3F3F3F3E35B3
:1028400012FFFFFFFFFFFFFFFFF39E52556C850550
:10285000C5D28F0200E0E0E0E000BEA79988707367
:102860005BA1F0FFFFFFFFFFFFFFFF303E3E3E3E5C
:102870003E3E3E3E3E3E3E3E3E3E3E3E3E3E3E3E78
:1028800038140AFFFFFFFFFFFFF3B552696B8C0599
:10289000A8BFC500010101010106BDC2B7886F7262
:1028A0005CA1F0FFFFFFFFFFFFFFFF313D3C3C3C21
:1028B0003C3C3C3C3C3C3C3C3C3C3C3C3C3C3C3C58
:1028C0003D3B2E2AFFFFFFFFFFF39E52676B9204F2
:1028D00007070706060607060407D4C2B7885C7117
:1028E0005BA1F0FFFFFFFFFFFFFFFF313B3B3B3BE7
:1028F0003B3B3B3B3B3B3B3B3B3B3B3B3B3B3B3B28
:102900003B3B3B3210FFFFFFFFF3B5515558789228
:1029100092929292929292B4B4B4C0C7B7886E70F9
:102920005BA1F0FFFFFFFFFFFFFFFF313A393939AD
:102930003939393939393939393939393939393907
:102940003939393B3612FFFFFFF39F5167558D6DC3
:102950006D6D7A7C7A7C7C7D7D87888887706F6FCF
:102960005AB6F0FFFFFFFFFFFFFFFF3238FDFDFD0E
:10297000FDFDFDFDFDFDFDFDFDFDFDFDFDFDFDFD87
:10298000FDFDFDFD383B13FFFFF3A051666363635C
:102990006464656566666766676793676967697B90
:1029A0007BB6F0FFFFFFFFFFFFFFFF3338FDFDFDAC
:1029B000FDFDFDFDFDFDFDFDFDFDFDFDFDFDFDFD47
:1029C000FD3838373B3511FFFFF3A0515F82CF76DA
:1029D0007683CC8282828281815E5E5E5E8984792A
:1029E0005AB6F0FFFFFFFFFFFFFFFF333B434343B8
:1029F00043434343434343434343434343434343A7
:102A000044433A3C3010FFFFFFF3A25060DF080858
:102A1000080808089595CDD3CEC3D0CFBBCF897910
:102A20005AB6F0FFFFFFFFFFFFFFFF343F49494960
:102A30004949494949494949494949494949494906
:102A4000483C3C2D0BFFFFFFFFF3A1516076FEFEDB
:102A5000FEFEFE95CDB89A9BB9AAABBCADBA8B79F8
:102A600059A4F0FFFFFFFFFFFFFFFF354128282893
:102A700028282828282828282828282828272749B7
:102A80003B392BFFFFFFFFFFFFF3A2506276FEFEF4
:102A9000FEFE95CDB8CE9BB9AABABCADACAA7779EB
:102AA00059A4F0FFFFFFFFFFFFFFFF344520202167
:102AB0002121212120222424242424242223483AB1
:102AC0003711FFFFFFFFFFFFFFF3A25060CCFEFEB8
:102AD000FE9596B89AC39CAAABBCADBCABB989793C
:102AE00056A4F0FFFFFFFFFFFFFFFF363F4C4C4CAB
:102AF0004C4C4C4C4B251C1C1D1C1C1C1E463A33BC
:102B000010FFFFFFFFFFFFFFFFF3A34F62CCFEFEAE
:102B100095CDB8CEC3D0AABABCADBCABBAC3777999
:102B200059A5F0FFFFFFFFFFFFFFFF383CFDFDFD54
:102B3000FDFDFD38324A1B1B1B1B1A1D403A2D0C94
:102B4000FFFFFFFFFFFFFFFFFFF3A24F62CCFE95E9
:102B500096B89AC3A9BAABBCADBCABBAA9CE7779CB
:102B600058A5F0FFFFFFFFFFFFFFFF111312121226
:102B70001212122B3629191A1A181E393C2BFFFF74
:102B8000FFFFFFFFFFFFFFFFFFF3A34F6182FECDBB
:102B9000B8CEC3D0BABBBCADACABBAA9D0B8D479AF
:102BA00056A5F0FFFFFFFFFFFFFFFFFFFFFFFFFF47
:102BB000FFFFFF09342616171720383A13FFFFFFCF
:102BC000FFFFFFFFFFFFFFFFFFF3A34E6181548A6A
:102BD0009A9B9CAAABBCADADBBABAAB99BD3779D6E
:102BE00057A6F0FFFFFFFFFFFFFFFFFFFFFFFFFF05
:102BF000FFFFFF0C34250E162737360DFFFFFFFFB2
:102C0000FFFFFFFFFFFFFFFFFFF3A34E6181CD9AA0
:102C10009BB9AAABBCADADBBBAAAB99B9BCD8B7817
:102C20008FA6F1FFFFFFFFFFFFFFFFFFFFFFFFFF8B
:102C3000FFFFFF0C341F1649FD312AFFFFFFFFFF86
:102C4000FFFFFFFFFFFFFFFFFFF2A44D5F01FE95B7
:102C5000808A9A9B91919A9A96809554FEFEE0689C
:102C600053C6EFFFFFFFFFFFFFFFFFFFFFFFFFFF69
:102C7000FFFFFF0C3847433B2D09FFFFFFFFFFFF1E
:102C8000FFFFFFFFFFFFFFFFFFECD28D86B2AEB06C
:102C9000B0B1B1B1B1B1B2AFAFAFB2AFAFB0B3934A
:102CA00094D2FFFFFFFFFFFFFFFFFFFFFFFFFFFFCC
:102CB000FFFFFF0C3C363C2BFFFFFFFFFFFFFFFF3A
:102CC000FFFFFFFFFFFFFFFFFFFFEEDED8D9DADADD
:102CD000D6DAD6D6D6D6D6DADADADADADADAD9D86F
:102CE000DEEDFFFFFFFFFFFFFFFFFFFFFFFFFFFF27
:102CF000FFFFFF0B433810FFFFFFFFFFFFFFFFFF4A
:102D0000FFFFFFFFFFFFFFFFFFFFFFFFFFFFFFFFD3
:102D1000FFFFFFFFFFFFFFFFFFFFFFFFFFFFFFFFC3
:102D2000FFFFFFFFFFFFFFFFFFFFFFFFFFFFFFFFB3
:102D3000FFFFFF092B0CFFFFFFFFFFFFFFFFFFFF60
:102D4000FFFFFFFFFFFFFFFFFFFFFFFFFFFFFFFF93
:102D5000FFFFFFFFFFFFFFFFFFFFFFFFFFFFFFFF83
:102D6000FFFFFFFFFFFFFFFFFFFFFFFFFFFFFFFF73
:102D7000FFFFFFFFFFFFFFFFFFFFFFFFFFFFFFFF63
:102D8000FFFFFFFFFFFFFFFFFFFFFFFFFFFFFFFF53
:102D9000FFFFFFFFFFFFFFFFFFFFFFFFFFFFFFFF43
:102DA000FFFFFFFFFFFF0000000000000000545283
:102DB0005545564953494F4E2D5846494C452E00CE
:102DC0000001010000000118000000004000200088
:102DD00008080000000000000000000000000000E3
:102DE00000000000000000000000000000000000E3
:102DF00000000000000000000000000000000000D3
:102E000000000000000000000000000000020000C0
:102E10000300000400000500000600000700000891
:102E20000000090006C30008C70007CB0006CD005C
:102E30000ADD6168C54B54CC444BBA0E1ABF091564
:102E4000C600011300011500022400033800043BF2
:102E500000054F00076D000872000DC8000ED0007D
:102E60000AD2000FDC000CE5E0E1EEBFC4FFBBC1FD
:102E7000FCB4BAFAB2B8F9A3AAF4A2A9F39AA1F0E1
:102E800099A1F07B82D68790EB7D85DB7880D57D1C
:102E900085DF7881E1656FD26A75E16873DF6671FD
:102EA000DF535FDA4F5AD24C58CE4C57CE4F5BD9D6
:102EB0004E5AD84D59D8424EC93842B13845CC380F
:102EC00046D23340C73442D13341D12C3BCC283594
:102ED000C22430BA2130C91C28C01C2CCC1A29CBE2
:102EE0001929CA1929CB1726BF1727C81021C90CC1
:102EF0001CC70A1AC90819C6081ACA010425010400
:102F0000290105310209560416C8010537010639A1
:102F10000415CF0418EE041AF00419F50419F60488
:102F20001AF90419F9041AFB041BFE041BFF01071C
:102F3000420107500108510108530315C70315C981
:102F40000317E20317E30317E40317E50318E70386
:102F500018E80317E80317E90318EA0317EA031848
:102F6000EC0318ED0318EE0319F00319F10319F23D
:102F70000319F3010859010A620213CD0213CF02AB
:102F800014D30215DC0216DE0216DF0216E0010D74
:102F900085010B8E010FA1010EA90110AC0110AF2C
:102FA0000110B20110B30110B4010FB50111BB0142
:102FB00011BD0111BF0112C20110C30113CC0114D4
:102FC000CF0113CF0114D00114D20110D20114D4B7
:102FD0000114D50114D60115D70114D700010D0035
:102FE000010E00021600021800042F00043400072E
:102FF0004B000651000757000963000A7000097072
:10300000000973000A80000A8D000D8F000D9000EA
:103010000D91000B92000B93000D94000C96000D87
:1030200099000D9B000D9D000D9E000FA0000EA0AD
:103030000010AB0010B40010B80010BB000EBD00B3
:1030400011C80010C80013CB0012CB0013CF001022
:10305000D20010D30012D40014D80013DA0010DA12
:103060000012DF0010E3D3D8FFD2D7FFCED3FF8208
:103070008CE87F89E76F7AE26E79E26E79E3626EBF
:10308000DA5965D53342D1041CFE041DFF0316C86E
:103090000317D5010A5D010E88010E890114CB01C9
:1030A00016D90116DA0116DB0116DF00010A00034A
:1030B0001E0010A40010A80013C60014D500020FB3
:1030C00000021100020EE1E6FBF7FAFFFFFFFF002E
:1030D0000000FFFFFFFFFFFFFFFFFFFFFFFFFFFFFE
:1030E000FFFFFFFF16FFFFFFFFFFFFFFFFFFFFFFD9
:1030F000FFFFFFFFFFFFFFFFFFFFFFFFFFFFFFFFE0
:10310000FFFFFFFFFFFFFFFFFFFFFFFFFFFFFFFFCF
:10311000FFFFFFFFFFFFFFFFFFFFFFFFFFFFFFFFBF
:10312000FFFFFF282B17FFFFFFFFFFFFFFFFFFFF42
:10313000FFFFFFFFFFFFFFFFFFFFFFFFFFFFFFFF9F
:10314000FFFFFFFFFFFFFFFFFFFFFFFFFFFFFFFF8F
:10315000FFFFFFFFFFFFFFFFFFFFFFFFFFFFFFFF7F
:10316000FF182A9DBC16FFFFFFFFFFFFFFFFFFFFB9
:10317000FFFFFFFFFFFFFFFFFFFFFFFFFFFFFFFF5F
:10318000FFFFFFFFFFFFFFFFFFFFFFFFFFFFFFFF4F
:10319000FFFFFFFFFFFFFFFFFFFFFFFFFFFFFFFF3F
:1031A000252C8EE7C015FFFFFFFFFFFFFFFFFFFF8E
:1031B000FFFFFFFFFFFFFFFFFFFFFFFFFFFFFFFF1F
:1031C000FFFFFFFFFFFFFFFFFFFFFFFFFFFFFFFF0F
:1031D000FFFFFFFFFFFFFFFFFFFFFFFFFFFFFF27D7
:1031E000957CE872C115FFFFFFFFFFFFFFFFFFFFA8
:1031F000FFFFFFFFFFFFFFFFFFFFFFFFFFFFFFFFDF
:10320000FFFFFFFFFFFFFFFFFFFFFFFFFFFFFFFFCE
:10321000FFFFFFFFFFFFFFFFFFFFFFFFFFFF2997FC
:103220006B73716FC316FFFFFFFFFFFFFFFFFFFF11
:10323000FFFFFFFFFFFFFFFFFFFFFFFFFFFFFFFF9E
:10324000FFFFFFFFFFFFFFFFFFFFFFFFFFFFFFFF8E
:10325000FFFFFFFFFFFFFFFFFFFFFFFF14B6A08987
:10326000706D6E6DC414FFFFFFFFFFFFFFFFFFFFD8
:10327000FFFFFFFFFFFFFFFFFFFFFFFFFFFFFFFF5E
:10328000FFFFFFFFFFFFFFFFFFFFFFFFFFFFFFFF4E
:10329000FFFFFFFFFFFFFFFFFFFFFF19B98D8A8AC6
:1032A00087878888C51A1414141414141414141459
:1032B00014141414141414141414141414141414CE
:1032C00014141414141414141414141414141414BE
:1032D0001513FFFFFFFFFFFFFFFF26BB8F868584CF
:1032E000848484829CBEBFBFBFBFBFBFBFBFBFBF00
:1032F000BFBFBFBFBFBFBFBFBFBFBFBFBFBFBFBFDE
:10330000BFBFBFBFBFBFBFBFBFBFBFBFBFBFBFBFCD
:10331000C2BAFFFFFFFFFFFFFFB3C990827F7E7E2F
:103320007E7E7E7E7D80818181818181818181819E
:10333000818181818181818181818181818181817D
:10334000818181818181818181818181818181836B
:1033500080C7FFFFFFFFFFFFB59F937D7A7A7A7AE0
:103360007A7A7A7A7B7B7B7B7B7B7B7B7B7B7B7BB1
:103370007B7B7B7B7B7B7B7B7B7B7B7B7B7B7B7B9D
:103380007B7B7B7B7B7B7B7B7B7B7B7B7B7B7B7C8C
:103390007BC6FFFFFFFF19B8A3F293919191919122
:1033A000919191919191919191919191919191910D
:1033B00091919191919191919191919191919191FD
:1033C00091919191919191919191919191919192EC
:1033D00091C8FFFFFFB1BDA9F1F0EFEFEFEFEFEF05
:1033E000EFEFEFEFEFEFEFEFEFEFEFEFEFEFEFEFED
:1033F000EFEFEFEFEFEFEFEFEFEFEFEFEFEFEFEFDD
:10340000EFEFEFEFEFEFEFEFEFEFEFEFEFEFEFF0CB
:10341000F1F5FFFFB2CAACABA9A9A9A9A9A9A9A9AD
:10342000A9A9A9A9A9A9A9A9A9A9A9A9A9A9A9A90C
:10343000A9A9A9A9A9A9A9A9A9A9A9A9A9A9A9A9FC
:10344000A9A9A9A9A9A9A9A9A9A9A9A9A9A9A9A9EC
:10345000ABF6FFB4A1AAA6A4A4A4A4A4A4A4A4A463
:10346000A4A4A4A4A4A4A4A4A4A4A4A4A4A4A4A41C
:10347000A4A4A4A4A4A4A4A4A4A4A4A4A4A4A4A40C
:10348000A4A4A4A4A4A4A4A4A4A4A4A4A4A4A4A4FC
:10349000A7CA8BADA5D1D1D2D2D2D2D2D2D2D2D2DA
:1034A000D2D2D2D2D2D2D2D2D2D2D2D2D2D2D2D2FC
:1034B000D2D2D2D2D2D2D2D2D2D2D2D2D2D2D2D2EC
:1034C000D2D2D2D2D2D2D2D2D2D2D2D2D2D2D2D2DC
:1034D000D399689EF8F767E978787878787878787B
:1034E000787878787878787878787878787878785C
:1034F000787878787878787878787878787878784C
:10350000787878787878787878787878787878783B
:10351000EE9AFFF496D7615A585959595959595941
:10352000595959595959595959595959595959590B
:1035300059595959595959595959595959595959FB
:103540005959595959595959595959595959595BE9
:1035500062CBFFFFF394D75F534FE6525252525261
:10356000525252525252525252525252525252523B
:10357000525252525252525252525252525252522B
:103580005252525252525252525252525252E65188
:103590005ECCFFFFFFFFB7D6604E45494B4B4B4B10
:1035A0004B4B4B4B4B4B4B4B4B4B4B4B4B4B4B4B6B
:1035B0004B4B4B4B4B4B4B4B4B4B4B4B4B4B4B4B5B
:1035C0004B4B4B4B4B4B4B4B4B4B4B4B4B4B4A4A4D
:1035D0005DCDFFFFFFFFFF74CF6A50434244444478
:1035E00044444442E3E2E2E2E2E2E2E2E2E2E2E234
:1035F000E2E2E2E2E2E2E2E2E2E2E2E2E2E2E2E2AB
:10360000E2E2E2E2E2E2E2E2E2E2E2E2E2E2E1E19C
:1036100056CEFFFFFFFFFFFF639BD954403CE0E025
:10362000E0E0DFE4214848484848484848484848DE
:10363000484848484848484848484848484848480A
:1036400048484848484848484848484848484747FC
:103650005CA2FFFFFFFFFFFFFFFBED30573F373955
:103660003A3A384C1BD5D4D4D4D4D4D4D4D4D4D42A
:10367000D4D4D4D4D4D4D4D4D4D4D4D4D4D4D4D40A
:10368000D4D4D4D4D4D4D4D4D4D4D4D4D4D4D4D4FA
:10369000D879FFFFFFFFFFFFFFFFFF8CDB233D33E8
:1036A000353634462F8B75757575757575757575E9
:1036B00075757575757575757575757575757575BA
:1036C00075757575757575757575757575757575AA
:1036D0007769FFFFFFFFFFFFFFFFFFFF76D9243E63
:1036E000DDDEDCE51C13FFFFFFFFFFFFFFFFFFFF39
:1036F000FFFFFFFFFFFFFFFFFFFFFFFFFFFFFFFFDA
:10370000FFFFFFFFFFFFFFFFFFFFFFFFFFFFFFFFC9
:10371000FFFFFFFFFFFFFFFFFFFFFFFFFF65D02E53
:1037200020FCFD411DAFFFFFFFFFFFFFFFFFFFFF7D
:10373000FFFFFFFFFFFFFFFFFFFFFFFFFFFFFFFF99
:10374000FFFFFFFFFFFFFFFFFFFFFFFFFFFFFFFF89
:10375000FFFFFFFFFFFFFFFFFFFFFFFFFFFFB0982F
:103760001F22323B1EAFFFFFFFFFFFFFFFFFFFFFE8
:10377000FFFFFFFFFFFFFFFFFFFFFFFFFFFFFFFF59
:10378000FFFFFFFFFFFFFFFFFFFFFFFFFFFFFFFF49
:10379000FFFFFFFFFFFFFFFFFFFFFFFFFFFFFF1424
:1037A000EC31554DA8F9FFFFFFFFFFFFFFFFFFFFC3
:1037B000FFFFFFFFFFFFFFFFFFFFFFFFFFFFFFFF19
:1037C000FFFFFFFFFFFFFFFFFFFFFFFFFFFFFFFF09
:1037D000FFFFFFFFFFFFFFFFFFFFFFFFFFFFFFFFF9
:1037E000FFEBDA2DEAFBFFFFFFFFFFFFFFFFFFFF0D
:1037F000FFFFFFFFFFFFFFFFFFFFFFFFFFFFFFFFD9
:10380000FFFFFFFFFFFFFFFFFFFFFFFFFFFFFFFFC8
:10381000FFFFFFFFFFFFFFFFFFFFFFFFFFFFFFFFB8
:10382000FFFF64E96CAEFFFFFFFFFFFFFFFFFFFF3D
:10383000FFFFFFFFFFFFFFFFFFFFFFFFFFFFFFFF98
:10384000FFFFFFFFFFFFFFFFFFFFFFFFFFFFFFFF88
:10385000FFFFFFFFFFFFFFFFFFFFFFFFFFFFFFFF78
:10386000FFFFFFFA6616FFFFFFFFFFFFFFFFFFFFEF
:10387000FFFFFFFFFFFFFFFFFFFFFFFFFFFFFFFF58
:10388000FFFFFFFFFFFFFFFFFFFFFFFFFFFFFFFF48
:10389000FFFFFFFFFFFFFFFFFFFFFFFFFFFFFFFF38
:1038A000FFFFFFFFFFFFFFFFFFFFFFFFFFFFFFFF28
:1038B000FFFFFFFFFFFFFFFFFFFFFFFFFFFFFFFF18
:1038C000FFFFFFFFFFFFFFFFFFFFFFFFFFFFFFFF08
:1038D000FFFF00000000000000005452554556490B
:1038E00053494F4E2D5846494C452E0000010100CA
:1038F000000001180000000040004000080800001F
:1039000000000000000000000000000000000000B7
:1039100000000000000000000000000000000000A7
:103920000000000000000000000000000000000097
:103930000000000000000000000000000000000087
:103940000000000000000000000000000000000077
:103950000000000000000000000000000000000067
:103960000000000000000000000000000000000057
:103970000000000000000000000000000000000047
:103980000000000000000000000000000000000037
:103990000000000000000000000000000000000027
:1039A0000000000000000000000000000000000017
:1039B0000000000000000000000000000000000007
:1039C00000000000000000000000000000000000F7
:1039D00000000000000000000000000000000000E7
:1039E00000000000000000000000000000000000D7
:1039F00000000000000000000000000000000000C7
:103A000000000000000000000000000000000000B6
:103A100000000000000000000000000000000000A6
:103A20000000000000000000000000000000000096
:103A30000000000000000000000000000000000086
:103A40000000000000000000000000000000000076
:103A50000000000000000000000000000000000066
:103A60000000000000000000000000000000000056
:103A70000000000000000000000000000000000046
:103A80000000000000000000000000000000000036
:103A90000000000000000000000000000000000026
:103AA0000000000000000000000000000000000016
:103AB0000000000000000000000000000000000006
:103AC00000000000000000000000000000000000F6
:103AD00000000000000000000000000000000000E6
:103AE00000000000000000000000000000000000D6
:103AF00000000000000000000000000000000000C6
:103B000000000000000000000000000000000000B5
:103B100000000000000000000000000000000000A5
:103B20000000000000000000000000000000000095
:103B30000000000000000000000000000000FFFF87
:103B4000FF0101010303030808080D0D0D1F1F1FCE
:103B50003030305F5F5F9C9C9CA0A0A0A6A6A6B65C
:103B6000B6B6BEBEBED7D7D7E5E5E5EEEEEEF1F1CF
:103B7000F1F5F5F5F9F9F9C6C6C7CECECFDEDFDF30
:103B8000E9EAEA7172722EAE5084E99E5CC46DCD92
:103B9000E8D19DBAA07CD084133015246226888990
:103BA00088808380010301050A049494939999986D
:103BB000454544B5A69DA5968D4130266D4F3DBB2C
:103BC0008768C58864B57C59936245A9714F8A5B43
:103BD0003F95877FD6B3A0D2A891CA9D84C4927521
:103BE000AA7B609E6849E4C7B9857167DEBDACEE0B
:103BF000D0C28F8E8EAEADADFFFFFF000000FFC2C2
:103C0000C6E6E6E6E6E6E6E6E6E6E6E6E6DADDDD92
:103C1000DDDDDDDDDDDDDDDAC7E6E6E6E6E6E6E6AE
:103C2000E6E6E6E6E6DADADDDDDDDDDDDDDDDDDAA0
:103C3000D8E6E6E6E6E6E6E6E6E6C5FFFFFFC2C54D
:103C4000E4C9C8C8C8C8C8C8C8C8C8C9E4DADDDD7E
:103C5000DDDDDDDDDDDDDDDDDDE5C8C8C8C8C8C80A
:103C6000C8C8C8C8E4DDDADDDDDDDDDDDDDDDDDDD4
:103C7000DAE5C8C8C8C8C8C8C8C8C7FFFFFFFFC5BD
:103C8000FCFCFCFCFCFCFCFCFCFCFCFCE1D8D8D8FB
:103C9000D8D8D8D8D8D8D8D8D8FCFCFCFCFCFCFCA8
:103CA000FCFCFCFCE0D8D8D8D8D8D8D8D8D8D8D8FC
:103CB000D8E0FCFCFCFCFCFCFCFCC7E2FFFFFFE6E0
:103CC000CED0D0D0D0D0D0D0D0D0D0D1DBDDD9D9CB
:103CD000D9DDDADADDD9D9D9D9CFD0D0D0D0D0D08A
:103CE000D0D0D0D0D6D9D9D9D9DDDAD8DDD9D9D963
:103CF000DDCED0D0D0D0D0D0D0CFC9C1FFFFFFC251
:103D0000C7D7D7D7D7D7D7D7D7D7D7D7E1DADADA40
:103D1000DAD9D8DADDDADADADAD7D7D7D7D7D7D718
:103D2000D7D7D7D7D7DADADADAD9DAD8D9DADADA06
:103D3000DAD7D7D7D7D7D7D7D7E1C6FFFFFFFFFF4F
:103D4000FFFFFFFFFFFFFFFFFFFFFFFFC2E3E3C235
:103D5000D8D9D8DAD9DEE2E3E3FFFFFFFFFFFFFFA8
:103D6000FFFFFFFFC1E3E3FFDFD9DADADCDFFFE3C8
:103D7000E3C1FFFFFFFFFFFFFFFFFFFFFFFFFFFFAD
:103D8000FFFFFFFFFFFFFFFFFFFFFFFFFFFFFFE260
:103D9000DFD9D8DAD9DEFFFFFFFFFFFFFFFFFFFF0C
:103DA000FFFFFFFFFFFFFFE2DFD9DAD8D9DFC1FF56
:103DB000FFFFFFFFFFFFFFFFFFFFFFFFFFFFFFFF13
:103DC000FFFFFFFFFFFFFFFFFFFFFFFFFFFFFFFF03
:103DD000DFD9DADAD9DEFFFFFFFFFFFFFFFFFFFFCA
:103DE000FFFFFFFFFFFFFFFFDED9DAD8D9DFC2FFF9
:103DF000FFFFFFFFFFFFFFFFFFFFFFFFFFFFFFFFD3
:103E0000FFFFFFFFFFFFFFFFFFFFFFFFFFFFFFFFC2
:103E1000D8D9D8DADDDEC1FFFFFFFFFFFFFFFFFFCC
:103E2000FFFFFFFFFFFFFFFFDFDDDAD8DDDFC1FFB0
:103E3000FFFFFFFFFFFFFFFFFFFFFFFFFFFFFFFF92
:103E4000FFFFFFFFFFFFFFFFFFFFFFFFFFFFFFE39E
:103E5000DFD9D8DADDDEFFFFFFFFFFFFFFFFFFFF47
:103E6000FFFFFFFFFFFFFFFFDFD9DAD8D9DFFFFF3A
:103E7000FFFFFFFFFFFFFFFFFFFFFFFFFFFFFFFF52
:103E8000FFFFFFFFFFFFFFFFFFFFFFFFFFFFFFFF42
:103E9000C7DCDCE0E1C4FFFFFFFFFFFFFFFFFFFF28
:103EA000FFFFFFFFFFFFFFFFC5DCDCE1E1C6E2FF34
:103EB000FFFFFFFFFFFFFFFFFFFFFFFFFFFFFFFF12
:103EC000FFFFFFFFFFFFFFFFFFFFFFFFFFFFFFFF02
:103ED000C7D3CCC9E1FFFFFFFFFFFFFFFFFFFFFFDD
:103EE000FFFFC1C1C1C1C1FFC4CAC9C7D7C5C2FF95
:103EF000FFFFFFFFFFFFFFFFFFFFFFFFFFFFFFFFD2
:103F0000FFFFFFFFFFFFFFFFFFFFFFFFFFFFFFFFC1
:103F1000C7D3CBC9E1FFFFFFFFFFFFFFFFFFFFC1DB
:103F2000C2C2C4C6E6C7D7E0E5D4CCFDFDE0C7C732
:103F3000E6C6C4C1FFFFFFFFFFFFFFFFFFFFFFFF5C
:103F4000FFFFFFFFFFFFFFFFFFFFFFFFFFFFFFFF81
:103F5000C7D3CBC9E1FFFFFFFFFFFFFFFFFFC1C5D5
:103F6000C7E5D3CDD5CECFD0D1D1D1D1D6D5D4D32D
:103F7000CBFDC8E1C7C5C1FFFFFFFFFFFFFFFFFF8C
:103F8000FFFFFFFFFFFFFFFFFFFFFFFFFFFFFFFF41
:103F9000C7D3CBC9E1FFFFFFFFFFFFFFFFFFC7CC88
:103FA000D4D5D6D1D2D2D2D1CFD6CECDD4D3CCCBFC
:103FB000FDCAE5E0E1E0C7C3FFFFFFFFFFFFFFFF32
:103FC000FFFFFFFFFFFFFFFFFFFFFFFFFFFFFFFF01
:103FD000C7D3CBC9E1FFFFFFFFFFFFFFFFC4CCCE7C
:103FE000CECECECFD0D0CFD6D5D5D4D3CCCBFDFD71
:103FF000C9C9C8E4E0D7C7C5FFFFFFFFFFFFFFFF48
:10400000FFFFFFFFFFFFFFFFFFFFFFFFFFFFFFFFC0
:10401000C7D3CBC9E1FFFFFFFFFFFFFFFFC5CDCD3A
:10402000CDCDCDCECECECED5D5CDD4D3CCCBFDCA75
:10403000C9C8E5E5C8E5E1C5FFFFFFFFFFFFFFFFDA
:10404000FFFFFFFFFFFFFFFFFFFFFFFFFFFFFFFF80
:10405000C7D3CBC9E1FFFFFFFFFFFFFFFFE2CACDE0
:10406000CDCDCDD5CECECED5D5CDD4D3CCCBFDCA2E
:10407000C9C8E5E5E5E5E1C4FFFFFFFFFFFFFFFF7E
:10408000FFFFFFFFFFFFFFFFFFFFFFFFFFFFFFFF40
:10409000C7D3CBC8E1FFFFFFFFFFFFFFFFFFC5C88E
:1040A000CCCCD3D4CDD5D5CDCDCDCDD4D3CCCBFDEB
:1040B000CAC9C8E5E5D7C5FFFFFFFFFFFFFFFFFF48
:1040C000FFFFFFFFFFFFFFFFFFFFFFFFFFFFFFFF00
:1040D000C7D3CBE0D7FFFFFFFFFFFFFFFFFFFFC30B
:1040E000E6E1FCFCE4E5E5C9CBD3D3D3D3CBFDC8F3
:1040F000E5E5E0C7C6C2FFFFFFFFFFFFFFFFFFFFD1
:10410000FFFFFFFFFFFFFFFFFFFFFFFFFFFFFFFFBF
:10411000C7FDE0C7C7FFFFFFFFFFFFFFFFFFFFFF78
:10412000FFFFC4C6E6C7E0C9CBCCD3CCCBCAC9E637
:10413000C6C5C3FFFFFFFFFFFFFFFFFFFFFFFFFF3E
:10414000FFFFFFFFFFFFFFFFFFFFFFFFC1C1C1FF39
:10415000C7D7E6E6C7FFFFC3C4C4C4C4C4C4C4C44D
:10416000C4C3C3C2FFC6E0E4CACBCBFDCAC8E0C427
:10417000FFE2C3C3C3C3C3C3C3C3C3C3C3FFFFFF00
:10418000FFFFFFFFFFFFFFE2E2E2C4C6E6C7D7E1A1
:10419000FDCBFDFDFDD7D7CACDCDCDD4D4D3D3D360
:1041A000CCCCCCCBCBCBCBCBCBCBCBFDFDFDCAC9C9
:1041B000C8C8E5E5E5E5E5C8C8C8C8E5E1FFFFFF13
:1041C000FFFFFFFFFFFFFFC5C7C8D3CDD5CECFD0C0
:1041D000D1D2D2D1CECDD4D4D2D5CED6CFCFCFCFCF
:1041E000D6CECED5CDD4D3D3CCCBCBFDFDCACAC988
:1041F000C8E4FCFCE0E0E1E1E1D7D7CAE4FFFFFF5F
:10420000FFFFFFFFFFC1C7CCD4D5D6D0D2D2D2D1C9
:10421000D0D6D5CDCDD3CCD4D0FCE1FCE4C9C9C92E
:10422000CACAC9C9C8E5FCF1E0F1E1E1E1E1D7D7CB
:10423000D7D7D7C7C7C7C7E6E6E6E1D4FCFFFFFF7D
:10424000FFFFFFFFFFC3CCD5CECECECFD0D0CFD691
:10425000D5D5D4D3CCCBFDD4D1D7E9F0F0EAF0F06A
:10426000EAEAF0EAEAEAEAEAEAEAEAEAEAEAEAEAA8
:10427000EAEAEAF0EAF0EAEAF0EACAD5FCFFFFFF70
:10428000FFFFFFFFFFC5CDCDCDCDCDD5CECECECE60
:10429000CDCDD4D3CCCBFDD3D2D7EAEDEDEDEFEF3E
:1042A000EFEFF7F7F7F7EEEEEEF0F0F0F0F0F0F0FA
:1042B000F0F0F0F0F0F0EEEEEEF0C8D5FCFFFFFF0E
:1042C000FFFFFFFFFFC2CACDCDCDCDD5CECECED51F
:1042D000D5CDD4D3CCCBFDD4D2D7EAEBEDEDEDEFF9
:1042E000EFEFEFF7F7F7F7EEEEEEF0F0F0F0F0F0BB
:1042F000F0F0F0F0F0EEF0EEEEF0C8D5FCFFFFFFCE
:10430000FFFFFFFFFFFFC5C8CCCCD3D4CDD5D5CDA3
:10431000CDCDCDD4D3CCFDD4D2D7EAECEDEDEDEDBF
:10432000EDEFEFEFEFF7F7F7EEEEEEEEF0F0F0F087
:10433000F0F0F0F0F0F0EEEEEEF0C9D5FCFFFFFF8C
:10434000FFFFFFFFFFFFFFC3E6E1FCFCE4E5E5C97B
:10435000CBD3D4D3D3CBFDD3D2D7EAECEBEBEDED7B
:10436000EDEDEFEFEFEFF7F7F7EEEEEEEEF0F0EE4C
:10437000EEEEF0EEEEEEEEEEEEF0C9D5E4FFFFFF6E
:10438000FFFFFFFFFFFFFFFFFFFFC4C6E6C7FCC93B
:10439000CBCCD3CCCBFDC9CBD2E1EAF5ECEBEBED4A
:1043A000EDEDEDEDEFEFEFEFF7F7F7EEEEEEEEEE12
:1043B000EEEEEEEEEEEEEEEEF9F0C8D5E4FFFFC164
:1043C000FFFFFFFFFFFFFFFFFFFFFFFFFFC6E0E56F
:1043D000CACBCCCBFDC9E0C9D2E1EAF5F5ECEBEBF9
:1043E000EBEBEDEDEDEDEFEFF7F7F7F7EEEEEEF7C8
:1043F000F7F7EEF7EEF9EEF7F7F0C8D5E4FFE2E6EF
:10440000CAC8E5E5E4E4E4FCFCE0E0E0E0FCCAFD69
:10441000FDFDFDFDCACAC8CBD2E0F9F4F5F5F5F50E
:10442000EBEBEBEBEDEDEDEFEFEFF7F7F7F7F7F782
:10443000F7F7F7F9F7F7F7F9F7F0E5D5E5FFFFD765
:10444000D1D6D6D6CFD6D6CECED5D5CDD4D4D3D33D
:10445000CCCCCBCBFDFDCACCD2E4F9F4F4F4F5F529
:10446000F5F5F5EBEBEBEBEDEFEFEFEFF7F7EFEF4C
:10447000EFEFEFEFF7F9EFEFF9F0E4D5E5FFFFD756
:10448000CFC8CACBCBCCD3D4D3D4D3D3CCCBCAC94B
:10449000C9C8E5E4FCE0E0CBD1E5F1F3F4F4F4F4D1
:1044A000F5F5F5F5F5EBEBEDEFEFEFEFEFEFF6F6FA
:1044B000F6F6F6F6F6F6EFF9F6F0E4D5C8FFFFD714
:1044C000D1D7E9EAEAEAEAEAEAEAEAEAEAEAEAEA79
:1044D000EAEAEAEAEAEAEAC9D1C9E8F3F3F3F4F46A
:1044E000F4F4F4F5F5F5F5EBEDEDEFEFEFEFF6EDB8
:1044F000F6F6F6F6F6F6F6F6F6EEFCD5C9FFFFD7B9
:10450000D1D7E9ECEDEDEFEFEFEFF7F7F7F7F7EED7
:10451000EEF0F0F0F0F0F0E7D1CAE8F2F3F3F3F3E5
:10452000F3F4F4F4F4F5F5EBEDEDEDEDEFEDEBF682
:10453000EBF6F6F6F6F6F6F6F6EEFCD5C9FFFFD783
:10454000D1D7EAECEDEDEDEFEFEFEFF7F7F7F7EEA0
:10455000EEEEF0F0F0F0F0C9D0FDE8F2F2F2F3F395
:10456000F3F3F3F4F4F4F4F5EDEDEDEDEDEBEBEB4B
:10457000EBEBEBF6EBF6F6F6F6EEFCCECAFFFFD76A
:10458000D2D7EAECEDEDEDEDEFEFEFEFF7F7F7F760
:10459000EEEEEEF0F0F0F0E7CFFDE8FAF2F2F2F234
:1045A000F3F3F3F3F4F4F4F5EBEBEDEDEDEBF5EB06
:1045B000EBEBEBEBF6EBEBF6F6F7FCCECAFFFFD737
:1045C000D1D7EAECEBEDEDEDEDEDEFEFEFEFF7F737
:1045D000EEEEEEEEEEF0F0E8D0CBE8FAFAF2F2F220
:1045E000F2F3F3F3F3F3F3F5ECEBEBEDEBF5F5F5B9
:1045F000F5EBEBEBEBEBF6F6F6F9FCCEFDFFFFD7B8
:10460000D1E1EAF5ECEBEBEBEDEDEDEDEFEFEFEFFC
:10461000F7F7F7EEEEEEEEE8D6CBE8F8FAFAFAF2B4
:10462000F2F2F2F3F3F3F3F4F5ECEBEBEBF5F5F573
:10463000F5F5EBF5EBEBEBEBEBF7FCCEFDFFFFD786
:10464000D1E0EAF5F5ECEBEBEBEBEDEDEDEDEFEFBB
:10465000F7F7F7F7EEEEEEE8D6CCF1F8F8FAFAFA5B
:10466000FAF2F2F2F2F3F3F4F5F5F5ECF5F4F5F411
:10467000F5F5F5EBF5EBEBEBEBF7FCCEFDFFFFD73C
:10468000D1FCF9F4F5F5F5F5EBEBEBEBEDEDEDEF3A
:10469000EFEFF7F7F7F7F7E8CECCF1FBF8FAFAFA15
:1046A000FAFAF2F2F2F2F3F3F5F5F5F5F5F4F4F5C2
:1046B000F5F4F5F5F5EBF5EBEBEFE4CECBFFFFD73B
:1046C000D1E4F9F4F4F5F5F5F5F5F5EBEBEBEBEDFD
:1046D000EFEFEFF7F7F7EFE8CED3F1FBF8F8F8FAE2
:1046E000FAFAFAFAF2F2F2F3F4F4F5F5F4F4F4F477
:1046F000F4F5F5F5F5F5EBEBEBF6E4D6CBFFC2C739
:10470000D1C8F1F3F4F4F4F4F4F5F5F5F5EBEBEDD1
:10471000EFEFEFEFEFF7F6E8CED3F1FBF8F8F8F8AC
:10472000FAFAFAFAFAF2F2F3F4F4F4F4F3F3F4F432
:10473000F4F4F5F5F5F5EBF5ECF6CACECCFFC2C70F
:10474000D0C9E8F3F3F3F4F4F4F4F4F5F5F5F5EB8C
:10475000EDEDEFEFEFEFF6E8D5D3F1FBF8F8F8F871
:10476000F8F8FAFAFAFAFAF2F3F3F4F4F3F3F3F4EA
:10477000F4F4F4F5F5F5F5EBF5F6CAD6CCFFFFC782
:10478000D0CAE8F2F3F3F3F3F4F4F4F4F4F5F5EB50
:10479000EDEDEDEDEFEDEBE8D5D4F1FBF8F8F8F841
:1047A000F8F8F8FAFAFAFAF2F3F3F3F3F3F3F3F3AF
:1047B000F4F4F4F4F5F5F5F5F5F6CBD6CCFFFFC738
:1047C000CFFDE8F2F2F2F3F3F3F3F4F4F4F4F4F5DA
:1047D000EDEDEDEDEDEBEBE8D5CDF1FBF8FBF8FB06
:1047E000F8F8F8F8F8FAFAF2F2F2F3F2F2F2F3F378
:1047F000F3F4F4F4F4F5F5F5F5EBCBD6CCFFFFC705
:10480000D6FDE8FAF2F2F2F2F3F3F3F3F3F4F4F58F
:10481000ECEBEDEDEDEBF5E8D5CDF9FAF2F2F2F2D5
:10482000F2F2F2F2F2F2F2F3F4F4F4F4F3F4F4F458
:10483000F4F4F5F5F5F5F5EBEBF6FDD6D3FFFFC790
:10484000D6CBE8FAFAF2F2F2F2F2F3F3F3F3F3F57D
:10485000EBEBECEBEDF5F5E8CDCEE1E1E0E0E0E00F
:10486000FCFCFCFCE4E4E4FCFCE4E4C9CACAFDFD95
:10487000FDFDCBCBCBCBCCCCCCCCCDD6D3FFFFC7A7
:10488000CECCE8F8FAFAFAF2F2F2F2F3F3F3F3F438
:10489000ECEBEBEBEBF5F5E8CDD5D5D5D5D5CECE1C
:1048A000CED6D6D6D6D0D1D1D1D2D2FEFEFEFEFE05
:1048B000FEFEFEFEFEFEFEFEFEFEFED0D3FFFFC7A6
:1048C000CECCF1FBFAFAFAFAFAF2F2F2F2F3F3F4DE
:1048D000F5F5F5ECF5F4F5E8E7E7E7E7E7E7E7E70F
:1048E000E7E7FDD3CCE0D7E1E1E1E1E1E1E0E0E0C1
:1048F000E0E0E0FCFCFCFCFCFCFCFCE4E1FFFFC7AE
:10490000D5D3F1F8F8F8FAFAFAFAF2F2F2F2F2F490
:10491000F4F5F5F5F5F4F4F4F5F5F5F5EBEBEBEB73
:10492000EBF7FCCED3C6FFFFFFFFFFFFFFFFFFFF4C
:10493000FFFFFFFFFFFFFFFFFFFFFFFFFFFFFFC7BF
:10494000D5D3F1FBF8F8F8FAFAFAFAFAF2F2F2F340
:10495000F4F4F5F5F4F4F4F4F4F4F5F5F5F5EBEB23
:10496000EBEFE5D6D3C6FFFFFFFFFFFFFFFFFFFF23
:10497000FFFFFFFFFFFFFFFFFFFFFFFFFFFFC1C7BD
:10498000D5D3F1FBF8F8F8F8FAF8FAFAFAF2F2F3FC
:10499000F4F4F4F4F3F3F4F4F4F4F5F5F5F5F5EBDD
:1049A000F5F6C9D6D4C6FFFFFFFFFFFFFFFFFFFFED
:1049B000FFFFFFFFFFFFFFFFFFFFFFFFFFFFFFE620
:1049C000D5D4F1FBF8F8F8F8F8FAFAFAFAFAFAF3AB
:1049D000F3F3F4F4F3F3F3F4F4F4F4F5F5F5F5EBA1
:1049E000EBF6FDD6D4C6FFFFFFFFFFFFFFFFFFFF83
:1049F000FFFFFFFFFFFFFFFFFFFFFFFFFFFFFFC7FF
:104A0000D5D4F1FBF8F8F8F8F8F8F8FAFAFAFAF26F
:104A1000F3F3F3F3F3F3F3F3F4F4F4F4F5F5F5F55A
:104A2000F5EBFDD6CDC6FFFFFFFFFFFFFFFFFFFF4A
:104A3000FFFFFFFFFFFFFFFFFFFFFFFFFFFFC2E6DC
:104A4000D5CDF1FBFBF8FBF8FBF8F8F8F8F8FAF233
:104A5000F2F2F3F2F2F2F3F3F3F3F4F4F4F5F4F523
:104A6000F5EBCBD6CDC6FFFFFFFFFFFFFFFFFFFF3C
:104A7000FFFFFFFFFFFFFFFFFFFFFFFFFFFFFFE65F
:104A8000D5CDF9FAF2F2F2F2F2F2F2F2F2F2F2F338
:104A9000F4F4F4F4F3F4F4F4F4F4F5F5F5F5EBEBE5
:104AA000EBF6FDD6D5C6FFFFFFFFFFFFFFFFFFFFC1
:104AB000FFFFFFFFFFFFFFFFFFFFFFFFFFFFFFC73E
:104AC000D5CEE1E1E0E0E0E0FCFCFCFCE4E4E4FC69
:104AD000FCE4E4C9CACAFDFDFDFDCBCBCBCBCCCCFD
:104AE000CCCCD4D6D5C6FFFFFFFFFFFFFFFFFFFFF3
:104AF000FFFFFFFFFFFFFFFFFFFFFFFFFFFFC2E61C
:104B0000CDD5D5D5D5D5D5CECED6D6D6CFD0D0D17C
:104B1000D2D2D2FEFEFEFEFEFEFEFEFEFEFEFEFE39
:104B2000FEFEFED0D5C6FFFFFFFFFFFFFFFFFFFF2A
:104B3000FFFFFFFFFFFFFFFFFFFFFFFFFFFFFFE69E
:104B4000E4FCE4E4E4E4E4E4E4E4E4E4C8C8C8C87D
:104B5000C9C9CACACACAFDFDFDFDFDCBCBCBCBCBB3
:104B6000CBCBCBCBCBC6FFFFFFFFFFFFFFFFFFFF92
:104B7000FFFFFFFFFFFFFFFFFFFFFFFFFFFFFFFF45
:104B8000FFFFFFFFFFFFFFFFFFFFFFFFFFFFFFFF35
:104B9000FFFFFFFFFFFFFFFFFFFFFFFFFFFFFFFF25
:104BA000FFFFFFFFFFFFFFFFFFFFFFFFFFFFFFFF15
:104BB000FFFFFFFFFFFFFFFFFFFFFFFFFFFFFFFF05
:104BC000FFFFFFFFFFFFFFFFFFFFFFFFFFFFFFFFF5
:104BD000FFFFFFFFFFFFFFFFFFFFFFFFFFFFFFFFE5
:104BE000FFFFFFFFFFFFFFFFFFFFFFFFFFFFFFFFD5
:104BF000FFFFFFFFFFFFFFFFFFFFFFFFFFFF0000C3
:104C000000000000000054525545564953494F4E8C
:104C10002D5846494C452E000001010000000118A6
:104C200000000000400040000808000000000000F4
:104C30000000000000000000000000000000000074
:104C40000000000000000000000000000000000064
:104C50000000000000000000000000000000000054
:104C60000000000000000000000000000000000044
:104C70000000000000000000000000000000000034
:104C800000000000000000FFFFFF0101010303031B
:104C90000707070909090B0B0B0C0C0C0F0F0F1062
:104CA00010101212121414141717171919191A1AAE
:104CB0001A1D1D1D1F1F1F212121222222252525EE
:104CC0002626262828282A2A2A2C2C2C2E2E2E313D
:104CD00031313232323535353636363838383B3B7D
:104CE0003B3D3D3D3F3F3F414141434343444444BD
:104CF0004646464848484A4A4A4B4B4B4D4D4D4F15
:104D00004F4F515151525252555555565656595969
:104D1000595A5A5A5B5B5B5C5C5C5E5E5E616161CA
:104D20006363636464646767676969696B6B6B6D10
:104D30006D6D6E6E6E70707072727275757576765E
:104D4000767979797A7A7A7D7D7D7E7E7E818181A0
:104D500082828284848485858587878788888889FC
:104D600089898A8A8A8D8D8D8E8E8E90909093936C
:104D7000939595959797979999999B9B9B9D9D9DA9
:104D80009E9E9EA2A2A2A4A4A4A6A6A6A9A9A9AAE0
:104D9000AAAAADADADAFAFAFB0B0B0B1B1B1B2B224
:104DA000B2B6B6B6B7B7B7B8B8B8B9B9B9BABABA89
:104DB000BBBBBBBCBCBCC0C0C0C2C2C2C5C5C5C7F2
:104DC000C7C7C8C8C8CBCBCBCDCDCDCECECECFCF2D
:104DD000CFD1D1D1D2D2D2D4D4D4D6D6D6D9D9D992
:104DE000DADADADCDCDCDFDFDFE3E3E3E5E5E5E7C5
:104DF000E7E7E9E9E9EBEBEBECECECEFEFEFF0F0F8
:104E0000F0F3F3F3F5F5F5F7F7F7F8F8F8FBFBFB3C
:104E1000FDFDFDFEFEFEA0A0A1E5E5E67D7D7E8711
:104E200088888F9090A9AAAAABACACB9BABABDBE1B
:104E3000BEBFC0C0E0E1E1E3E4E4F9FAFA6566660A
:104E40006D6E6E757676797A7A7D7E7E45464653AE
:104E50005454393A3A2F3030999A998A8A89B2B2A1
:104E6000B1B8B8B7BFBFBEE4E4E3050504D7D6D5F3
:104E7000DAD9D8DBDAD9DEDDDCE3E2E1EDECEBFB1D
:104E8000FAF98281809D9C9BD4D2D1E0DEDDE2E004
:104E9000DFE4E2E1E7E5E4E9E7E6EBE9E8ECEAE9AB
:104EA000F1EFEEFFFDFCEBE8E7EFECEBF0EDECF201
:104EB000EFEEF4F1F0FCF9F8FBF7F6FFFBFA9A9944
:104EC000999C9B9BAAA9A9B2B1B1B5B4B4B8B7B724
:104ED000BCBBBBC0BFBFC6C5C5C8C7C7CAC9C9CE92
:104EE000CDCDD0CFCFD2D1D1E0DFDFE4E3E3ECEB27
:104EF000EBEEEDEDFFFEFECDCBCBD5D3D3D7D5D5A5
:104F0000DCDADAE2E0E0F4F2F2F7F5F5504F4FE8E0
:104F1000E5E5EAE7E7DFDBDB535151DCD9DAD0CF57
:104F2000D0FAF9FAFFFFFF000000FFFFFFFFFFFFCD
:104F3000FFFFFFFFFFFFFFFFFFFFFFFFFFFFFFFF81
:104F4000FFFFFFFFFFFFFFFFFFFFFFFFFFFFFFFF71
:104F5000FFFFFFFFFFFFFFFFFFFFFFFFFFFFFFFF61
:104F6000FFFFFFFFFFFFFFFFFFFFFFFFFFFFFFFF51
:104F7000FFFFFFFFFFFFFFFFFFFFFFFFFFFFFFFF41
:104F8000FFFFFFFFFFFFFFFFFFFFFFFFFFFFFFFF31
:104F9000FFFFFFFFFFFFFFFFFFFFFFFFFFFFC02B34
:104FA0003022FFFFFFFFFFFFFFFFFFFFFFFFFFFFBD
:104FB000FFFFFFFFFFFFFFFFFFFFFFFFFFFFFFFF01
:104FC000FFFFFFFFFFFFFFFFFFFFFFFFFFFFFFFFF1
:104FD000FFFFFFFFFFFFFFFFFFFFFFFFFF365474E0
:104FE000857037FFFFFFFFFFFFFFFFFFFFFFFFFFA2
:104FF000FFFFFFFFFFFFFFFFFFFFFFFFFFFFFFFFC1
:10500000FFFFFFFFFFFFFFFFFFFFFFFFFFFFFFFFB0
:10501000FFFFFFFFFFFFFFFFFFFFFF2541B184ED13
:1050200096C4AC5529FFFFFFFFFFFFFFFFFFFFFF07
:10503000FFFFFFFFFFFFFFFFFFFFFFFFFFFFFFFF80
:10504000C02BB93E474D4F4DB7B6392CC0FFFFFFBF
:10505000FFFFFFFFFFFFFFFFFFFF2742697660773B
:10506000949286E0663CC0FFFFFFFFFFFFFFFFFF5B
:10507000FFFFFFFFFFFFFFFFFFFFFFFFFF223346A2
:10508000B2606163656566696B6C6C6C5FB730FFBD
:10509000FFFFFFFFFFFFFFFFFF254165A59C906B12
:1050A0005DAA8679DC69523121FFFFFFFFFFFFFF18
:1050B000FFFFFFFFFFFFFFFFFFFFFF253D56606083
:1050C000B35B5F6365676867666666686D73725C2D
:1050D00038FFFFFFFFFFFFFF224765C595EABF9737
:1050E000855F5D726552B73D22FFFFFFFFFFFFFF47
:1050F000FFFFFFFFFFFFFFFFFF223B59615B5A638A
:1051000071AA797C7978767574DD70DD6F6DBA7708
:10511000AAB534FFFFFFFFFF43DDF2EA92919191C0
:10512000929168B92B21FFFFFFFFFFFFFFFFFFFFF9
:10513000FFFFFFFFFFFFFFFF2FB1625A5B6E7D8411
:10514000AC7FE07C79AA77747582847C736F6F6F13
:10515000747D785023FF21396D8CF2908F8D8CEF08
:105160008A7C38FFFFFFFFFFFFFFFFFFFFFFFFFF0E
:10517000FFFFFFFFFFFF203EA65D596F85E685E339
:10518000AC817FE07C7A76AC97988560483F465B3F
:105190006DDD7BE36133385561AA87FC8C89868499
:1051A000ACF6FFFFFFFFFFFFFFFFFFFFFFFFFFFF6B
:1051B000FFFFFFFFFF2349635863848DE6878685E1
:1051C00084AC82807E7AE4A2FE793B2421FFFF2317
:1051D000476E6D79866F414454596274AC8684E39E
:1051E0006D28FFFFFFFFFFFFFFFFFFFFFFFFFFFF38
:1051F000FFFFFFFF2451635671908E8A89E688E491
:105200008585AC837F85F5FE6A29272A2B2A2721ED
:10521000FF56706C7AE66F3B374752586172E07EFA
:1052200046FFFFFFFFFFFFFFFFFFFFFFFFFFFFFF47
:10523000FFFFFF24536356E0948F90908B89E6E63E
:10524000878685E383C49F6AFF2122222325292C98
:10525000283A706E6DE08C69342F3A45505864508E
:10526000C0FFFFFFFFFFFFFFFFFFFFFFFFFFFFFF8D
:10527000FFFF2250635785938374707B8F8E8A89DA
:10528000E688E485E6927C28C024232222C021C03F
:1052900024316D726E6EAC8D5B2C2B30363E362019
:1052A000FFFFFFFFFFFFFFFFFFFFFFFFFFFFFFFF0E
:1052B000FFFF486559FCA0E65D3E333857878F8B6A
:1052C00089E688868AAC472025242423232222C00D
:1052D00020236874716E728A86F6283B4929FFFF85
:1052E000FFFFFFFFFFFFFFFFFFFFFFFFFFFFFFFFCE
:1052F000FF3B6659FCFE8B3F21FF232A274E8E8EF3
:105300008B8AE6EFE36C2D242525242423232222F7
:1053100021246B76A4726F7992A435315E5B28FFED
:10532000FFFFFFFFFFFFFFFFFFFFFFFFFFFFFFFF8D
:105330002B625A77FE8C2DFFFF252F2E2D2DDC9210
:105340008D8C8A8D7CB12726262525252424232390
:10535000212CA477757372DD878F562735635A2504
:10536000FFFFFFFFFFFFFFFFFFFFFFFFFFFFFF212B
:10537000B16261989435FFFF222F2F3031294F9170
:105380008F8E8D8F794928282726262525242423AA
:10539000FF407CAA767574727894773E21B66B5480
:1053A000C0FFFFFFFFFFFFFFFFFFFFFFFFFFFF3912
:1053B0006A5886915AFFFF212E3231312F2B3D8BB7
:1053C000918F8F8F81472828282827262625252357
:1053D0002263807978777574A48B90572D25B16FEF
:1053E00043FFFFFFFFFFFFFFFFFFFFFFFFFF23B4B0
:1053F0005E6F90772EFFFF2934323231302D39EF36
:10540000929090908A55292929282827262625FF19
:1054100043827E7C7B79AA76738097713F24B9653D
:105420006C2FFFFFFFFFFFFFFFFFFFFFFFFF3D6B45
:105430005A90845B21FF223334333231312D3F8D3A
:105440009290909091743127292929282826213774
:105450007984807EE07C797876AAC586523028519E
:10546000725AC0FFFFFFFFFFFFFFFFFFFFC05D5F3E
:105470007297E04BFFFF2CB935333433332C51C4D2
:105480009291909090906029252828272324B67C1B
:1054900088E383817F7D7C7B79768EC5623D2A3A65
:1054A000697539FFFFFFFFFFFFFFFFFFFF386D5BEF
:1054B0008BEA8146FF2236B934353534332E6EC53A
:1054C00091919191909191DD46322D314368888977
:1054D000868584AC83807EE07CAAE4EC754A332E1A
:1054E0005A775FC0FFFFFFFFFFFFFFFFFF5467A872
:1054F000EA938C4CFF2B39B935B9363530448E934D
:1055000091919191909294EA908582858C908AE60F
:1055100086E487868585E37FE07BACEDE35A382F10
:1055200049727635FFFFFFFFFFFFFFFF28A85EE10E
:105530009492946C24343A36B937B933B9AA949317
:10554000C4929191958C798A929191908E8C8AE6F1
:1055500090F2FC80716EAAE383E080C6FC6A3D3560
:105560003B6B8052FFFFFFFFFFFFFFFFB86F65C47B
:105570009191938F5335383538B933B8A4AEAE888E
:10558000859291AEFEC45257909190908FFC8D9968
:10559000A296DD4E3B34B856E0AC8096EA754739AA
:1055A0003663E06E28FFFFFFFFFFFFFF506C719D29
:1055B000C49091938F613E383A3E5883EA98FE86B4
:1055C0005276948FEA5D2C35E69390908F8F9CFEF7
:1055D000944D2923242523223E7CE3F39783B7357A
:1055E000345B7B7D38FFFFFFFFFFFF216266809DFC
:1055F000989190919394E6E07A87C4949290BF59E1
:105600002E56BF7E60312B418F9391908F96FE8BEB
:105610003823292929282826215186CBD5FC552A2B
:105620002BB179864FFFFFFFFFFFFF2770628EEDE2
:10563000999791909191939494C49292F27A5D3358
:105640002F5FBF87512F36739594929193968FB8A1
:10565000262B2B2A2A292928252F7CF3EDEA653EC3
:10566000374D76896521FFFFFFFFFF34A465EA9976
:10567000989997929091919191919191C4E047312D
:10568000458694F2856E8398E4AC9292928C57276B
:105690002D2C2C2B2A2A292928266BCED2ED6D44BD
:1056A000424A768C7526FFFFFFFFFFB8736B969911
:1056B00098989A98918F9193919191919191E06E90
:1056C00087949191C4AE9CFE854EA4958871352D2A
:1056D0002E2D2D2C2B2A2A2A292561D0F4B0724890
:1056E000F6B7778D832FFFFFFFFFFFF6766E989852
:1056F000989B96E46F60677E939191919390EFC52C
:10570000C491919192918F8DB72C52EA7F562E2F92
:105710002F2E2E2D2C2C2B2A2926A7D5F5FE734DA6
:105720004C4A788D8C38FFFFFFFFFF4B77DC999751
:105730009EFE9369B1B64047719290F2A0C466A4F0
:10574000F29291919290A4512F2D5B9576472E3035
:10575000302F2F2D2D2D2C2B292A74D6F5FEA45257
:10576000504D7C8F943FFFFFFFFFFF4C7870999C5A
:10577000FE94B830443A3F3F4079C4929C854245FC
:105780008B93919192C4733E2F41E3BF75412F31AA
:105790003130302F2E2E2D2C2937E6D5C7FE6F56EF
:1057A00051527E919A43FFFFFFFFFF4D7B70ED9DAD
:1057B000C5B9FF36483B41443D59988A7549B947B8
:1057C000FC93919193C490756BE494C47F453133FD
:1057D000323131302F2F2D2D265CF3D5FDA1685AA3
:1057E0005159AC949F43FFFFFFFFFF4DE0DC96C48F
:1057F00051FFFF36B7B8414542458FAE5E39B86DAF
:10580000949299FC75E69394C5C491F28F56323404
:105810003333323130302F29408FD1D29E985E5FA2
:1058200050608696A23DFFFFFFFFFF467F708C739E
:1058300024FFFF344B3D41464442E09D8C6DE09A8D
:105840009898FE93525990F291919191C47B3B307C
:1058500034343332313029B8EF9DD5ED9B84475035
:105860004B6DEF9BFD33FFFFFFFFFF3A816E7C51D5
:10587000FFFFFF304B3F40474543799B9A9D9C99E2
:10588000ED908B5A3643C49996BF959595987A3E7C
:105890002E2F302F2C2F508D9E99D6EB9479574E6A
:1058A00049788EFD9826FFFFFFFFFF2EE36EDC3D5B
:1058B000FFFFFF2B4A423F484645819A97979898A9
:1058C000EDE45B3CB959EDEDEDEDEDEDEDED9E90C8
:1058D000A851484A5B7CED9C99D1D5E7E66E645FA0
:1058E000578491FE8421FFFFFFFFFF227A766637FF
:1058F000FFFFFF2449473C49464C8F9796A5979751
:1059000099BF6942538C9B99999999999999999CB6
:105910009E9996979D9D9A9999D4CC7B7C68685A5C
:1059200064FC95A269FFFFFFFFFFFFFF65856139FA
:10593000FFFFFF21424BB8F6446395AEC59596A58F
:10594000A598A590989EED9A999999999999999960
:10595000999A9A9A9999999998F8AC6F71696A5736
:105960007592A59749FFFFFFFFFFFFFF4BFC6C49B6
:10597000FFFFFFFF37503F414E85AE9494AE9595A3
:10598000959598988F8689959B99989898989898C6
:105990009898989898989898C5C469686E6D685D4D
:1059A00088C594842BFFFFFFFFFFFFFF2E897569D9
:1059B00029FFFFFF2B4E443DAAC492F29394949486
:1059C000AE9BED8E755E545AE0999897989898988A
:1059D00098989797979798BFF379B16772DD617040
:1059E00093978662FFFFFFFFFFFFFFFFFF6F887542
:1059F0006929FFFFFF4056749090909091F293C4F4
:105A00009EFE95684943423F416D9897A5A597A58D
:105A1000A5A5A5A5A5A597C3F055506C757162E421
:105A2000988FA43DFFFFFFFFFFFFFFFFFF44C472FD
:105A3000867B5C4E506C878FFC8D8E8F90909098FB
:105A4000FE94B13F434343423F3D759995BFBF9696
:105A5000969696BFBFA5F2C26D415A6B6A6674C531
:105A6000ED735A23FFFFFFFFFFFFFFFFFF227C873D
:105A700072EF8C8E8F8C8989EF8B8C8D8E8F9299A3
:105A8000C555B64646454444433E509295C5C5C5A6
:105A9000C59595C5AF94FCBE4649747ADC698E9D68
:105AA00089593BFFFFFFFFFFFFFFFFFFFFFF46A5F9
:105AB00075E0868686E48788E689EF8B8CFC91907A
:105AC0006A43F647464646454442B67DBF949494A1
:105AD000EAEAEAAEAE89E95E436680E070819A9CAC
:105AE000604623FFFFFFFFFFFFFFFFFFFFFF217661
:105AF000EA728485858686E48788E689898D88AA06
:105B00004F484948F647474645444071959393C4EA
:105B1000C49494EAE6E776525C7B7D757595FD78D2
:105B20004530FFFFFFFFFFFFFFFFFFFFFFFFFF35D8
:105B3000AE8975858585858586878788E68C7E63B1
:105B40004A4AB7B749F647464645406EAE9292F28A
:105B5000F29394E6E48669617279757191A093502D
:105B60003B21FFFFFFFFFFFFFFFFFFFFFFFFFFFFE7
:105B7000509EE3AA8584858585868687888B77579E
:105B80004A4B4BB7B74948F6474643A4C491919155
:105B900092F2E4BE8EDF726CDD6E6BFC9E9D6948F6
:105BA00028FFFFFFFFFFFFFFFFFFFFFFFFFFFFFFDC
:105BB000FFBBC7BE7A84848585858586868975B155
:105BC0004C4C4B4B4AB7B7494846F681919090915F
:105BD00090E3E292EF7D68666360889EFD815E36A9
:105BE000FFFFFFFFFFFFFFFFFFFFFFFFFFFFFFFFC5
:105BF000FFC0C9EEE67BAC84848585858687E0534B
:105C0000B74E4E4C4B4B4AB7B7455A8E8F8F908D3F
:105C10007FBEA5978F5F474C5A879EFD90754B209E
:105C2000FFFFFFFFFFFFFFFFFFFFFFFFFFFFFFFF84
:105C3000FFFF23DCFEC280ABAC8484858586865F53
:105C40003B3E43494B4B4AB747487B908E8EE4BC62
:105C5000E59EA3AE6550B7578B9E9F95E45F22FFEC
:105C6000FFFFFFFFFFFFFFFFFFFFFFFFFFFFFFFF44
:105C7000FFFFFF20C8D9D6EFE282ACE38485E47C45
:105C80005444403D3C3C3C3A3A698FFCE6BDE091CF
:105C9000EEFE935640436594F59F9C956C25FFFF5F
:105CA000FFFFFFFFFFFFFFFFFFFFFFFFFFFFFFFF04
:105CB000FFFFFFFFFFFAF9D3F7E8AD82ACAD8586B1
:105CC000795B4F4BB7F6F651A4FC8781E0889AFECA
:105CD000FE793F33B778ED9EA0A2A16F25FFFFFFAD
:105CE000FFFFFFFFFFFFFFFFFFFFFFFFFFFFFFFFC4
:105CF000FFFFFFFFFFFF2FDDD8DBD5FBEF8584E340
:105D0000858371646064DDAC87E281E6AEA0FE90BD
:105D1000502AB86A93F5F5A1FEFE62C0FFFFFFFFAF
:105D2000FFFFFFFFFFFFFFFFFFFFFFFFFFFFFFFF83
:105D3000FFFFFFFFFFFFFFFF41DEF7DADAD7CEF20A
:105D4000F1CAF0FCEFEFEF87E58C92BF97865A34EB
:105D5000406C919FA09FA2FE93B7FFFFFFFFFFFF44
:105D6000FFFFFFFFFFFFFFFFFFFFFFFFFFFFFFFF43
:105D7000FFFFFFFFFFFFFFFFFFC03D6481C2CFD1E8
:105D8000CFCDCBF2C1E8E6E688E68B856E5862851A
:105D900099A1FD9E9EA39C6D2CFFFFFFFFFFFFFFBF
:105DA000FFFFFFFFFFFFFFFFFFFFFFFFFFFFFFFF03
:105DB000FFFFFFFFFFFFFFFFFFFFFFFF2B4155BB73
:105DC00071A979797C7D7EAC89909290919BFD9EA2
:105DD0009C989799F2DC38FFFFFFFFFFFFFFFFFF62
:105DE000FFFFFFFFFFFFFFFFFFFFFFFFFFFFFFFFC3
:105DF000FFFFFFFFFFFFFFFFFFFFFFFFFFFFFF2290
:105E0000293035B9425B72838C9091939491908D37
:105E10008884745731FFFFFFFFFFFFFFFFFFFFFF85
:105E2000FFFFFFFFFFFFFFFFFFFFFFFFFFFFFFFF82
:105E3000FFFFFFFFFFFFFFFFFFFFFFFFFFFFFFFF72
:105E4000FFFFFFFFFF202A3BB7565D6365605A5294
:105E5000433021FFFFFFFFFFFFFFFFFFFFFFFFFFBB
:105E6000FFFFFFFFFFFFFFFFFFFFFFFFFFFFFFFF42
:105E7000FFFFFFFFFFFFFFFFFFFFFFFFFFFFFFFF32
:105E8000FFFFFFFFFFFFFFFFFFFF20212120FFFF9C
:105E9000FFFFFFFFFFFFFFFFFFFFFFFFFFFFFFFF12
:105EA000FFFFFFFFFFFFFFFFFFFFFFFFFFFFFFFF02
:105EB000FFFFFFFFFFFFFFFFFFFFFFFFFFFFFFFFF2
:105EC000FFFFFFFFFFFFFFFFFFFFFFFFFFFFFFFFE2
:105ED000FFFFFFFFFFFFFFFFFFFFFFFFFFFFFFFFD2
:105EE000FFFFFFFFFFFFFFFFFFFFFFFFFFFFFFFFC2
:105EF000FFFFFFFFFFFFFFFFFFFFFFFFFFFFFFFFB2
:105F0000FFFFFFFFFFFFFFFFFFFFFFFFFFFFFFFFA1
:105F1000FFFFFFFFFFFFFFFFFFFFFFFFFFFFFFFF91
:105F2000FFFFFFFFFFFFFFFFFFFF0000000000007B
:105F3000000054525545564953494F4E2D58464935
:105F40004C452E0000010100000001180000000077
:105F5000400040000808FFFFFF0202023D3D3D5E99
:105F60005E5E73737389898C0505069999FA010140
:105F7000020202047A7AFA3434C10D10A200000140
:105F800056588B4D5B89263D8A4156921617190348
:105F900004062842716897E15D8FDC0406093165CB
:105FA000AD2B71D12438520C131CA3C4EB95BAE469
:105FB0001C2B3D38587E3A6AA2D1E7FE707C892FAF
:105FC00038426986A45B86B645678C5681B1101B42
:105FD000271E69BDB7B8B99C9D9EDAEAFA42484EC1
:105FE0000A0B0C1E2124C1D8EE8797A7ACC2D7B8E4
:105FF000D3ED93A9BF9FBAD4B0CFEDADCCEB5F7515
:106000008A50647788AACA7693B082A5C680AAD23D
:10601000698EB15E80A06387AA75A1CB56799B4F2C
:1060200071934F769B496E915079A05480AA4D7818
:10603000A147709749739B6DADEA05080B2D496424
:10604000436C94080D123A6188DBEAF7D6E8F8CB86
:10605000E1F4C6DDF1BFDBF55D6B78B2CEE7ACCA2B
:10606000E592AFCAA6CAE94655639CBEDC8AA8C4BD
:106070009DC2E383A2BE96BADA90B5D57D9CB98C59
:10608000B2D490B6D988AFD282AACD7399BC7AA384
:10609000C87CA5CB77A0C46B94B849657F719DC4BB
:1060A0006C9AC35B84A86594BE6392BB5D8AB16140
:1060B00090B96393BD5D8BB45E8DB65F8EB93C5A6B
:1060C000764D74975986AF5A89B23D5D7A5684AC45
:1060D000527DA5334E6740638235526D3756733D0E
:1060E000607F4B769D4C779F4E7BA32B445B487221
:1060F000994275A3DFF0FED1E5F6D8EDFE99B5CB58
:10610000A8C8E3A3C4E0728FA685ADCF7FA8CB66F5
:1061100096BF6195BF5280A5456C8D416787C5C903
:10612000CCAAB9C49DC2DE5E92B9588AB04B789AA7
:106130004787B52F99EA0F8FEB4B728B47739245C8
:1061400082AD3C89BC7788912C2E2F3B576545B496
:10615000ED2C9DD507A9F8E7F8FF40B0DE0F96CEED
:106160008DABB62BB7E065DFEF24CCE208DDFD8A0E
:10617000EEFA77A3A6477E7F010202699A975B8FAA
:10618000865389779AE4C5A5E6C68DD8B380D6AB89
:106190008CC2A697DAB79AE1BB70AC8C73CB99A18D
:1061A000E6BD54B57946AC6B61B37D4EB0714BAD75
:1061B0006D49B16D419E5F42AD6456AE714AA767AD
:1061C0004AA162456A4E38A1532D93463C995235F7
:1061D000974B2F7F3F3289414E975863A4685A9F4F
:1061E0005E388B3673A870265E228AB58551844846
:1061F00081AE786E9C63193E106094523F782F04F4
:106200000F005D8D4A0D2205020700A9ABA5FCEC2D
:106210002BFDED9CF8DE5FE1BA25B9B092C0AA74FF
:10622000DDB34B050302E0DFE0D0A5D0AE69AE934D
:106230004597722777CA86FA9F51E17825CA583E5A
:106240007B5017A0413E8F201E625352EA1C1BE672
:10625000FFFFFF000000FFFFFFFFFFFFFFFFFFFF4B
:10626000FFFFFFFFFFFFFFFFFFFFFFFFFFFFFFFF3E
:10627000FFFFFFFFFFFFFFFFFFFFFFFFFFFFFFFF2E
:10628000FFFFFFFFFFFFFFFFFFFFFFFFFFFFFFFF1E
:10629000FFFFFFFFFFFFFFFFFFFFFFFFFFFFFFFF0E
:1062A000FFFFFFFFFFFFFFFFFFFFFFFFFFFFFFFFFE
:1062B000FFFFFFFFFFFFFFFFFFFFFFFFFFFFFFFFEE
:1062C000FFFFFFFFFFFFFFFFFFFFFFFFFFFFFFFFDE
:1062D000FFFFFFFFFFFFFFFFFFFFFFFFFFFFFFFFCE
:1062E000FFFFFFFFFFFFFFFFFFFFFFFFFFFFFFFFBE
:1062F000FFFFFFFFFFFFFFFFFFFFFFFFFFFFFFFFAE
:10630000FFFFFFFFFFFFFFFFFFFFFFFFFFFFFFEFAD
:10631000EFFFFFFFFFFFFFFFFFFFFFFFFFFFFFFF9D
:10632000FFFFFFFFFFFFFFFFFFFFFFFFFFFFFFFF7D
:10633000FFFFFFFFFFFFFFFFFFFFFFFFFFFFFFFF6D
:10634000FFFFFFFFFFFFFFFFFFFFFFFFFFEF2FA696
:106350002EFFFFFFFFFFFFFFFFFFFFFFFFFFFFFF1E
:10636000FFFFFFFFFFFFFFFFFFFFFFFFFFFFFFFF3D
:10637000FFFFFFFFFFFFFFFFFFFFFFFFFFFFFFFF2D
:10638000FFFFFFFFFFFFFFFFFFFFFFFF1203042FD1
:10639000FFFFFFFFFFFFFFFFFFFFFFFFFFFFFFFF0D
:1063A000FFFFFFFFFFFFFFFFFFFFFFFFFFFFFFFFFD
:1063B000FFFFFFFFFFFFFFFFFFFFFFFFFFFFFFFFED
:1063C000FFFF08FFFFFFFFFFFFFFFF2E03E704FFB4
:1063D000FFFFFFFFFFFFFFFFFFFFFFFFFFFFFFFFCD
:1063E000FFFFFFFFFFFFFFFFFFFFFFFF0D08080894
:1063F000080D0D08FFFFFFFFFFFFFFFFFFFFFFFF7F
:10640000FFFFFFFFFFFFFFFFFFFFEFA604052FFFCA
:10641000FFFFFFFFFFFFFFFFFFFFFFFFFFFFFFFF8C
:10642000FFFFFFFFFFFFFFFFFFFF171B281E1E1AC6
:106430001A1A1A1E1E284F01EFFFFFFFFFFFFFFF72
:10644000FFFFFFFFFFFFFFFFFFEF12020404EFFF5C
:10645000FFFFFFFFFFFFFFFFFFFFFFFFFFFFFFFF4C
:10646000FFFFFFFFFFFFFF091B1E87828380972628
:1064700045434242444326788712FFFFFFFFFFFF58
:10648000FFFFFFFFFFFFFF012EA62D030402FFFF0A
:10649000FFFFFFFFFFFFFFFFFFFFFFFFFFFFFFFF0C
:1064A000FFFFFFFFFF081B1A82974E265050809770
:1064B0009796A144403B625F5D5F22230D08FFFF7A
:1064C000FFFFFFFFFFFF062E020404050512FFFF7A
:1064D000FFFFFFFFFFFFFFFFFFFFFFFFFFFFFFFFCC
:1064E000FFFFFFFF171E7C4E4E975010101010102C
:1064F0001014107C8350963F6234323231A6FFFF75
:10650000FFFFFFFFFF2EA6120305E72A0308FFFF88
:10651000FFFFFFFFFFFFFFFFFFFFFFFFFFFFFFFF8B
:10652000FFFFFF4F4D4E4E4E96500C0CFDFDFCFCF8
:10653000FCFC0B0C10505050827F39313232381B2A
:10654000FFFFFFFFFFA6042F04E7982B12FFFFFFBA
:10655000FFFFFFFFFFFFFFFFFFFFFFFFFFFFFFFF4B
:10656000FFFF1B1F884E4E4E96100CFDFDFCFC0AD3
:10657000070AFCFD0C10971F4D871A8756AE353B56
:1065800023FFFFFF2FE798042D05042FFFFFFFFFD8
:10659000FFFFFFFFFFFFFFFFFFFFFFFFFFFFFFFF0B
:1065A000FF1B834A494E4E4EA10CFDFDFDFC0A0A1D
:1065B00007FCFCFDFD0C144D878787871A7F31355A
:1065C000678117A62A2AE7F02B0213FFFFFFFFFFC0
:1065D000FFFFFFFFFFFFFFFFFFFFFFFFFFFFFFFFCB
:1065E0004C1F854949494949A2100C0A0A0A070764
:1065F000070AFCFDFD0CFB8787878787874D506264
:10660000356E39E798E7F0980208FFFFFFFFFFFFBC
:10661000FFFFFFFFFFFFFFFFFFFFFFFFFFFFFFFF8A
:106620004D868849964E45A24945100CFC07070740
:1066300007070AFC0BFBFB8787871A1A8750505005
:1066400024052A2A2BF09802FFFFFFFFFFFFFFFF20
:10665000FFFFFFFFFFFFFFFFFFFFFFFFFFFFFF1E2B
:106660008684452029292920884A491F0C0B0B0BB9
:106670000B0B0B100CFB874D871AFBF9F9FA502610
:10668000052A2A2BF098A6FFFFFFFFFFFFFFFFFF61
:10669000FFFFFFFFFFFFFFFFFFFFFFFFFFFF1726CB
:1066A0007E4929A0AAAAAA294E4A4A9DA2501010A2
:1066B000101014FB1A874D4D4DFBF9F7F7F7F8D47E
:1066C000E72A2BF0983F28FFFFFFFFFFFFFFFFFFA8
:1066D000FFFFFFFFFFFFFFFFFFFFFFFFFFFF1A4767
:1066E0004418A0AAAAAAAAA0209D848484849D9D5F
:1066F000A283817F4D7F4D4D4DFBF6F5F6F3B9DA60
:10670000DAE7F0982B634728FFFFFFFFFFFFFFFF4B
:10671000FFFFFFFFFFFFFFFFFFFFFFFFFF17964792
:1067200020199FA0AAAAAAA020468585858484490D
:1067300083817F7F7F4D4D7F8110F6F505DFDCCCB7
:10674000C5C1DCA5435964851BFFFFFFFFFFFFFFA9
:10675000FFFFFFFFFFFFFFFFFFFFFFFFFF1E7D9516
:1067600018164B9FA0A0AA294A86864848488880C8
:10677000828181817F7F7F829711F705DFDCCDC722
:10678000BFC2A7504E4E8D659717FFFFFFFFFFFF5B
:10679000FFFFFFFFFFFFFFFFFFFFFFFFFF817B9575
:1067A00018151D4BA8A019207E86868686849782A0
:1067B00081818181818182968526CFDADCCEC8BF36
:1067C000C022F94E494E4435694DFFFFFFFFFFFFE0
:1067D000FFFFFFFFFFFFFFFFFFFFFFFF17797A6F4C
:1067E0001816371C4B191895957E7E7E8526788263
:1067F00082828281817C4E4896DDDEDCCAC8BFC3BE
:10680000A5F7FA8888884E6F8F731EFFFFFFFFFF82
:10681000FFFFFFFFFFFFFFFFFFFFFFFF287D7A7AEB
:1068200089191D57151886474747478696837878F4
:1068300078828282834986A1DDDEDCD2C5BFC3C1F6
:10684000F7F94E844A4A4A4E6260884FFFFFFFFFC5
:10685000FFFFFFFFFFFFFFFFFFFFFFB61E767B7B03
:106860007D18191619186F7D7D7D7E45807C7C7C96
:106870007C7878808847A1DDDCDED2C5BFBBB8F963
:10688000F9119D858484844A4959694DFFFFFFFFB2
:10689000FFFFFFFFFFFFFFFFFFFFFFFF87947B7BF3
:1068A000727D182929867A7A7A4779978080808341
:1068B0007C83978447A1DDDCDED2C5BFBBC61FFA4F
:1068C0004946484885858585886F357D28FFFFFFC7
:1068D000FFFFFFFFFFFFFFFFFFFFFFFF81947575C5
:1068E00075726F4747727B7B7D469697979780803E
:1068F00080964627A1E4DCDAD3C5BFBBC6B5869532
:1069000086868686868686864888673A8108FFFF5F
:10691000FFFFFFFFFFFFFFFFFFFFFFFF789376768C
:10692000729EA9ADA472727A7E4596962697972696
:10693000457E25B5E4DCDAD3C5BFBBC6B547479570
:106940007E95958588450F0F7986483A7228FFFF16
:10695000FFFFFFFFFFFFFFFFFFFFFFFF6C6D936B6C
:1069600072AAB2B2AAA440477945454545969679A0
:106970004725B5E1DCD7D3CBBFBBC6B527474747D3
:106980004749F8F8F4F4F4F4F885483E3C82FFFFF8
:10699000FFFFFFFFFFFFFFFFFFFFFFFF6C41676788
:1069A000A9B2B2B2B2AAA342424479434545447A5D
:1069B00076B5E4DCD7D1C5BFBBC6B5277D7D7D7D6F
:1069C00086F8F4F3F3F2F2F3F40F957E3C4028FFDF
:1069D000FFFFFFFFFFFFFFFFFFFFFFFF783D6A7034
:1069E000AFB0B0B2B2B2AD4E3F424242427E7277D9
:1069F000B5E4DCD8D1C5BFBBC6B5257A7A7A7A7A38
:106A000086F4F2F1F2F2F2F2F3F8957E6B3A7FFF40
:106A1000FFFFFFFFFFFFFFFFFFFFFFFF5B3D6893EF
:106A2000A8B3B3B0B1B1AFAD443F3F3F6F6B6EB5EC
:106A3000E4DCD8D1C5BFBBC6B525757B7B9C7B9CF0
:106A400046F4F1F1F1F2F2F2F3F88647473A244CBA
:106A5000FFFFFFFFFFFFFFFFFFFFFFFF873D696AAB
:106A6000ACB3B3B3B0B0AFAD3F40403E6741B9E463
:106A7000DED8D1C5BFBBC6B577767575757B757524
:106A800048F4F1F0F1F2F2F2F3F8477D4767592349
:106A9000FFFFFFFFFFFFFFFFFFFFFF0DA6666692F0
:106AA00094A8B3B39AB0ADA3243E6B6D41B9E4DEB4
:106AB000D8D1C5BFBACCB577777676767676757647
:106AC00085F4F2F1F1F1F2F2F40E9C7A7D7235392F
:106AD000FFFFFFFFFFFFFFFFFFFFFFFF1B3C919149
:106AE0003A94A9ACAFADA3906B676869B8E4DED601
:106AF000D1C5BFBACCB89371737373737777777757
:106B00007DF4F3F1F1F1F2F4F87D7B7B7A7A3A319E
:106B100017FFFFFFFFFFFFFFFFFFFFFF093E646559
:106B200066623E9EA4723B676A693DB8E4DED6D1D8
:106B3000C5BFC0C7B8416D6E9371737173737373C2
:106B40009B0EF4F4F3F3F40E9C757572727A6A344A
:106B5000120DFFFFFFFFFFFFFFFFFFFF0D561D653B
:106B60003C67626262626A926665B8E4DED6D1C54D
:106B7000BFC0C7B869686A6A6A6E937471717171CF
:106B8000717A0EF8F80E7D9B77767675757B6B596A
:106B900023FFFFFFFFFFFFFFFFFFFFFF0823603A18
:106BA0005F5F625F3B90626563B7E4DED6D1C8BFCA
:106BB000C0CDB83D6969686868686A6E9370707026
:106BC0007474949B94947474747473777676733A33
:106BD0002DFFFFFFFFFFFFFFFFFFFFFFFF4F5F5D89
:106BE0005F5F3C90CACBCEB4B7E4DED8D1C5BFBF9F
:106BF000CDB7656692929292696969686A6E93935D
:106C00009393937070947742A1A17A947377736889
:106C10005BFFFFFFFFFFFFFFFFFFFFFFFFFF565977
:106C20005D5D5FB9C4BDBDD6DDDED8D1C8BFBCCA0D
:106C3000B764919191916666669292929269686E3C
:106C40009393939393722D022D2D026C7071736A3E
:106C5000A7FFFFFFFFFFFFFFFFFFFFFFFFFF23591E
:106C60005959B4C8BDBAC2DDDED8D1C5BFBDCAB49A
:106C700064636365656591919191666666666692E7
:106C8000686D6E936EA1020404040302A193716DFA
:106C90007FFFFFFFFFFFFFFFFFFFFFFFFFFF0690EC
:106CA000355CB4C4BABEE4DED8D1C8C0BDCAB45CD9
:106CB00064646161616363636565659191919166E7
:106CC000666669416D432D03040404022371936DCC
:106CD00087FFFFFFFFFFFFFFFFFFFFFFFFFFFF2D0E
:106CE0005858B4C2BFE4DAD7D1C8BFC2CAAE5E60DA
:106CF0006060606460616161616164646463659146
:106D0000919191916543030403032D022F6F6E6DE2
:106D10001AFFFFFFFFFFFFFFFFFFFFFFFFFFFF2E39
:106D200059338DD7E1DAD7D1C8BFC2CAAE1C9A9AFF
:106D30005C5C5C5C606060605E635F3B626560647D
:106D4000636565656439032B0302A6A62F6F6E6E1B
:106D50001EFFFFFFFFFFFFFFFFFFFFFFFFFFFFFF24
:106D60005B5535DDDFD7D1C8C0C2D2AE378F8F8F2C
:106D70008F8F9A9A9A5C9A6038A64C134C2F393AA6
:106D8000606163636439A62B0502A602236E413E4F
:106D90001BFFFFFFFFFFFFFFFFFFFFFFFFFFFFFFE7
:106DA0000631DADFD7D1C7BFC6D5AE36588E8E8E44
:106DB0008E8F8F8F8F8F9A2DFFFFFFFFFFFF0D2F7D
:106DC000625C616460902E032B05052D3963633F7F
:106DD00013FFFFFFFFFFFFFFFFFFFFFFFFFFFFFFAF
:106DE000B6DBDFD7D3C7BFC4D6AE3636365A365831
:106DF000588E8E8E8E3790FFFFFFFFFFFFFFFFFF45
:106E00002F615C6060605BEF0203035B6563603968
:106E1000FFFFFFFFFFFFFFFFFFFFFFFFFFFFFFFF82
:106E2000E0DFD7D3C7BCC7C657303799E7EC999A8C
:106E30005A37585858576CFFFFFFFFFFFFFFFFFFFF
:106E4000FF385A5C5C5C6038232D38646064641ED3
:106E5000FFFFFFFFFFFFFFFFFFFFFFFFFFFFFFE061
:106E6000E1D7D3CCBDCDC1305557ECEBEBEBEBEE1E
:106E7000EC8E57575733264C0DFFFFFFFFFFFFFFE8
:106E8000FF5B378F9A9A9A8F9A5C5E60605E90097A
:106E9000FFFFFFFFFFFFFFFFFFFFFFFFFFFFE0E13F
:106EA000D7D3CCBDC8BE54545599EBE8E8E8E8E820
:106EB000EBED32333330401EFFFFFFFFFFFFFFFFDC
:106EC000FF5B368E8F8F8F8F8F9A9A5C5C8F23FF3C
:106ED000FFFFFFFFFFFFFFFFFFFFFFFFFFE5E4D71F
:106EE000D3C4BDD4CF215354542AEEE8E8E8E8E8EF
:106EF000E8EBEC333354351F1AEF08FFFFFFFFFFB9
:106F00004F6236588E8E8E8E8F8F8F8F379001FF07
:106F1000FFFFFFFFFFFFFFFFFFFFFFFFE5DDD8D211
:106F2000C4C2D4E30D228C535333EEEAEAE8E8E816
:106F3000EAEAED333033535F3E902D1206134F1EB5
:106F400024335757585858588E8E8E36592FFFFF76
:106F5000FFFFFFFFFFFFFFFFFFFFFFE5E2D8D2C407
:106F6000C2DBE6FFFFEF318C8B53ECEEE9E9EAEA96
:106F7000E9EAED55543030535755551D75867A65FD
:106F800033335757575757575857338DA6FFFFFF7F
:106F9000FFFFFFFFFFFFFFFFFFEFE3E2D8D2C4C612
:106FA000DBFFFFFFFFFF2E318A8B30EDEEE9E9E9D1
:106FB000E9EEEC5554545454535353553637335427
:106FC00055543055555555555558A512FFFFFFFFDF
:106FD000FFFFFFFFFFFFFFFFFFE6DBD6D2C4CCE0E1
:106FE0000DFFFFFFFFFFFF2E318A2130EDEEEEEAAD
:106FF000EEEE985353545454545454545453213033
:10700000328D34AE3131A5562D2FFFFFFFFFFFFF2C
:10701000FFFFFFFFFFFFFFFFE6DBD2D2C7CEE0FF9F
:10702000FFFFFFFFFFFFFFFF06A58A8C5398ECEDE3
:10703000EC2A8B8B5353535353535354533022A640
:107040002E061301FFFFFFFFFFFFFFFFFFFFFFFF04
:10705000FFFFFFFFFFFFFFE6E0D9D2C8D2E5FFFF49
:10706000FFFFFFFFFFFFFFFFFFFF56528A21212195
:1070700021218B8B8B8B8B53535353538B5BFFFF94
:10708000FFFFFFFFFFFFFFFFFFFFFFFFFFFFFFFF10
:10709000FFFFFFFFFFFFB6E5D9D0CBD4E3FFFFFF33
:1070A000FFFFFFFFFFFFFFFFFFFF080298AB2C521F
:1070B00052525252528B8B8B8B8B8B52354FFFFF20
:1070C000FFFFFFFFFFFFFFFFFFFFFFFFFFFFFFFFD0
:1070D000FFFFFFFFFFFFFFE0D1D0DBE3FFFFFFFF7C
:1070E000FFFFFFFFFFFFFFFFFFFFFFFF12318AAB34
:1070F0005152525252525252528B8B8A62FFFFFFB0
:10710000FFFFFFFFFFFFFFFFFFFFFFFFFFFFFFFF8F
:10711000FFFFFFFFFFFFFFE5DBE0FFFFFFFFFFFFDC
:10712000FFFFFFFFFFFFFFFFFFFFFFFFFFFF2D320E
:10713000AB8A2C2C525252525252528C3808FFFFBA
:10714000FFFFFFFFFFFFFFFFFFFFFFFFFFFFFFFF4F
:10715000FFFFFFFFFFFFFFFFFFFFFFFFFFFFFFFF3F
:10716000FFFFFFFFFFFFFFFFFFFFFFFFFFFFFF2E00
:107170005698ABAB8A2C2C2C2C2C2C8A5BFFFFFF57
:10718000FFFFFFFFFFFFFFFFFFFFFFFFFFFFFFFF0F
:10719000FFFFFFFFFFFFFFFFFFFFFFFFFFFFFFFFFF
:1071A000FFFFFFFFFFFFFFFFFFFFFFFFFFFFFFFFEF
:1071B000FF4F03992CABAB8A8A8CAB3012FFFFFFD9
:1071C000FFFFFFFFFFFFFFFFFFFFFFFFFFFFFFFFCF
:1071D000FFFFFFFFFFFFFFFFFFFFFFFFFFFFFFFFBF
:1071E000FFFFFFFFFFFFFFFFFFFFFFFFFFFFFFFFAF
:1071F000FFFFFFB6A62299535151982DFFFFFFFFC5
:10720000FFFFFFFFFFFFFFFFFFFFFFFFFFFFFFFF8E
:10721000FFFFFFFFFFFFFFFFFFFFFFFFFFFFFFFF7E
:10722000FFFFFFFFFFFFFFFFFFFFFFFFFFFFFFFF6E
:10723000FFFFFFFFFFFF0112A6A617FFFFFFFFFFE3
:10724000FFFFFFFFFFFFFFFFFFFFFFFFFFFFFFFF4E
:10725000FFFFFFFFFFFF000000000000000054528E
:107260005545564953494F4E2D5846494C452E00D9
:107270000001010000000118000000004000400073
:107280000808FFFFFF0101010202020505050A0AC5
:107290000A1D1D1D2525252E2E2E3737373F3F3F32
:1072A0004444444949495050505757575F5F5F63C2
:1072B00063636868686C6C6C6F6F6F7474747777F5
:1072C000777C7C7C8282828585858787878B8B8B88
:1072D0008C8C8C8F8F8F90909093939394949498A0
:1072E00098989999999B9B9B9D9D9D9E9E9EA0A0E1
:1072F000A0A2A2A2A3A3A3A5A5A5AAAAAAAFAFAF25
:10730000B3B3B3B6B6B6BCBCBCC7C7C7C9C9C9CE90
:10731000CECED1D1D1D4D4D4D6D6D6D7D7D7DADA27
:10732000DADBDBDBDCDCDCDEDEDEE2E2E2E3E3E375
:10733000E4E4E4E5E5E5E8E8E8EBEBEBF1F1F1F4B2
:10734000F4F4FCFCFCC1C1C2C4C4C5D2D2D3E0E099
:10735000E1ECECEDABACADCACBCCCBCCCDE3E4E512
:10736000D3D6D9D6D9DBD8DBDDDADDDFC5C8CACCC8
:10737000CFD1CED1D3D0D3D59FA2A4A5A8AA969978
:107380009B989B9D9A9D9FD2D4D5B0B2B38B8D8E86
:107390009CA0A2E0E3E48F9293A2A5A6BCC0C191F9
:1073A0009292959696E9EAEA7172721415157F80A9
:1073B0007F898A898D8E8DBABAB9D6D5D3D5D3D1E6
:1073C000F0ECE996908CA99F98CBC6C3E0D8D3A2E5
:1073D0009A95B0A6A0C4B5ACD4BEB19C8B81948361
:1073E000798B7A70BCA496C6AB9BD4B6A47763574E
:1073F0003D312ACEA38ABD957CAB856ECA9C819611
:10740000715B513D315E4638B2856AC09072C3925D
:1074100074C59375B8886C7F5E4A85624DA4785EAA
:10742000BD8A6C7656437B5A46C18D6EC38E6FA063
:10743000745A966C53BA8666C08969BE8766BD85E4
:1074400064BC84639F6F5395684DAE7A5AC187645C
:10745000B9805E92654A9C6B4EB87E5CB67C599151
:1074600062468C5E43996749B47956956447B27712
:1074700054AF7451B97A55AC714EAE734FA96F4C7D
:107480008B5B3E88583CA66C499862429A63439D48
:1074900065448F5C3D956040875639A86B46A06572
:1074A000418C5738C6BBB5DCCEC6D1C3BBBAADA67E
:1074B000EBD8CDE8D1C4C2ACA0D0B9ACE4CABBAF64
:1074C000998DE0C3B3A79083DDBDABDBB8A5DAB57A
:1074D000A1BA9A88D8B29ED5B09BD5AD98D3AC96B8
:1074E000D3AB94D4AB94A48472D2A992D4AA93B10E
:1074F0008E7AD2A78FD0A58DCEA087CC9F85271E50
:1075000019CC9D83C9997ECA9A7FC8977BCE9C7FF0
:10751000C7967ABB8C71A77C64C69477C994768B26
:107520006651B28267C38F71C59072C18B6CBC8784
:1075300069A57356BC8362BB82618F60458B5C41D9
:10754000A36948925E409F6645A167468653369A76
:107550009694FBF5F2F6ECE7BFB3ADF3E6E0F0DFAF
:10756000D7CEC9C7E8DEDAEBE5E3F8F0EDA8A7A7C8
:10757000C0BFBFCCCBCBEFEEEEF0EFEFFFFFFF00D5
:107580000000FFFFFFFFFFFFFFFFFFFFFFFFFFFF09
:10759000FFFFFFFFFFFFFFFFFFFFFFFFFFFFFFFFFB
:1075A000FFFFFFFFFFFFFFFFFFFFFFFFFFFFFFFFEB
:1075B000FFFFFFFFFFFFFFFFFFFFFFFFFFFFFFFFDB
:1075C000FFFFFFFFFFFFFFFFFFFFFFFFFFFFFFFFCB
:1075D000FFFFFFFFFFFFFFFFFFFFFFFFFFFFFFFFBB
:1075E000FFFFFFFFFFFFFFFFFFFFFFFFFFFFFF04A6
:1075F000060B0D0D07FFFFFFFFFFFFFFFFFFFFFF64
:10760000FFFFFFFFFFFFFFFFFFFFFFFFFFFFFFFF8A
:10761000FFFFFFFFFFFFFFFFFFFFFFFFFFFFFFFF7A
:10762000FFFFFFFFFFFFFFFFFFFFFF04060B1064DC
:10763000651A65185F0C63FFFFFFFFFFFFFFFFFF89
:10764000FFFFFFFFFFFFFFFFFFFFFFFFFFFFFFFF4A
:10765000FFFFFFFFFFFFFFFFFFFFFFFFFFFFFFFF3A
:10766000FFFFFFFFFFFFFF04060B10171C1D1C652B
:10767000171716641E180F0603FFFFFFFFFFFFFF1B
:10768000FFFFFFFFFFFFFFFFFFFFFFFFFFFFFFFF0A
:10769000FFFFFFFFFFFFFFFFFFFFFFFFFFFFFFFFFA
:1076A000FFFFFF04060B11651F22201C6666151DD7
:1076B00066171716601711090863FFFFFFFFFFFF2A
:1076C000FFFFFFFFFFFFFFFFFFFFFFFFFFFFFFFFCA
:1076D000FFFFFFFFFFFFFFFFFFFFFFFFFFFFFF04B5
:1076E000060B121C2327241F1F5F19261C1C141CA9
:1076F000661818161F1811090906FFFFFFFFFFFF84
:10770000FFFFFFFFFFFFFFFFFFFFFFFFFFFFFFFF89
:10771000FFFFFFFFFFFFFFFFFFFFFF03060A0E1B38
:10772000F946F926242025F9605F16265F1B1B1CED
:107730001B6518172165120A0907FFFFFFFFFFFFEE
:10774000FFFFFFFFFFFFFFFFFFFFFFFFFFFFFFFF49
:10775000FFFFFFFFFFFFFF03050A111A262B1D265F
:1077600028256727255F20461F1F605454216F730B
:107770006C5F65182366620A0A07FFFFFFFFFFFFC1
:10778000FFFFFFFFFFFFFFFFFFFFFFFFFFFFFFFF09
:10779000FFFFFF03630A101A262967FA2B296526C3
:1077A000461E67282524215252266CC1CC7F9BB2ED
:1077B000C1541965241C130B0B07FFFFFFFFFFFFCC
:1077C000FFFFFFFFFFFFFFFFFFFFFFFFFFFFFF01C7
:1077D000050A622420282CFA2C2B261A161560463E
:1077E00046F95D46462870C1CC7F9FAAABAAE9B294
:1077F000C1556619261D140C0C07FFFFFFFFFFFF84
:10780000FFFFFFFFFFFFFFFFFFFFFF01630A1222E1
:10781000FAFB2FFB272A2B261F5F21F92A672B2B28
:10782000582A70C1CC90E9B2EEABAAAAE9E9E9B254
:10783000C1561C66271F140C0C08FFFFFFFFFFFF3B
:10784000FFFFFFFFFFFFFFFF6309122241303330CC
:10785000FB2D422D4626292B2C41FA5E2C67B9BF01
:10786000CC90E9B2EEEEB2ABE9E9E9E9E9E9E9B2D7
:10787000C15A5F1BF920150D0D08FFFFFFFFFFFF29
:10788000FFFFFFFFFF07112142323734432F2FFB49
:107890002E2E2D422D2E4E4E42FAF2BF7D90EBB58C
:1078A000EEB2ABABABABABABE9E9E9E9E9E9E9B225
:1078B000C1521E1C2822640D0E09FFFFFFFFFFFFAF
:1078C000FFFFFF0418353B443432314330302F2F53
:1078D00048FB484F472E71C5CF96ADB0B5B0B0B09C
:1078E000AAAAAAAAABABABAAE9E9E9E9E9E9E9B234
:1078F000C15D605F2925160E0F09FFFFFFFFFFFF27
:10790000FFFFFF0F45373434333232314343514A9E
:10791000502FB676CFE5ECB1B0B1B1B1B1EBEBB071
:10792000B0B0AAB0AAABABE9E9E9E9E9E9A0A0B235
:10793000C15222205827170F110AFFFFFFFFFFFF38
:10794000FFFFFF213C353534344B4C4D3369B8775C
:107950007C98A9B4B4AFAFAFAEAEADADB1B1EBEB07
:10796000EBB0B0AAAAAAE9A0E9A0E9E9A0A0A0AB5F
:10797000BF5527232AF91810620BFFFFFFFFFFFFF7
:10798000FFFFFF213C37445B4D6EB8777C9AA5B36F
:10799000B3ACACACACEAEDECAFAFAEAEADADB1B14B
:1079A000EBEBEBB0B0AAE8E8A0A0A0A0A0A0A0AA32
:1079B000BF5A28252B461912140BFFFFFFFFFFFFAC
:1079C000FFFFFF223D36B8787E919EA8A8A8A8A800
:1079D000A7A7A9A9ACEAEAEDEDECAFAEAEADADB1AB
:1079E000B1B1EBEBB0EB9FE8E8E8E8E8E8E8E8AA3B
:1079F000BF5229F967296662150CFFFFFFFFFFFFE1
:107A0000FFFFFF2245318FA6A29E9EA2A2A4A4A59D
:107A1000A5A8A7A7A9ACACEAEAEDECECAFAEAEAD79
:107A2000ADB1B1EBEBB1A39F9F9F9F9F9F9F9BA089
:107A3000BF5D2B28672A5F13640CFFFFFFFFFFFF6A
:107A4000FFFFFF23FC318F9A9A9D9D9E9EA2A2A4C8
:107A5000A4A5A5A8A7A9ACACEAEAEAEDECECAFAE08
:107A6000AEADB1B1B1A3A3A3A39BA39B9B9B97E88E
:107A7000BF532C292C2B6014170DFFFFFFFFFFFFB6
:107A8000FFFFFF23FD328FE6E79A9A9D9D9E9EA2FF
:107A9000A2A4A5A5A8A9A9A9ACACEAEAEDECECAF13
:107AA000AEAEADADADA1A1A1A1A197979797909BC7
:107AB000BF53412AFA2C2014650DFFFFFFFFFFFF83
:107AC000FFFFFF233E33899995E7E79A9A9D9D9E94
:107AD0009EA2A4A4A5A8A7A9A9ACACACEAEAEDED26
:107AE000ECAFAEAEA1EAA1A19C9C9C979C90909714
:107AF00076462D2B41FA2215660DFFFFFFFFFFFF93
:107B0000FFFFFF243E33DC929394E6E7E79A9D9DC6
:107B10009E9E9EA2A4A5A8A8A7A9A9ACACEAEAED3E
:107B2000EDECAFAFEA9C9C9C9C9C9C9696968F90AB
:107B30007646FB67424124641C0EFFFFFFFFFFFFF8
:107B4000FFFFFF243F34DCE392929394E6E7E79A49
:107B50009D9D9E9EA2A4A5A5A8A7A9A9A9ACACEA93
:107B6000EAEDECEA96969C9696969696968F8F9668
:107B700076294F2C2D4226165F0EFFFFFFFFFFFFD9
:107B8000FFFFFF2444697DE28DE39292939495E791
:107B9000E79A9A9DA2A2A4A4A5A8A8A7A9A9ACAC5B
:107BA000EAEAEDE5E5E5E5E5E5E5E5E5E58F898F7B
:107BB000BC5831FA2E2EF917600EFFFFFFFFFFFFB2
:107BC000FFFFFF2148307DDEE28E8DE3E392939448
:107BD00095E6E69A9E9EA2A2A4A4A5A8A7A7A9A9F5
:107BE000ACA998868289E5E5E5E5E5898989DC899E
:107BF000BC583241FBFB28181F0EFFFFFFFFFFFFA1
:107C0000FFFFFF2230317DD8DD85E2E18EE3E39294
:107C1000939394E79D9E9EA2A2A4A4A4A5A8A7A91D
:107C2000A798DBC5CF7F909B9B90968F8F89DC892F
:107C3000BC2B32422F2F2965200FFFFFFFFFFFFFD4
:107C4000FFFFFF233133CFD9D6D8DD85E2E2E18DC6
:107C5000E39292E69A9D9D9E9EA2A2A4A4A5A8A7A7
:107C6000A5E4CC0B75CC888C8C8CE8DF907F7F8F63
:107C7000B958314230435865200FFFFFFFFFFFFF27
:107C8000FFFFFF233333CFD2D5D7D6D8DADD85E255
:107C9000E18E8D93E79A9A9D9D9E9EA2A2A4A5A592
:107CA000A4E47C0D0B7FDC888B8B8B8C8788DFDFDB
:107CB000C152422C30322B19200FFFFFFFFFFFFF74
:107CC000FFFFFF233434C5D07BD2D57ED7D8DADD91
:107CD0008584E193E6E7E79A9A9D9E9EA2A2A4A4DA
:107CE000A491D8790F09DF918FDF8C8B8B8C8787DC
:107CF000745928F94333671A200FFFFFFFFFFFFF76
:107D0000FFFFFF233737C5CBD0D17BD2D3D57ED66B
:107D1000D8DADD929394E6E69A9A9D9D9E9EA2A261
:107D2000A291E27F0B620688E3E0DC7F888C8B8B7C
:107D30007516202031362C1B200FFFFFFFFFFFFFA1
:107D4000FFFFFF23444476C7C8CACDD1D17BD2D32D
:107D50007ED7DAE392939394E6E79A9A9D9D9EA24A
:107D60009DE48AE47A100E05908A868682DC7F87FD
:107D70007514661C3237FA1B200FFFFFFFFFFFFF51
:107D8000FFFFFF22383877C3C6C6C8CBCED0D17B21
:107D90007BD2D8E3E39292939395E6E79A9D9D9EDA
:107DA000918A8AE28C066409D4E08A8686DBDBE06D
:107DB000BF5C1C193238411C200FFFFFFFFFFFFF83
:107DC000FFFFFF223A39BCC2C3C3C4C6C7C8CACD6D
:107DD000D0D1D68E8E8DE39293939495E79A9A9A0A
:107DE0008D8D8A8D8AD40A640680E28ADBDBDB868D
:107DF000BD5E29273439421C200FFFFFFFFFFFFF24
:107E0000FFFFFF223A3ABDC0C0C2C2C3C4C6C7C842
:107E1000C8CAD7E2E2E18EE3E392939394E69A93A1
:107E200083838E8DDE9004101163DF85DBDBDB86C0
:107E3000BD484141443B2D5F200FFFFFFFFFFFFF87
:107E4000FFFFFF223A3B72BEBEC0C0C2C2C3C4C461
:107E5000C6C7D7DD85E2E2E18DE39292939495E186
:107E60008584838383DE8163640B05E084DBDB86AA
:107E7000BD502E42443C2E5F1F0FFFFFFFFFFFFF50
:107E8000FFFFFF23393BB8BBBEBEBEC0C0C2C2C3EA
:107E9000C3C6D7D8DADD85E2E18EE3E3929392D8C8
:107EA000DADD84848485DBD408160780DD83838A49
:107EB000BD512E42383C2F5F1F0FFFFFFFFFFFFF1A
:107EC000FFFFFF24383BB7BABBBBBEBEBEC0C0C2BB
:107ED000C2C6D7D6D6D8DDDD85E2E18EE392857EB7
:107EE000D6DADADD8584D87F040E626388D8838A87
:107EF000BD57FB2D39612F5F1F0FFFFFFFFFFFFFF6
:107F0000FFFFFF23443BB7F4BABABBBBBEBEBEC043
:107F1000C0C6D57ED7D6D8DADDDDE2E28E8E7ED33E
:107F20007ED7D6D8DADD85D98163620AD482DD8A2C
:107F3000BD4A2F2E3A3D305F1F0FFFFFFFFFFFFFAF
:107F4000FFFFFF2237396EF4F4BABABABBBBBEBE2C
:107F5000BEC6D3D2D5D5D7D6D8DADD85E1DA7B7BDC
:107F6000D3D57ED6D8DADDDADDD4072D5875858DE8
:107F7000BD4B2FFB3A45311C1F0FFFFFFFFFFFFFDB
:107F8000FFFFFF223438F6F3F4F4F4BABABBBBBBFC
:107F9000BEC7D27BD2D3D57ED7D6D8DD85D2CDD1C0
:107FA0007BD2D3D5D7D6D8DAD97F0FFDFEF9CC8EC8
:107FB000724B302F3BFC321B600FFFFFFFFFFFFFB8
:107FC000FFFFFF223137F6F3F3F3F4F4BABABABB8A
:107FD000BBC8D1D17BD2D2D5D5D7D6D8D8C9C9CDF7
:107FE000D1D17BD3D57ED6D6D8D8C1293F3C6B869C
:107FF000724C432F3BFC331A600FFFFFFFFFFFFF64
:10800000FFFFFF243334F7F1F3F3F3F4F4F4BABAD7
:10801000BBCBCDD0D1D17BD2D2D57ED67BC6C7C883
:10802000CACDD17BD2D3D57ED6D6DA734EFE487474
:10803000724D31303A453465600FFFFFFFFFFFFF9F
:10804000FFFFFF243C36F7F8F1F1F3F3F4F4F4F416
:10805000BBC8CBCED0D0D17BD2D2D37EC7C3C6C70C
:10806000C8C9CDD0D17BD2D3D57ED97CEF4440F9DD
:10807000B9443243384535181E0FFFFFFFFFFFFF9D
:10808000FFFFFF233B356AF8F8F1F1F3F3F3F4F463
:10809000BEC8C8C8CECDD0D0D17BD27BC2C3C3C4EA
:1080A000C6C7C9CDCDD17B7BD2D3D5D9C1283F4559
:1080B000222E3532443D35171D0FFFFFFFFFFFFF16
:1080C000FFFFFF2239346AF8F8F8F1F1F1F3F3F326
:1080D000BEC8C7C7C8C9CECDD0D17BC7C0C2C2C376
:1080E000C4C6C7C8C9CDCDD17B7BD2D2D87441FE1E
:1080F0002F243433373B34641B0FFFFFFFFFFFFF98
:10810000FFFFFF2344346AF0F8F8F8F1F1F1F3F3DC
:10811000C0C6C6C6C7C8C8CBCED0D0C2C0C0C2C2F7
:10812000C2C3C4C6C7CE7B7B7BC5C576BCB9203471
:10813000FE292A3737363115180EFFFFFFFFFFFFE4
:10814000FFFFFF2337336AF0F0F8F8F8F8F1F1F3A6
:10815000C2C4C4C6C6C7C8C8C8CEC7BEBEC0C0C2D7
:108160007878C777BC71B6B66D68364D5B616726A7
:10817000FDFD232E3834FB14150DFFFFFFFFFFFF1D
:10818000FFFFFF223732FCF0F0F0F8F8F8F8F8F3D0
:10819000C2C3C3C4C4C4C6C6CD7BC2BE7272B8B8A3
:1081A0006DF56937445B61613C3B3A3A38393A27AF
:1081B000674031243B3F300F620CFFFFFFFFFFFFA2
:1081C000FFFFFF223568FDF0F0F0F0F0F8F8F8F46A
:1081D000C2C3C7C7C9767676B9F26D2F3744443B20
:1081E000613C3C3B3B3B3B3C3C3D453D3C3B3B2EB3
:1081F0006032FE2B2A611A66260DFFFFFFFFFFFF8C
:10820000FFFFFF213431FDF0F0F0F0F0F8F8F8B79F
:1082100076B9F2B6FA69344D493F1F17FD3B3B3B37
:108220003C6145FD3E3E3E453A373148422C2B29C4
:108230001D243D3F240F10303810FFFFFFFFFFFFCC
:10824000FFFFFF213343FCF86AF73837343332330A
:1082500057343949493938393A3C3744FD3E3E3F75
:108260003EFC3C393631FB422B46251E1814100EBD
:108270000C12FA4044120B121163FFFFFFFFFFFFC5
:10828000FFFFFF20332F6930304343433233333411
:10829000363744383C3DFC3E3F3F3F3E453C3A3755
:1082A000332E2C2927601613120F0D0C0C0B0A0A03
:1082B00008081532FE2D08FFFFFFFFFFFFFFFFFF3D
:1082C000FFFFFF21312F482F2F43313334373A3C02
:1082D00045FC3E3F3F3E3EFDFC3B3348412A256680
:1082E0001664141010100F0E0C0B09080605630419
:1082F00003FF06243C402104FFFFFFFFFFFFFFFFB9
:10830000FFFFFF1737433336443B3C3DFCFCFD3E4B
:108310003E3E6137322FFA28601C1964131414137F
:10832000110E0D0C090605630402FFFFFFFFFFFF9E
:10833000FFFFFF0B2C3F451102FFFFFFFFFFFFFF79
:10834000FFFFFF062DFCFD6161613D493443472C71
:10835000F9201E1B171516166413110F0D090705BA
:10836000630402FFFFFFFFFFFFFFFFFFFFFFFFFFB1
:10837000FFFFFF031343FE2F07FFFFFFFFFFFFFF7A
:10838000FFFFFFFF630C642829221E191614131522
:1083900016641412100D0A0706630302FFFFFFFFA5
:1083A000FFFFFFFFFFFFFFFFFFFFFFFFFFFFFFFFDD
:1083B000FFFFFFFF0524301606FFFFFFFFFFFFFF53
:1083C000FFFFFFFFFFFFFF030405080C0F0E0C0962
:1083D0000705630301FFFFFFFFFFFFFFFFFFFFFF35
:1083E000FFFFFFFFFFFFFFFFFFFFFFFFFFFFFFFF9D
:1083F000FFFFFFFFFF0A080D0F63FFFFFFFFFFFFF7
:10840000FFFFFFFFFFFFFFFFFFFFFFFF03FFFFFF78
:10841000FFFFFFFFFFFFFFFFFFFFFFFFFFFFFFFF6C
:10842000FFFFFFFFFFFFFFFFFFFFFFFFFFFFFFFF5C
:10843000FFFFFFFFFF02FF07640B04FFFFFFFFFFCB
:10844000FFFFFFFFFFFFFFFFFFFFFFFFFFFFFFFF3C
:10845000FFFFFFFFFFFFFFFFFFFFFFFFFFFFFFFF2C
:10846000FFFFFFFFFFFFFFFFFFFFFFFFFFFFFFFF1C
:10847000FFFFFFFFFFFF02FF0B1363FFFFFFFFFF85
:10848000FFFFFFFFFFFFFFFFFFFFFFFFFFFFFFFFFC
:10849000FFFFFFFFFFFFFFFFFFFFFFFFFFFFFFFFEC
:1084A000FFFFFFFFFFFFFFFFFFFFFFFFFFFFFFFFDC
:1084B000FFFFFFFFFFFF0102040704FFFFFFFFFFB5
:1084C000FFFFFFFFFFFFFFFFFFFFFFFFFFFFFFFFBC
:1084D000FFFFFFFFFFFFFFFFFFFFFFFFFFFFFFFFAC
:1084E000FFFFFFFFFFFFFFFFFFFFFFFFFFFFFFFF9C
:1084F000FFFFFFFFFFFFFF01FFFFFFFFFFFFFFFF8A
:10850000FFFFFFFFFFFFFFFFFFFFFFFFFFFFFFFF7B
:10851000FFFFFFFFFFFFFFFFFFFFFFFFFFFFFFFF6B
:10852000FFFFFFFFFFFFFFFFFFFFFFFFFFFFFFFF5B
:10853000FFFFFFFFFFFFFFFFFFFFFFFFFFFFFFFF4B
:10854000FFFFFFFFFFFFFFFFFFFFFFFFFFFFFFFF3B
:10855000FFFFFFFFFFFFFFFFFFFFFFFFFFFFFFFF2B
:10856000FFFFFFFFFFFFFFFFFFFFFFFFFFFFFFFF1B
:10857000FFFFFFFFFFFFFFFFFFFFFFFFFFFFFFFF0B
:10858000FFFF00000000000000005452554556490E
:1085900053494F4E2D5846494C452E00D0140200E9
:1085A000AC8503000000000000000000E814020099
:1085B00081420000184C0300000000006C1502000E
:1085C0006D0D0000F49802008C860300F414020084
:1085D0006D0D0000EC3803000C860300241502002A
:1085E0006D0D00003C0403003C86030004150200EE
:1085F00089230000445F0300000000000000000029
:108600000000000000000000000000000C15020047
:108610001C860300FFFFFFFF000000002011020086
:10862000051D0000EC380300000000000000000001
:108630000000000000000000000000000C15020017
:108640004C860300FFFFFFFF000000003015020012
:10865000E90E000044510200000000003C15020039
:108660009D19000070720300000000004815020010
:10867000398100007064020000000000000000006A
:10868000000000000000000000000000541502007F
:108690009C860300FFFFFFFF00000000741502002E
:1086A000A506000010F10200000000008415020081
:1086B000C57E0000C8850200000000009015020081
:1086C000CD5400009C720200000000000000000079
:1086D000000000000000000000000000FFFFFFFF9E
:1086E000FFFFFFFFFFFFFFFFFFFFFFFFFFFFFFFF9A
:1086F000FFFFFFFF000000A000008000020200005A
:1087000000879303400000000010000002000000FA
:10871000030000000500000002000000040000004B
:10872000020000000400000004000000050000003A
:1087300001000000020000000000008000000001B5
:108740000100000000000000010000000700000020
:10875000020000000100000006000000010000000F
:10876000001BB700000E2707006CDC0201010201AC
:108770000202010001000000FFFFFFFF801602005F
:1087800000010000801A060000000000801A0600A8
:108790000002000000000000881602000200010232
:1087A0000000000001000000900100001000000027
:1087B0000A0000001D001E00FFFFFFFFFFFFFFFF7C
:1087C000FFFFFFFFFFFFFFFFFFFFFFFFFFFFFFFFB9
:1087D000FFFF1301FFFFFFFFFFFF00001F00FFFF70
:1087E0000E000D00FFFFFFFFFFFFFFFFFFFFFFFF7A
:1087F000FFFFFFFFFFFFFFFFFFFFFFFFFFFFFFFF89
:10880000FFFF0000060107010B010C01130003012B
:10881000FFFF05013C0702000000170000000000F8
:1088200001000000130200003C07020001001800D4
:10883000000000000100000012010000FFFFFFFF28
:10884000FFFFFFFF1E011F00FFFF0E000D000000D5
:108850000401FFFFFFFF01010001FFFFFFFFFFFF1A
:10886000FFFFFFFF0A0109010E010F01FFFF0801D1
:1088700010011101FFFF020204020302FFFF0502C3
:10888000FFFFFFFF1C041D04060207020802090285
:10889000FFFFFFFF1401150116011701180119014F
:1088A000FFFFFFFF0C020D021A011B011C011D013D
:1088B000FFFF1F040000000000000000BC160200C3
:1088C00000010000698F00001C000000598F0000AB
:1088D000818F00005D8F00001880190016011000C4
:1088E000110012001300140015001C001D001E00D2
:1088F00000000000E0160200000100007991000075
:1089000010000000A99100009F910000EC160200E9
:10891000000100002D95000020000000B193000030
:10892000E194000083930000519300001D92000029
:10893000219200000017020000010000BF95000016
:1089400030000000D59500002196000069960000D7
:108950001817020000010000AF9800000C00000092
:10896000B5970000B9970000BD970000E39700009D
:10897000099800002F9800007B980000559800008F
:108980002417020006010000DD9800000C00000022
:108990003399000059990000E79800000D990000F4
:1089A0007F990000A599000038170200000100001F
:1089B000859B000064000000259A0000FD9A0000DD
:1089C000A99B00005017020000010000039D000059
:1089D00048000000459D0000619D00007D9D000055
:1089E00083A00000F59F0000099E0000639E000028
:1089F000A99F0000D59F00000000000000000000BB
:108A0000000000007417020000010000F9A100003E
:108A10001C00000029A2000069A20000ADA1000016
:108A2000A5A20000DDA20000C9A10000D5A10000A0
:108A3000E1A10000EDA100003DA3000051A3000052
:108A400069A300007FA30000B3A500008417020003
:108A500000010000BDA500003800000095A3000043
:108A60006DA4000041A50000B5A40000D7A400003B
:108A7000F9A400001FA500009017020000010000EB
:108A80001DA700003C000000E5A7000047A600006D
:108A900051A600005BA6000079A6000089A6000090
:108AA0009DA700007DA8000019A60000A5A6000053
:108AB000BDA60000D1A80000B81702000001000008
:108AC000F9A600003C000000E5A7000047A6000052
:108AD00051A600005BA6000079A6000089A6000050
:108AE0009DA700007DA8000019A60000A5A6000013
:108AF000BDA60000D1A80000E017020000010000A0
:108B0000D5A600003C000000E5A7000047A6000035
:108B100051A600005BA6000079A6000089A600000F
:108B20009DA700007DA8000019A60000A5A60000D2
:108B3000BDA60000D1A8000001030A0078001E00B5
:108B40008002070023000300E00100000000000095
:108B50000000000000000000000000000000000015
:108B60000000000000000000000000000000000005
:108B70000100000000000000D823800101050A0068
:108B800078001E008002070023000300E0010000BF
:108B900000000000000000000000000000000000D5
:108BA00000000000000000000000000000000000C5
:108BB000000000000100000000000000D823800138
:108BC00001060A0078001E0080020700230003004F
:108BD000E0010000000000000000000000000000B4
:108BE0000000000000000000000000000000000085
:108BF0000000000000000000010000000000000074
:108C0000D823800108180200000100001BB20000F8
:108C1000A002000053AF00001FAA000069AD0000D1
:108C200013AE0000B9AD0000E5B10000EDA90000F1
:108C3000F1A90000FDA90000F5A90000F9A90000B4
:108C400040950000FFFFFFFF41FF0000FFFFFFFF17
:108C500048870500FFFFFFFF49FF000100000000FB
:108C60004AFF0001FFFFFFFF4CFF0000FFFFFFFF77
:108C70004DFF0200FFFFFFFF50FF0000FFFFFFFF5F
:108C800051FF0001FFFFFFFF52FF0001FFFFFFFF49
:108C900057FF0000FFFFFFFF58FF0001FFFFFFFF2E
:108CA00059FF0001FFFFFFFF60FF0000FFFFFFFF14
:108CB00061FF0000FFFFFFFF62FF0000FFFFFFFFFB
:108CC00063FF0000FFFFFFFF64FF0000FFFFFFFFE7
:108CD00065FF0000FFFFFFFF66FF0100FFFFFFFFD2
:108CE00071FF0100FFFFFFFF69FF0000FFFFFFFFB3
:108CF00077FF0000FFFFFFFF7AFF05000000000084
:108D00007BFF0000FFFFFFFFE9FF0000FFFFFFFF09
:108D1000081802000001000001BA00003000000045
:108D2000E1B2000041B3000015B600001BB900001D
:108D3000F3B200007FB50000F7B20000FBB2000004
:108D400025B30000FFB2000003B300006DB60000C1
:108D500007B3000010180200000100000BBB000068
:108D60000C000000E5BA000085BA0000ABBA0000B4
:108D700081BA00001C180200000100003DBB000089
:108D800020000000B7BB0000E7BB000033BD0000BF
:108D900059BC000099BC000015BC00002C18020052
:108DA000000100004FBE00002000000077BE000060
:108DB00009BE000015BE00002DBE000021BE00004F
:108DC0009DBE00004BBE00003818020000010000EC
:108DD0000DBF00001000000017BF00005018020077
:108DE00000010000C7BF000014000000D5BF000054
:108DF000F5BF000015C0000035C000005BC00000DA
:108E000081C00000B5C00000E1C000006018020091
:108E10000001000049C100002000000041C1000025
:108E200045C100005DC1000080180200050100007E
:108E300069C30000E000000069C2000073C20000C6
:108E4000D5C500007DC2000031C300008BC2000008
:108E5000ABC30000D9C30000000000000A010000FD
:108E60000000000000000000010000000A010000F6
:108E700000000000000000009C180200000100003B
:108E800055CD00003001000025CD000007CD0000C9
:108E9000E9CC0000CBCC0000A7CC000081CC0000C6
:108EA0004DCC000019CC0000F3CB0000CDCB00006E
:108EB000ABCB000089CB000063CB00000FCB0000E0
:108EC000BDCA000065CA000005CA0000D3C9000081
:108ED000B1C90000B81802000001000091D50000DF
:108EE000240000005DD5000013D50000F1D400007F
:108EF000D3D40000ADD400008BD4000061D40000B6
:108F00003BD4000007D40000DDD300008BD3000069
:108F100047D3000007D30000C7D2000087D200006B
:108F200047D2000007D20000B5D100009DCF00005D
:108F30008FCF0000ABCF000081CF0000C818020027
:108F40000701000045D60000140000004FD60000C5
:108F500075D600009BD60000BDD60000DBD6000011
:108F6000FDD600001FD7000041D7000065D70000E4
:108F70000100040010004000000100020000000099
:108F800001000200040008001000200000000000A2
:108F900007000000000000000000000000000000CA
:108FA000809A45418E418F804545454949498E8F7C
:108FB0009092924F994F555559999A9B9C9D9E9F7F
:108FC00041494F55A5A5A6A7A8A9AAABACADAEAF80
:108FD000B0B1B2B3B4B5B6B7B8B9BABBBCBDBEBF19
:108FE000C0C1C2C3C4C5C6C7C8C9CACBCCCDCECF09
:108FF000D0D1D2D3D4D5D6D7D8D9DADBDCDDDEDFF9
:10900000E0E1E2E3E4E5E6E7E8E9EAEBECEDEEEFE8
:10901000F0F1F2F3F4F5F6F7F8F9FAFBFCFDFEFFD8
:10902000581E0200000100008F120100C808000055
:10903000C51201007F140100C114010007150100D1
:109040004D150100E1170100A71601006D15010083
:1090500087130100C11301000114010087150100ED
:10906000AB150100CB1501000D1601004D160100D6
:10907000731601003B1401004C00207EA8910300F0
:1090800048910300889003000000000001000300E5
:10909000060009000D00110012001400160019004E
:1090A0001C001D001F0020002200250027002A00B0
:1090B0002D0030003300360039003C003F004000F6
:1090C0004100440047004A004C0050005300560045
:1090D00059005C005F006200650068006A006C0077
:1090E0006F007200760079007D00800084008700A8
:1090F0008A008D009000930098009B009E00A100C4
:10910000A300A500A700AA00AC00AE00B100B40007
:10911000B600B900BC00BE00C100C400C500C60056
:10912000C900CA00CE00D100D400D700DA00DC00AC
:10913000DE00E000E300E600EA00ED00F000F200EF
:10914000F400F600F800FB00141924332E433916FE
:109150001A1A2D2E151B191D2E312E2D2B2F2E2DAB
:109160002E2E19162E2E2E21462E36333B2F2C391D
:109170003C1D15332C493E3D333D342B283C2B44BC
:109180002A282C1D1D192A1F3B2C3327312D1C2862
:109190003319142C1A4A3330333124251B33243A23
:1091A0002725251D3C1D2E0000000000FC03FC03AC
:1091B000FC03FC03FC03FC03FC03FC03FC03F803BB
:1091C000F803F801F801F801F801F801F801F801D5
:1091D000F801F801F801F801F801F801F801F801C7
:1091E000F801F801F801F801F801F001F000F000D1
:1091F000F000F000F000F000F000000000000000BF
:10920000000000000000F001F803FC07FC07FC0769
:10921000FC07FC07FC07F803F00100000000000059
:10922000000000000000000000000000000000003E
:10923000000000000000000000000000000000002E
:109240000000000000000000F007C01FF007C01F72
:10925000F007C01FF007C01FF007C01FF007C01FB6
:10926000F007C00FF003C00FF003C00FF003C00FF2
:10927000F003C00FE003800FE003800FE003800FD6
:10928000E003800FE003800FE003800FE003800F16
:10929000E003800FE003800F0000000000000000EA
:1092A00000000000000000000000000000000000BE
:1092B00000000000000000000000000000000000AE
:1092C000000000000000000000000000000000009E
:1092D000000000000000000000000000000000008E
:1092E000000000000000000000000000000000007E
:1092F000000000000000000000000000000000006E
:10930000000000000000000000000000000000005D
:10931000000000000000000000000000000000004D
:10932000000000000000000000000000000000003D
:10933000000000000000000000000000000000002D
:10934000000000000000000000000000000000001D
:10935000000000000000000000000000000000000D
:1093600000000000000000000000000000000000FD
:109370000000000000000000000000000000001FCE
:10938000800F0000001F801F0000001F801F0000D2
:10939000003F001F0000003F001F0000003E001FB4
:1093A0000000003E003F0000003E003F0000007E45
:1093B000003E0000007E003E0000007E003E0000F7
:1093C000007C007E0000007C007E000000FC007E2F
:1093D000000000FC007C000000FC007CFF07FFFF99
:1093E000FFFFFF07FFFFFFFFFF07FFFFFFFFFF0775
:1093F000FFFFFFFFFF07FFFFFFFF010000F000F886
:10940000010001F000F8010001F000F8030001F094
:1094100000F0030001F000F0030001F000F0030091
:1094200003E000F0030003E000F0070003E000F0B9
:10943000070003E000E0070003E000E0070003C0CE
:1094400000E0FF3FFFFFF8FFFF3FFFFFF8FFFF3F98
:10945000FFFFF8FFFF3FFFFFF8FFFF3FFFFFF8FFB1
:109460000F000F8000C00F000F8000C01F000F8092
:1094700000801F000F8000801F000F0000801F0071
:109480001F0000801F001F0000803F001F000080A1
:109490003F001F0000003F001F0000003E001F00B3
:1094A00000003E003F0000003E003F0000007E0044
:1094B0003E0000007E003E0000007C003E000000F8
:1094C000000000000000000000000000000000009C
:1094D000000000000000000000000000000000008C
:1094E000000000000000000000000000000000007C
:1094F000000000000000000000000000000000006C
:10950000000000000000000000000000000000005B
:10951000000000000000000000000000000000004B
:10952000000000000000000000000000000000003B
:1095300000000000000000000000003E00000000ED
:10954000003E00000000003E00000000003E000061
:109550000000003E00000000003E00000000003E51
:1095600000000000F0FF00000700FFFF00001F00E8
:10957000FFFF00E07F00FFFF00F0FF00FFFF00E0C3
:10958000FF01FFFF00E0FF030F3E00C0FC03013EB0
:1095900000C0F803003E0000F007003E0000F007A6
:1095A000003E0000F007003E0000F007003E000013
:1095B000F007003E0000F007003E0000F007003E0C
:1095C0000000F803003E0000FC03003E0000FF0125
:1095D000003E0000FF0100FE0000FF0000FE000052
:1095E0007F0000FF00001F00E0FF00000700F8FF01
:1095F00000000100FEFF00000000FF3F00800000AF
:10960000FF3F00C00000FF3E00E000003F3E00E0E2
:1096100000000F3E00F00000073E00F00000033E97
:1096200000F80000033E00F80000033E00F80000D0
:10963000033E00F80000033E00F80000033E00F87F
:109640000000033E00F80008073E00F0000F1F3E38
:1096500000F0F00F7F3E00E0FF0FFFFF00C0FF0FA4
:10966000FFFF0080FF0FFFFF0000FF0FFEFF000065
:10967000FF01F0FF00001F0000FF00000000003E9F
:1096800000000000003E00000000003E000000005E
:10969000003E00000000003E00000000003E000010
:1096A0000000003E00000000003E0000000000003E
:1096B00000000000000000000000000000000000AA
:1096C000000000000000000000000000000000009A
:1096D000000000000000000000000000000000008A
:1096E000000000000000000000000000000000007A
:1096F000000000000000000000000000000000006A
:1097000000000000000000000F0000C0000000008A
:109710007F0000F00F0000C0FF0000FC1F00008071
:10972000FF0100FC1F000080FF0100FE3F00000061
:10973000F803007F3F000000F003003F7E000000C0
:10974000E007801F7E000000E007801FFC00000093
:10975000C007800FF8010000C00F800FF801000063
:10976000C00FC00FF0030000C00FC00FF0030000D7
:10977000C00FC00FE0070000C00FC00FE0070000DF
:10978000C00FC00FC00F0000C00FC00F800F00003F
:10979000C00FC00F801F0000C00FC00F003F0000AF
:1097A000C00FC00F003F0000C00FC00F007E0000C0
:1097B000C00FC00F007E0000C00FC00F07FC00E00C
:1097C000C007800F3FFC00F8C007810F7FF800FE44
:1097D000E007831FFFF000FEE007831FFFF000FF9C
:1097E000F003073FFCE1803FF803077FF8E1801FAB
:1097F000FF010FFEF0C3C00FFF010FFEF0C3C00F4B
:10980000FF001FFCE083C0073F003FF0E007C007F8
:109810000F003FC0E007E00700007E00E007E00720
:1098200000007E00E007E0070000FC00E007E00722
:109830000000FC00E007E0070000F801E007E00797
:109840000000F001E007E0070000F003E007E00798
:109850000000E007E007E0070000E007E007E0079E
:109860000000C00FE007E0070000C00FE007E007BE
:109870000000801FE003C0070000801FE003C00756
:109880000000003FF003C00F0000007EF003C00F97
:109890000000007EF801801F000000FCFC01803FFA
:1098A000000000FCFF0000FF010000F8FF0000FFC7
:1098B000010000F87F0000FE030000F01F0000F828
:1098C00000000000070000E00000000000000000B1
:1098D0000000000000000000000000000000000088
:1098E0000000000000000000000000000000000078
:1098F0000000000000000000000000000000000068
:109900000000000000000000000000000000000057
:109910000000000000000000000000000000000047
:109920000000000000000000000000000000000037
:109930000000000000000000000000000000000027
:109940000000000000000000000000000000000017
:109950000000000000000000000000000000000007
:1099600000000000000000000000E03F00000000D8
:109970000100FCFF000000000700FFFF00000000E6
:109980000F00FFFF008000001F00FFFF00C000006D
:109990001F00FFFF00C000003F003FE000E00000AC
:1099A0003F000F8000E000007F000F8000F000000B
:1099B0007F00070000F000007F00070000F00000BB
:1099C0007F00070000F000007F00070000F00000AB
:1099D0007F00070000F000007F00070000F000009B
:1099E0007F000F0000E000003F000F8000E000005B
:1099F0003F001F8000C000003F003FC000C00000CB
:109A00001F00FFE0008000000F00FFF100000000D9
:109A10000F00FEFF000000000700FCFF0000000038
:109A20000300F8FF000000000100E0FF000000005C
:109A3000030080FF00000000070080FF000000001E
:109A40001F00C0FF000000003F00E0FF000000001A
:109A50007F00F0FF1F0000C0FF00F88F1F0000C054
:109A6000FF01FC071F000080FE03FE033F00008093
:109A7000FC03FF013F000080F807FF007F8000002B
:109A8000F0077F007FC00000F0073F00FEE000000D
:109A9000E00F1F00FEF00000E00F0F00FCF10000DF
:109AA000E00F0700FCFB0000E00F0300F8FF0000E0
:109AB000E00F0100F0FF0000E00F0000E0FF0000F9
:109AC000E00F0000C07F0000F00F0000C07F00002A
:109AD000F00F0000E0FF0000F8070100F0FF0000B9
:109AE000F8070700F8FF0000FE030F00FCFF00006E
:109AF000FF037F80FEFB0000FF01FFFFFFE100008E
:109B0000FF00FFFFFFC000807F00FFFF7F8000C0DD
:109B10003F00FEFF3F0000E00F00F8FF1F0000F0D5
:109B20000100C0FF00000000000000000000000075
:109B30000000000000000000000000000000000025
:109B40000000000000000000000000000000000015
:109B50000000000000000000000000000000000005
:109B600000000000000000000000000000000000F5
:109B700000000000000000000000000000000000E5
:109B800000000000000000000000000000000000D5
:109B900000000000000000000000000000000000C5
:109BA00000000000000000000000000000000000B5
:109BB00000000000000000000000000000000000A5
:109BC00000000000F007F007F007F007F007F007CB
:109BD000F007F003F003F003F003E003E003E00319
:109BE000E003E003E003E003E003E0030000000023
:109BF0000000000000000000000000000000000065
:109C00000000000000000000000000000000000054
:109C10000000000000000000000000000000000044
:109C20000000000000000000000000000000000034
:109C30000000000000000000000000000000000024
:109C40000000000000000000000000000000000014
:109C50000000000000000000000000000000000004
:109C6000070000F0070000E00F0000C01F0000C068
:109C70001F0000803F0000807F0000007F00000088
:109C8000FE000000FE000000FC010000FC010000DE
:109C9000FC010000F8030000F8030000F8030000D6
:109CA000F0070000F0070000F0070000F0070000D8
:109CB000E00F0000E00F0000E00F0000E00F0000E8
:109CC000E00F0000C01F0000C01F0000C01F000008
:109CD000C01F0000C01F0000C01F0000C01F000008
:109CE000C01F0000C01F0000C01F0000C01F0000F8
:109CF000C01F0000C01F0000C01F0000C01F0000E8
:109D0000C01F0000E00F0000E00F0000E00F0000A7
:109D1000E00F0000E00F0000E00F0000F00700007F
:109D2000F0070000F0070000F8070000F80300004B
:109D3000F8030000FC010000FC010000FC01000031
:109D4000FE000000FE0000007F0000007F00000019
:109D50003F0000801F0000801F0000C00F0000C0F7
:109D6000070000E0070000F0000000000000000015
:109D700000000000000000000000000000000000E3
:109D800000000000000000000000000000000000D3
:109D9000C01F0000C00F0000E0070000F007000037
:109DA000F0030000F8030000FC010000FC010000CB
:109DB000FE000000FE0000007E0000007F000000AA
:109DC0007F0000003F0000803F0000803F000080D7
:109DD0001F0000C01F0000C01F0000C01F0000C007
:109DE0000F0000E00F0000E00F0000E00F0000E0B7
:109DF0000F0000E0070000F0070000F0070000F08F
:109E0000070000F0070000F0070000F0070000F076
:109E1000070000F0070000F0070000F0070000F066
:109E2000070000F0070000F0070000F0070000F056
:109E3000070000F00F0000E00F0000E00F0000E05E
:109E40000F0000E00F0000E00F0000E01F0000C066
:109E50001F0000C01F0000C03F0000803F000080C6
:109E60003F0000807F0000007F0000007F000000B6
:109E7000FE000000FE000000FC010000FC010000EC
:109E8000F8030000F0030000F0070000E007000006
:109E9000C00F0000C01F0000000000000000000014
:109EA00000000000000000000000000000000000B2
:109EB00000000000000000000000007F0000000023
:109EC000007F00000000007F00000000007F000015
:109ED0000000007F00000000003E00000000003E87
:109EE00000000000003E00000000003E00000000F6
:109EF000003E00000008003E0000000F003E007819
:109F0000F00F033E00F8FE0F3F3E00FCFF1FFFFF77
:109F100000FCFF1FFFFF00FCFF1FFFFF00FCFF1FF7
:109F2000FFFF00FC0000007F0000000080FF000039
:109F30000100C0FF00000100C0F700000300E0F7CF
:109F400000000700F0E300000F00F8E300000F003E
:109F5000F8C100001F00FCC100003F00FEC100006E
:109F60007F00FF8000007F00FF800000FF007F0077
:109F700000803F007E0000000E003800000002005C
:109F800030000000000000000000000000000000A1
:109F900000000000000000000000000000000000C1
:109FA00000000000000000000000000000000000B1
:109FB00000000000000000000000000000000000A1
:109FC0000000000000000000000000000000000091
:109FD0000000000000000000000000000000000081
:109FE0000000000000000000000000000000000071
:109FF0000000000000000000000000000000000061
:10A000000000000000000000000000000000000050
:10A010000000000000000000000000000000000040
:10A020000000000000000000000000000000000030
:10A030000000000000000000000000000000000020
:10A040000000000000000000000000000000000010
:10A050000000000000000000000000000000000000
:10A0600000000000000000000000000000000000F0
:10A0700000000000000000000000000000000000E0
:10A0800000000000000000000000000000000000D0
:10A0900000000000000000000000000000000000C0
:10A0A00000000000000000000000000000000000B0
:10A0B00000000000000000000000000000000000A0
:10A0C00000000000003F00000000003F0000000012
:10A0D000003F00000000003F00000000003F0000C3
:10A0E0000000003F00000000003F00000000003FB3
:10A0F00000000000003F00000000003F00000000E2
:10A10000003F00000000003F00000000003F000092
:10A110000000003F0000FF0FFFFF00FCFF0FFFFFEC
:10A1200000FCFF0FFFFF00FCFF0FFFFF00FCFF0F15
:10A13000FFFF00FCFF0FFFFF00FC0000003F0000DE
:10A140000000003F00000000003F00000000003F52
:10A1500000000000003F00000000003F0000000081
:10A16000003F00000000003F00000000003F000032
:10A170000000003F00000000003F00000000003F22
:10A1800000000000003F00000000003F0000000051
:10A1900000000000000000000000000000000000BF
:10A1A00000000000000000000000000000000000AF
:10A1B000000000000000000000000000000000009F
:10A1C000000000000000000000000000000000008F
:10A1D000000000000000000000000000000000007F
:10A1E000000000000000000000000000000000006F
:10A1F000000000000000000000000000000000005F
:10A20000000000000000000000000000000000004E
:10A21000000000000000000000000000000000003E
:10A22000000000000000000000000000000000002E
:10A23000000000000000000000000000000000001E
:10A24000000000000000000000000000000000000E
:10A2500000000000000000000000000000000000FE
:10A2600000000000000000000000000000000000EE
:10A2700000000000000000000000000000000000DE
:10A2800000000000000000000000000000000000CE
:10A2900000000000000000000000000000000000BE
:10A2A000000000000000FC03FC03FC03F807F807B3
:10A2B000F807F007F007F00FE00FE00FC00FC00F36
:10A2C000C01F801F801F001F003F003E00000000D5
:10A2D000000000000000000000000000000000007E
:10A2E000000000000000000000000000000000006E
:10A2F000000000000000000000000000000000005E
:10A30000000000000000000000000000000000004D
:10A31000000000000000000000000000000000003D
:10A32000000000000000000000000000000000002D
:10A33000000000000000000000000000000000001D
:10A34000000000000000000000000000000000000D
:10A3500000000000000000000000000000000000FD
:10A360000000000000000000FF1F00F8FF1F00F8C1
:10A37000FF1F00F8FF1F00F8FF1F00F8FF1F00F885
:10A3800000000000000000000000000000000000CD
:10A3900000000000000000000000000000000000BD
:10A3A00000000000000000000000000000000000AD
:10A3B000000000000000000000000000000000009D
:10A3C000000000000000000000000000000000008D
:10A3D000000000000000000000000000000000007D
:10A3E000000000000000000000000000000000006D
:10A3F000000000000000000000000000000000005D
:10A40000000000000000000000000000000000004C
:10A41000000000000000000000000000000000003C
:10A42000000000000000000000000000000000002C
:10A43000000000000000000000000000000000001C
:10A44000000000000000000000000000000000000C
:10A4500000000000000000000000000000000000FC
:10A460000000000000000000000000000000F001FB
:10A47000F803FC07FC07FC07FC07FC07FC07F803D4
:10A48000F0010000000000000000000000000000DB
:10A4900000000000000000000000000000000000BC
:10A4A00000000000000000000000000000000000AC
:10A4B0000000E0070000E00F0000E00F0000C00F08
:10A4C0000000C01F0000801F0000803F0000803F90
:10A4D0000000003F0000007F0000007F0000007EC1
:10A4E000000000FE000000FC010000FC010000FC78
:10A4F000010000F8030000F8030000F8030000F07A
:10A50000070000F0070000E00F0000E00F0000E08F
:10A510000F0000C01F0000C01F0000C01F0000800F
:10A520003F0000803F0000807F0000007F000000AF
:10A530007E000000FE000000FE000000FC000000A5
:10A54000FC010000FC010000F8010000F80300001D
:10A55000F0030000F0070000F0070000E007000033
:10A56000E00F0000E00F0000C00F0000C01F00005F
:10A57000801F0000803F0000803F0000003F00007F
:10A58000007F0000007F00000000000000000000CD
:10A5900000000000000000000000000000000000BB
:10A5A00000000000000000000000000000000000AB
:10A5B000000000000000000000000000000000009B
:10A5C000000000000000000000000000000000008B
:10A5D000000000000000000000000000000000007B
:10A5E000807F00000300F0FF00000F00F8FF000074
:10A5F0001F00FEFF00003F00FFFF00007F00FFFF85
:10A600000000FF00FF800080FF003F0000C0FE014F
:10A610001F0000C0FC010F0000E0F8030F0000E085
:10A62000F803070000F0F803070000F0F00703004C
:10A6300000F0F007030000F8F007030000F8F0074F
:10A64000030000F8E007030000F8E007010000F84D
:10A65000E00F010000F8E00F010000FCE00F010036
:10A6600000FCE00F010000FCE00F010000FCE00F27
:10A67000010000FCE00F010000FCE00F010000FC05
:10A68000E00F010000FCE00F010000FCE00F010002
:10A6900000FCE00F010000FCE00F010000FCE00FF7
:10A6A000010000FCE00F010000FCE00F010000FCD5
:10A6B000E00F010000FCE007010000FCE0070100E2
:10A6C00000F8E007030000F8F007030000F8F007C7
:10A6D000030000F8F007030000F8F003030000F0A7
:10A6E000F803070000F0F803070000F0F8010F007E
:10A6F00000F0FC010F0000E0FE001F0000E0FF0082
:10A700003F0000C07F007F8000C07F00FFFF00800F
:10A710003F00FFFF00001F00FEFF00000F00FCFFD6
:10A7200000000300F0FF00000000807F0000000038
:10A730000000000000000000000000000000000019
:10A740000000000000000000000000000000000009
:10A7500000000000000000000000000000000000F9
:10A7600000000000000000000000000000000000E9
:10A7700000000000000000000000000000000000D9
:10A7800000000000000000000000000000000000C9
:10A7900000000000000000000000000000000000B9
:10A7A00000000000000000000000E00F0000E01FBB
:10A7B0000000E03F0000E07F0100E0FF0300E0FF59
:10A7C0000700E0FF0F00E0FF3F00E0EF7F00E0CF79
:10A7D000FF00E08FFF01E00FFE00E00F7C00E00FC4
:10A7E0007000E00F2000E00F0000E00F0000E00F1D
:10A7F0000000E00F0000E00F0000E00F0000E00F9D
:10A800000000E00F0000E00F0000E00F0000E00F8C
:10A810000000E00F0000E00F0000E00F0000E00F7C
:10A820000000E00F0000E00F0000E00F0000E00F6C
:10A830000000E00F0000E00F0000E00F0000E00F5C
:10A840000000E00F0000E00F0000E00F0000E00F4C
:10A850000000E00F0000E00F0000E00F0000E00F3C
:10A860000000E00F0000E00F0000E00F0000E00F2C
:10A870000000E00F0000E00F0000E00F0000E00F1C
:10A8800000000000000000000000000000000000C8
:10A8900000000000000000000000000000000000B8
:10A8A00000000000000000000000000000000000A8
:10A8B0000000000000000000000000000000000098
:10A8C0000000000000000000000000000000000088
:10A8D000000000000000000080FF00000F00E0FF0B
:10A8E00000003F00F8FF00007F00FEFF0000FF01B6
:10A8F000FFFF0000FF03FFFF0000FE07FF000080D6
:10A90000F8037F000080F0013F0000C0C0001F007E
:10A9100000C080001F0000E000000F0000E0000009
:10A920000F0000E000000F0000E000000F0000E05A
:10A9300000000F0000E000000F0000E000000F002A
:10A9400000E000000F0000E000001F0000C0000059
:10A950001F0000C000001F0000C000003F0000807A
:10A9600000003F00008000007F00000000007F002A
:10A9700000000000FE0000000000FE0100000000DA
:10A98000FC0300000000F80300000000F0070000D6
:10A990000000F00F00000000E01F00000000C03FBA
:10A9A00000000000807F0000000000FF00000100A8
:10A9B00000FE0000030000FC0000030000F800009F
:10A9C000070000F800000F0000F000001F0000E08A
:10A9D00000003F0000C000007F0000800000FF007A
:10A9E00000000000FE0100000000FC030000000069
:10A9F000F80300000000F00700000000FF0FFFFF59
:10AA000000F8FF0FFFFF00F8FF0FFFFF00F8FF0F38
:10AA1000FFFF00F8FF0FFFFF00F8FF0FFFFF00F838
:10AA20000000000000000000000000000000000026
:10AA30000000000000000000000000000000000016
:10AA40000000000000000000000000000000000006
:10AA500000000000000000000000000000000000F6
:10AA600000000000000000000000000000000000E6
:10AA700000000000000000000000000000000000D6
:10AA800000000000000000000000000000000000C6
:10AA900000000000000000000000000000000300B3
:10AAA00000FF00003F00E0FF0000FF00F8FF000093
:10AAB000FF03FEFF0000FF0FFFFF0000FF1FFFFF6F
:10AAC0000000F80FFF010080E00F7F0000C080074A
:10AAD0003F0000C000021F0000C000000F0000E0A7
:10AAE00000000F0000E000000F0000E000000F0079
:10AAF00000E000000F0000E000000F0000E0000098
:10AB00000F0000E000001F0000C000001F0000C098
:10AB100000003F0000C000003F00008000007F00F8
:10AB200000000000FE0100000000FC0F00001F00FC
:10AB3000F8FF00001F00E0FF00001F0000FE000003
:10AB40001F00F0FF00001F00FCFF00001F00FFFFC0
:10AB500000000000FF01008000007F0000C0000036
:10AB60001F0000E000000F0000E00000070000F000
:10AB70000000070000F00000030000F800000300E0
:10AB800000F80000030000F80000030000F80000D7
:10AB9000030000F80000030000F80000030000F8C4
:10ABA0000000030000F80000070000F000000700AC
:10ABB00000F000000F0000F000181F0000E0001E71
:10ABC0007F0000E0E01FFF0100C0FF1FFFFF0080CB
:10ABD000FF1FFFFF0000FF1FFEFF0000FF0FF8FF39
:10ABE0000000FF03E0FF00001F0000FE0000000067
:10ABF0000000000000000000000000000000000055
:10AC00000000000000000000000000000000000044
:10AC10000000000000000000000000000000000034
:10AC20000000000000000000000000000000000024
:10AC30000000000000000000000000000000000014
:10AC40000000000000000000000000000000000004
:10AC500000000000000000000000000000000000F4
:10AC600000000000000000000000000000007F0065
:10AC700000800000FF0000800000FF000080000056
:10AC8000FF0100800000FF0300800000FF03008040
:10AC90000000FF0700800000FF0F00800000FF0F92
:10ACA00000800000BF1F00800000BF3F0080000048
:10ACB0003F3F008000003F7F008000003FFE00809B
:10ACC00000003FFC008001003FFC008003003FF8D3
:10ACD000008003003FF0008007003FE000800F008D
:10ACE0003FE000800F003FC000801F003F800080D9
:10ACF0003F003F8000803F003F0000807E003F001B
:10AD00000080FE003F000080FC013F000080F80151
:10AD10003F000080F8033F000080F0073F00008004
:10AD2000E0073F000080E00F3F000080C01F3F00B1
:10AD30000080801F3F000080803F3F000080007F38
:10AD40003F000080FF7FFFFF00FFFF7FFFFF00FF4E
:10AD5000FF7FFFFF00FFFF7FFFFF00FFFF7FFFFF81
:10AD600000FFFF7FFFFF00FF00003F0000800000AA
:10AD70003F00008000003F00008000003F00008096
:10AD800000003F00008000003F00008000003F0006
:10AD9000008000003F00008000003F0000800000B5
:10ADA0003F00008000003F00008000003F00008066
:10ADB0000000000000000000000000000000000093
:10ADC0000000000000000000000000000000000083
:10ADD0000000000000000000000000000000000073
:10ADE0000000000000000000000000000000000063
:10ADF0000000000000000000000000000000000053
:10AE00000000000000000000000000000000000042
:10AE10000000000000000000000000000000000032
:10AE20000000000000000000000000000000000022
:10AE300000000000FF00FFFF00C0FF00FFFF00C098
:10AE4000FF00FFFF00C0FF00FFFF00C0FF00FFFF8B
:10AE500000C0FF00FFFF00C0FC0100000000FC017B
:10AE600000000000FC0100000000FC0100000000E8
:10AE7000FC0100000000F80100000000F8010000E3
:10AE80000000F80100000000F80100000000F801D7
:10AE900000000000F80100000000F80100000000C0
:10AEA000F80100000000F80300000000F8030000B3
:10AEB0000000F30380FF0000FF03F8FF0000FF0322
:10AEC000FEFF0000FF03FFFF0000FF03FFFF008005
:10AED000FF01FFFF00C06000FF0000E000003F0036
:10AEE00000F000000F0000F00000070000F8000074
:10AEF000030000F80000030000F80000030000FC5D
:10AF00000000010000FC0000010000FC0000010046
:10AF100000FC0000010000FC0000010000FC00003B
:10AF2000010000FC0000010000FC0000010000FC2A
:10AF30000000030000F80000030000F80000070014
:10AF400000F80000070000F000040F0000F0800788
:10AF50003F0000E0F007FF0000E0FF07FFFF00C038
:10AF6000FF07FFFF0080FF07FEFF0000FF03FCFF5D
:10AF70000000FF00E0FF00000F0000FF00000000E5
:10AF800000000000000000000000000000000000C1
:10AF900000000000000000000000000000000000B1
:10AFA00000000000000000000000000000000000A1
:10AFB0000000000000000000000000000000000091
:10AFC0000000000000000000000000000000000081
:10AFD0000000000000000000000000000000000071
:10AFE0000000000000000000000000000000000061
:10AFF0000000000000000000FF0100C00000FF1F73
:10B0000000E00000FF7F00E00100FFFF00E007001C
:10B01000FFFF00E00F00FFFF00E01F0000FE002028
:10B020003F0000F000003F0000C000007F000080F3
:10B030000000FF0000000000FE0000000000FE0114
:10B0400000000000FC0100000000F801000000000A
:10B05000F80300000000F80300000000F003000007
:10B060000000F00700000000F00700000000F007FB
:10B0700000000000F007F01F0000E007FEFF0000E6
:10B08000E10FFFFF0000E30FFFFF00C0E70FFFFF2E
:10B0900000E0EF0F7FF000F0FF0F0F8000F0FE0FD9
:10B0A000070000F8FC0F030000F8F80F010000FC97
:10B0B000F00F010000FCF00F000000FCE00F0000AA
:10B0C00000FEE00F000000FEE00F000000FEE00FB9
:10B0D000000000FEE00F000000FEE00F000000FE98
:10B0E000E007000000FEE007000000FEF00700009F
:10B0F00000FEF007000000FEF003000000FCF80373
:10B10000010000FCF803010000FCFC01030000F852
:10B11000FE01070000F8FF000F0000F07F003FC0B5
:10B1200000F03F00FFFF00E03F00FFFF00C00F0006
:10B13000FFFF00800700FFFF00000100FCFF000090
:10B140000000E03F000000000000000000000000E0
:10B1500000000000000000000000000000000000EF
:10B1600000000000000000000000000000000000DF
:10B1700000000000000000000000000000000000CF
:10B1800000000000000000000000000000000000BF
:10B1900000000000000000000000000000000000AF
:10B1A000000000000000000000000000000000009F
:10B1B000000000000000000000000000000000008F
:10B1C00000000000FF1FFFFF00FCFF1FFFFF00FC4F
:10B1D000FF1FFFFF00FCFF1FFFFF00FCFF1FFFFF23
:10B1E00000FCFF1FFFFF00FC0000010000FC00004E
:10B1F000030000F80000030000F80000030000F066
:10B200000000070000F00000070000E000000F0051
:10B2100000E000000F0000E000001F0000C0000080
:10B220001F0000C000003F00008000003F000080C1
:10B2300000003F00000000007F00000000007E00D2
:10B2400000000000FE0000000000FE000000000002
:10B25000FC0100000000FC0100000000F8030000F9
:10B260000000F80300000000F00300000000F007F9
:10B2700000000000F00700000000E00F00000000E8
:10B28000E00F00000000C01F00000000C01F000011
:10B290000000803F00000000803F00000000803F71
:10B2A00000000000007F00000000007F00000000A0
:10B2B00000FE0000000000FE0000010000FC000095
:10B2C000010000FC0000030000FC0000030000F887
:10B2D0000000030000F80000070000F00000070075
:10B2E00000F000000F0000E000000F0000E0000090
:10B2F0001F0000C000001F0000C000003F0000C091
:10B3000000003F000080000000000000000000007E
:10B31000000000000000000000000000000000002D
:10B32000000000000000000000000000000000001D
:10B33000000000000000000000000000000000000D
:10B3400000000000000000000000000000000000FD
:10B3500000000000000000000000000000000000ED
:10B3600000000000000000000000000000000000DD
:10B3700000000000000000000000000000000000CD
:10B380000000000000000000807F00000300F8FFC4
:10B3900000000F00FCFF00003F00FFFF00007F00E7
:10B3A000FFFF0080FF00FFFF00C0FF007F8000C0A4
:10B3B000FE011F0000E0FC010F0000E0F8030700A1
:10B3C00000F0F803070000F0F803070000F0F803AE
:10B3D000070000F0F803070000F0F803070000F092
:10B3E000F803070000F0F803070000F0F801070079
:10B3F00000E0FC010F0000E0FC011F0000E0FE0087
:10B400003F0000C07F007F8000807F00FFC0000001
:10B410003F00FEF300001F00FCFF00000F00F8FFDC
:10B4200000000300E0FF00000300F0FF00000F0039
:10B43000F8FF00003F00FEFF00007F00FFC3000098
:10B44000FF00FF800080FE017F0000C0FC031F00A2
:10B4500000E0F8030F0000F0F007070000F8F00725
:10B46000030000F8E007010000F8E00F010000FC15
:10B47000E00F010000FCE00F010000FCE00F010004
:10B4800000FCE00F010000FCE00F010000FCE00FF9
:10B49000010000FCE00F010000F8F007030000F8D5
:10B4A000F807070000F8FC030F0000F0FF033F005F
:10B4B00000F0FF01FFFF00E0FF00FFFF00C07F0082
:10B4C000FFFF00803F00FEFF00000F00F8FF0000BC
:10B4D0000000C0FF000000000000000000000000AD
:10B4E000000000000000000000000000000000005C
:10B4F000000000000000000000000000000000004C
:10B50000000000000000000000000000000000003B
:10B51000000000000000000000000000000000002B
:10B52000000000000000000000000000000000001B
:10B53000000000000000000000000000000000000B
:10B5400000000000000000000000000000000000FB
:10B5500080FF00000700E0FF00001F00F8FF000070
:10B560003F00FEFF00007F00FFFF0000FF00FFFF25
:10B570000080FF01FF000080FE033F0000C0F803D1
:10B580001F0000E0F8070F0000E0F007070000F0E0
:10B59000F007070000F0E007030000F0E00F0300F1
:10B5A00000F8E00F010000F8E00F010000F8E00FE4
:10B5B000010000F8E00F010000FCE00F010000FCBA
:10B5C000E00F010000FCE00F010000FCE00F0100B3
:10B5D00000FCE00F010000FCF007030000FCF00796
:10B5E000070000FCF8070F0000FCFC031F0000FC34
:10B5F000FE033F0000FCFF01FDC300FCFF00F9FF5C
:10B6000000FC7F00F9FF00FC3F00E1FF00FC0F00A1
:10B61000C1FF00F8010001FE00F80000030000F87F
:10B620000000030000F80000030000F80000030021
:10B6300000F80000030000F00000070000F0000028
:10B64000070000F000000F0000E000000F0000E025
:10B6500000001F0000C000001F0000C000003F00ED
:10B66000008000007F0000800000FF01000000005B
:10B67000FE070000E000FCFF0000FF00F8FF0000F4
:10B68000FF00F0FF0000FF00C0FF0000FF0000FF10
:10B6900000007F0000F0000000000000000000003B
:10B6A000000000000000000000000000000000009A
:10B6B000000000000000000000000000000000008A
:10B6C000000000000000000000000000000000007A
:10B6D000000000000000000000000000000000006A
:10B6E000000000000000000000000000000000005A
:10B6F000000000000000000000000000000000004A
:10B700000000000000000000000000000000000039
:10B710000000000000000000000000000000000029
:10B72000000000000000000000000000F001F8032D
:10B73000FC07FC07FC07FC07FC07FC07F803F0010B
:10B7400000000000000000000000000000000000F9
:10B7500000000000000000000000000000000000E9
:10B760000000000000000000000000000000F001E8
:10B77000F803FC07FC07FC07FC07FC07FC07F803C1
:10B78000F0010000000000000000000000000000C8
:10B7900000000000000000000000000000000000A9
:10B7A0000000000000000000000000000000000099
:10B7B0000000000000000000000000000000000089
:10B7C00000000000F001F803FC07FC07FC07FC0781
:10B7D000FC07FC07F803F001000000000000000077
:10B7E0000000000000000000000000000000000059
:10B7F0000000000000000000000000000000000049
:10B80000000000000000FC03FC03FC03F807F8073D
:10B81000F807F007F007F00FE00FE00FC00FC00FC0
:10B82000C01F801F801F001F003F003E000000005F
:10B830000000000000000000000000000000000008
:10B8400000000000000000000000000000000000F8
:10B8500000000000000000000000000000000000E8
:10B8600000000000000000000000000000000000D8
:10B8700000000000000000000000000000000000C8
:10B88000000400000000001C00000000007C00001C
:10B89000010000FC0000070000FC00000F0000FC9D
:10B8A00000003F0000F80000FF0000E00000FF0380
:10B8B00000800000FE0F00000000F83F00000000C4
:10B8C000E0FF0000030080FF00000F0000FE00000A
:10B8D0003F0000F800007F0000E00000FF01008052
:10B8E0000000FE0700000000F80F00000000E00F5D
:10B8F00000000000F80F00000000FF0F0000000033
:10B90000FF0300C00000FF0000F000003F0000FE49
:10B9100000000F0080FF00000100E0FF00000000B9
:10B92000FC7F00000000FF1F00000000FF0700C0B8
:10B930000000FF0000F800003F0000FC00000F00C6
:10B9400000FC0000030000FC0000000000FC000000
:10B950000000001C000000000004000000000000C7
:10B9600000000000000000000000000000000000D7
:10B9700000000000000000000000000000000000C7
:10B9800000000000000000000000000000000000B7
:10B9900000000000000000000000000000000000A7
:10B9A0000000000000000000000000000000000097
:10B9B0000000000000000000000000000000000087
:10B9C0000000000000000000000000000000000077
:10B9D0000000000000000000000000000000000067
:10B9E0000000000000000000000000000000000057
:10B9F0000000000000000000000000000000000047
:10BA00000000000000000000000000000000000036
:10BA10000000000000000000000000000000000026
:10BA20000000000000000000000000000000000016
:10BA30000000000000000000000000000000000006
:10BA400000000000000000000000000000000000F6
:10BA500000000000000000000000000000000000E6
:10BA600000000000000000000000000000000000D6
:10BA700000000000000000000000FF0FFFFF00FCBE
:10BA8000FF0FFFFF00FCFF0FFFFF00FCFF0FFFFF9A
:10BA900000FCFF0FFFFF00FCFF0FFFFF00FC00009A
:10BAA0000000000000000000000000000000000096
:10BAB0000000000000000000000000000000000086
:10BAC0000000000000000000000000000000000076
:10BAD00000000000FF0FFFFF00FCFF0FFFFF00FC56
:10BAE000FF0FFFFF00FCFF0FFFFF00FCFF0FFFFF3A
:10BAF00000FCFF0FFFFF00FC000000000000000042
:10BB00000000000000000000000000000000000035
:10BB10000000000000000000000000000000000025
:10BB20000000000000000000000000000000000015
:10BB30000000000000000000000000000000000005
:10BB400000000000000000000000000000000000F5
:10BB500000000000000000000000000000000000E5
:10BB600000000000000000000000000000000000D5
:10BB700000000000000000000000000000000000C5
:10BB800000000000000000000000000000000000B5
:10BB900000000000000000000000000000000000A5
:10BBA0000000000000000000000000000000000095
:10BBB0000000000000000000000000000000000085
:10BBC0000000000000000000000000000000000075
:10BBD0000000000000000000000000000000000065
:10BBE0000000000000000000000000000000000055
:10BBF0000000000000000000000000000000000045
:10BC0000000000000000000000000000000800002C
:10BC10000000000E00000000800F00000000E00F98
:10BC200000000000F80F00000000FC0F0000000002
:10BC3000FF0700000000FF0100C000007F0000F0CF
:10BC400000001F0000FC0000070000FF00000100D2
:10BC5000C0FF00000000F07F00000000FC1F00009B
:10BC60000000FF0700000000FF01008000007F00CF
:10BC700000E000001F0000F80000070000FC0000CA
:10BC8000010000FC0000070000FC00003F0000FC79
:10BC90000000FF0000F00000FF0300C00000FF1FD5
:10BCA00000000000FC7F00000100E0FF00000F002A
:10BCB00080FF00003F0000FE0000FF0000F80000D1
:10BCC000FF0700C00000FF0F00000000FC0F000095
:10BCD0000000F00F00000000C00F00000000000E88
:10BCE000000000000008000000000000000000004C
:10BCF0000000000000000000000000000000000044
:10BD00000000000000000000000000000000000033
:10BD10000000000000000000000000000000000023
:10BD20000000000000000000000000000000000013
:10BD30000000000000000000000000000000000003
:10BD400000000000000000000000000000000000F3
:10BD500000000000000000000000000000000000E3
:10BD600000000000000000000000000000000000D3
:10BD700000000000000000000000000000000000C3
:10BD800000000000000000000000000000000000B3
:10BD90000000000000000000000000003F0000E084
:10BDA000FF0300FCFF0F00FFFF7FC0FFFF7FE0FFEE
:10BDB000FF3FE0FFC03FF01F001EF8070018F80328
:10BDC0000000F8030000FC010000FC010000FC0181
:10BDD0000000FC000000FC000000FC000000FC0172
:10BDE0000000FC010000FC010000F8030000F80363
:10BDF0000000F0070000F00F0000E01F0000C03F4F
:10BE00000000C07F000080FF030000FF070000FE6D
:10BE1000070000F80F0000F01F0000E01F0000E026
:10BE20001F0000C03F0000803F0000803F000080F6
:10BE30003F0000003F0000003F0000000000000045
:10BE400000000000000000000000000000000000F2
:10BE5000000000003E0000007F000000FF000080A6
:10BE6000FF000080FF000080FF000080FF000080D6
:10BE7000FF0000807F0000003E0000000000000086
:10BE800000000000000000000000000000000000B2
:10BE900000000000000000000000000000000000A2
:10BEA0000000000000000000000000000000000092
:10BEB0000000000000000000000000000000000082
:10BEC0000000000000000000000000000000000072
:10BED00000000000000000000000070080FF0000DC
:10BEE00000007F00F8FF00000000FF03FEFF0000DD
:10BEF0000000FF0FFFFF00800000FF1FFFFF00E0BA
:10BF00000000FC7FFF0000F00000C0FF0F0000FCFD
:10BF1000030000FE030000FE070000F8000000FF21
:10BF20000F0000F00000007F0F0000E00000803FE5
:10BF30001F0000800000C01F3F0000000000C00F75
:10BF40007F0000000000E0077E0000000000E00726
:10BF5000FC00030080FFF003F8000F00F8FFF0037F
:10BF6000F8013F00FCFFF801F001FF00FCFFF801C1
:10BF7000F003FF01FCFFF800F003FE01FC00F800F5
:10BF8000E003F803FC00FC00E007F007FC00FC0005
:10BF9000E007E007FC00FC00C007E00FFC007C00AD
:10BFA000C007C00FF8007C00C00FC00FF8007C0075
:10BFB000C00F801FF8007C00C00F801FF8017C00BC
:10BFC000C00F801FF8017C00C00F801FF801FC002B
:10BFD000C00F801FF801FC00C00F801FF801FC009B
:10BFE000C00F801FF801F800C00F801FF801F80093
:10BFF000C00F801FF803F801C00F801FF803F00185
:10C00000C00FC00FF803F001C00FC00FFC07F00312
:10C01000C007E00FBC0FE007C007F807BE1FE00F26
:10C02000E007FF033FFFC0FFE007FF031FFE80FFA5
:10C03000E007FF011FFC00FFF0037F0007F800FE90
:10C04000F0031F0003C000F8F8010000000000002A
:10C05000F801000000000000FC00000000000000EB
:10C06000FE000000000000007F0000000000000053
:10C070007F000080000000003F0000C000000000C2
:10C080001F0000F0030000000F0000FE1F00000072
:10C090000700E0FFFF0300000100FFFFFFFF0000BB
:10C0A0000000FF7FFFFF00000000FF1FFEFF0000F9
:10C0B0000000FF07F0FF000000003F0000FE00004E
:10C0C0000000000000000000000000000000000070
:10C0D0000000000000000000000000000000000060
:10C0E0000000000000000000000000000000000050
:10C0F0000000000000000000000000000000000040
:10C10000000000000000000000000000000000002F
:10C11000000000000000000000000000000000001F
:10C12000000000000000000000000000000000000F
:10C13000000000000000C00F00000000E01F000031
:10C140000000E01F00000000E01F00000000F03FC2
:10C1500000000000F03F00000000F87F0000000039
:10C16000F87F00000000F87F00000000FCFC0000E9
:10C170000000FCFC00000000FCFC00000100FEFCD4
:10C18000000001007EF8000003007FF800000300BB
:10C190007FF8000003003FF0000007003FF0008040
:10C1A00007001FE0008007001FE000800F001FE075
:10C1B00000C00F000FC000C01F000FC000E01F0034
:10C1C0000FC000E01F00078000E03F00078000F084
:10C1D0003F00078000F03F00030000F07F000300F5
:10C1E00000F87F00010000F8FE00010000FCFF00E5
:10C1F000FFFF00FCFF00FFFF00FCFF01FFFF00FE50
:10C20000FF01FFFF00FEFF01FFFF00FEFF03FFFF36
:10C2100000FFF8030000007FF0030000003FF0077C
:10C220000000803FF0070000803FE00F0000C01FCB
:10C23000E00F0000C01FE00F0000C00FC01F000093
:10C24000E00FC01F0000E00F801F0000E007803FEC
:10C250000000F007803F0000F007007F0000F803B7
:10C26000007F0000F803007F0000F80300FE0000DC
:10C27000FC0100FE0000FC010000000000000000C6
:10C2800000000000000000000000000000000000AE
:10C29000000000000000000000000000000000009E
:10C2A000000000000000000000000000000000008E
:10C2B000000000000000000000000000000000007E
:10C2C000000000000000000000000000000000006E
:10C2D000000000000000000000000000000000005E
:10C2E000000000000000000000000000000000004E
:10C2F000000000000000000000000000FF01F8FF47
:10C300000000FF01FFFF0080FF01FFFF00E0FF01D1
:10C31000FFFF00F8FF01FFFF00FCFF01FFFF00FE31
:10C32000FC010F0000FEFC01010000FFFC01000009
:10C3300000FFFC010000807FFC010000807FFC0109
:10C340000000803FFC010000803FFC010000803FB6
:10C35000FC010000803FFC010000803FFC01000068
:10C36000803FFC010000003FFC010000007FFC0159
:10C370000000007FFC01000000FEFC01010000FC49
:10C38000FC010F0000F8FF01FFFF00F0FF01FFFFBD
:10C3900000C0FF01FCFF0000FF01FFFF0080FF0164
:10C3A000FFFF00F0FF01FFFF00F8FC010F0000FE9F
:10C3B000FC01010000FFFC01000000FFFC01000087
:10C3C000807FFC010000803FFC010000C03FFC01B9
:10C3D0000000C03FFC010000C01FFC010000C01FA6
:10C3E000FC010000C01FFC010000C01FFC01000098
:10C3F000C03FFC010000C03FFC010000C03FFC0149
:10C400000000803FFC010000807FFC01000080FFF5
:10C41000FC01010000FFFC010F0000FEFF01FFFF17
:10C4200000FEFF01FFFF00FCFF01FFFF00F8FF011E
:10C43000FFFF00E0FF01FFFF0080FF01FCFF0000A5
:10C4400000000000000000000000000000000000EC
:10C4500000000000000000000000000000000000DC
:10C4600000000000000000000000000000000000CC
:10C4700000000000000000000000000000000000BC
:10C4800000000000000000000000000000000000AC
:10C49000000000000000000000000000000000009C
:10C4A000000000000000000000000000000000008C
:10C4B000000000000000000000000000000000007C
:10C4C000FF0000F00000FF0700FF0000FF3FE0FF5B
:10C4D0000000FFFFF0FF0100FFFFE0FF0300FFFF90
:10C4E000E0FF0700C0FFC03F0F0000FEC0031F00B9
:10C4F00000F880003F0000F000007F0000C0000056
:10C500007F0000800000FF0000800000FF000000AE
:10C510000000FE0100000000FE0100000000FC0120
:10C5200000000000FC0300000000FC03000000000D
:10C53000F80300000000F80300000000F807000006
:10C540000000F80700000000F80700000000F007F6
:10C5500000000000F00700000000F00700000000ED
:10C56000F00700000000F00700000000F0070000E6
:10C570000000F00700000000F00700000000F807CE
:10C5800000000000F80700000000F80700000000AD
:10C59000F80300000000F80300000000F8030000AA
:10C5A0000000FC0300000000FC0300000000FC0190
:10C5B00000000000FE0100000000FE01000000007D
:10C5C000FF0000000000FF00008000007F0000C0AE
:10C5D00000007F0000E000003F0000F000001F00AE
:10C5E00000FCC0010F00C0FFC01F0700FFFFC0FF1D
:10C5F0000300FFFFC0FF0100FFFFC0FF0000FF7F3F
:10C60000C0FF0000FF1F00FF0000FF0100F000005E
:10C61000000000000000000000000000000000001A
:10C62000000000000000000000000000000000000A
:10C6300000000000000000000000000000000000FA
:10C6400000000000000000000000000000000000EA
:10C6500000000000000000000000000000000000DA
:10C6600000000000000000000000000000000000CA
:10C6700000000000000000000000000000000000BA
:10C68000000000000000000000000000FF01F0FFBB
:10C690000000FF01FFFF0000FF01FFFF00C0FF01DE
:10C6A000FFFF00F0FF01FFFF00FCFF01FFFF00FEA6
:10C6B000FC011F0000FFFC01030080FFFC010000E3
:10C6C000C0FFFC010000C07FFC010000E03FFC0156
:10C6D0000000F01FFC010000F00FFC010000F80753
:10C6E000FC010000F807FC010000F803FC01000059
:10C6F000FC03FC010000FC03FC010000FC01FC0148
:10C700000000FC01FC010000FE01FC010000FE0134
:10C71000FC010000FE01FC010000FE00FC01000025
:10C72000FE00FC010000FE00FC010000FE00FC0118
:10C730000000FE00FC010000FE00FC010000FE0005
:10C74000FC010000FE01FC010000FE01FC010000F4
:10C75000FE01FC010000FC01FC010000FC01FC01E9
:10C760000000FC01FC010000FC03FC010000FC03D4
:10C77000FC010000F807FC010000F807FC010000C4
:10C78000F00FFC010000F00FFC010000E01FFC01B5
:10C790000000E03FFC010000C07FFC01010080FFC1
:10C7A000FC01070080FFFC013F0000FFFF01FFFFCD
:10C7B00000FEFF01FFFF00F8FF01FFFF00F0FF0197
:10C7C000FFFF00C0FF01FEFF0000FF01E0FF0000CF
:10C7D0000000000000000000000000000000000059
:10C7E0000000000000000000000000000000000049
:10C7F0000000000000000000000000000000000039
:10C800000000000000000000000000000000000028
:10C810000000000000000000000000000000000018
:10C820000000000000000000000000000000000008
:10C8300000000000000000000000000000000000F8
:10C8400000000000000000000000000000000000E8
:10C8500000000000FF01FFFF00E0FF01FFFF00E01C
:10C86000FF01FFFF00E0FF01FFFF00E0FF01FFFF0E
:10C8700000E0FF01FFFF00E0FC0100000000FC0100
:10C8800000000000FC0100000000FC0100000000AE
:10C89000FC0100000000FC0100000000FC010000A1
:10C8A0000000FC0100000000FC0100000000FC0191
:10C8B00000000000FC0100000000FC01000000007E
:10C8C000FC0100000000FC0100000000FC01000071
:10C8D0000000FC0100000000FC0100000000FF015E
:10C8E000FFFF00C0FF01FFFF00C0FF01FFFF00C00E
:10C8F000FF01FFFF00C0FF01FFFF00C0FF01FFFFBE
:10C9000000C0FC0100000000FC0100000000FC0170
:10C9100000000000FC0100000000FC01000000001D
:10C92000FC0100000000FC0100000000FC01000010
:10C930000000FC0100000000FC0100000000FC0100
:10C9400000000000FC0100000000FC0100000000ED
:10C95000FC0100000000FC0100000000FC010000E0
:10C960000000FC0100000000FC0100000000FC01D0
:10C9700000000000FF01FFFF00E0FF01FFFF00E0FB
:10C98000FF01FFFF00E0FF01FFFF00E0FF01FFFFED
:10C9900000E0FF01FFFF00E00000000000000000D9
:10C9A0000000000000000000000000000000000087
:10C9B0000000000000000000000000000000000077
:10C9C0000000000000000000000000000000000067
:10C9D0000000000000000000000000000000000057
:10C9E0000000000000000000000000000000000047
:10C9F0000000000000000000000000000000000037
:10CA00000000000000000000000000000000000026
:10CA1000000000000000000000000000FF01FFFF18
:10CA200000E0FF01FFFF00E0FF01FFFF00E0FF016A
:10CA3000FFFF00E0FF01FFFF00E0FF01FFFF00E05C
:10CA4000FC0100000000FC0100000000FC010000EF
:10CA50000000FC0100000000FC0100000000FC01DF
:10CA600000000000FC0100000000FC0100000000CC
:10CA7000FC0100000000FC0100000000FC010000BF
:10CA80000000FC0100000000FC0100000000FC01AF
:10CA900000000000FC0100000000FC01000000009C
:10CAA000FC0100000000FC0100000000FC0100008F
:10CAB0000000FF01FFFF00C0FF01FFFF00C0FF01FA
:10CAC000FFFF00C0FF01FFFF00C0FF01FFFF00C02C
:10CAD000FF01FFFF00C0FC0100000000FC0100009E
:10CAE0000000FC0100000000FC0100000000FC014F
:10CAF00000000000FC0100000000FC01000000003C
:10CB0000FC0100000000FC0100000000FC0100002E
:10CB10000000FC0100000000FC0100000000FC011E
:10CB200000000000FC0100000000FC01000000000B
:10CB3000FC0100000000FC0100000000FC010000FE
:10CB40000000FC0100000000FC0100000000FC01EE
:10CB500000000000FC0100000000FC0100000000DB
:10CB600000000000000000000000000000000000C5
:10CB700000000000000000000000000000000000B5
:10CB800000000000000000000000000000000000A5
:10CB90000000000000000000000000000000000095
:10CBA0000000000000000000000000000000000085
:10CBB0000000000000000000000000000000000075
:10CBC0000000000000000000000000000000000065
:10CBD0000000000000000000000000000000000055
:10CBE0007F0000F80000FF07C0FF0000FF1FF8FFF4
:10CBF0000000FF7FFCFF0100FFFFFCFF0300FFFFC1
:10CC0000F8FF0700E0FFF81F0F0000FEF0011F0013
:10CC100000F830003F0000F000003F0000C00000BE
:10CC20007F0000800000FF0000800000FF00000087
:10CC30000000FE0100000000FE0100000000FC01F9
:10CC400000000000FC0300000000FC0300000000E6
:10CC5000F80300000000F80300000000F8070000DF
:10CC60000000F80700000000F80700000000F007CF
:10CC700000000000F00700000000F0070700FEFFC2
:10CC8000F0070700FEFFF0070700FEFFF0070700B0
:10CC9000FEFFF0070700FEFFF0070700FEFFF807A2
:10CCA0000000FE00F8070000FE00F8070000FE008C
:10CCB000F8030000FE00F8030000FE00F803000087
:10CCC000FE00FC030000FE00FC010000FE00FE016F
:10CCD0000000FE00FE010000FE00FF000000FE005C
:10CCE000FF000000FE007F000080FE007F0000C00B
:10CCF000FE003F0000E0FE003F0000F8FE001F00C5
:10CD000000FEFE000F00C0FFFE0F0700FFFFFEFF4A
:10CD10000300FFFFFEFF0000FFFFFEFF0000FF3FDC
:10CD2000FCFF0000FF0FC0FF0000FF0100F8000043
:10CD300000000000000000000000000000000000F3
:10CD400000000000000000000000000000000000E3
:10CD500000000000000000000000000000000000D3
:10CD600000000000000000000000000000000000C3
:10CD700000000000000000000000000000000000B3
:10CD800000000000000000000000000000000000A3
:10CD90000000000000000000000000000000000093
:10CDA000000000000000000000000000FC01000086
:10CDB000FC01FC010000FC01FC010000FC01FC0185
:10CDC0000000FC01FC010000FC01FC010000FC0172
:10CDD000FC010000FC01FC010000FC01FC01000062
:10CDE000FC01FC010000FC01FC010000FC01FC0155
:10CDF0000000FC01FC010000FC01FC010000FC0142
:10CE0000FC010000FC01FC010000FC01FC01000031
:10CE1000FC01FC010000FC01FC010000FC01FC0124
:10CE20000000FC01FC010000FC01FC010000FC0111
:10CE3000FC010000FC01FF01FFFFFCFFFF01FFFF01
:10CE4000FCFFFF01FFFFFCFFFF01FFFFFCFFFF01F5
:10CE5000FFFFFCFFFF01FFFFFCFFFC010000FC01E6
:10CE6000FC010000FC01FC010000FC01FC010000D1
:10CE7000FC01FC010000FC01FC010000FC01FC01C4
:10CE80000000FC01FC010000FC01FC010000FC01B1
:10CE9000FC010000FC01FC010000FC01FC010000A1
:10CEA000FC01FC010000FC01FC010000FC01FC0194
:10CEB0000000FC01FC010000FC01FC010000FC0181
:10CEC000FC010000FC01FC010000FC01FC01000071
:10CED000FC01FC010000FC01FC010000FC01FC0164
:10CEE0000000FC01FC010000FC01FC010000FC0151
:10CEF0000000000000000000000000000000000032
:10CF00000000000000000000000000000000000021
:10CF10000000000000000000000000000000000011
:10CF20000000000000000000000000000000000001
:10CF300000000000000000000000000000000000F1
:10CF400000000000000000000000000000000000E1
:10CF500000000000000000000000000000000000D1
:10CF600000000000000000000000000000000000C1
:10CF7000FF1F00FCFF1F00FCFF1F00FCFF1F00FC49
:10CF8000FF0300E07F0000007F0000007F00000042
:10CF90007F0000007F0000007F0000007F00000095
:10CFA0007F0000007F0000007F0000007F00000085
:10CFB0007F0000007F0000007F0000007F00000075
:10CFC0007F0000007F0000007F0000007F00000065
:10CFD0007F0000007F0000007F0000007F00000055
:10CFE0007F0000007F0000007F0000007F00000045
:10CFF0007F0000007F0000007F0000007F00000035
:10D000007F0000007F0000007F0000007F00000024
:10D010007F0000007F0000007F0000007F00000014
:10D020007F0000007F0000007F0000007F00000004
:10D030007F000000FF0300E0FF1F00FCFF1F00FC5B
:10D04000FF1F00FCFF1F00FC0000000000000000AC
:10D0500000000000000000000000000000000000D0
:10D0600000000000000000000000000000000000C0
:10D0700000000000000000000000000000000000B0
:10D0800000000000000000000000000000000000A0
:10D090000000000000000000000000000000000090
:10D0A000030000F8030000F8030000F8030000F894
:10D0B000030000F8030000F8030000F8030000F884
:10D0C000030000F8030000F8030000F8030000F874
:10D0D000030000F8030000F8030000F8030000F864
:10D0E000030000F8030000F8030000F8030000F854
:10D0F000030000F8030000F8030000F8030000F844
:10D10000030000F8030000F8030000F8030000F833
:10D11000030000F8030000F8030000F8030000F823
:10D12000030000F8030000F8030000F8030000F813
:10D13000030000F8030000F8030000F8030000F803
:10D14000030000F8030000F8030000F8030000F8F3
:10D15000030000F8030000F8030000F8030000F8E3
:10D16000030000F8030000F8030000F8030000F8D3
:10D17000030000F8030000F8030000F8030000F8C3
:10D18000030000F8070000F0070000F00F0000F0B7
:10D190001F0000E07F8000E0FFFF00C0FFFF00C035
:10D1A000FFFF0080FEFF0000FCFF0000E07F0000AA
:10D1B000000000000000000000000000000000006F
:10D1C000000000000000000000000000000000005F
:10D1D00000000000FC010000F00FFC010000E01F57
:10D1E000FC010000C03FFC010000807FFC0100004A
:10D1F000007FFC01000000FEFC01010000FEFC01BC
:10D20000030000FCFC01070000F8FC010F0000F027
:10D21000FC011F0000E0FC011F0000C0FC013F00FA
:10D220000080FC017F000080FC01FF000000FC0189
:10D23000FE010000FC01FC030000FC01F8070000F7
:10D24000FC01F0070000FC01E00F0000FC01C01F22
:10D250000000FC01C03F0000FC01807F0000FC01D9
:10D26000007F0000FC0100FF0000FD0180FF0000C6
:10D27000FF01C0FF0000FF01C0FF0000FF01E0FF51
:10D280000000FF01F0CF0000FF01F8070000FE01E1
:10D29000F8070000FC01FC030000FC01FE01000097
:10D2A000FC01FE010000FC01FF000000FC017F000A
:10D2B0000080FC017F000080FC013F0000C0FC01F9
:10D2C0001F0000E0FC011F0000E0FC010F0000F067
:10D2D000FC01070000F8FC01070000F8FC01030056
:10D2E00000FCFC01010000FEFC01010000FEFC014D
:10D2F000000000FFFC010000807FFC010000807F37
:10D30000FC010000C03FFC010000E01FFC01000028
:10D31000E01FFC010000F00F000000000000000012
:10D3200000000000000000000000000000000000FD
:10D3300000000000000000000000000000000000ED
:10D3400000000000000000000000000000000000DD
:10D3500000000000000000000000000000000000CD
:10D3600000000000000000000000000000000000BD
:10D3700000000000000000000000000000000000AD
:10D38000000000000000000000000000000000009D
:10D39000000000000000000000000000FC01000090
:10D3A0000000FC0100000000FC0100000000FC0186
:10D3B00000000000FC0100000000FC010000000073
:10D3C000FC0100000000FC0100000000FC01000066
:10D3D0000000FC0100000000FC0100000000FC0156
:10D3E00000000000FC0100000000FC010000000043
:10D3F000FC0100000000FC0100000000FC01000036
:10D400000000FC0100000000FC0100000000FC0125
:10D4100000000000FC0100000000FC010000000012
:10D42000FC0100000000FC0100000000FC01000005
:10D430000000FC0100000000FC0100000000FC01F5
:10D4400000000000FC0100000000FC0100000000E2
:10D45000FC0100000000FC0100000000FC010000D5
:10D460000000FC0100000000FC0100000000FC01C5
:10D4700000000000FC0100000000FC0100000000B2
:10D48000FC0100000000FC0100000000FC010000A5
:10D490000000FC0100000000FC0100000000FC0195
:10D4A00000000000FC0100000000FC010000000082
:10D4B000FC0100000000FC0100000000FF01FFFF74
:10D4C00000E0FF01FFFF00E0FF01FFFF00E0FF01C0
:10D4D000FFFF00E0FF01FFFF00E0FF01FFFF00E0B2
:10D4E000000000000000000000000000000000003C
:10D4F000000000000000000000000000000000002C
:10D50000000000000000000000000000000000001B
:10D51000000000000000000000000000000000000B
:10D5200000000000000000000000000000000000FB
:10D5300000000000000000000000000000000000EB
:10D5400000000000000000000000000000000000DB
:10D5500000000000000000000000000000000000CB
:10D560000000000000000000FF0100C00000E07F9C
:10D57000FF0100C00000E0FFFF0100E00000E0FF4D
:10D58000FF0100E00100E0FFFF0100E00100E0FF1B
:10D59000FF0100F00100E0FFFF0100F00300E0FFE9
:10D5A000FB0100F00300E0F7FB0100F80300E0F7E7
:10D5B000FB0100F80700E0EFF90100F80700E0EFD9
:10D5C000FD0100FC0700E0EFFD0100FC0F00E0CFD3
:10D5D000FC0100FC0F00E0CFFC0100FE0F00E0CFDB
:10D5E000FC01007E1F00E08FFC01007E1F00E08F29
:10D5F000FC01007F3F00E08FFC01003F3F00E00F97
:10D60000FC01003F3F00E00FFC01803F7E00E00F87
:10D61000FC01801F7E00E00FFC01801F7E00E00FF8
:10D62000FC01C01FFC00E00FFC01C00FFC00E00F7C
:10D63000FC01E00FFC00E00FFC01E00FF801E00F3F
:10D64000FC01E007F801E00FFC01F007F801E00F32
:10D65000FC01F007F003E00FFC01F003F003E00F22
:10D66000FC01F803F003E00FFC01F803E007E00F12
:10D67000FC01F801E007E00FFC01FC01C00FE00F26
:10D68000FC01FC01C00FE00FFC01FC00C00FE00F2B
:10D69000FC01FE00801FE00FFC01FE00801FE00F78
:10D6A000FC017E00801FE00FFC017F00003FE00FC7
:10D6B000FC017F00003FE00FFC013F00003FE00F56
:10D6C000FC013F0000FEE00FFC013F0000FEE00F08
:10D6D000FC011F0000FCE00FFC011F0000FCE00F3C
:10D6E000FC010F0000FCE00FFC010F0000F8E00F50
:10D6F000FC010F0000F8E00FFC01070000F8E00F4C
:10D70000FC01070000F0E00FFC01070000F0E00F53
:10D71000FC01030000F0E00F00000000000000002A
:10D7200000000000000000000000000000000000F9
:10D7300000000000000000000000000000000000E9
:10D7400000000000000000000000000000000000D9
:10D7500000000000000000000000000000000000C9
:10D7600000000000000000000000000000000000B9
:10D7700000000000000000000000000000000000A9
:10D780000000000000000000000000000000000099
:10D790000000000000000000000000000000000089
:10D7A0000000000000000000000000000000000079
:10D7B0000000000000000000000000000000000069
:10D7C00000000000FF0100007F00FF0100007F005B
:10D7D000FF0100807F00FF0100807F00FF0100C08B
:10D7E0007F00FF0100E07F00FF0100E07F00FF01FC
:10D7F00000F07F00FF0100F07F00FB0100F87F00D8
:10D80000FB0100FC7F00F90100FC7F00F90100FE34
:10D810007F00F80100FE7F00FC01007F7F00FC011B
:10D82000007F7F00FC01803F7F00FC01C03F7F0044
:10D83000FC01C01F7F00FC01E01F7F00FC01E00F26
:10D840007F00FC01F0077F00FC01F8077F00FC016E
:10D85000F8037F00FC01FC037F00FC01FC017F005A
:10D86000FC01FE007F00FC01FF007F00FC017F0047
:10D870007F00FC017F007F80FC013F007F80FC0176
:10D880003F007FC0FC011F007FC0FC010F007FE054
:10D89000FC010F007FF0FC0107007FF0FC01070096
:10D8A0007FF8FC0103007FF8FC0101007FFCFC0114
:10D8B00001007FFEFC0100007FFEFC0100003FFF35
:10D8C000FC0100003F7FFC010000BF7FFC01000065
:10D8D000FF3FFC010000FF1FFC010000FF1FFC01D7
:10D8E0000000FF0FFC010000FF0FFC010000FF071C
:10D8F000FC010000FF03FC010000FF03FC0100002D
:10D90000FF01FC010000FF0100000000000000001A
:10D910000000000000000000000000000000000007
:10D9200000000000000000000000000000000000F7
:10D9300000000000000000000000000000000000E7
:10D9400000000000000000000000000000000000D7
:10D9500000000000000000000000000000000000C7
:10D9600000000000000000000000000000000000B7
:10D9700000000000000000000000000000000000A7
:10D9800000000000000000000000FF010080000017
:10D990000000FF1F00F800000000FF7F00FE0000F5
:10D9A0000100FFFF80FF00000300FFFFC0FF000039
:10D9B0000700FFFFE0FF00000F0000FFF0FF000086
:10D9C0001F0000F8F81F00003F0000F0FC070000F7
:10D9D0007F0000C0FC0300007F000080FE0100000B
:10D9E000FF000000FF000000FF000000FF0000003B
:10D9F000FE0100007F000000FE0100007F000080AB
:10DA0000FC0100003F000080FC0300003F0000C05C
:10DA1000FC0300003F0000C0F80300001F0000C02E
:10DA2000F80300001F0000C0F80300001F0000C042
:10DA3000F80700001F0000E0F80700001F0000E0EA
:10DA4000F80700001F0000E0F00700000F0000E0F2
:10DA5000F00700000F0000E0F00700000F0000E0FA
:10DA6000F00700000F0000E0F00700000F0000E0EA
:10DA7000F00700000F0000E0F00700000F0000E0DA
:10DA8000F00700000F0000E0F00700001F0000E0BA
:10DA9000F80700001F0000E0F80700001F0000E08A
:10DAA000F80300001F0000C0F80300001F0000C0C2
:10DAB000F80300001F0000C0FC0300003F0000C08E
:10DAC000FC0300003F0000C0FC0100003F0000809C
:10DAD000FE0100007F000080FE0100007F000000CA
:10DAE000FF000000FF000000FF000000FF0000003A
:10DAF0007F000080FE0100007F0000C0FC030000EA
:10DB00003F0000E0FC0700001F0000F8F81F0000C5
:10DB10000F0000FFF0FF00000700FFFFE0FF000024
:10DB20000300FFFFC0FF00000100FFFF80FF0000B7
:10DB30000000FF7F00FE00000000FF1F00F8000053
:10DB40000000FF0100800000000000000000000055
:10DB500000000000000000000000000000000000C5
:10DB600000000000000000000000000000000000B5
:10DB700000000000000000000000000000000000A5
:10DB80000000000000000000000000000000000095
:10DB90000000000000000000000000000000000085
:10DBA0000000000000000000000000000000000075
:10DBB0000000000000000000000000000000000065
:10DBC0000000000000000000000000000000000055
:10DBD0000000000000000000000000000000000045
:10DBE000000000000000000000000000FF01C0FF76
:10DBF0000000FF01FCFF0000FF01FFFF0000FF012C
:10DC0000FFFF00C0FF01FFFF00E0FF01FFFF00F08A
:10DC1000FC017F0000F8FC011F0000F8FC01070078
:10DC200000FCFC01030000FCFC01030000FCFC0103
:10DC3000010000FEFC01010000FEFC01010000FEED
:10DC4000FC01000000FEFC01000000FEFC010000E1
:10DC500000FEFC01000000FEFC01000000FEFC01D3
:10DC6000010000FEFC01010000FCFC01010000FCC1
:10DC7000FC01030000FCFC01030000FCFC010700A8
:10DC800000F8FC011F0000F0FC01FF0000F0FF01A4
:10DC9000FFFF00E0FF01FFFF00C0FF01FFFF00806A
:10DCA000FF01FEFF0000FF01F8FF0000FF0180FF01
:10DCB0000000FC0100000000FC0100000000FC016D
:10DCC00000000000FC0100000000FC01000000005A
:10DCD000FC0100000000FC0100000000FC0100004D
:10DCE0000000FC0100000000FC0100000000FC013D
:10DCF00000000000FC0100000000FC01000000002A
:10DD0000FC0100000000FC0100000000FC0100001C
:10DD10000000FC0100000000FC0100000000FC010C
:10DD200000000000FC0100000000FC0100000000F9
:10DD300000000000000000000000000000000000E3
:10DD400000000000000000000000000000000000D3
:10DD500000000000000000000000000000000000C3
:10DD600000000000000000000000000000000000B3
:10DD700000000000000000000000000000000000A3
:10DD80000000000000000000000000000000000093
:10DD90000000000000000000000000000000000083
:10DDA0000000000000000000000000000000000073
:10DDB0000000FF01008000000000FF1F00F80000CD
:10DDC0000000FF7F00FE00000100FFFF80FF000059
:10DDD0000300FFFFC0FF00000700FFFFE0FF00009F
:10DDE0000F0000FFF0FF00001F0000F8F81F000008
:10DDF0003F0000F0FC0700007F0000C0FC030000B3
:10DE00007F000080FE010000FF000000FF00000016
:10DE1000FF000000FF000000FE0100007F00000086
:10DE2000FE0100007F000080FC0100003F00008038
:10DE3000FC0300003F0000C0FC0300003F0000C0E6
:10DE4000F80300001F0000C0F80300001F0000C01E
:10DE5000F80300001F0000C0F80700001F0000E0EA
:10DE6000F80700001F0000E0F80700001F0000E0B6
:10DE7000F00700000F0000E0F00700000F0000E0D6
:10DE8000F00700000F0000E0F00700000F0000E0C6
:10DE9000F00700000F0000E0F00700000F0000E0B6
:10DEA000F00700000F0000E0F00700000F0000E0A6
:10DEB000F00700001F0000E0F80700001F0000E06E
:10DEC000F80700001F0000E0F80300001F0000C07A
:10DED000F80300001F0000C0F80300001F0000C08E
:10DEE000FC0300003F0000C0FC0300003F00008076
:10DEF000FC0100003F000080FE0100007F00008068
:10DF0000FE0100007F000000FF000000FF00000095
:10DF1000FF000000FF0000007F000080FE01000005
:10DF20007F0000C0FC0300003F0000E0FC07000091
:10DF30001F0000F8F81F00000F0000FFF0FF0000B6
:10DF40000700FFFFE0FF00000300FFFFC0FF00002D
:10DF50000100FFFF80FF00000000FF7F00FE0000C7
:10DF60000000FF1F00F800000000FF0100FC00009F
:10DF70000000010000FC00000000000000FE0000A6
:10DF80000000000000FF000000000000807F000093
:10DF900000000000C07F000000000000E03F000023
:10DFA00000000000F01F000000000000F81F00004B
:10DFB00000000000FC0F000000000000FE07000051
:10DFC00000000000FC03000000000000F801000059
:10DFD00000000000700000000000000020000000B1
:10DFE0000000000000000000000000000000000031
:10DFF0000000000000000000000000000000000021
:10E000000000000000000000000000000000000010
:10E0100000000000FF01E0FF0000FF01FEFF000024
:10E02000FF01FFFF0080FF01FFFF00E0FF01FFFF96
:10E0300000F0FF01FFFF00F8FC013F0000FCFC01C5
:10E040000F0000FCFC01030000FEFC01010000FECB
:10E05000FC01000000FEFC01000000FFFC010000CC
:10E0600000FFFC010000007FFC010000007FFC01BC
:10E070000000007FFC010000007FFC010000007F29
:10E08000FC01000000FFFC01000000FFFC0100009B
:10E0900000FEFC01010000FEFC01010000FCFC018F
:10E0A000030000FCFC010F0000F8FC013F0000F041
:10E0B000FF01FFFF00E0FF01FFFF00C0FF01FFFFC6
:10E0C0000080FF01FEFF0000FF01F8FF0000FF01DC
:10E0D000FCFF0000FC01FE010000FC01FE0000004E
:10E0E000FC01FF000000FC017F000080FC017F00BC
:10E0F0000080FC013F0000C0FC011F0000C0FC01CB
:10E100001F0000E0FC010F0000F0FC010F0000F018
:10E11000FC01070000F8FC01030000FCFC01030007
:10E1200000FCFC01010000FEFC01000000FEFC01FF
:10E13000000000FFFC010000807FFC010000807FE8
:10E14000FC010000C03FFC010000E01FFC010000DA
:10E15000E01FFC010000F00F0000000000000000C4
:10E1600000000000000000000000000000000000AF
:10E17000000000000000000000000000000000009F
:10E18000000000000000000000000000000000008F
:10E19000000000000000000000000000000000007F
:10E1A000000000000000000000000000000000006F
:10E1B000000000000000000000000000000000005F
:10E1C000000000000000000000000000000000004F
:10E1D0000000000000000100C0FF00000F00F8FF79
:10E1E00000001F00FFFF00007F00FFFF0080FF0016
:10E1F000FFFF0080FF01FFFF0000FF01FF80000024
:10E20000FE030E000000FC0302000000F803000003
:10E210000000F80700000000F00700000000F00711
:10E2200000000000F00700000000F0070000000000
:10E23000F00700000000F00700000000F0070000F9
:10E240000000F80700000000F80300000000FC03D5
:10E2500000000000FE0300000000FF01008000003D
:10E26000FF0000E00000FF0000F800007F0000FE5B
:10E2700000003F0080FF00000F00E0FF00000700EB
:10E28000F0FF00000100F8FF00000000FC7F00002C
:10E290000000FE1F00000000FF0700000000FF015B
:10E2A00000800000FF00008000007F000080000070
:10E2B0003F0000C000003F0000C000001F0000C081
:10E2C00000001F0000C000001F0000C000001F0071
:10E2D00000C000001F0000C000001F0000C00000C0
:10E2E0001F0000C000003F00008000003F000080D1
:10E2F000000C7F000080000FFF000000F00FFF0700
:10E300000000FF0FFEFF0000FF0FFCFF0000FF0FEB
:10E31000F8FF0000FF0FE0FF0000FF0180FF00009A
:10E320001F0000FC000000000000000000000000D2
:10E3300000000000000000000000000000000000DD
:10E3400000000000000000000000000000000000CD
:10E3500000000000000000000000000000000000BD
:10E3600000000000000000000000000000000000AD
:10E37000000000000000000000000000000000009D
:10E38000000000000000000000000000000000008D
:10E39000000000000000000000000000000000007D
:10E3A00000000000FF7FFFFF00FCFF7FFFFF00FC7D
:10E3B000FF7FFFFF00FCFF7FFFFF00FCFF7FFFFFF1
:10E3C00000FCFF7FFFFF00FC000000FE00000000DB
:10E3D00000FE0000000000FE0000000000FE000043
:10E3E000000000FE0000000000FE0000000000FE33
:10E3F0000000000000FE0000000000FE0000000021
:10E4000000FE0000000000FE0000000000FE000012
:10E41000000000FE0000000000FE0000000000FE02
:10E420000000000000FE0000000000FE00000000F0
:10E4300000FE0000000000FE0000000000FE0000E2
:10E44000000000FE0000000000FE0000000000FED2
:10E450000000000000FE0000000000FE00000000C0
:10E4600000FE0000000000FE0000000000FE0000B2
:10E47000000000FE0000000000FE0000000000FEA2
:10E480000000000000FE0000000000FE0000000090
:10E4900000FE0000000000FE0000000000FE000082
:10E4A000000000FE0000000000FE0000000000FE72
:10E4B0000000000000FE0000000000FE0000000060
:10E4C00000FE0000000000FE0000000000FE000052
:10E4D000000000FE0000000000FE0000000000FE42
:10E4E0000000000000FE000000000000000000002E
:10E4F000000000000000000000000000000000001C
:10E50000000000000000000000000000000000000B
:10E5100000000000000000000000000000000000FB
:10E5200000000000000000000000000000000000EB
:10E5300000000000000000000000000000000000DB
:10E5400000000000000000000000000000000000CB
:10E5500000000000000000000000000000000000BB
:10E56000000000000000000000000000FC010000AE
:10E57000FC01FC010000FC01FC010000FC01FC01AD
:10E580000000FC01FC010000FC01FC010000FC019A
:10E59000FC010000FC01FC010000FC01FC0100008A
:10E5A000FC01FC010000FC01FC010000FC01FC017D
:10E5B0000000FC01FC010000FC01FC010000FC016A
:10E5C000FC010000FC01FC010000FC01FC0100005A
:10E5D000FC01FC010000FC01FC010000FC01FC014D
:10E5E0000000FC01FC010000FC01FC010000FC013A
:10E5F000FC010000FC01FC010000FC01FC0100002A
:10E60000FC01FC010000FC01FC010000FC01FC011C
:10E610000000FC01FC010000FC01FC010000FC0109
:10E62000FC010000FC01FC010000FC01FC010000F9
:10E63000FC01FC010000FC01FC010000FC01FC01EC
:10E640000000FC01FC010000FC01FC010000FC01D9
:10E65000FC010000FC01FC010000FC01FC000000CA
:10E66000F803FE000000F803FE000000F803FF00BE
:10E670000000F8077F000000F0077F000080F00F27
:10E680003F0000C0E01F3F0000F0E07F1F0003FEDE
:10E69000C0FF0F00FFFF80FF0700FFFF00FF030028
:10E6A000FFFF00FE0000FFFF00F80000FF3F00E05A
:10E6B0000000FF0700000000000000000000000054
:10E6C000000000000000000000000000000000004A
:10E6D000000000000000000000000000000000003A
:10E6E000000000000000000000000000000000002A
:10E6F000000000000000000000000000000000001A
:10E700000000000000000000000000000000000009
:10E7100000000000000000000000000000000000F9
:10E7200000000000000000000000000000000000E9
:10E730000000000000FE0000E00F00FF0000E01FEE
:10E74000007F0000C01F007F0000C01F807F00000E
:10E75000C03F803F0000803F803F0000803F803FFF
:10E760000000807FC01F0000007FC01F0000007FEE
:10E77000C01F0000007FE00F000000FEE00F00005F
:10E7800000FEE00F000000FEF007010000FCF007B3
:10E79000010000FCF007010000FCF803030000F892
:10E7A000F803030000F8F803030000F8FC01070079
:10E7B00000F0FC01070000F0FC01070000F0FE0083
:10E7C0000F0000E0FE000F0000E0FE000F0000E080
:10E7D0007F001F0000C07F001F0000C07F001F00DF
:10E7E00000C03F003F8000803F003F8000803F002E
:10E7F0003F8000801F007FC000001F007FC000001E
:10E800001F007FC000000F00FEE000000F00FEE0D0
:10E8100000000F00FEE000000700FCE00000070021
:10E82000FCF100000700FCF100000300F8F100001B
:10E830000300F8F300000300F8FB00000100F0FB08
:10E8400000000100F0FB00000000F0FF00000000ED
:10E85000E0FF00000000E0FF00000000E07F00009B
:10E860000000C07F00000000C07F00000000C03F2B
:10E8700000000000803F00000000000000000000D9
:10E880000000000000000000000000000000000088
:10E890000000000000000000000000000000000078
:10E8A0000000000000000000000000000000000068
:10E8B0000000000000000000000000000000000058
:10E8C0000000000000000000000000000000000048
:10E8D0000000000000000000000000000000000038
:10E8E0000000000000000000000000000000000028
:10E8F0000000000000000000000000000000000018
:10E9000000000000007F030000F81F0000C0007F2F
:10E91000070000FC1F0000C0807F070000FC3F00D4
:10E9200000C0803F070000FC3F000080803F0700E0
:10E9300000FC3F000080803F0F0000FE3F00008091
:10E94000C03F0F0000FE7F000080C01F0F0000FED0
:10E950007F000000C01F0F0000BE7F000000C01F2E
:10E960001F0000BF7F000000E00F1F0000BFFF007E
:10E970000000E00F1F0000BFFE000000E00F1F00BE
:10E98000009FFE000000E00F3F00801FFE0000001F
:10E99000F0073F00801FFE010000F0073F00801FCE
:10E9A000FC010000F0073F00C01FFC010000F80759
:10E9B0007E00C00FFC010000F8037E00C00FFC01C8
:10E9C0000000F8037E00C00FF8030000F8037E008B
:10E9D000E007F8030000FC03FC00E007F803000078
:10E9E000FC01FC00E007F8030000FC01FC00E0076C
:10E9F000F0070000FC01FC00F003F0070000FE003F
:10EA0000F801F003F0070000FE00F801F003F00742
:10EA10000000FE00F801F003E00F0000FE00F80126
:10EA2000F801E00F00007F00F003F801E00F0000A4
:10EA30007F00F003F801E00F00007F00F003FC010D
:10EA4000C00F00007F00F007FC00C01F00003F0067
:10EA5000E087FC00C01F00003F00E087FC00801F33
:10EA600000003F00E0877E00801F00001F00E0875D
:10EA70007E00801F00001F00C08F7E00803F0000CE
:10EA80001F00C0CF7E00003F00001F00C0CF3F002E
:10EA9000003F00000F00C0CF3F00003F00000F000C
:10EAA00080CF3F00003F00000F0080CF3F00007E7E
:10EAB00000000F0080FF1F00007E0000070080FFA5
:10EAC0001F0000FE0000070000FF1F0000FE000006
:10EAD000070000FF1F0000FC0000070000FF0F0000
:10EAE00000FC0000030000FF0F0000FC000003001A
:10EAF00000FE0F0000FC0000030000FE070000F80D
:10EB00000000010000FE070000F80000010000FE08
:10EB1000070000F80000010000FC070000F80000FA
:10EB200000000000000000000000000000000000E5
:10EB300000000000000000000000000000000000D5
:10EB400000000000000000000000000000000000C5
:10EB500000000000000000000000000000000000B5
:10EB600000000000000000000000000000000000A5
:10EB70000000000000000000000000000000000095
:10EB80000000000000000000000000000000000085
:10EB90000000000000000000000000000000000075
:10EBA0000000000000000000000000000000000065
:10EBB0000000000000000000000000000000000055
:10EBC0000000000000000000000000000000000045
:10EBD0000000000000000000000000000000000035
:10EBE0000000000000000000000000000000000025
:10EBF00000000000007F0000803F803F0000007F99
:10EC0000C03F0000007FC01F000000FEE00F0100B9
:10EC100000FCF00F010000FCF007030000F8F8030F
:10EC2000070000F8F803070000F0FC010F0000E007
:10EC3000FE010F0000E0FE001F0000C07F003F004B
:10EC400000807F003F8000803F007F8000001F0029
:10EC5000FEC000001F00FEE000000F00FCE100000D
:10EC60000700FCF100000700F8F300000300F0FFCC
:10EC700000000100F0FF00000100E0FF00000000C4
:10EC8000C0FF00000000C0FF00000000807F000007
:10EC90000000C07F00000000C0FF00000000E0FF97
:10ECA00000000100E0FF00000300F0FF000003008F
:10ECB000F8F300000700F8F300000F00FCE100008B
:10ECC0000F00FCE100001F00FEC000001F00FF80DD
:10ECD00000003F007F8000007F003F0000807F0039
:10ECE0003F000080FE001F0000C0FC011F0000E08C
:10ECF000FC010F0000E0F8030F0000F0F80307002C
:10ED000000F0F007030000F8E00F030000FCE00F44
:10ED1000010000FCC01F010000FE801F000000FF7A
:10ED2000803F000000FF007F0000807F007F000028
:10ED3000803F00FE0000C03F000000000000000017
:10ED400000000000000000000000000000000000C3
:10ED500000000000000000000000000000000000B3
:10ED600000000000000000000000000000000000A3
:10ED70000000000000000000000000000000000093
:10ED80000000000000000000000000000000000083
:10ED90000000000000000000000000000000000073
:10EDA0000000000000000000000000000000000063
:10EDB00000000000000000000000000000FF000054
:10EDC000007F007F000000FF007F000000FE803F0A
:10EDD000010000FE803F010000FCC01F030000FC9A
:10EDE000C01F030000F8E00F070000F8E00F070065
:10EDF00000F0F0070F0000F0F0070F0000E0F8034C
:10EE00000F0000E0F8031F0000C0FC011F0000C05D
:10EE1000FC013F000080FE003F000080FE007F00FC
:10EE200000007F007F0000007F00FE0000003F0028
:10EE3000FE8000003F00FC8000001F00FCC10000BD
:10EE40001F00F8C100000F00F8E300000F00F0E31E
:10EE500000000700F0F700000700E0F700000300E3
:10EE6000E0FF00000100C0FF00000100C0FF000043
:10EE7000000080FF0000000080FF00000000007F15
:10EE800000000000007F00000000007F0000000084
:10EE9000007F00000000007F00000000007F0000F5
:10EEA0000000007F00000000007F00000000007FE5
:10EEB00000000000007F00000000007F0000000054
:10EEC000007F00000000007F00000000007F0000C5
:10EED0000000007F00000000007F00000000007FB5
:10EEE00000000000007F00000000007F0000000024
:10EEF000007F00000000007F00000000007F000095
:10EF00000000000000000000000000000000000001
:10EF100000000000000000000000000000000000F1
:10EF200000000000000000000000000000000000E1
:10EF300000000000000000000000000000000000D1
:10EF400000000000000000000000000000000000C1
:10EF500000000000000000000000000000000000B1
:10EF600000000000000000000000000000000000A1
:10EF70000000000000000000000000000000000091
:10EF800000000000FF0FFFFF00F0FF0FFFFF00F089
:10EF9000FF0FFFFF00F0FF0FFFFF00F0FF0FFFFF6D
:10EFA00000F0FF0FFFFF00F000000F0000E0000086
:10EFB0001F0000E000001F0000C000003F0000C074
:10EFC00000003F00008000007F0000000000FF0004
:10EFD00000000000FE0000000000FE010000000034
:10EFE000FC0100000000F80300000000F80700002A
:10EFF0000000F00700000000F00F00000000E00F2C
:10F0000000000000C01F00000000C01F0000000042
:10F01000803F00000000807F00000000007F0000B3
:10F02000000000FE0000000000FE0000010000FCE7
:10F030000000030000FC0000030000F800000700CF
:10F0400000F80000070000F000000F0000E00000E2
:10F050001F0000E000001F0000C000003F0000C0D3
:10F0600000003F00008000007F0000000000FF0063
:10F0700000000000FE0000000000FE010000000093
:10F08000FC0100000000F80300000000F807000089
:10F090000000F00700000000F00F00000000E00F8B
:10F0A00000000000FF1FFFFF00F8FF1FFFFF00F838
:10F0B000FF1FFFFF00F8FF1FFFFF00F8FF1FFFFF0C
:10F0C00000F8FF1FFFFF00F8000000000000000034
:10F0D0000000000000000000000000000000000030
:10F0E0000000000000000000000000000000000020
:10F0F0000000000000000000000000000000000010
:10F1000000000000000000000000000000000000FF
:10F1100000000000000000000000000000000000EF
:10F1200000000000000000000000000000000000DF
:10F1300000000000000000000000000000000000CF
:10F140000000000000000000FF0300F8FF0300F8CB
:10F15000FF0300F8FF0300F8FF0300F8FF0300F8C7
:10F16000F8030000F8030000F8030000F8030000B3
:10F17000F8030000F8030000F8030000F8030000A3
:10F18000F8030000F8030000F8030000F803000093
:10F19000F8030000F8030000F8030000F803000083
:10F1A000F8030000F8030000F8030000F803000073
:10F1B000F8030000F8030000F8030000F803000063
:10F1C000F8030000F8030000F8030000F803000053
:10F1D000F8030000F8030000F8030000F803000043
:10F1E000F8030000F8030000F8030000F803000033
:10F1F000F8030000F8030000F8030000F803000023
:10F20000F8030000F8030000F8030000F803000012
:10F21000F8030000F8030000F8030000F803000002
:10F22000F8030000F8030000F8030000F8030000F2
:10F23000F8030000F8030000FF0300F8FF0300F8E4
:10F24000FF0300F8FF0300F8FF0300F8FF0300F8D6
:10F2500000000000000000000000000000000000AE
:10F26000000000000000000000000000000000009E
:10F270000000000000000000007F0000007F000090
:10F28000003F0000803F0000803F0000801F000022
:10F29000C01F0000C00F0000E00F0000E00F0000E2
:10F2A000E0070000F0070000F0070000F003000096
:10F2B000F8030000F8010000FC010000FC01000060
:10F2C000FC000000FE000000FE0000007E000000C8
:10F2D0007F0000003F0000003F0000803F000080F2
:10F2E0001F0000801F0000C01F0000C00F0000C0F2
:10F2F0000F0000E0070000E0070000E0070000F05A
:10F30000030000F0030000F8030000F8010000F81B
:10F31000010000FC000000FC000000FC000000FEFA
:10F320000000007E0000007F0000007F0000003F22
:10F330000000803F0000801F0000801F0000C01FF1
:10F340000000C00F0000E00F0000E00F0000E00729
:10F3500000000000000000000000000000000000AD
:10F36000000000000000000000000000000000009D
:10F37000000000000000000000000000000000008D
:10F38000000000000000000000000000000000007D
:10F39000000000000000000000000000000000006D
:10F3A0000000000000000000FF3F0080FF3F0080E1
:10F3B000FF3F0080FF3F0080FF3F0080FF3F008055
:10F3C0003F0000803F0000803F0000803F00008041
:10F3D0003F0000803F0000803F0000803F00008031
:10F3E0003F0000803F0000803F0000803F00008021
:10F3F0003F0000803F0000803F0000803F00008011
:10F400003F0000803F0000803F0000803F00008000
:10F410003F0000803F0000803F0000803F000080F0
:10F420003F0000803F0000803F0000803F000080E0
:10F430003F0000803F0000803F0000803F000080D0
:10F440003F0000803F0000803F0000803F000080C0
:10F450003F0000803F0000803F0000803F000080B0
:10F460003F0000803F0000803F0000803F000080A0
:10F470003F0000803F0000803F0000803F00008090
:10F480003F0000803F0000803F0000803F00008080
:10F490003F0000803F000080FF3F0080FF3F008072
:10F4A000FF3F0080FF3F0080FF3F0080FF3F008064
:10F4B000000000000000000000000000000000004C
:10F4C000000000000000000000000000000000003C
:10F4D0000000000000000000000000000000003CF0
:10F4E00000000000003E00000000007E0000000060
:10F4F000007F0000000000FF0000000080FF00000F
:10F50000010080FF00000100C0FF00000300C0F701
:10F5100000000300E0E700000700E0E30000070050
:10F52000E0C300000F00F0C100000F00F0810000F8
:10F530001F00F88000001F00F80000003F00FC00E2
:10F5400000003E007C0000007E007E0000007C0089
:10F550003E000000FC003F000000FC001F00000017
:10F56000F8001F000080F8010F000080F0010F007C
:10F5700000C0F0030F0000C0E003070000C0E00778
:10F58000070000E0C007030000E0C00F030000F028
:10F59000800F010000F0801F010000F8001F000034
:10F5A00000F8003F000000FC000000000000000028
:10F5B000000000000000000000000000000000004B
:10F5C000000000000000000000000000000000003B
:10F5D000000000000000000000000000000000002B
:10F5E000000000000000000000000000000000001B
:10F5F000000000000000000000000000000000000B
:10F6000000000000000000000000000000000000FA
:10F6100000000000000000000000000000000000EA
:10F6200000000000000000000000000000000000DA
:10F6300000000000000000000000000000000000CA
:10F6400000000000000000000000000000000000BA
:10F6500000000000000000000000000000000000AA
:10F66000000000000000000000000000000000009A
:10F67000000000000000000000000000000000008A
:10F68000000000000000000000000000000000007A
:10F69000000000000000000000000000000000006A
:10F6A000000000000000000000000000000000005A
:10F6B000000000000000000000000000000000004A
:10F6C000000000000000000000000000000000003A
:10F6D000000000000000000000000000000000002A
:10F6E000000000000000000000000000000000001A
:10F6F000000000000000000000000000000000000A
:10F7000000000000000000000000000000000000F9
:10F7100000000000000000000000000000000000E9
:10F7200000000000000000000000000000000000D9
:10F7300000000000000000000000000000000000C9
:10F7400000000000000000000000000000000000B9
:10F7500000000000000000000000000000000000A9
:10F760000000000000000000000000000000000099
:10F770000000000000000000000000000000000089
:10F780000000000000000000000000000000000079
:10F790000000000000000000FFFFFEFFFFFFFEFF73
:10F7A000FFFFFEFFFFFFFEFFFFFFFEFF0000000068
:10F7B0000000000000000000000000000000000049
:10F7C0000000000000000000010000FF010000FF39
:10F7D000000080FF0000807F0000C03F0000C01FCD
:10F7E0000000E00F0000F0070000F0030000F80147
:10F7F0000000FC0000007C00000000000000000091
:10F8000000000000000000000000000000000000F8
:10F8100000000000000000000000000000000000E8
:10F8200000000000000000000000000000000000D8
:10F8300000000000000000000000000000000000C8
:10F8400000000000000000000000000000000000B8
:10F8500000000000000000000000000000000000A8
:10F860000000000000000000000000000000000098
:10F870000000000000000000000000000000000088
:10F880000000000000000000000000000000000078
:10F890000000000000000000000000000000000068
:10F8A0000000000000000000000000000000000058
:10F8B0000000000000000000000000000000000048
:10F8C0000000000000000000000000000000000038
:10F8D0000000000000000000000000000000000028
:10F8E0000000000000000000000000000000000018
:10F8F0000000000000000000000000000000000008
:10F9000000000000000000000000000000000000F7
:10F9100000000000000000000000000000000000E7
:10F9200000000000000000000000000000000000D7
:10F9300000000000000000000000000000000000C7
:10F94000000000000000000000000000010080FF37
:10F9500000000F00F0FF00007F00FCFF0000FF012F
:10F96000FEFF0000FF01FFFF0000FF00FFFF00009F
:10F97000FC00FF00008070007F00008040003F001E
:10F98000008000001F0000C000001F0000C0000039
:10F990001F0000C000001F0000C000001F0000C0CA
:10F9A00000001F0000C000001F0000C000001F007A
:10F9B00000C00000FF3F00C00700FFFF00C03F0085
:10F9C000FFFF00C07F00FFFF00C0FF01FFFF00C07E
:10F9D000FF011FC000C0FE031F0000C0F8071F008A
:10F9E00000C0F0071F0000C0F0071F0000C0E00FBC
:10F9F0001F0000C0E00F1F0000C0E00F1F0000C08C
:10FA0000E00F1F0000C0E00F3F0000C0E00F3F000C
:10FA100000C0E00F7F0000C0F00FFF0000C0F00743
:10FA2000FF0100C0FC07FF0300C0FF07EFFF00C09D
:10FA3000FF03CFFF00C0FF018FFF00C0FF0007FFE3
:10FA400000C07F0007FC00C00F0000F000000000B5
:10FA500000000000000000000000000000000000A6
:10FA60000000000000000000000000000000000096
:10FA70000000000000000000000000000000000086
:10FA80000000000000000000000000000000000076
:10FA90000000000000000000000000000000000066
:10FAA0000000000000000000000000000000000056
:10FAB0000000000000000000000000000000000046
:10FAC000F80300000000F80300000000F803000045
:10FAD0000000F80300000000F80300000000F80335
:10FAE00000000000F80300000000F8030000000020
:10FAF000F80300000000F80300000000F803000015
:10FB00000000F80300000000F80300000000F80304
:10FB100000000000F80300000000F80300000000EF
:10FB2000F803F8070000F803FF3F0000F803FFFFA9
:10FB30000080F903FFFF00E0FB03FFFF00F0F70385
:10FB4000FFFF00F8FF030FE000F8FF03038000FC55
:10FB5000FF03010000FCFE03000000FEFE030000A6
:10FB600000FEFC03000000FFFC030000007FF80320
:10FB70000000007FF8030000007FF8030000803FD2
:10FB8000F8030000803FF8030000803FF803000006
:10FB9000803FF8030000803FF8030000803FF80337
:10FBA0000000803FF8030000803FF8030000803F22
:10FBB000F8030000803FF8030000803FF8030000D6
:10FBC000803FF8030000803FF8030000007FFC0343
:10FBD0000000007FFC030000007FFC03000000FF2A
:10FBE000FE03000000FEFE03010000FEFF03010013
:10FBF00000FCFF03038000FCFF030FE000F8F703A5
:10FC0000FFFF00F8F303FFFF00F0F103FFFF00E048
:10FC1000E003FFFF0080E003FF3F00000000F80763
:10FC200000000000000000000000000000000000D4
:10FC300000000000000000000000000000000000C4
:10FC400000000000000000000000000000000000B4
:10FC500000000000000000000000000000000000A4
:10FC60000000000000000000000000000000000094
:10FC70000000000000000000000000000000000084
:10FC80000000000000000000000000000000000074
:10FC90000000000000000000000000000000000064
:10FCA0000000000000000000000000000000000054
:10FCB0000000000000000000000000000000000044
:10FCC0000000E07F0300FCFF0F00FFFF1F00FFFFAD
:10FCD0003F00FEFF7F00FEFFFF003EC0FF0104006B
:10FCE000FE010000FC030000F8030000F80700001C
:10FCF000F0070000F0070000F0070000E00F000030
:10FD0000E00F0000E00F0000E00F0000E00F000037
:10FD1000E00F0000E00F0000E00F0000E00F000027
:10FD2000E00F0000E00F0000E00F0000E00F000017
:10FD3000F0070000F0070000F0070000F8070000DF
:10FD4000F8030000FC030000FE010000FF010200B8
:10FD5000FF001EC07F00FEFF3F00FEFF1F00FEFFF2
:10FD60000F00FEFF0300FCFF0000E07F000000002A
:10FD70000000000000000000000000000000000083
:10FD80000000000000000000000000000000000073
:10FD90000000000000000000000000000000000063
:10FDA0000000000000000000000000000000000053
:10FDB00000000000000000000000000000FE000045
:10FDC000000000FE0000000000FE0000000000FE39
:10FDD0000000000000FE0000000000FE0000000027
:10FDE00000FE0000000000FE0000000000FE000019
:10FDF000000000FE0000000000FE0000000000FE09
:10FE00000000000000FE0000000000FE00000000F6
:10FE100000FE0000000000FE000000FF00FE0700E2
:10FE2000E0FF00FE0F00F8FF00FE3F00FCFF00FEB9
:10FE30007F00FEFF007EFF00FFFF007EFF003F808F
:10FE400000FEFE010F0000FEFC01070000FEFC03A7
:10FE5000030000FEF803030000FEF807010000FEA7
:10FE6000F007010000FEF007010000FEF0070000AF
:10FE700000FEE00F000000FEE00F000000FEE00FBB
:10FE8000000000FEE00F000000FEE00F000000FE9A
:10FE9000E00F000000FEE00F000000FEE00F000099
:10FEA00000FEE00F000000FEE00F000000FEE00F8B
:10FEB000000000FEE00F000000FEE00F000000FE6A
:10FEC000F007000000FEF007000000FEF007010050
:10FED00000FEF007010000FEF803030000FEF80337
:10FEE000030000FEFC01070000FEFE010F0000FE03
:10FEF000FF003F8000FEFF00FFFF007E7F00FEFF4F
:10FF0000007E3F00FCFF007E0F00F8FF007E070030
:10FF1000E0FF007E000000FF000000000000000085
:10FF200000000000000000000000000000000000D1
:10FF300000000000000000000000000000000000C1
:10FF400000000000000000000000000000000000B1
:10FF500000000000000000000000000000000000A1
:10FF60000000000000000000000000000000000091
:10FF70000000000000000000000000000000000081
:10FF80000000000000000000000000000000000071
:10FF90000000000000000000000000000000000061
:10FFA0000000000000000000000000000000000051
:10FFB0000000000000000000000000000000000041
:10FFC0000000000000000000000000000000000031
:10FFD000000000000000807F00000300F0FF000030
:10FFE0000F00FCFF00001F00FEFF00003F00FFFFAE
:10FFF00000007F00FFFF0080FF007F8000C0FE0048
:020000024000BC
:100000001F0000C0FC010F0000E0F8030F0000E03B
:10001000F803070000F0F003070000F0F00703000A
:1000200000F0F007030000F8E007030000F8E00725
:10003000030000F8E00F030000F8FF0FFFFF00F8D7
:10004000FF0FFFFF00F8FF0FFFFF00F8FF0FFFFF9C
:1000500000F8FF0FFFFF00F8FF0FFFFF00F8E00FB1
:1000600000000000E00F00000000E00F00000000B2
:10007000E00F00000000E00F00000000F0070000AB
:100080000000F00700000000F00700000000F80387
:1000900000000000F80300000000FC030000000066
:1000A000FE0100000000FF00000000E0FF0007C0AC
:1000B00000E07F00FFFF00E03F00FFFF00E01F00C7
:1000C000FFFF00E00700FFFF00E00100FFFF00006E
:1000D0000000F03F000000000000000000000000F1
:1000E0000000000000000000000000000000000010
:1000F0000000000000000000000000000000000000
:1001000000000000000000000000000000000000EF
:1001100000000000000000000000000000000000DF
:1001200000000000000000000000000000000000CF
:1001300000000000000000000000000000000000BF
:100140000000000000000000000080FF0700F0FF3A
:100150000F00F0FF1F00E0FF3F00E0FF3F00E0FF67
:100160007F0000807F0000007F000000FE00000094
:10017000FE000000FE000000FE000000FE00000087
:10018000FE000000FE000000FE000000FE00000077
:10019000FF0300FFFF1F00FFFF7F00FFFF7F00FF47
:1001A000FF7F00FFFE000000FE000000FE000000D8
:1001B000FE000000FE000000FE000000FE00000047
:1001C000FE000000FE000000FE000000FE00000037
:1001D000FE000000FE000000FE000000FE00000027
:1001E000FE000000FE000000FE000000FE00000017
:1001F000FE000000FE000000FE000000FE00000007
:10020000FE000000FE000000FE000000FE000000F6
:10021000FE000000FE000000FE000000FE000000E6
:10022000FE000000FE000000FE000000FE000000D6
:10023000FE000000000000000000000000000000C0
:1002400000000000000000000000000000000000AE
:10025000000000000000000000000000000000009E
:10026000000000000000000000000000000000008E
:10027000000000000000000000000000000000007E
:10028000000000000000000000000000000000006E
:10029000000000000000000000000000000000005E
:1002A000000000000000000000000000000000004E
:1002B000000000000000000000000000000000003E
:1002C000000000000000000000000000030000FC2F
:1002D00000001F00FFFF00FC7F00FFFF00FCFF008D
:1002E000FFFF00FCFF01FFFF00FCFE03FF0300E037
:1002F000F803FE000000F0077F000000F0077F0019
:100300000000E0073F000000E00F3F000080E00F2A
:100310003F000080E00F3F000080E00F3F000080C2
:10032000E00F3F000080E00F3F000080E00F3F0043
:100330000080E00F3F000080F0077F000000F00722
:100340007F000000F803FF000000FC03FE01000036
:10035000FF01FCFF0000FF00F8FF00007F00F0FF3E
:1003600000001F00C0FF00003F0000FE00007E00F4
:1003700000000000F80000000000F801000000008C
:10038000F00300000000F00300000000F003000094
:100390000000F00300000000FC0300000000FF016B
:1003A000F8FF0000FF01FFFF0000FF00FFFF0080DB
:1003B0007F00FFFF00C0FF01FFFF00E0FF07FFFF1E
:1003C00000F0F00F1F0000F0C01F070000F8803F92
:1003D000030000F8003F030000F8007F010000F870
:1003E000007F010000F8007E010000F8007E03009D
:1003F00000F8007E030000F8007F030000F0007F9B
:10040000070000F0803F0F0000E0C03F3F0000E029
:10041000F01FFF0100C0FF1FFFFF0080FF0FFFFF65
:100420000000FF03FCFF0000FF00F0FF00001F00C2
:1004300000FE0000000000000000000000000000BE
:10044000F80300000000F80300000000F8030000BB
:100450000000F80300000000F80300000000F803AB
:1004600000000000F80300000000F8030000000096
:10047000F80300000000F80300000000F80300008B
:100480000000F80300000000F80300000000F8037B
:1004900000000000F80300000000F8030000000066
:1004A000F803FC070000F803FF3F0000F803FFFF1C
:1004B00000C0F903FFFF00E0FB03FFFF00F0FF03B4
:1004C000FFFF00F8FF030FE000F8FF03038000FCCC
:1004D000FF03010000FCFE03010000FCFE0300001E
:1004E00000FEFC03000000FEFC03000000FEF80319
:1004F000000000FEF803000000FEF803000000FE0C
:10050000F803000000FEF803000000FEF8030000FE
:1005100000FEF803000000FEF803000000FEF803F0
:10052000000000FEF803000000FEF803000000FEDB
:10053000F803000000FEF803000000FEF8030000CE
:1005400000FEF803000000FEF803000000FEF803C0
:10055000000000FEF803000000FEF803000000FEAB
:10056000F803000000FEF803000000FEF80300009E
:1005700000FEF803000000FEF803000000FEF80390
:10058000000000FEF803000000FEF803000000FE7B
:10059000F803000000FEF803000000FE0000000069
:1005A000000000000000000000000000000000004B
:1005B000000000000000000000000000000000003B
:1005C000000000000000000000000000000000002B
:1005D000000000000000000000000000000000001B
:1005E000000000000000000000000000000000000B
:1005F00000000000000000000000000000000000FB
:100600000000000000000000E001F803F803F80318
:10061000F807F803F803F803E00100000000000009
:100620000000000000000000F803F803F803F803DE
:10063000F803F803F803F803F803F803F803F803E2
:10064000F803F803F803F803F803F803F803F803D2
:10065000F803F803F803F803F803F803F803F803C2
:10066000F803F803F803F803F803F803F803F803B2
:10067000F803F803F803F803F80300000000000093
:10068000000000000000000000000000000000006A
:10069000000000000000000000000000000000005A
:1006A0003C007F007F007F00FF007F007F007F0015
:1006B0003C000000000000000000000000000000FE
:1006C0007F007F007F007F007F007F007F007F0032
:1006D0007F007F007F007F007F007F007F007F0022
:1006E0007F007F007F007F007F007F007F007F0012
:1006F0007F007F007F007F007F007F007F007F0002
:100700007F007F007F007F007F007F007F007F00F1
:100710007F007F007F007F007F007F007F007F00E1
:100720007F007F007E00FE00FE01FCFFFCFFF8FF63
:10073000F0FFE0FF807F0000F80300000000F803F6
:1007400000000000F80300000000F80300000000B3
:10075000F80300000000F80300000000F8030000A8
:100760000000F80300000000F80300000000F80398
:1007700000000000F80300000000F8030000000083
:10078000F80300000000F80300000000F803000078
:100790000000F80300000000F80300000000F80368
:1007A000070000F8F8030F0000F0F8031F0000E056
:1007B000F8033F0000C0F8037F000080F8037F00CB
:1007C0000000F803FF000000F803FE010000F8033A
:1007D000FC030000F803F8070000F803F00F000026
:1007E000F803E01F0000F803C01F0000F803803F7B
:1007F0000000F003007F0000F00300FF0000F103A1
:1008000000FE0000F30300FC0000F70300FC000002
:10081000F70300FE0000FF0300FF0000FF0300FFDE
:100820000000FF0380FF0000FE03C03F0000FC0348
:10083000C01F0000F803E00F0000F803F00F0000F5
:10084000F803F8070000F803F8030000F803FC03BE
:100850000000F803FE010000F803FE000000F803AA
:10086000FF000000F8037F000080F8033F0000C095
:10087000F8031F0000C0F8031F0000E0F8030F009A
:1008800000F0F803070000F0F803070000F8F80391
:10089000030000FC00000000000000000000000059
:1008A0000000000000000000000000000000000048
:1008B0000000000000000000000000000000000038
:1008C0000000000000000000000000000000000028
:1008D0000000000000000000000000000000000018
:1008E0000000000000000000000000000000000008
:1008F00000000000000000000000000000000000F8
:10090000F803F803F803F803F803F803F803F8030F
:10091000F803F803F803F803F803F803F803F803FF
:10092000F803F803F803F803F803F803F803F803EF
:10093000F803F803F803F803F803F803F803F803DF
:10094000F803F803F803F803F803F803F803F803CF
:10095000F803F803F803F803F803F803F803F803BF
:10096000F803F803F803F803F803F803F803F803AF
:10097000F803F80300000000000000000000000081
:100980000000000000000000000000000000000067
:100990000000000000000000000000000000000057
:1009A0000000000000000000000000000000000047
:1009B0000000000000000000000000000000000037
:1009C0000000000000000000000000000000000027
:1009D0000000000000000000000000000000000017
:1009E0000000000000000000000000000000000007
:1009F00000000000000000000000000000000000F7
:100A000000000000000000000000F80F070000F8E0
:100A1000F003FF3F3F0000FFF003FFFF7F8080FFF8
:100A2000F103FFFFFFC1E0FFF303FFFFFFE3E0FF80
:100A3000F703FFFFFFF3F0FFFF031FC0E0F7F80F1E
:100A4000FF030780C0FFF807FF03070080FFF803DC
:100A5000FE03030000FFF803FC03030000FEFC019B
:100A6000FC03010000FEFC01FC03010000FEFC0190
:100A7000F803010000FCFC01F803010000FCFC018C
:100A8000F803010000FCFC01F803010000FCFC017C
:100A9000F803010000FCFC01F803010000FCFC016C
:100AA000F803010000FCFC01F803010000FCFC015C
:100AB000F803010000FCFC01F803010000FCFC014C
:100AC000F803010000FCFC01F803010000FCFC013C
:100AD000F803010000FCFC01F803010000FCFC012C
:100AE000F803010000FCFC01F803010000FCFC011C
:100AF000F803010000FCFC01F803010000FCFC010C
:100B0000F803010000FCFC01F803010000FCFC01FB
:100B1000F803010000FCFC01F803010000FCFC01EB
:100B2000F803010000FCFC01F803010000FCFC01DB
:100B3000F803010000FCFC01F803010000FCFC01CB
:100B4000F803010000FCFC01F803010000FCFC01BB
:100B5000F803010000FCFC010000000000000000A0
:100B60000000000000000000000000000000000085
:100B70000000000000000000000000000000000075
:100B80000000000000000000000000000000000065
:100B90000000000000000000000000000000000055
:100BA0000000000000000000000000000000000045
:100BB0000000000000000000000000000000000035
:100BC0000000000000000000000000000000000025
:100BD0000000000000000000000000000000000015
:100BE0000000000000000000000000000000000005
:100BF00000000000000000000000000000000000F5
:100C000000000000000000000000000000000000E4
:100C100000000000000000000000000000000000D4
:100C200000000000000000000000000000000000C4
:100C300000000000000000000000000000000000B4
:100C40000000000000000000000000000000FC07A1
:100C50000000F003FF3F0000F003FFFF00C0F103BE
:100C6000FFFF00E0F303FFFF00F0F703FFFF00F8D2
:100C7000FF030FE000F8FF03038000FCFF03010007
:100C800000FCFE03010000FCFE03000000FEFC036C
:100C9000000000FEFC03000000FEF803000000FE60
:100CA000F803000000FEF803000000FEF803000057
:100CB00000FEF803000000FEF803000000FEF80349
:100CC000000000FEF803000000FEF803000000FE34
:100CD000F803000000FEF803000000FEF803000027
:100CE00000FEF803000000FEF803000000FEF80319
:100CF000000000FEF803000000FEF803000000FE04
:100D0000F803000000FEF803000000FEF8030000F6
:100D100000FEF803000000FEF803000000FEF803E8
:100D2000000000FEF803000000FEF803000000FED3
:100D3000F803000000FEF803000000FEF8030000C6
:100D400000FEF803000000FE0000000000000000AC
:100D50000000000000000000000000000000000093
:100D60000000000000000000000000000000000083
:100D70000000000000000000000000000000000073
:100D80000000000000000000000000000000000063
:100D90000000000000000000000000000000000053
:100DA0000000000000000000000000000000000043
:100DB0000000000000000000000000000000000033
:100DC0000000000000000000000000000000000023
:100DD0000000000000000000000000000000000013
:100DE0000000000000000000000000000000000003
:100DF00000000000000000000000000000000000F3
:100E000000000000000000000000000000000000E2
:100E1000000000000000C03F00000300F8FF0000D9
:100E20000F00FEFF00001F00FFFF00803F00FFFFDC
:100E300000C07F00FFFF00E0FF001F8000F0FE0108
:100E40000F0000F0FC01030000F8FC03030000F8B1
:100E5000F803010000FCF803010000FCF0070000AB
:100E600000FEF007000000FEF007000000FEE00FAB
:100E70000000007EE00F0000007FE00F0000007F18
:100E8000E00F0000007FE00F0000007FE00F000097
:100E9000007FE00F0000007FE00F0000007FE00F08
:100EA0000000007FE00F0000007FE00F0000007FE7
:100EB000E00F0000007FE0070000007EF007000068
:100EC00000FEF007000000FEF007000000FEF8033F
:100ED000010000FCF803010000FCFC03030000FC1F
:100EE000FC01030000F8FE000F0000F8FF001F8067
:100EF00000F07F00FFFF00E03F00FFFF00C01F0089
:100F0000FFFF00800700FEFF00000100FCFF000063
:100F10000000C03F000000000000000000000000D2
:100F200000000000000000000000000000000000C1
:100F300000000000000000000000000000000000B1
:100F400000000000000000000000000000000000A1
:100F50000000000000000000000000000000000091
:100F60000000000000000000000000000000000081
:100F70000000000000000000000000000000000071
:100F80000000000000000000000000000000000061
:100F90000000000000000000000000000000000051
:100FA0000000000000000000000000000000000041
:100FB0000000000000000000000000000000000031
:100FC0000000000000000000000000000000000021
:100FD0000000000000000000000000000000F80712
:100FE0000000F003FF3F0000F003FFFF0080F1036B
:100FF000FFFF00E0F303FFFF00F0F703FFFF00F83F
:10100000FF030FE000F8FF03038000FCFF03010073
:1010100000FCFE03000000FEFC03000000FEFC03D9
:10102000000000FFFC030000007FF8030000007FC9
:10103000F8030000007FF8030000803FF803000081
:10104000803FF8030000803FF8030000803FF80372
:101050000000803FF8030000803FF8030000803F5D
:10106000F8030000803FF8030000803FF803000011
:10107000803FF8030000803FF8030000803FF80342
:101080000000803FF8030000007FFC030000007FA9
:10109000FC030000007FFC03000000FFFE030000D3
:1010A00000FEFE03010000FEFF03010000FCFF0341
:1010B000038000FCFF030FE000F8F703FFFF00F8D8
:1010C000F303FFFF00F0F903FFFF00E0F803FFFF69
:1010D0000080F803FF3F0000F803F8070000F80362
:1010E00000000000F80300000000F803000000000A
:1010F000F80300000000F80300000000F8030000FF
:101100000000F80300000000F80300000000F803EE
:1011100000000000F80300000000F80300000000D9
:10112000F80300000000F80300000000F8030000CE
:101130000000F80300000000F80300000000F803BE
:10114000000000000000000000000000000000009F
:10115000000000000000000000000000000000008F
:10116000000000000000000000000000000000007F
:10117000000000000000000000000000000000006F
:10118000000000000000000000000000000000005F
:10119000000000000000000000000000000000004F
:1011A00000000000000000FF00000700E0FF007EDC
:1011B0000F00F8FF007E3F00FCFF007E7F00FEFF77
:1011C000007EFF00FFFF007EFF003F8000FEFE016B
:1011D0000F0000FEFC01070000FEFC03030000FE00
:1011E000F803030000FEF807010000FEF00701000D
:1011F00000FEF007010000FEF007000000FEE00F17
:10120000000000FEE00F000000FEE00F000000FE06
:10121000E00F000000FEE00F000000FEE00F000005
:1012200000FEE00F000000FEE00F000000FEE00FF7
:10123000000000FEE00F000000FEE00F000000FED6
:10124000E00F000000FEE00F000000FEF0070000CD
:1012500000FEF007000000FEF007010000FEF007AE
:10126000010000FEF803030000FEF803030000FE87
:10127000FC01070000FEFE010F0000FEFF003F80A2
:1012800000FEFF00FFFF007E7F00FEFF00FE3F002C
:10129000FCFF00FE0F00F8FF00FE0700E0FF00FE6D
:1012A000000000FF00FE0000000000FE0000000043
:1012B00000FE0000000000FE0000000000FE000034
:1012C000000000FE0000000000FE0000000000FE24
:1012D0000000000000FE0000000000FE0000000012
:1012E00000FE0000000000FE0000000000FE000004
:1012F000000000FE0000000000FE0000000000FEF4
:101300000000000000FE0000000000FE00000000E1
:1013100000000000000000000000000000000000CD
:1013200000000000000000000000000000000000BD
:1013300000000000000000000000000000000000AD
:10134000000000000000000000000000000000009D
:101350000000F00FF003F03FF003F07FF003F0FF28
:10136000F103E0FFF303E0FFF30320F8F70300C00D
:10137000FF030080FF030000FE030000FE030000E7
:10138000FC030000FC030000F8030000F803000069
:10139000F8030000F8030000F8030000F803000061
:1013A000F8030000F8030000F8030000F803000051
:1013B000F8030000F8030000F8030000F803000041
:1013C000F8030000F8030000F8030000F803000031
:1013D000F8030000F8030000F8030000F803000021
:1013E000F8030000F8030000F8030000F803000011
:1013F000F8030000F80300000000000000000000F7
:1014000000000000000000000000000000000000DC
:1014100000000000000000000000000000000000CC
:1014200000000000000000000000000000000000BC
:1014300000000000000000000000000000000000AC
:10144000000000000000000000000000000000009C
:10145000000000000000000000000000000000008C
:10146000000000000000000000000000000000007C
:10147000000000000000000000000000000000006C
:10148000070000FE3F00C0FFFF00F8FFFF01F8FF6C
:10149000FF03F8FFFF07F0FFF807F001F00F7000FF
:1014A000E00F0000E00F0000E00F0000E00F000080
:1014B000E00F0000E00F0000F00F0000F807000050
:1014C000FE070000FF030080FF0100E0FF0000F8BE
:1014D0007F0000FE1F0080FF0700C0FF0100E0FF4B
:1014E0000000F07F0000F81F0000F8070000FC0378
:1014F0000000FC030000FC010000FC010000FC01F6
:101500000000FC010000FC010010FC03001CF803BB
:10151000801FF80FFF1FF0FFFF1FE0FFFF1FE0FF1E
:10152000FF0F80FFFF0300FE7F0000F000000000BF
:1015300000000000000000000000000000000000AB
:10154000000000000000000000000000000000009B
:10155000000000000000000000000000000000008B
:10156000000000000000000000000000000000007B
:10157000000000000000000000000000000000006B
:101580000000000000000000000000003C0000001F
:101590007C0000007C0000007C000000FC000000DB
:1015A000FC000000FC000000FC010000FC03000047
:1015B000FF0F80FFFF3F80FFFF7F80FFFF7F80FFE7
:1015C000FF7F80FFFC010000FC010000FC01000027
:1015D000FC010000FC010000FC010000FC01000017
:1015E000FC010000FC010000FC010000FC01000007
:1015F000FC010000FC010000FC010000FC010000F7
:10160000FC010000FC010000FC010000FC010000E6
:10161000FC010000FC010000FC010000FC010000D6
:10162000FC010000FC010000FC010000FC010000C6
:10163000FC010000FC010000FE000000FF000000B3
:10164000FF0080FF7F0080FF7F0080FF3F0080FF62
:101650000F0080FF030000FE0000000000000000FB
:10166000000000000000000000000000000000007A
:10167000000000000000000000000000000000006A
:10168000000000000000000000000000000000005A
:10169000000000000000000000000000000000004A
:1016A000000000000000000000000000000000003A
:1016B000000000000000000000000000000000002A
:1016C000000000000000000000000000000000001A
:1016D000000000000000000000000000000000000A
:1016E00000000000000000000000000000000000FA
:1016F00000000000000000000000000000000000EA
:101700000000F803000000FEF803000000FEF803EC
:10171000000000FEF803000000FEF803000000FED9
:10172000F803000000FEF803000000FEF8030000CC
:1017300000FEF803000000FEF803000000FEF803BE
:10174000000000FEF803000000FEF803000000FEA9
:10175000F803000000FEF803000000FEF80300009C
:1017600000FEF803000000FEF803000000FEF8038E
:10177000000000FEF803000000FEF803000000FE79
:10178000F803000000FEF803000000FEF80300006C
:1017900000FEF803000000FEF803000000FEF8035E
:1017A000000000FEF803000000FEF803000000FE49
:1017B000F803010000FEF803010000FEF803030037
:1017C00000FEFC01030000FEFC01070000FEFE011C
:1017D0000F0000FEFF003F8000FEFF00FFFF007EC5
:1017E0007F00FEFF007E3F00FCFF007E1F00F8FF31
:1017F000007E0F00E0FF007E010000FF00000000FF
:1018000000000000000000000000000000000000D8
:1018100000000000000000000000000000000000C8
:1018200000000000000000000000000000000000B8
:1018300000000000000000000000000000000000A8
:101840000000000000000000000000000000000098
:101850000000000000000000000000000000000088
:101860000000000000000000000000000000000078
:101870000000000000000000000000000000000068
:101880000000000000000000000000000000000058
:101890000000000000000000000000000000000048
:1018A0000000000000000000000000000000000038
:1018B0000000000000000000000000000000000028
:1018C0000000000000000000000000FE070000F023
:1018D00000FE070000F0007F0F0000E0007F0F0017
:1018E00000E0007F0F0000E0003F1F0000C0803FCD
:1018F0001F0000C0803F1F0000C0801F3F0000800D
:10190000C01F3F000080C01F3F000080C00F7F004D
:101910000000E00F7F000000E00F7F000000E00704
:10192000FE000000F007FE000000F007FE000000CF
:10193000F003FC010000F803FC010000F803FC01C7
:101940000000F801F8010000FC01F8030000FC01B0
:10195000F8030000FC00F0030000FE00F0070000A8
:10196000FE00E00700007E00E00700007E00E00FC0
:1019700000007F00C00F00003F00C00F00003F00CC
:10198000C01F00003F00809F00001F00809F0000DC
:101990001F00809F00001F0000BF00000F0000FF1D
:1019A00000000F0000FF00000F0000FE0000070015
:1019B00000FE0000070000FE0000070000FC000021
:1019C0000000000000000000000000000000000017
:1019D0000000000000000000000000000000000007
:1019E00000000000000000000000000000000000F7
:1019F00000000000000000000000000000000000E7
:101A000000000000000000000000000000000000D6
:101A100000000000000000000000000000000000C6
:101A200000000000000000000000000000000000B6
:101A300000000000000000000000000000000000A6
:101A40000000000000000000000000000000000096
:101A50000000000000000000000000000000000086
:101A60000000000000000000000000000000000076
:101A70000000000000000000000000000000000066
:101A80000000000000000000000000000000000056
:101A90000000000000000000000000000000000046
:101AA0000000000000000000000000000000000036
:101AB000007F7F000080007F007F7F000080007F2C
:101AC000007FFF000080007F803FFF00008000FE5D
:101AD000803FFF0000C000FE803FFF0100C000FE0D
:101AE000803FF70100C000FE801FF70100C000FC2E
:101AF000C01FF70101E000FCC01FF70301E000FC7C
:101B0000C01FF30301E000F8C00FE30301E000F899
:101B1000E00FE30703F000F8E00FE30703F000F83D
:101B2000E00FE10703F000F0E007C10F03F800F059
:101B3000E007C10F07F800F0F007C10F07F800F049
:101B4000F007C00F07F800E0F003801F07FC00E07B
:101B5000F003801F0FFC00E0F803801F0FFC00E083
:101B6000F803003F0F7C00C0F801003F0F7E00C06B
:101B7000F801003F1F7E00C0F801007E1F7E00C0FC
:101B8000FC01007E1F3E0080FC00007E1F3F0080A5
:101B9000FC00007E1F3F0080FC00007C3F3F0000F7
:101BA000FC0000FC3F1F00007C0000FCBF1F000089
:101BB0007E0000F8BF1F00007E0000F8BE1F00007E
:101BC0007F0000F8BE0F00003F0000F8BE0F0000CD
:101BD0003F0000F0FE0F00003F0000F0FC07000097
:101BE0003F0000F0FC0700001F0000E0FC070000C1
:101BF0001F0000E0FC0700000000000000000000E3
:101C000000000000000000000000000000000000D4
:101C100000000000000000000000000000000000C4
:101C200000000000000000000000000000000000B4
:101C300000000000000000000000000000000000A4
:101C40000000000000000000000000000000000094
:101C50000000000000000000000000000000000084
:101C60000000000000000000000000000000000074
:101C70000000000000000000000000000000000064
:101C80000000000000000000000000000000000054
:101C90000000000000000000000000000000000044
:101CA0000000000000000000000000000000000034
:101CB0000000000000000000000000000000000024
:101CC0000000000000000000000000000000000014
:101CD0000000000000000000000000000000000004
:101CE00000000000000000000000000000000000F4
:101CF0000000C03F0F0000F0E01F1F0000E0E00FF9
:101D00001F0000C0F00F3F0000C0F0073F00008040
:101D1000F8037F000000FC03FF000000FC01FE0050
:101D20000000FE00FC010000FE00FC0100007F003E
:101D3000F80300003F00F08700003F00F08700003C
:101D40001F00E0CF00000F00C0DF00000F00C0FF49
:101D50000000070080FF0000030000FF00000300F8
:101D600000FF0000010000FE0000010000FE000076
:101D7000030000FF0000070000FF0000070080FFD5
:101D800000000F00C0FF00001F00E0EF00001F0078
:101D9000E0CF00003F00F08700007F00F8870000E0
:101DA0007F00F8030000FE00FC010000FE01FE01C0
:101DB0000000FC01FE000000F8037F000000F807AF
:101DC0007F000080F0073F000080F00F3F0000C060
:101DD000E01F1F0000E0C01F0F0000E0C03F0F0029
:101DE00000F0807F070000F8000000000000000005
:101DF00000000000000000000000000000000000E3
:101E000000000000000000000000000000000000D2
:101E100000000000000000000000000000000000C2
:101E200000000000000000000000000000000000B2
:101E300000000000000000000000000000000000A2
:101E40000000000000000000000000000000000092
:101E50000000000000000000000000000000000082
:101E60000000000000000000000000000000000072
:101E70000000000000000000000000000000000062
:101E80000000000000000000000000000000000052
:101E90000000000000000000000000000000000042
:101EA0000000000000000000000000000000000032
:101EB0000000000000000000000000FE030000F829
:101EC00000FE030000F8007F070000F0007F07001D
:101ED00000F0003F070000F0803F0F0000E0803F6F
:101EE0000F0000E0C01F0F0000E0C01F1F0000C077
:101EF000C01F1F0000C0E00F1F0000C0E00F3F0028
:101F00000080E0073F000080F0073F000000F0077E
:101F10007F000000F0037F000000F8037E00000057
:101F2000F801FE000000FC01FE000000FC01FC00C6
:101F30000000FC00FC010000FE00FC0100007E002F
:101F4000F80100007E00F80300007F00F8030000A5
:101F50003F00F00300003F00F00700003F00E08773
:101F600000001F00E08700001F00E08700000F0056
:101F7000C0CF00000F00C0CF00000F00C0CF000096
:101F8000070080DF0000070080FF0000030080FFE3
:101F90000000030000FF0000030000FF000001003C
:101FA00000FF0000010000FE0000000000FE000035
:101FB000000000FC0000010000FC0000010000FC2B
:101FC0000000010000F80000030000F8000003001A
:101FD00000F80000030000F00000070000F000001F
:101FE000070000E000000F0000E000001F0000C03C
:101FF00000007F0000C00000FFFF00800000FFFF26
:1020000000800000FFFF00000000FCFF0000000057
:10201000F8FF00000000C07F00000000000000008A
:1020200000000000000000000000000000000000B0
:1020300000000000000000000000000000000000A0
:102040000000000000000000000000000000000090
:102050000000000000000000000000000000000080
:1020600000000000FF0FFCFFFF0FFCFFFF0FFCFF55
:10207000FF0FFCFFFF0FFCFF0000FC010000F80356
:102080000000F8070000F0070000E00F0000E00F7C
:102090000000C01F0000803F0000803F0000007F64
:1020A000000000FE000000FE010000FC030000FC38
:1020B000030000F8070000F0070000F00F0000E048
:1020C0001F0000C01F0000C03F0000807F00000014
:1020D0007F000000FE000000FE010000FC01000087
:1020E000F8030000F8030000F0070000E00F000014
:1020F000E00F0000FF1FFEFFFF1FFEFFFF1FFEFFA0
:10210000FF1FFEFFFF1FFEFF000000000000000099
:1021100000000000000000000000000000000000BF
:1021200000000000000000000000000000000000AF
:10213000000000000000000000000000000000009F
:10214000000000000000000000000000000000008F
:10215000000000000000000000000000000000007F
:10216000000080070000807F000080FF010080FFEA
:10217000030080FF070080FF070000F80F0000F059
:102180000F0000E00F0000E00F0000E00F0000E093
:102190000F0000E00F0000E00F0000E00F0000E083
:1021A0000F0000E00F0000E00F0000E00F0000E073
:1021B0000F0000E00F0000E00F0000E00F0000E063
:1021C0000F0000E00F0000E01F0000C01F0000C073
:1021D0007F000080FF010080FF3F0000FC3F000007
:1021E000C03F0000F03F0000FC3F0000FF3F000048
:1021F000FF0000803F0000C01F0000C01F0000C0A3
:102200000F0000E00F0000E00F0000E00F0000E012
:102210000F0000E00F0000E00F0000E00F0000E002
:102220000F0000E00F0000E00F0000E00F0000E0F2
:102230000F0000E00F0000E00F0000E00F0000E0E2
:102240000F0000E00F0000E00F0000F0070000F8B2
:10225000070080FF030080FF010080FF000080FF77
:102260000000807F000080070000000000000000E8
:10227000000000000000000000000000000000005E
:1022800000000000000000000000003F0000003FD0
:102290000000003F0000003F0000003F0000003F42
:1022A0000000003F0000003F0000003F0000003F32
:1022B0000000003F0000003F0000003F0000003F22
:1022C0000000003F0000003F0000003F0000003F12
:1022D0000000003F0000003F0000003F0000003F02
:1022E0000000003F0000003F0000003F0000003FF2
:1022F0000000003F0000003F0000003F0000003FE2
:102300000000003F0000003F0000003F0000003FD1
:102310000000003F0000003F0000003F0000003FC1
:102320000000003F0000003F0000003F0000003FB1
:102330000000003F0000003F0000003F0000003FA1
:102340000000003F0000003F0000003F0000003F91
:102350000000003F0000003F0000003F0000003F81
:102360000000003F0000003F0000003F0000003F71
:102370000000003F0000003F0000003F0000003F61
:102380000000003F0000003F0000003F0000003F51
:102390000000003F0000003F0000003F0000003F41
:1023A0000000003F0000003F0000003F0000003F31
:1023B0000000003F0000003F00000000000000009F
:1023C000003C0000C03F0000E03F0000F03F000084
:1023D000F83F0000FC3F0000FC030000FE0100008D
:1023E000FE000000FE000000FE000000FE000000F5
:1023F000FE000000FE000000FE000000FE000000E5
:10240000FE000000FE000000FE000000FE000000D4
:10241000FE000000FE000000FE000000FE000000C4
:10242000FE000000FE0000007F0000007F000000B2
:102430003F0000C03F0000F01F0080FF070080FF4A
:102440000000807F010080FF0F0080FF1F0080FFE1
:102450003F0000E07F0000807F0000007F00000060
:10246000FE000000FE000000FE000000FE00000074
:10247000FE000000FE000000FE000000FE00000064
:10248000FE000000FE000000FE000000FE00000054
:10249000FE000000FE000000FE000000FE00000044
:1024A000FE000000FE000000FE010000FC03000032
:1024B000FC3F0000F83F0000F03F0000E03F00005C
:1024C000C03F0000003C00000000000000000000D1
:1024D00000000000000000000000000000000000FC
:1024E00000000000000000000000000000000000EC
:1024F00000000000000000000000000000000000DC
:1025000000000000000000000000000000000000CB
:1025100000000000000000000000000000000000BB
:1025200000000000000000000000000000000000AB
:10253000000000000000000000000000000000009B
:10254000000000000000000000000000000000008B
:10255000000000000000000000000000000000007B
:10256000000000000000000000000000000000006B
:1025700000000000000000003F0000800004FF0198
:1025800000F0000CFF0300FE001CFF0780FF007C32
:10259000FF0FFFFF00FCFF0FFFFF00FC800FFF7F1E
:1025A00000FC000EFF1F00F0000CFF0300E000081D
:1025B0007F0000000000000000000000000000009C
:1025C000000000000000000000000000000000000B
:1025D00000000000000000000000000000000000FB
:1025E00000000000000000000000000000000000EB
:1025F00000000000000000000000000000000000DB
:1026000000000000000000000000000000000000CA
:1026100000000000000000000000000000000000BA
:1026200000000000000000000000000000000000AA
:10263000000000000000000000000000000000009A
:10264000000000000000000000000000000000008A
:10265000000000000000000000000000000000007A
:10266000000000000000000000000000000000006A
:10267000000000000000000000000000000000005A
:10268000000000000000000000000000000000004A
:10269000000000000000000000000000000000003A
:1026A000000000000000000000000000000000002A
:1026B000080000FFC0280400C0260400000000003D
:1026C000080808080808080808080808080808088A
:1026D000080808080808080808080808080808087A
:1026E000080808080808080808080808080808086A
:1026F000080808080808080808080808080808085A
:102700000808080808080808080808080808080849
:102710000808080808080808080808080808080839
:102720000808080808080808080808080808080829
:102730000808080808080808080808080808080819
:102740000808080808080808080808080808080809
:1027500008080808080808080808080808080808F9
:1027600008080808080808080808080808080808E9
:1027700008080808080808080808080808080808D9
:1027800008080808080808080808080808080808C9
:1027900008080808080808080808080808080808B9
:1027A00008080808080808080808080808080808A9
:1027B0000808080808080808080808080808080899
:1027C0000808080808080808080808080808080889
:1027D0000808080808080808080808080808080879
:1027E0000808080808080808080808080808080869
:1027F0000808080808080808080808080808080859
:102800000808080808080808080808080808080848
:102810000808080808080808080808080808080838
:102820000808080808080808080808080808080828
:102830000808080808080808080808080808080818
:102840000808080808080808080808080808080808
:1028500008080808080808080808080808080808F8
:1028600008080808080808080808080808080808E8
:1028700008080808080808080808080808080808D8
:1028800008080808080808080808080808080808C8
:1028900008080808080808080808080808080808B8
:1028A00008080808080808080808080808080808A8
:1028B0000808080808080808080808080808080898
:1028C0000000000000000000000000000000000008
:1028D000007E008100A5008100BD00990081007E7E
:1028E000007C00FE00D600BA00C600FE007C00009E
:1028F00000C600EE00FE00FE007C00380010000064
:1029000000100038007C00FE007C00380010000041
:1029100000100038001000EE00EE0010003800003B
:102920000038007C00FE00FE006C00100038000043
:1029300000000018003C007E003C00180000000071
:1029400000FF00E700C3008100C300E700FF00FFB5
:1029500000000018003C00660066003C0018000003
:1029600000FF00E700C30099009900C300E700FFE3
:10297000001E000E001E0036007800CC00CC00784F
:10298000007E00C300C3007E0018007E00180018FF
:10299000001E001A001E00180018007000F00060F1
:1029A000003E003E0036003600F60066001E000CB9
:1029B00000DB003C006600E70066003C00DB000036
:1029C000008000C000F000F800F000C000800000AF
:1029D00000020006001E003E001E0006000200006D
:1029E0000018003C007E0018007E003C001800002B
:1029F0000066006600660066006600000066000073
:102A0000007F00DB007B003B001B001B001B000065
:102A1000003C00660038006C006C003800CC007888
:102A2000000000000000000000FE00FE00FE0000AC
:102A30000018003C007E0018007E003C0018007E5C
:102A40000018003C007E0018001800180018000054
:102A50000018001800180018007E003C0018000044
:102A600000000018001C00FE001C00180000000000
:102A700000000030007000FE007000300000000018
:102A80000000000000C000C000C000FE0000000008
:102A900000000024006600FF006600240000000023
:102AA000000000100038007C007C00FE00000000E8
:102AB000000000FE007C007C0038001000000000D8
:102AC0000000000000000000000000000000000006
:102AD0000018003C003C001800180000001800001E
:102AE000006C006C006C00000000000000000000A2
:102AF000006C006C00FE006C00FE006C006C0000BE
:102B00000018007E00C0007C000600FC00180000D9
:102B1000000000C6000C00180030006000C6000075
:102B20000038006C0038007600CC00CC0076000045
:102B30000018001800300000000000000000000035
:102B400000180030006000600060003000180000D5
:102B5000006000300018001800180030006000000D
:102B6000000000EE007C00FE007C00EE0000000093
:102B7000000000180018007E001800180000000077
:102B800000000000000000000018001800300000E5
:102B900000000000000000FE000000000000000037
:102BA00000000000000000000000003800380000B5
:102BB0000006000C00180030006000C0008000001B
:102BC000007C00C600CE00DE00F600E6007C0000BF
:102BD000001800780018001800180018007E000087
:102BE000007C00C6000C00180030006600FE0000EB
:102BF000007C00C60006003C000600C6007C000009
:102C0000000C001C003C006C00FE000C000C0000DE
:102C100000FE00C000FC0006000600C6007C0000AC
:102C2000007C00C600C000FC00C600C6007C00009E
:102C300000FE00C60006000C001800180018000076
:102C4000007C00C600C6007C00C600C6007C0000F8
:102C5000007C00C600C6007E000600C6007C0000A6
:102C60000000001C001C00000000001C001C0000F4
:102C700000000018001800000000001800180030C4
:102C8000000C00180030006000300018000C00003C
:102C90000000000000FE0000000000FE0000000038
:102CA000006000300018000C0018003000600000C8
:102CB000007C00C60006000C001800000018000090
:102CC000007C00C600C600DE00DC00C0007E000004
:102CD0000038006C00C600C600FE00C600C600003A
:102CE00000FC00660066007C0066006600FC0000D8
:102CF000003C006600C000C000C00066003C000050
:102D000000F8006C006600660066006C00F80000C9
:102D100000FE00C200C000F800C000C200FE0000BB
:102D200000FE00620060007C0060006000F00000B7
:102D3000007C00C600C000C000DE00C6007C0000B1
:102D400000C600C600C600FE00C600C600C60000E1
:102D5000003C00180018001800180018003C000083
:102D6000003C00180018001800D800D800700000BF
:102D700000C600CC00D800F000D800CC00C600008F
:102D800000F00060006000600060006200FE000073
:102D900000C600EE00FE00D600D600C600C6000049
:102DA00000C600E600E600F600DE00CE00C6000029
:102DB000007C00C600C600C600C600C6007C00003D
:102DC00000FC00660066007C0060006000F000000F
:102DD000007C00C600C600C600C600D6007C000607
:102DE00000FC00C600C600FC00D800CC00C60000F5
:102DF000007C00C600C0007C000600C6007C00000D
:102E0000007E005A0018001800180018003C00004E
:102E100000C600C600C600C600C600C6007C000092
:102E200000C600C600C600C6006C003800100000D6
:102E300000C600C600D600D600FE00EE00C60000A8
:102E400000C6006C003800380038006C00C6000076
:102E5000006600660066003C00180018003C000098
:102E600000FE0086000C00180030006200FE00002A
:102E7000007C00600060006000600060007C00007A
:102E800000C0006000300018000C000600020000C6
:102E9000007C000C000C000C000C000C007C0000FE
:102EA00000100038006C00C60000000000000000A8
:102EB000000000000000000000000000000000FF13
:102EC000003000300018000000000000000000008A
:102ED000000000000078000C007C00CC007E0000A8
:102EE00000E00060007C00660066006600FC0000F8
:102EF00000000000007C00C600C000C6007C00008E
:102F0000001C000C007C00CC00CC00CC007E00003B
:102F100000000000007C00C600FE00C0007C000035
:102F2000001C0036003000FC00300030007800004B
:102F300000000000007600CE00C6007E0006007C87
:102F400000E00060007C00660066006600E60000AD
:102F5000001800000038001800180018003C00009D
:102F6000000C0000001C000C000C000C00CC0078D1
:102F700000E000600066006C0078006C00E6000075
:102F8000001800180018001800180018001C000095
:102F900000000000006C00FE00D600D600C6000055
:102FA0000000000000DC00660066006600660000AD
:102FB00000000000007C00C600C600C6007C0000C7
:102FC0000000000000DC00660066007C006000F08D
:102FD00000000000007600CC00CC007C000C001E3D
:102FE0000000000000DC00660060006000F00000EF
:102FF00000000000007C00C0007C0006007C000097
:103000000030003000FC003000300036001C0000B2
:103010000000000000CC00CC00CC00CC007600000A
:103020000000000000C600C6006C00380010000060
:103030000000000000C600C600D600FE006C0000C4
:103040000000000000C6006C0038006C00C60000E4
:103050000000000000C600C600CE00760006007C1E
:103060000000000000FC00980030006400FC00003C
:10307000000E00180018007000180018000E000064
:1030800000180018001800000018001800180000B0
:10309000007000180018000E0018001800700000E2
:1030A000007600DC000000000000000000000000CE
:1030B0000000001000380038006C006C00FE0000BA
:1030C000003C006600C00066003C001800CC0078A0
:1030D000000000C6000000C600C600CE007600005A
:1030E000000E0000007C00C600FE00C0007C000056
:1030F000007C00C60078000C007C00CC007E000044
:1031000000C600000078000C007C00CC007E0000AF
:1031100000E000000078000C007C00CC007E000085
:10312000003800380078000C007C00CC007E0000E5
:1031300000000000007C00C0007C0018006C00381B
:10314000007C00C6007C00C600FE00C0007C0000C1
:1031500000C60000007C00C600FE00C0007C00002D
:1031600000E00000007C00C600FE00C0007C000003
:10317000006600000038001800180018003C00002D
:10318000007C00C60038001800180018003C000041
:1031900000E000000038001800180018003C000093
:1031A00000C60038006C00C600FE00C600C6000065
:1031B000003800380000007C00C600FE00C6000099
:1031C000000E000000FE00C000F800C000FE00007D
:1031D00000000000006C009A007E00D8006E000025
:1031E000007E00D800D800FE00D800D800DE000025
:1031F000007C00C60000007C00C600C6007C000009
:10320000000000C60000007C00C600C6007C000074
:10321000000000E00000007C00C600C6007C00004A
:10322000007C00C6000000C600C600CE007600008C
:10323000000000E0000000C600C600CE00760000DE
:10324000000000C6000000C600CE00760006007C2C
:1032500000C60038006C00C600C6006C00380000D4
:1032600000C6000000C600C600C600C6007C000004
:1032700000000018007E00D800D8007E0018000072
:103280000038006C006000F0006600F6006C000082
:1032900000C30066003C007E0018003C00180000DF
:1032A00000FC00C600FC00CC00DE00CC00CE00001C
:1032B000000C001E0018007E0018001800D80070D6
:1032C000000E00000078000C007C00CC007E0000A6
:1032D000001C00000038001800180018003C000016
:1032E0000000000E0000007C00C600C6007C00004C
:1032F0000000000E000000CC00CC00DC00760000D6
:10330000000000FC000000BC0066006600E6000053
:1033100000FE000000C600E600F600CE00C6000079
:103320000038006C003E0000007E0000000000003D
:10333000007C00C6007C0000007C00000000000053
:10334000001800000018003000600066003C00001B
:10335000000000000000007C006000600000000031
:10336000000000000000007C000C000C00000000C9
:1033700000C000CC00D80030007C0036000C003EBD
:1033800000C000CC00D80030006C003C007E000C77
:103390000018000000180018003C003C0018000055
:1033A00000000036006C00D8006C00360000000001
:1033B000000000D8006C0036006C00D8000000004F
:1033C0000022008800220088002200880022008855
:1033D000005500AA005500AA005500AA005500AAF1
:1033E00000DD007700DD007700DD007700DD00778D
:1033F000001800180018001800180018001800180D
:10340000001800180018001800F80018001800181C
:103410000018001800F8001800F80018001800182C
:10342000003600360036003600F60036003600362C
:10343000000000000000000000FE003600360036EC
:103440000000000000F8001800F80018001800182C
:103450000036003600F6000600F60036003600366C
:1034600000360036003600360036003600360036AC
:103470000000000000FE000600F6003600360036B0
:103480000036003600F6000600FE000000000000D6
:10349000003600360036003600FE00000000000056
:1034A0000018001800F8001800F8000000000000E4
:1034B000000000000000000000F8001800180018CC
:1034C0000018001800180018001F0000000000007D
:1034D000001800180018001800FF0000000000008D
:1034E000000000000000000000FF00180018001895
:1034F0000018001800180018001F00180018001805
:10350000000000000000000000FF000000000000BC
:10351000001800180018001800FF00180018001804
:1035200000180018001F0018001F001800180018CD
:1035300000360036003600360037003600360036DA
:103540000036003600370030003F00000000000069
:1035500000000000003F0030003700360036003623
:103560000036003600F7000000FF000000000000F9
:103570000000000000FF000000F7003600360036B3
:10358000003600360037003000370036003600368F
:103590000000000000FF000000FF0000000000002D
:1035A0000036003600F7000000F70036003600361F
:1035B0000018001800FF000000FF000000000000DD
:1035C000003600360036003600FF00000000000024
:1035D0000000000000FF000000FF001800180018A5
:1035E000000000000000000000FF0036003600363A
:1035F0000036003600360036003F000000000000B4
:1036000000180018001F0018001F00000000000034
:1036100000000000001F0018001F0018001800180C
:103620000000000000000000003F003600360036B9
:10363000003600360036003600FF00360036003611
:103640000018001800FF001800FF001800180018EC
:10365000001800180018001800F800000000000012
:103660000000000000000000001F001800180018F3
:1036700000FF00FF00FF00FF00FF00FF00FF00FF52
:10368000000000000000000000FF00FF00FF00FF3E
:1036900000F000F000F000F000F000F000F000F0AA
:1036A000000F000F000F000F000F000F000F000FA2
:1036B00000FF00FF00FF00FF00000000000000000E
:1036C00000000000006600DC00D800DC006600009E
:1036D0000000007800CC00F800CC00C600CC000050
:1036E000000000FE006200600060006000E000007A
:1036F000000000FE006C006C006C006C006C0000B0
:1037000000FE00C600600030006000C600FE000041
:103710000000007E00D800CC00CC00D80070000073
:1037200000000066006600660066007C00C00000C5
:103730000000007600DC00180018001800380000B7
:1037400000FE0038006C00C6006C003800FE00006F
:103750000038006C00C600FE00C6006C0038000097
:103760000038006C00C600C6006C006C00EE000063
:10377000003E00600038006600C600CC0078000003
:1037800000000000007E00DB00DB007E0000000087
:103790000006007C00DE00F600E6007C00C00000B1
:1037A0000038006000C000F800C000600038000071
:1037B000007C00C600C600C600C600C600C60000E9
:1037C000000000FE000000FE000000FE00000000FF
:1037D00000180018007E001800180000007E00008D
:1037E00000300018000C001800300000007E0000BF
:1037F000000C001800300018000C0000007E0000D3
:10380000000C001E001800180018001800180018FE
:103810000018001800180018001800780030000088
:103820000000000000180000007E000000180000EA
:103830000000007600DC0000007600DC00000000E4
:10384000007C00C600C6007C0000000000000000F4
:103850000000000000000018001800000000000038
:103860000000000000000000001800000000000040
:10387000001F00180018001800F800380018000099
:1038800000D8006C006C006C00000000000000001C
:10389000007000D8003000F80000000000000000B8
:1038A00000000000007C007C007C007C0000000028
:1038B0000000000000000000000000000000000008
:1038C000100020FFB0390400D038040000000000D0
:1038D00004040608080B090404040608040404048C
:1038E0000808080808080808080804040808080860
:1038F0000E080A090A09080A0A040709080C0A0A34
:10390000090A0A09080A080E090A09040404050834
:10391000050808070808040808040407040C080838
:10392000080805080408080A08080805040505042D
:103930000404040404040404040404040404040447
:103940000404040404040404040404040404040437
:103950000904080808080408050A050708040A08F5
:103960000508040405080704050405070B0B0B08EC
:103970000808080808080D090909090904040404CD
:103980000A0A0A0A0A0A0A080A0A0A0A0A0A09089C
:103990000808080808080C070808080804040404B4
:1039A0000808080808080806080808080808080899
:1039B0000000000000000000000000000000000007
:1039C00000000000000000000000000000000000F7
:1039D00000000000006000600060006000600060A7
:1039E0000060006000000060006000000000000057
:1039F0000000000000CC00CC00CC00CC00CC0000CB
:103A000000000000000000000000000000000000B6
:103A10000000000000360036007F007F00360036D0
:103A2000006C006C00FE00FE006C006C00000000EA
:103A3000000000000018007E00DB00DB00D800FC66
:103A4000003E001B00DB00DB007E001800000000D1
:103A5000000000006070C0D880D900DB007600064E
:103A6000C00D601B60336063C0C100000000000037
:103A700000000000001C0036002200220036001C5E
:103A80000039006D00470066003F000000000000A4
:103A90000000000000600060006000600060000046
:103AA0000000000000000000000000000000000016
:103AB00000000000003000600060006000600060F6
:103AC0000060006000600060006000600060003026
:103AD0000000000000C00060006000600060006046
:103AE000006000600060006000600060006000C076
:103AF000000000000030003000FC0030007800487A
:103B000000000000000000000000000000000000B5
:103B10000000000000000000001800180018001845
:103B200000FF001800180018001800000000000036
:103B30000000000000000000000000000000000085
:103B40000000000000600060006000C00000000095
:103B5000000000000000000000000000000000F075
:103B600000F0000000000000000000000000000065
:103B70000000000000000000000000000000000045
:103B80000000000000E000E000E000000000000095
:103B90000000000000300030003000300070006095
:103BA00000600060006000E000C000C000C00000D5
:103BB00000000000003C00660066006600660066CB
:103BC0000066006600660066003C00000000000021
:103BD00000000000001800780018001800180018F5
:103BE000001800180018001800180000000000005D
:103BF00000000000003C0066006600660006000C45
:103C00000018003000600060007E0000000000002E
:103C100000000000003C0066006600060006001C74
:103C20000006000600660066003C00000000000080
:103C30000000000000000066006600660066006686
:103C4000007E007E00060006000600000000000066
:103C500000000000007E006000600060007C0066E4
:103C60000006000600660066003C00000000000040
:103C700000000000003C0066006600600060007C00
:103C80000066006600660066003C00000000000060
:103C900000000000007E00060006000C000C007E04
:103CA0000018001800300030003000000000000054
:103CB00000000000003C0066006600660066003CF4
:103CC0000066006600660066003C00000000000020
:103CD00000000000003C0066006600660066003ED2
:103CE0000006000600060066003C00000000000020
:103CF0000000000000000000006000600000000004
:103D000000000000000000600060000000000000F3
:103D100000000000000000000060006000000000E3
:103D20000000000000600060006000C000000000B3
:103D30000000000000000006000C001800300060C9
:103D4000006000300018000C0006000000000000B9
:103D500000000000000000000000007E007E000067
:103D6000007E007E00000000000000000000000057
:103D7000000000000000006000300018000C000689
:103D80000006000C00180030006000000000000079
:103D900000000000003C0066006600660006000CA3
:103DA00000180018000000180018000000000000B3
:103DB00000008007E01C703830339867D866D86CF4
:103DC000D86C986D9867F0320030701CC007000006
:103DD0000000000000180018003C003C00240066B1
:103DE000007E007E00E700C300C30000000000006A
:103DF00000000000007F8061806180618061007F41
:103E00008061806180618061007F000000000000AF
:103E100000000000001E00330061006100600060CF
:103E20000060006100610033001E0000000000001F
:103E300000000000007E006380618061806180611D
:103E40008061806180610063007E000000000000EE
:103E500000000000007F0060006000600060007FE4
:103E60000060006000600060007F00000000000053
:103E700000000000007F0060006000600060007FC4
:103E80000060006000600060006000000000000052
:103E900000000000001F80318060806000600060D2
:103EA0008067806180618031801E0000000000001A
:103EB0000000000080618061806180618061807F9E
:103EC000806180618061806180610000000000008D
:103ED00000000000006000600060006000600060A2
:103EE00000600060006000600060000000000000F2
:103EF00000000000000C000C000C000C000C000C7A
:103F0000000C00CC00CC00CC0078000000000000C9
:103F100000000000806100630066006C00780070A3
:103F20000078006C00660063806100000000000003
:103F30000000000000600060006000600060006041
:103F40000060006000600060007F00000000000072
:103F50000000000060606060E070E070E079E0798F
:103F6000606F606F60666066606000000000000067
:103F7000000000008061807180718079807D806D9B
:103F8000806F8067806380638061000000000000B4
:103F900000000000001E003380618061806180614C
:103FA0008061806180610033001E0000000000001D
:103FB00000000000007F806180618061806180611D
:103FC000007F0060006000600060000000000000F2
:103FD00000000000001E003380618061806180610C
:103FE0008061806580670033801F00000000000052
:103FF00000000000007F80618061806180618061DD
:10400000007F806180618061C0600000000000006E
:1040100000000000003E0063006300630038000EF3
:104020000003006300630063003E00000000000026
:104030000000000000FF0018001800180018001809
:1040400000180018001800180018000000000000F8
:10405000000000008061806180618061806180611A
:104060008061806180610033001E0000000000005C
:104070000000000000C300C300C3006600660066C5
:104080000024003C003C0018001800000000000064
:10409000000000000CC00CC30CC30CC398679867E9
:1040A000B034F03C60186018601800000000000098
:1040B0000000000080C180C100630036001C001CAD
:1040C000001C0036006380C180C1000000000000B9
:1040D00000000000C0C0C0C0C0C080610033001E2E
:1040E000000C000C000C000C000C00000000000094
:1040F0000000000080FF800100030006000C0008A3
:1041000000180030006000C080FF000000000000C8
:10411000000000000070006000600060006000604F
:10412000006000600060006000600060006000707F
:104130000000000000C000C000C000C000600060BF
:10414000006000600060003000300030003000008F
:104150000000000000E0006000600060006000609F
:10416000006000600060006000600060006000E0CF
:10417000000000000020007000F800D80088000057
:10418000000000000000000000000000000000002F
:10419000000000000000000000000000000000001F
:1041A000000000000000000000000000000000FF10
:1041B00000000060007000300018000000000000E7
:1041C00000000000000000000000000000000000EF
:1041D00000000000000000000000003C00660046F7
:1041E000001E003600660066003E00000000000071
:1041F000000000000060006000600060007C00665D
:104200000066006600660066007C0000000000009A
:1042100000000000000000000000003C006600609C
:104220000060006000600066003C000000000000CC
:10423000000000000006000600060006003E0066C2
:104240000066006600660066003E00000000000098
:1042500000000000000000000000003C0066006656
:10426000007E006000600066003C0000000000006E
:1042700000000000003000600060006000F000609E
:10428000006000600060006000600000000000004E
:1042900000000000000000000000003E0066006614
:1042A0000066006600660066003E00060066003C90
:1042B000000000000060006000600060007C00669C
:1042C00000660066006600660066000000000000F0
:1042D00000000000006000600000006000600060FE
:1042E00000600060006000600060000000000000EE
:1042F00000000000006000600000006000600060DE
:10430000006000600060006000600060006000C04D
:104310000000000000600060006000600066006C4B
:10432000007800700078006C00660000000000005B
:10433000000000000060006000600060006000603D
:10434000006000600060006000600000000000008D
:1043500000000000000000000000C07F6066606692
:10436000606660666066606660660000000000006F
:1043700000000000000000000000007C00660066F5
:10438000006600660066006600660000000000002F
:1043900000000000000000000000003C0066006615
:1043A0000066006600660066003C00000000000039
:1043B00000000000000000000000007C00660066B5
:1043C0000066006600660066007C006000600060B9
:1043D00000000000000000000000003E00660066D3
:1043E0000066006600660066003E000600060006E5
:1043F0000000000000000000000000780070006075
:1044000000600060006000600060000000000000CC
:1044100000000000000000000000003C0066006298
:104420000038001C00460066003C00000000000050
:104430000000000000000060006000F0006000600C
:1044400000600060006000600030000000000000BC
:10445000000000000000000000000066006600662A
:104460000066006600660066003E00000000000076
:104470000000000000000000000000C300C3006650
:1044800000660066003C00180018000000000000F4
:1044900000000000000000000000C0C0C0CCC0CC84
:1044A000806D806D807F00330033000000000000CD
:1044B0000000000000000000000000C30066003C97
:1044C00000180018003C006600C300000000000057
:1044D0000000000000000000000000C300C300C393
:1044E00000660066003C003C0018001800300060C8
:1044F00000000000000000000000007E0006000C2C
:104500000018001800300060007E0000000000006D
:104510000000000000180030003000300030003093
:1045200000600060003000300030003000300018C3
:10453000000000000060006000600060006000603B
:10454000006000600060006000600060006000606B
:104550000000000000C000600060006000600060BB
:10456000003000300060006000600060006000C04B
:104570000000000000E800B800000000000000009B
:10458000000000000000000000000000000000002B
:10459000000000000000006000600060006000603B
:1045A000006000600060006000600000000000002B
:1045B000000000000000006000600060006000601B
:1045C000006000600060006000600000000000000B
:1045D00000000000000000600060006000600060FB
:1045E00000600060006000600060000000000000EB
:1045F00000000000000000600060006000600060DB
:1046000000600060006000600060000000000000CA
:1046100000000000000000600060006000600060BA
:1046200000600060006000600060000000000000AA
:10463000000000000000006000600060006000609A
:10464000006000600060006000600000000000008A
:10465000000000000000006000600060006000607A
:10466000006000600060006000600000000000006A
:10467000000000000000006000600060006000605A
:10468000006000600060006000600000000000004A
:10469000000000000000006000600060006000603A
:1046A000006000600060006000600000000000002A
:1046B000000000000000006000600060006000601A
:1046C000006000600060006000600000000000000A
:1046D00000000000000000600060006000600060FA
:1046E00000600060006000600060000000000000EA
:1046F00000000000000000600060006000600060DA
:1047000000600060006000600060000000000000C9
:1047100000000000000000600060006000600060B9
:1047200000600060006000600060000000000000A9
:104730000000000000000060006000600060006099
:104740000060006000600060006000000000000089
:104750000000000000000060006000600060006079
:104760000060006000600060006000000000000069
:104770000000000000000060006000600060006059
:104780000060006000600060006000000000000049
:104790000000000000000060006000600060006039
:1047A0000060006000600060006000000000000029
:1047B0000000000000000060006000600060006019
:1047C0000060006000600060006000000000000009
:1047D0000000003000300060000000000000000019
:1047E00000000000000000000000000000000000C9
:1047F00000000060006000C0000000000000000039
:1048000000000000000000000000000000000000A8
:1048100000000000000000600060006000600060B8
:1048200000600060006000600060000000000000A8
:104830000000000000000060006000600060006098
:104840000060006000600060006000000000000088
:104850000000000000000060006000600060006078
:104860000060006000600060006000000000000068
:104870000000000000000060006000600060006058
:104880000060006000600060006000000000000048
:104890000000000000000060006000600060006038
:1048A0000060006000600060006000000000000028
:1048B0000000000000000060006000600060006018
:1048C0000060006000600060006000000000000008
:1048D00000000000000000600060006000600060F8
:1048E00000600060006000600060000000000000E8
:1048F00000000000000000600060006000600060D8
:1049000000600060006000600060000000000000C7
:1049100000000000000000600060006000600060B7
:1049200000600060006000600060000000000000A7
:104930000000000000000060006000600060006097
:104940000060006000600060006000000000000087
:104950000000000000000060006000600060006077
:104960000060006000600060006000000000000067
:104970000000000000000060006000600060006057
:104980000060006000600060006000000000000047
:104990000000000000000060006000600060006037
:1049A0000060006000600060006000000000000027
:1049B00000000000000000000000000000000000F7
:1049C00000000000000000000000000000000000E7
:1049D00000000000006000600000006000600060F7
:1049E00000600060006000600060000000000000E7
:1049F0000000000000000000000C003C006E006899
:104A00000068006800700076003C00300000000084
:104A1000000000000038006C0060006000600030A2
:104A20000078003000300066007C000000000000CC
:104A3000000000000066003C002400240024003C2C
:104A40000066000000000000000000000000000000
:104A50000000000000C300C300C30066006600FF42
:104A6000001800FF001800180018000000000000E7
:104A700000000000006000600060006000600060F6
:104A800000000000006000600060006000600060E6
:104A900000000000003C0066002400380038006C74
:104AA0000036001C001C00240066003C00000000D2
:104AB0000000000000D800D800D80000000000006E
:104AC00000000000000000000000000000000000E6
:104AD00000000000003F8061C0CCC0D2C0D2C0D076
:104AE000C0D2C0D2C0CC8061003F000000000000F6
:104AF00000000000000000200010003000500030D6
:104B00000000007000000000000000000000000035
:104B1000000000000000000000000000000000365F
:104B2000006C00D8006C003600000000000000009F
:104B30000000000000000000000000000000007EF7
:104B40000006000600000000000000000000000059
:104B50000000000000000000000000000000000055
:104B600000F0000000000000000000000000000055
:104B700000000000003F8061C0DCC0D2C0D2C0D2C3
:104B8000C0DCC0D4C0D28061003F00000000000043
:104B9000000000FF00000000000000000000000016
:104BA0000000000000000000000000000000000005
:104BB0000000000000000070005000500070000075
:104BC00000000000000000000000000000000000E5
:104BD00000000000000000000000000000180018A5
:104BE000007E001800180000007E00000000000099
:104BF000000000000000006000B00030006000F025
:104C000000000000000000000000000000000000A4
:104C1000000000000000006000B0006000B0006014
:104C20000000000000000000000000000000000084
:104C300000000000003800300060000000000000AC
:104C40000000000000000000000000000000000064
:104C50000000000000000000000000660066006622
:104C60000066006600660066007F0060006000600D
:104C7000000000000000003C007C007C007C007C08
:104C8000003C000C000C000C000C000000000000B8
:104C900000000000000000000000000000000060B4
:104CA00000600000000000000000000000000000A4
:104CB00000000000000000000000000000000000F4
:104CC000000000000000000000000030001800702C
:104CD000000000000000006000E000600060006074
:104CE00000000000000000000000000000000000C4
:104CF00000000000000000700050005000500070E4
:104D00000000007000000000000000000000000033
:104D1000000000000000000000000000000000D8BB
:104D2000006C0036006C00D800000000000000009D
:104D30000000000000006030C07080310033003699
:104D4000C00CC0194033C063C0C0000000000000A8
:104D50000000000000006030C07080310033003679
:104D6000800DC01AC0308061C0C300000000000088
:104D70000000000000006030C0588031005B003649
:104D8000C00CC0194033C063C0C000000000000068
:104D900000000000000000180018000000180018B3
:104DA0000030006000660066003C0000000000006B
:104DB00000380018000C00180018003C003C0024CB
:104DC00000660066007E00C300C300000000000013
:104DD000001C0018003000180018003C003C0024A3
:104DE00000660066007E00C300C3000000000000F3
:104DF0000018003C006600180018003C003C00242D
:104E000000660066007E00C300C3000000000000D2
:104E1000007A005E000000180018003C003C0024EE
:104E200000660066007E00C300C3000000000000B2
:104E300000660066000000180018003C003C0024DA
:104E400000660066007E00C300C300000000000092
:104E50000018003C0018000000180018003C002456
:104E600000660066007E00C300C300000000000072
:104E7000000000000000F01F001E00360036E03782
:104E800000660066007E00C6F0C70000000000005B
:104E9000000000000000001E0033006100600060A0
:104EA0000060006000610033001E000C0006001C62
:104EB000001C000C0006007F006000600060007EA7
:104EC0000060006000600060007F000000000000E3
:104ED000000E000C0018007F006000600060007E83
:104EE0000060006000600060007F000000000000C3
:104EF000000C001E0033007F006000600060007E38
:104F00000060006000600060007F000000000000A2
:104F1000003300330000007F006000600060007E0E
:104F20000060006000600060007F00000000000082
:104F300000C0006000000060006000600060006071
:104F40000060006000600060006000000000000081
:104F500000300060000000600060006000600060E1
:104F60000060006000600060006000000000000061
:104F70000060009000000060006000600060006061
:104F80000060006000600060006000000000000041
:104F900000900000000000600060006000600060A1
:104FA0000060006000600060006000000000000021
:104FB000000000000000007E00638061806180F9D5
:104FC0008061806180610063007E0000000000005D
:104FD000003D002F00008061807180798079806DB4
:104FE000806D806780678063806100000000000042
:104FF000001C000C0006001E00338061806180618F
:105000008061806180610033001E000000000000AC
:10501000000E000C0018001E00338061806180616A
:105020008061806180610033001E0000000000008C
:10503000000C001E0033001E00338061806180611F
:105040008061806180610033001E0000000000006C
:10505000003D002F0000001E0033806180618061F0
:105060008061806180610033001E0000000000004C
:10507000003300330000001E0033806180618061D6
:105080008061806180610033001E0000000000002C
:1050900000000000000000000000000000000066AA
:1050A000003C0018003C006600000000000000000A
:1050B000000000000000801F003380638067806D67
:1050C000806D807980710033007E00000000000058
:1050D000001C000C0006806180618061806180613D
:1050E0008061806180610033001E000000000000CC
:1050F000000E000C00188061806180618061806119
:105100008061806180610033001E000000000000AB
:10511000000C001E003300008061806180618061AE
:105120008061806180610033001E0000000000008B
:1051300000330033000080618061806180618061A4
:105140008061806180610033001E0000000000006B
:10515000000E000C0018C0C0C0C080610033001EEB
:10516000000C000C000C000C000C00000000000003
:1051700000000000000000600060007E006300632B
:1051800000630063007E006000600000000000001B
:10519000000000000000003C006600660066006C35
:1051A0000066006600660066006C000000000000FB
:1051B0000000000000380018000C0000003C0066F1
:1051C000001E003600660066003E00000000000081
:1051D00000000000001C001800300000003C0066C9
:1051E000001E003600660066003E00000000000061
:1051F000000000000018003C00660000003C006653
:10520000001E003600660066003E00000000000040
:10521000000000000000007A005E0000003C006614
:10522000001E003600660066003E00000000000020
:10523000000000000000006600660000003C006600
:10524000001E003600660066003E00000000000000
:10525000000000000018003C00180000003C006640
:10526000001E003600660066003E000000000000E0
:10527000000000000000000000000000C03F606669
:10528000E01F003600666066C03F000000000000BE
:10529000000000000000000000000000003C00666C
:1052A0000060006000600066003C0018000C0038E0
:1052B0000000000000380018000C0000003C0066F0
:1052C000007E006000600066003C000000000000FE
:1052D00000000000001C001800300000003C0066C8
:1052E000007E006000600066003C000000000000DE
:1052F000000000000018003C00660000003C006652
:10530000007E006000600066003C000000000000BD
:10531000000000000000006600660000003C00661F
:10532000007E006000600066003C0000000000009D
:105330000000000000E0006000300000006000603D
:10534000006000600060006000600000000000007D
:10535000000000000070006000C0000000600060FD
:10536000006000600060006000600000000000005D
:1053700000000000006000F000000000006000601D
:10538000006000600060006000600000000000003D
:10539000000000000000009000900000006000602D
:1053A000006000600060006000600000000000001D
:1053B00000000000000000760018006C000C003EA9
:1053C0000066006600660066003C00000000000009
:1053D000000000000000007A005E0000007C006613
:1053E00000660066006600660066000000000000BF
:1053F0000000000000380018000C0000003C0066AF
:105400000066006600660066003C000000000000C8
:1054100000000000001C001800300000003C006686
:105420000066006600660066003C000000000000A8
:10543000000000000018003C00660000003C006610
:105440000066006600660066003C00000000000088
:10545000000000000000007A005E0000003C0066D2
:105460000066006600660066003C00000000000068
:10547000000000000000006600660000003C0066BE
:105480000066006600660066003C00000000000048
:1054900000000000000000000000003000300000AC
:1054A0000078000000300030000000000000000024
:1054B000000000000000000000000000003E006E40
:1054C000006E006600760076007C000000000000A0
:1054D0000000000000380018000C000000660066A4
:1054E0000066006600660066003E000000000000E6
:1054F00000000000001C001800300000006600667C
:105500000066006600660066003E000000000000C5
:10551000000000000018003C006600000066006605
:105520000066006600660066003E000000000000A5
:1055300000000000000000660066000000660066D3
:105540000066006600660066003E00000000000085
:1055500000000000001C00180030000000C300C361
:1055600000660066003C003C001800180030006037
:10557000000000000000006000600060007C006629
:105580000066006600660066007C006000600060E7
:1055900000000000000000660066000000C300C3B9
:1055A00000660066003C003C0018001800300060F7
:1055B000120110010000004051C20313000101025A
:1055C000030109022000010100A0320904000002C9
:1055D000080650040705820240000A07050502403C
:1055E000000A040309042A034600750074007500CC
:1055F00072006500200044006500730069006700C8
:105600006E0073002C00200049006E0063002E0025
:1056100016035500530042004D0053002D00440076
:10562000720076002E000C03300030003000300095
:10563000310012034D00530074006F0072006100CE
:105640006700650000000000190000000101000073
:105650001800000001010000170000000101000017
:10566000541F0200000100009D40010024000000C2
:1056700019400100214001006C1F020010010000D0
:10568000AD42010004000000A9410100E941010010
:105690000942010029420100354201009D420100FA
:1056A0001A00000002050100841F02000001000032
:1056B000DD4201000C0000002D43010041430100C8
:1056C000ED420100054301005D4301006B43010011
:1056D0003020020000010000D74801002C0000002B
:1056E00015460100AD4501009145010071470100DB
:1056F000E146010005470100294701004D4701002F
:105700004820020000010000CD4801002C000000EC
:1057100015460100AD4501009145010071470100AA
:10572000E146010005470100294701004D470100FE
:105730000001082020010820400108206001082005
:1057400080010820A0010820C0010820E0010820F5
:10575000020000000300000004000000050000003B
:105760000100000006800000078000000600000025
:10577000070000000A0000000B0000000C00000001
:105780000D0000000E0000000F00000008000000E7
:10579000090000000080000001800000028000007D
:1057A0000380000004800000058000000E800000DF
:1057B0000F8000000A8000000B8000000C800000B9
:1057C0000D8000007020020006010000AD490100BC
:1057D00014000000C1490100C5490100C949010088
:1057E000CD490100DB490100EB490100F549010009
:1057F000FF4901000D4A0100514A01009F4A010082
:105800000B4B01000F4B0100134B0100174B010024
:10581000A14B0100594B01007D4A0100654B01007D
:105820008C200200060100009949010014000000CC
:10583000C1490100C5490100C9490100CD49010024
:10584000DB490100EB490100F5490100FF49010076
:105850000D4A0100514A01009F4A01000B4B010013
:105860000F4B0100134B0100174B0100A14B01002E
:10587000594B01007D4A0100654B0100A820020040
:10588000060100008549010014000000C149010023
:10589000C5490100C9490100CD490100DB490100AA
:1058A000EB490100F5490100FF4901000D4A0100E3
:1058B000514A01009F4A01000B4B01000F4B0100B0
:1058C000134B0100174B0100A14B0100594B010084
:1058D0007D4A0100654B0100C42002000601000062
:1058E0006949010014000000C1490100C5490100D7
:1058F000C9490100CD490100DB490100EB49010024
:10590000F5490100FF4901000D4A0100514A01001B
:10591000754B0100A34A0100CD4A0100FB4A01007A
:10592000174B0100A14B0100594B01007D4A0100BA
:10593000654B0100E020020006010000554901000E
:1059400014000000C1490100C5490100C949010016
:10595000CD490100DB490100EB490100F549010097
:10596000FF4901000D4A0100514A01009F4A010010
:105970000B4B01000F4B0100134B0100174B0100B3
:10598000A14B0100594B01007D4A0100654B01000C
:10599000FC2002000601000039490100140000004B
:1059A000C1490100C5490100C9490100CD490100B3
:1059B000DB490100EB490100F5490100FF49010005
:1059C0000D4A0100514A0100754B0100A34A010034
:1059D000CD4A0100FB4A0100174B0100A14B010019
:1059E000594B01007D4A0100654B0100B48009203C
:1059F000B8800920BC800920A08009200000000098
:105A00000000000000000000000000000000000096
:105A100080C2024084C2024088C202408CC202405E
:105A200090C20240000000000000000000000000E2
:105A30000000000000000000000000000000000066
:105A40000000000000000000000000000000000056
:105A50000000000000000000000000000000000046
:105A60000000000000000000000000000000000036
:105A70000000000000000000000000000000000026
:105A80000000000000000000000000000000000016
:105A900094800920988009209C800920808009201A
:105AA00000000000000000000000000000000000F6
:105AB0000000000000C2024004C2024008C20240CE
:105AC0000CC2024010C2024014C2024018C202407E
:105AD0001CC2024020C2024024C2024028C202402E
:105AE0002CC2024030C2024034C2024038C20240DE
:105AF0003CC2024040C2024044C2024048C202408E
:105B00004CC2024050C2024054C2024058C202403D
:105B10005CC2024060C2024064C2024068C20240ED
:105B20006CC2024070C2024074C2024078C202409D
:105B30007CC2024074800920788009207C80092082
:105B4000608009200000000000000000000000004C
:105B5000000000000000000080C1024084C102403B
:105B600088C102408CC1024090C1024094C10240F1
:105B700098C102409CC10240A0C10240A4C10240A1
:105B8000A8C10240ACC10240B0C10240B4C1024051
:105B9000B8C10240BCC10240C0C10240C4C1024001
:105BA000C8C10240CCC10240D0C10240D4C10240B1
:105BB000D8C10240DCC10240E0C10240E4C1024061
:105BC000E8C10240ECC10240F0C10240F4C1024011
:105BD000F8C10240FCC102405480092058800920CD
:105BE0005C80092040800920B0800240B4800240DF
:105BF000A4800240A8800240AC80024000C1024064
:105C000004C1024008C102400CC1024010C1024060
:105C100014C1024018C102401CC1024020C1024010
:105C200024C1024028C102402CC1024030C10240C0
:105C300034C1024038C102403CC1024040C1024070
:105C400044C1024048C102404CC1024050C1024020
:105C500054C1024058C102405CC1024060C10240D0
:105C600064C1024068C102406CC1024070C1024080
:105C700074C1024078C102407CC1024034800920D6
:105C8000388009203C800920208009200000000085
:105C90000000000000000000000000000000000004
:105CA00080C0024084C0024088C002408CC00240D4
:105CB00090C0024094C0024098C002409CC0024084
:105CC000A0C00240A4C00240A8C00240ACC0024034
:105CD000B0C00240B4C00240B8C00240BCC00240E4
:105CE000C0C00240C4C00240C8C00240CCC0024094
:105CF000D0C00240D4C00240D8C00240DCC0024044
:105D0000E0C00240E4C00240E8C00240ECC00240F3
:105D1000F0C00240F4C00240F8C00240FCC00240A3
:105D200014800920188009201C8009200080092087
:105D3000908002409480024084800240888002402B
:105D40008C80024000C0024004C0024008C00240F3
:105D50000CC0024010C0024014C0024018C00240F3
:105D60001CC0024020C0024024C0024028C00240A3
:105D70002CC0024030C0024034C0024038C0024053
:105D80003CC0024040C0024044C0024048C0024003
:105D90004CC0024050C0024054C0024058C00240B3
:105DA0005CC0024060C0024064C0024068C0024063
:105DB0006CC0024070C0024074C0024078C0024013
:105DC0007CC0024030210200000100005D4E010055
:105DD00044000000394F01000B4F0100A14D0100AC
:105DE000D74D0100E74D0100F14D01009D4D01002F
:105DF00048210200000100001D4E01004400000087
:105E0000394F01000B4F01000000000000000000AE
:105E100000000000F14D01009D4D01000100000057
:105E20000304000014000000030400000F0200003F
:105E30000204000000000000030400001300000042
:105E4000030400000E020000020400001C00000019
:105E5000010400001F010000A4050000030500006C
:105E6000050400001B000000010400001E010000EA
:105E7000A405000002050000050400000B0200005C
:105E8000370000001D010000370000001C01000069
:105E9000370000001B010000370000001A0100005D
:105EA000370000000D020000370000000C02000067
:105EB0003700000009000000A700000008000000F3
:105EC000A700000019010000370000001D010000BC
:105ED0003600000018010000370000001C0100001F
:105EE0003600000017010000370000001B01000011
:105EF0003600000016010000370000001A01000003
:105F000036000000150100003700000019010000F4
:105F1000360000001D0400003600000014010000DF
:105F20003700000018010000360000001C040000CB
:105F30003600000007000000A70000001701000065
:105F4000360000000D0200003600000006000000D0
:105F50003700000016010000360000000C020000AF
:105F600036000000150100003600000009020000A4
:105F7000370000001D04000035000000140100007F
:105F80003600000008020000370000001C0400007A
:105F90003500000007020000370000000D0200007D
:105FA000350000000A000000370000000602000073
:105FB000370000000C02000034000000090200005D
:105FC000360000000C020000350000001D04000037
:105FD0003700000008020000360000001C0400002A
:105FE0003700000005000000370000000702000035
:105FF0003600000004000000370000000602000028
:106000003600000005020000370000000402000016
:106010003700000003020000370000000202000009
:1060200037000000010200003700000000020000FD
:106030003700000068210200000100002159010022
:10604000200200001D00000075590100E557010005
:106050002558010065580100695801007958010070
:10606000F5580100D1580100140100003200000071
:10607000010200003100000019030000320000009E
:106080000201000033000000100300003200000095
:106090008421020000010000F16001000C000000FA
:1060A00061600100E15F0100A5600100C3600100C3
:1060B000D76001009C21020000010000DD600100AA
:1060C0000C00000061600100E15F0100A5600100BB
:1060D000C3600100D7600100B4210200000100008C
:1060E000B561010008000000C16101000D620100FE
:1060F0006962010006000000340000001600000084
:106100003100000007020000320000001E03000002
:1061100033000000150000003100000006020000FE
:1061200032000000160300003300000014000000DD
:1061300031000000050200003200000015030000DD
:1061400033000000130000003100000004020000D2
:1061500032000000140300003300000012000000B1
:1061600031000000030200003200000013030000B1
:1061700033000000110000003100000002020000A6
:10618000320000000802000033000000120300008B
:106190003300000010000000310000000102000088
:1061A0003200000011030000330000000F00000067
:1061B0003100000000020000320000001003000067
:1061C0003300000001000000340000000300000064
:1061D0003100000000000000340000000200000058
:1061E0003100000006000000010000000000014036
:1061F000C569010004000000050000000100000066
:1062000000C00040B5690100030000001C2202002C
:1062100000010000FD6901001C000000676B010027
:106220006F6A0100196A0100616A0100536A010086
:10623000D5690100276A0100336A0100416A010043
:106240003422020000010000E16901001C0000008E
:10625000676B01006F6A0100196A0100616A010041
:10626000536A0100D5690100000000000000000031
:10627000416A010012000000320000001801000015
:10628000350000001B020000320000001100000079
:106290003200000017010000350000001A02000063
:1062A0003200000010000000320000001501000064
:1062B000330000001C010000350000001702000040
:1062C000320000000F000000320000001401000046
:1062D0003500000016020000320000007C2202009F
:1062E00002020000356D0100200000002D70010049
:1062F00017720100516D01007F6D0100896D010071
:1063000027720100F76E010009000000A3000000E1
:10631000020200003300000001050000330000000D
:1063200008000000A300000003020000330000008A
:10633000000500003300000007000000A30000007B
:1063400004020000330000001D04000033000000C0
:1063500006000000330000000502000033000000CA
:106360001C040000330000000500000033000000A2
:106370000F020000330000000400000033000000A2
:106380000E01000033000000060200003300000090
:106390000E020000330000001D0100003300000069
:1063A0001A030000330000001C010000330000004D
:1063B00019030000330000001B010000330000003F
:1063C00018030000330000001A0100003300000031
:1063D0001703000033000000AC220200000100009F
:1063E000317401002C0000001173010021730100C1
:1063F000C97401003B7301006573010079730100EA
:10640000857301003175010059740100DC2202001E
:10641000000100000D7401002C0000001173010048
:1064200021730100C97401003B7301006573010011
:106430007973010085730100317501005974010001
:1064400003000000E9730100AC1402001600000014
:1064500001000000D9730100A41602000100000031
:106460000D000000B10100000E000000330000002C
:106470001F000000010000001E010000B20100002A
:10648000F42202000001000041770100100000002A
:1064900055770100397A0100617701006D770100BD
:1064A00079770100517B01003D79010041790100BC
:1064B0009577010051780100E97801000579010024
:1064C000F17601001D7701008B7B0100B979010095
:1064D00081790100E57601000E0000003100000026
:1064E0001F010000B10100001E010000B101000009
:1064F0000C000000B10100000D000000B10100001F
:106500000E000000330000001F000000010000002A
:1065100019010000320000001601000032000000E6
:106520001B010000320000001601000032000000D4
:1065300013010000320000001A01000031000000C9
:1065400019010000310000001801000031000000B6
:1065500017010000310000001601000031000000AA
:10656000150100003100000014010000310000009E
:1065700013010000310000001D0100003100000087
:106580001B000000020000001C01000031000000A0
:106590001C000000020000001B0100003100000090
:1065A000120100003100000009020000310000006B
:1065B0001E000000010000001D000000010000009E
:1065C0001C23020000010000E57C01002400000003
:1065D000057E0100A181010071810100017D0100A2
:1065E000C17C01000D7D01000D7E0100317F0100A5
:1065F000DD800100557F01004B81010021840100F5
:106600004B84010073840100117E0100597E01005A
:10661000A17E0100E97E0100A57F0100B57F010098
:10662000218101003823020000010000C97C010023
:1066300024000000057E0100A1810100718101009C
:10664000017D0100C17C01000D7D01000D7E010076
:10665000317F0100DD800100557F01004B81010089
:10666000218401004B84010073840100117E01002C
:10667000597E0100A17E0100E97E0100A57F010095
:10668000B57F0100218101006023020006010000A6
:10669000F38901001000000069890100458A0100AA
:1066A0008D8901009D890100BD890100FF890100DC
:1066B000C1890100D98901000600000040050200DF
:1066C000C8660400406804002467040020670400D2
:1066D000206704002067040020670400206704008E
:1066E000206704002067040020670400206704007E
:1066F000FFFFFFFFFFFFFFFFFFFFFFFFFFFF0000A8
:1067000004680400E46704008C6704005867040010
:1067100050670400446704003867040028670400D9
:10672000000000002E000000256120256220256564
:10673000202554202559000025483A254D3A255357
:1067400000000000256D2F25642F25790000000032
:10675000414D00504D0000004A616E0046656200E8
:106760004D617200417072004D6179004A756E0092
:106770004A756C0041756700536570004F63740083
:106780004E6F760044656300000000004A616E753C
:10679000617279004665627275617279004D61724D
:1067A000636800417072696C004D6179004A756ED2
:1067B00065004A756C79004175677573740053659F
:1067C0007074656D626572004F63746F626572000C
:1067D0004E6F76656D62657200446563656D6265D6
:1067E0007200000053756E004D6F6E0054756500A9
:1067F00057656400546875004672690053617400FF
:106800000000000053756E646179004D6F6E646125
:10681000790054756573646179005765646E6573BA
:1068200064617900546875727364617900467269B5
:1068300064617900536174757264617900000000CD
:106840009DDF0100B9DF0100C5DF0100D1DF0100DC
:10685000EDDF0100F9DF010005E0010013E00100B8
:1068600000070320041702010857104080000000B1
:1068700020202020202020202068282828282020B0
:106880002020202020202020202020202020202008
:1068900048101010101010101010101010101010C0
:1068A0008484848484848484848410101010101060
:1068B00010818181818181010101010101010101B9
:1068C000010101010101010101010110101010106D
:1068D000108282828282820202020202020202028A
:1068E0000202020202020202020202101010102032
:1068F0002200000021000000000020410000C842EA
:1069000000401C4620BCBE4CCA1B0E5AAEC59D742E
:10691000000000000000244000000000000059407A
:10692000000000000088C3400000000084D79741A9
:106930000080E03779C34143176E05B5B5B893467B
:10694000F5F93FE9034F384D321D30F94877825A47
:106950003CBF737FDD4F15753031323334353637F8
:1069600038396162636465663031323334353637C5
:106970003839414243444546010000000000000010
:106980000A00000000000000640000000000000099
:10699000E8030000000000001027000000000000D5
:1069A000A08601000000000040420F00000000002F
:1069B000809698000000000000E1F505000000004E
:1069C00000CA9A3B0000000000E40B5402000000E3
:1069D00000E87648170000000010A5D4E800000089
:1069E00000A0724E1809000000407A10F35A00000F
:1069F0000080C6A47E8D03000000C16FF2862300D4
:106A000000008A5D78456301000064A7B3B6E00D1D
:086A10000000E8890423C78A95
:106A1800FF7F0000000000A0000000000000000050
:106A280000000000788A0300F88A0300B88A03008F
:106A38000000000080020000E001000003000000E8
:106A480000000000000000000100000080020000BB
:106A5800800200000001000080020000E001000048
:106A68000500000000000000000000000100000018
:106A78000005000000050000000100008002000081
:106A8800E001000004000000000000000000000019
:106A980001000000000500000005000000010000E2
:106AA800E07F0000FFFFFFFF140000000A00000065
:106AB8006400000064000000AAAAAAAA000000005E
:106AC800FFFFFFFFFFFFFFFFFFFFFFFF01000000C9
:106AD800BC660400BC660400BC660400BC66040016
:046AE800BC66040084
:0400000300000301F5
:00000001FF
